#
# There is insufficient memory for the Java Runtime Environment to continue.
# Native memory allocation (mmap) failed to map 65536 bytes. Error detail: Failed to commit metaspace.
# Possible reasons:
#   The system is out of physical RAM or swap space
#   This process is running with CompressedOops enabled, and the Java Heap may be blocking the growth of the native heap
# Possible solutions:
#   Reduce memory load on the system
#   Increase physical memory or swap space
#   Check if swap backing store is full
#   Decrease Java heap size (-Xmx/-Xms)
#   Decrease number of Java threads
#   Decrease Java thread stack sizes (-Xss)
#   Set larger code cache with -XX:ReservedCodeCacheSize=
#   JVM is running with Zero Based Compressed Oops mode in which the Java heap is
#     placed in the first 32GB address space. The Java Heap base address is the
#     maximum limit for the native heap growth. Please use -XX:HeapBaseMinAddress
#     to set the Java Heap base and to place the Java Heap above 32GB virtual address.
# This output file may be truncated or incomplete.
#
#  Out of Memory Error (virtualSpaceNode.cpp:110), pid=17984, tid=17420
#
# JRE version: OpenJDK Runtime Environment Temurin-17.0.19+10 (17.0.19+10) (build 17.0.19+10)
# Java VM: OpenJDK 64-Bit Server VM Temurin-17.0.19+10 (17.0.19+10, mixed mode, sharing, tiered, compressed oops, compressed class ptrs, g1 gc, windows-amd64)
# No core dump will be written. Minidumps are not enabled by default on client versions of Windows
#

---------------  S U M M A R Y ------------

Command Line: --add-opens=java.base/java.lang=ALL-UNNAMED --add-opens=java.base/java.lang.invoke=ALL-UNNAMED --add-opens=java.base/java.util=ALL-UNNAMED --add-opens=java.prefs/java.util.prefs=ALL-UNNAMED --add-exports=jdk.compiler/com.sun.tools.javac.api=ALL-UNNAMED --add-exports=jdk.compiler/com.sun.tools.javac.util=ALL-UNNAMED --add-opens=java.base/java.util=ALL-UNNAMED --add-opens=java.prefs/java.util.prefs=ALL-UNNAMED --add-opens=java.base/java.nio.charset=ALL-UNNAMED --add-opens=java.base/java.net=ALL-UNNAMED --add-opens=java.base/java.util.concurrent=ALL-UNNAMED --add-opens=java.base/java.util.concurrent.atomic=ALL-UNNAMED --add-opens=java.xml/javax.xml.namespace=ALL-UNNAMED --add-opens=java.base/java.time=ALL-UNNAMED -XX:MaxMetaspaceSize=4G -XX:ReservedCodeCacheSize=512m -XX:+HeapDumpOnOutOfMemoryError -Xmx8G -Dfile.encoding=UTF-8 -Duser.country=FR -Duser.language=fr -Duser.variant -javaagent:C:\Users\admin\.gradle\wrapper\dists\gradle-9.1.0-all\7wzd0jkjit61aq2p43wpjgij9\gradle-9.1.0\lib\agents\gradle-instrumentation-agent-9.1.0.jar org.gradle.launcher.daemon.bootstrap.GradleDaemon 9.1.0

Host: Intel(R) Core(TM) i5-8350U CPU @ 1.70GHz, 8 cores, 7G,  Windows 11 , 64 bit Build 22621 (10.0.22621.5415)
Time: Sun Sep 20 14:18:37 2026 Paris, Madrid (heure duild 22621 (10.0.22621.5415) elapsed time: 13.411621 seconds (0d 0h 0m 13s)

---------------  T H R E A D  ---------------

Current thread (0x000002a57a9ef2f0):  JavaThread "Daemon worker" [_thread_in_vm, id=17420, stack(0x000000e8c6700000,0x000000e8c6800000)]

Stack: [0x000000e8c6700000,0x000000e8c6800000]
Native frames: (J=compiled Java code, j=interpreted, Vv=VM code, C=native code)
V  [jvm.dll+0x684b29]
V  [jvm.dll+0x83a2d5]
V  [jvm.dll+0x83bd4e]
V  [jvm.dll+0x83c3d3]
V  [jvm.dll+0x24905f]
V  [jvm.dll+0x8360bd]
V  [jvm.dll+0x62941d]
V  [jvm.dll+0x1c07e0]
V  [jvm.dll+0x62bd92]
V  [jvm.dll+0x629dd6]
V  [jvm.dll+0x370e68]
V  [jvm.dll+0x1e261b]
V  [jvm.dll+0x5482f3]
V  [jvm.dll+0x7b4f98]
V  [jvm.dll+0x7b5094]
V  [jvm.dll+0x414d34]
V  [jvm.dll+0x41b799]
C  [java.dll+0x17ec]

Java frames: (J=compiled Java code, j=interpreted, Vv=VM code)
J 797  java.lang.ClassLoader.defineClass1(Ljava/lang/ClassLoader;Ljava/lang/String;[BIILjava/security/ProtectionDomain;Ljava/lang/String;)Ljava/lang/Class; java.base@17.0.19 (0 bytes) @ 0x000002a5575dca83 [0x000002a5575dc9c0+0x00000000000000c3]
J 1202 c1 java.lang.ClassLoader.defineClass(Ljava/lang/String;[BIILjava/security/ProtectionDomain;)Ljava/lang/Class; java.base@17.0.19 (43 bytes) @ 0x000002a5474c6c54 [0x000002a5474c6900+0x0000000000000354]
J 1039 c1 java.security.SecureClassLoader.defineClass(Ljava/lang/String;[BIILjava/security/CodeSource;)Ljava/lang/Class; java.base@17.0.19 (16 bytes) @ 0x000002a54747d60c [0x000002a54747d540+0x00000000000000cc]
J 2528 c2 java.net.URLClassLoader.findClass(Ljava/lang/String;)Ljava/lang/Class; java.base@17.0.19 (47 bytes) @ 0x000002a5576d5960 [0x000002a5576d4be0+0x0000000000000d80]
J 2501 c1 org.gradle.internal.classloader.TransformingClassLoader.findClass(Ljava/lang/String;)Ljava/lang/Class; (203 bytes) @ 0x000002a54778c934 [0x000002a54778b5c0+0x0000000000001374]
J 2477 c2 java.lang.ClassLoader.loadClass(Ljava/lang/String;Z)Ljava/lang/Class; java.base@17.0.19 (121 bytes) @ 0x000002a5576c4bc0 [0x000002a5576c1500+0x00000000000036c0]
J 804 c1 java.lang.ClassLoader.loadClass(Ljava/lang/String;)Ljava/lang/Class; java.base@17.0.19 (7 bytes) @ 0x000002a5474062cc [0x000002a5474061c0+0x000000000000010c]
v  ~StubRoutines::call_stub
J 797  java.lang.ClassLoader.defineClass1(Ljava/lang/ClassLoader;Ljava/lang/String;[BIILjava/security/ProtectionDomain;Ljava/lang/String;)Ljava/lang/Class; java.base@17.0.19 (0 bytes) @ 0x000002a5575dca83 [0x000002a5575dc9c0+0x00000000000000c3]
J 1202 c1 java.lang.ClassLoader.defineClass(Ljava/lang/String;[BIILjava/security/ProtectionDomain;)Ljava/lang/Class; java.base@17.0.19 (43 bytes) @ 0x000002a5474c6c54 [0x000002a5474c6900+0x0000000000000354]
J 1039 c1 java.security.SecureClassLoader.defineClass(Ljava/lang/String;[BIILjava/security/CodeSource;)Ljava/lang/Class; java.base@17.0.19 (16 bytes) @ 0x000002a54747d60c [0x000002a54747d540+0x00000000000000cc]
J 2528 c2 java.net.URLClassLoader.findClass(Ljava/lang/String;)Ljava/lang/Class; java.base@17.0.19 (47 bytes) @ 0x000002a5576d5960 [0x000002a5576d4be0+0x0000000000000d80]
J 2501 c1 org.gradle.internal.classloader.TransformingClassLoader.findClass(Ljava/lang/String;)Ljava/lang/Class; (203 bytes) @ 0x000002a54778c934 [0x000002a54778b5c0+0x0000000000001374]
J 2477 c2 java.lang.ClassLoader.loadClass(Ljava/lang/String;Z)Ljava/lang/Class; java.base@17.0.19 (121 bytes) @ 0x000002a5576c4bc0 [0x000002a5576c1500+0x00000000000036c0]
J 804 c1 java.lang.ClassLoader.loadClass(Ljava/lang/String;)Ljava/lang/Class; java.base@17.0.19 (7 bytes) @ 0x000002a5474062cc [0x000002a5474061c0+0x000000000000010c]
v  ~StubRoutines::call_stub
j  org.gradle.api.internal.artifacts.ivyservice.resolveengine.graph.builder.DependencyGraphBuilder.<clinit>()V+0
v  ~StubRoutines::call_stub
J 1463  jdk.internal.reflect.NativeConstructorAccessorImpl.newInstance0(Ljava/lang/reflect/Constructor;[Ljava/lang/Object;)Ljava/lang/Object; java.base@17.0.19 (0 bytes) @ 0x000002a5576427ae [0x000002a557642740+0x000000000000006e]
J 2208 c1 jdk.internal.reflect.NativeConstructorAccessorImpl.newInstance([Ljava/lang/Object;)Ljava/lang/Object; java.base@17.0.19 (122 bytes) @ 0x000002a5476dfddc [0x000002a5476df480+0x000000000000095c]
J 1457 c1 jdk.internal.reflect.DelegatingConstructorAccessorImpl.newInstance([Ljava/lang/Object;)Ljava/lang/Object; java.base@17.0.19 (9 bytes) @ 0x000002a547574ccc [0x000002a547574bc0+0x000000000000010c]
J 1456 c1 java.lang.reflect.Constructor.newInstanceWithCaller([Ljava/lang/Object;ZLjava/lang/Class;)Ljava/lang/Object; java.base@17.0.19 (75 bytes) @ 0x000002a5475746d4 [0x000002a547574480+0x0000000000000254]
J 1458 c1 java.lang.reflect.Constructor.newInstance([Ljava/lang/Object;)Ljava/lang/Object; java.base@17.0.19 (34 bytes) @ 0x000002a54757519c [0x000002a547575040+0x000000000000015c]
j  org.gradle.internal.service.DefaultServiceRegistry$ConstructorService.invokeMethod([Ljava/lang/Object;)Ljava/lang/Object;+5
J 2694 c1 org.gradle.internal.service.DefaultServiceRegistry$FactoryService.createServiceInstance()Ljava/lang/Object; (18 bytes) @ 0x000002a5478077f4 [0x000002a5478076c0+0x0000000000000134]
j  org.gradle.internal.service.DefaultServiceRegistry$ConstructorService.createServiceInstance()Ljava/lang/Object;+1
J 2440 c1 org.gradle.internal.service.DefaultServiceRegistry$ManagedObjectServiceProvider.getInstance()Ljava/lang/Object; (47 bytes) @ 0x000002a547772e14 [0x000002a547772c60+0x00000000000001b4]
J 2439 c1 org.gradle.internal.service.DefaultServiceRegistry$SingletonService.get()Ljava/lang/Object; (5 bytes) @ 0x000002a547772934 [0x000002a5477728c0+0x0000000000000074]
J 2695 c1 org.gradle.internal.service.DefaultServiceRegistry$FactoryService.assembleParameters()[Ljava/lang/Object; (58 bytes) @ 0x000002a547806f3c [0x000002a547806d00+0x000000000000023c]
J 2694 c1 org.gradle.internal.service.DefaultServiceRegistry$FactoryService.createServiceInstance()Ljava/lang/Object; (18 bytes) @ 0x000002a54780773c [0x000002a5478076c0+0x000000000000007c]
j  org.gradle.internal.service.DefaultServiceRegistry$ConstructorService.createServiceInstance()Ljava/lang/Object;+1
J 2440 c1 org.gradle.internal.service.DefaultServiceRegistry$ManagedObjectServiceProvider.getInstance()Ljava/lang/Object; (47 bytes) @ 0x000002a547772e14 [0x000002a547772c60+0x00000000000001b4]
J 2439 c1 org.gradle.internal.service.DefaultServiceRegistry$SingletonService.get()Ljava/lang/Object; (5 bytes) @ 0x000002a547772934 [0x000002a5477728c0+0x0000000000000074]
J 2695 c1 org.gradle.internal.service.DefaultServiceRegistry$FactoryService.assembleParameters()[Ljava/lang/Object; (58 bytes) @ 0x000002a547806f3c [0x000002a547806d00+0x000000000000023c]
J 2694 c1 org.gradle.internal.service.DefaultServiceRegistry$FactoryService.createServiceInstance()Ljava/lang/Object; (18 bytes) @ 0x000002a54780773c [0x000002a5478076c0+0x000000000000007c]
j  org.gradle.internal.service.DefaultServiceRegistry$ConstructorService.createServiceInstance()Ljava/lang/Object;+1
J 2440 c1 org.gradle.internal.service.DefaultServiceRegistry$ManagedObjectServiceProvider.getInstance()Ljava/lang/Object; (47 bytes) @ 0x000002a547772e14 [0x000002a547772c60+0x00000000000001b4]
J 2439 c1 org.gradle.internal.service.DefaultServiceRegistry$SingletonService.get()Ljava/lang/Object; (5 bytes) @ 0x000002a547772934 [0x000002a5477728c0+0x0000000000000074]
J 2695 c1 org.gradle.internal.service.DefaultServiceRegistry$FactoryService.assembleParameters()[Ljava/lang/Object; (58 bytes) @ 0x000002a547806f3c [0x000002a547806d00+0x000000000000023c]
J 2694 c1 org.gradle.internal.service.DefaultServiceRegistry$FactoryService.createServiceInstance()Ljava/lang/Object; (18 bytes) @ 0x000002a54780773c [0x000002a5478076c0+0x000000000000007c]
j  org.gradle.internal.service.DefaultServiceRegistry$ConstructorService.createServiceInstance()Ljava/lang/Object;+1
J 2440 c1 org.gradle.internal.service.DefaultServiceRegistry$ManagedObjectServiceProvider.getInstance()Ljava/lang/Object; (47 bytes) @ 0x000002a547772e14 [0x000002a547772c60+0x00000000000001b4]
J 2439 c1 org.gradle.internal.service.DefaultServiceRegistry$SingletonService.get()Ljava/lang/Object; (5 bytes) @ 0x000002a547772934 [0x000002a5477728c0+0x0000000000000074]
J 2695 c1 org.gradle.internal.service.DefaultServiceRegistry$FactoryService.assembleParameters()[Ljava/lang/Object; (58 bytes) @ 0x000002a547806f3c [0x000002a547806d00+0x000000000000023c]
J 2694 c1 org.gradle.internal.service.DefaultServiceRegistry$FactoryService.createServiceInstance()Ljava/lang/Object; (18 bytes) @ 0x000002a54780773c [0x000002a5478076c0+0x000000000000007c]
j  org.gradle.internal.service.DefaultServiceRegistry$ConstructorService.createServiceInstance()Ljava/lang/Object;+1
J 2440 c1 org.gradle.internal.service.DefaultServiceRegistry$ManagedObjectServiceProvider.getInstance()Ljava/lang/Object; (47 bytes) @ 0x000002a547772e14 [0x000002a547772c60+0x00000000000001b4]
J 2439 c1 org.gradle.internal.service.DefaultServiceRegistry$SingletonService.get()Ljava/lang/Object; (5 bytes) @ 0x000002a547772934 [0x000002a5477728c0+0x0000000000000074]
J 2695 c1 org.gradle.internal.service.DefaultServiceRegistry$FactoryService.assembleParameters()[Ljava/lang/Object; (58 bytes) @ 0x000002a547806f3c [0x000002a547806d00+0x000000000000023c]
J 2962 c1 org.gradle.internal.service.DefaultServiceRegistry$FactoryMethodService.createServiceInstance()Ljava/lang/Object; (17 bytes) @ 0x000002a54788ad9c [0x000002a54788ace0+0x00000000000000bc]
J 2440 c1 org.gradle.internal.service.DefaultServiceRegistry$ManagedObjectServiceProvider.getInstance()Ljava/lang/Object; (47 bytes) @ 0x000002a547772e14 [0x000002a547772c60+0x00000000000001b4]
J 2439 c1 org.gradle.internal.service.DefaultServiceRegistry$SingletonService.get()Ljava/lang/Object; (5 bytes) @ 0x000002a547772934 [0x000002a5477728c0+0x0000000000000074]
j  org.gradle.internal.service.DefaultServiceRegistry.find(Ljava/lang/reflect/Type;)Ljava/lang/Object;+22
j  org.gradle.internal.service.DefaultServiceRegistry.get(Ljava/lang/reflect/Type;)Ljava/lang/Object;+2
j  org.gradle.internal.service.DefaultServiceRegistry.get(Ljava/lang/Class;)Ljava/lang/Object;+3
j  org.gradle.api.internal.artifacts.DefaultDependencyManagementServices$DefaultDependencyResolutionServices.getConfigurationContainer()Lorg/gradle/api/internal/artifacts/configurations/ConfigurationContainerInternal;+6
j  org.gradle.api.internal.artifacts.DefaultDependencyManagementServices$DefaultDependencyResolutionServices.getConfigurationContainer()Lorg/gradle/api/artifacts/ConfigurationContainer;+1
j  org.gradle.api.internal.artifacts.DefaultDependencyManagementServices.newDetachedResolver(Lorg/gradle/api/internal/file/FileResolver;Lorg/gradle/api/internal/file/FileCollectionFactory;Lorg/gradle/api/internal/DomainObjectContext;)Lorg/gradle/api/internal/artifacts/DependencyResolutionServices;+64
j  org.gradle.api.internal.artifacts.DefaultDependencyManagementServices.newDetachedResolver(Lorg/gradle/api/internal/DomainObjectContext;)Lorg/gradle/api/internal/artifacts/DependencyResolutionServices;+30
j  org.gradle.api.internal.initialization.DefaultScriptHandlerFactory.create(Lorg/gradle/groovy/scripts/ScriptSource;Lorg/gradle/api/internal/initialization/ClassLoaderScope;Lorg/gradle/api/internal/DomainObjectContext;)Lorg/gradle/api/internal/initialization/ScriptHandlerInternal;+5
j  org.gradle.configuration.DefaultInitScriptProcessor.process(Lorg/gradle/groovy/scripts/ScriptSource;Lorg/gradle/api/internal/GradleInternal;)V+95
j  org.gradle.initialization.InitScriptHandler$1.run(Lorg/gradle/internal/operations/BuildOperationContext;)V+66
j  org.gradle.internal.operations.DefaultBuildOperationRunner$1.execute(Lorg/gradle/internal/operations/RunnableBuildOperation;Lorg/gradle/internal/operations/BuildOperationContext;)V+2
j  org.gradle.internal.operations.DefaultBuildOperationRunner$1.execute(Lorg/gradle/internal/operations/BuildOperation;Lorg/gradle/internal/operations/BuildOperationContext;)V+6
j  org.gradle.internal.operations.DefaultBuildOperationRunner$2.execute(Lorg/gradle/internal/operations/BuildOperationDescriptor;Lorg/gradle/internal/operations/BuildOperationState;Lorg/gradle/internal/operations/BuildOperationState;Lorg/gradle/internal/operations/DefaultBuildOperationRunner$ReadableBuildOperationContext;Lorg/gradle/internal/operations/DefaultBuildOperationRunner$BuildOperationExecutionListener;)Lorg/gradle/internal/operations/BuildOperation;+22
j  org.gradle.internal.operations.DefaultBuildOperationRunner$2.execute(Lorg/gradle/internal/operations/BuildOperationDescriptor;Lorg/gradle/internal/operations/BuildOperationState;Lorg/gradle/internal/operations/BuildOperationState;Lorg/gradle/internal/operations/DefaultBuildOperationRunner$ReadableBuildOperationContext;Lorg/gradle/internal/operations/DefaultBuildOperationRunner$BuildOperationExecutionListener;)Ljava/lang/Object;+8
j  org.gradle.internal.operations.DefaultBuildOperationRunner.execute(Lorg/gradle/internal/operations/BuildOperationDescriptor$Builder;Lorg/gradle/internal/operations/BuildOperationState;Lorg/gradle/internal/operations/DefaultBuildOperationRunner$BuildOperationExecution;)Ljava/lang/Object;+141
j  org.gradle.internal.operations.DefaultBuildOperationRunner.execute(Lorg/gradle/internal/operations/BuildOperation;Lorg/gradle/internal/operations/BuildOperationWorker;Lorg/gradle/internal/operations/BuildOperationState;)V+18
j  org.gradle.internal.operations.DefaultBuildOperationRunner.run(Lorg/gradle/internal/operations/RunnableBuildOperation;)V+9
j  org.gradle.initialization.InitScriptHandler.executeScripts(Lorg/gradle/api/internal/GradleInternal;)V+34
j  org.gradle.initialization.InitScriptHandlingSettingsLoader.findAndLoadSettings(Lorg/gradle/api/internal/GradleInternal;)Lorg/gradle/initialization/SettingsState;+5
j  org.gradle.api.internal.initialization.CacheConfigurationsHandlingSettingsLoader.findAndLoadSettings(Lorg/gradle/api/internal/GradleInternal;)Lorg/gradle/initialization/SettingsState;+15
j  org.gradle.initialization.GradlePropertiesHandlingSettingsLoader.findAndLoadSettings(Lorg/gradle/api/internal/GradleInternal;)Lorg/gradle/initialization/SettingsState;+53
j  org.gradle.initialization.DefaultSettingsPreparer.prepareSettings(Lorg/gradle/api/internal/GradleInternal;)V+33
j  org.gradle.initialization.BuildOperationFiringSettingsPreparer$LoadBuild.doLoadBuild()V+11
j  org.gradle.initialization.BuildOperationFiringSettingsPreparer$LoadBuild.run(Lorg/gradle/internal/operations/BuildOperationContext;)V+1
j  org.gradle.internal.operations.DefaultBuildOperationRunner$1.execute(Lorg/gradle/internal/operations/RunnableBuildOperation;Lorg/gradle/internal/operations/BuildOperationContext;)V+2
j  org.gradle.internal.operations.DefaultBuildOperationRunner$1.execute(Lorg/gradle/internal/operations/BuildOperation;Lorg/gradle/internal/operations/BuildOperationContext;)V+6
j  org.gradle.internal.operations.DefaultBuildOperationRunner$2.execute(Lorg/gradle/internal/operations/BuildOperationDescriptor;Lorg/gradle/internal/operations/BuildOperationState;Lorg/gradle/internal/operations/BuildOperationState;Lorg/gradle/internal/operations/DefaultBuildOperationRunner$ReadableBuildOperationContext;Lorg/gradle/internal/operations/DefaultBuildOperationRunner$BuildOperationExecutionListener;)Lorg/gradle/internal/operations/BuildOperation;+22
j  org.gradle.internal.operations.DefaultBuildOperationRunner$2.execute(Lorg/gradle/internal/operations/BuildOperationDescriptor;Lorg/gradle/internal/operations/BuildOperationState;Lorg/gradle/internal/operations/BuildOperationState;Lorg/gradle/internal/operations/DefaultBuildOperationRunner$ReadableBuildOperationContext;Lorg/gradle/internal/operations/DefaultBuildOperationRunner$BuildOperationExecutionListener;)Ljava/lang/Object;+8
j  org.gradle.internal.operations.DefaultBuildOperationRunner.execute(Lorg/gradle/internal/operations/BuildOperationDescriptor$Builder;Lorg/gradle/internal/operations/BuildOperationState;Lorg/gradle/internal/operations/DefaultBuildOperationRunner$BuildOperationExecution;)Ljava/lang/Object;+141
j  org.gradle.internal.operations.DefaultBuildOperationRunner.execute(Lorg/gradle/internal/operations/BuildOperation;Lorg/gradle/internal/operations/BuildOperationWorker;Lorg/gradle/internal/operations/BuildOperationState;)V+18
j  org.gradle.internal.operations.DefaultBuildOperationRunner.run(Lorg/gradle/internal/operations/RunnableBuildOperation;)V+9
j  org.gradle.initialization.BuildOperationFiringSettingsPreparer.prepareSettings(Lorg/gradle/api/internal/GradleInternal;)V+31
j  org.gradle.initialization.VintageBuildModelController.lambda$prepareSettings$1()V+8
j  org.gradle.initialization.VintageBuildModelController$$Lambda$358+0x000002a57f39c678.run()V+4
j  org.gradle.internal.model.StateTransitionController.lambda$doTransition$14(Ljava/lang/Runnable;)Lorg/gradle/internal/build/ExecutionResult;+1
j  org.gradle.internal.model.StateTransitionController$$Lambda$360+0x000002a57f39cab8.get()Ljava/lang/Object;+4
j  org.gradle.internal.model.StateTransitionController.doTransition(Lorg/gradle/internal/model/StateTransitionController$State;Lorg/gradle/internal/model/StateTransitionController$State;Ljava/util/function/Supplier;)Lorg/gradle/internal/build/ExecutionResult;+24
j  org.gradle.internal.model.StateTransitionController.doTransition(Lorg/gradle/internal/model/StateTransitionController$State;Lorg/gradle/internal/model/StateTransitionController$State;Ljava/lang/Runnable;)V+9
j  org.gradle.internal.model.StateTransitionController.lambda$transitionIfNotPreviously$11(Lorg/gradle/internal/model/StateTransitionController$State;Lorg/gradle/internal/model/StateTransitionController$State;Ljava/lang/Runnable;)V+16
j  org.gradle.internal.model.StateTransitionController$$Lambda$359+0x000002a57f39c898.run()V+16
j  org.gradle.internal.work.DefaultSynchronizer.withLock(Ljava/lang/Runnable;)V+6
j  org.gradle.internal.model.StateTransitionController.transitionIfNotPreviously(Lorg/gradle/internal/model/StateTransitionController$State;Lorg/gradle/internal/model/StateTransitionController$State;Ljava/lang/Runnable;)V+13
j  org.gradle.initialization.VintageBuildModelController.prepareSettings()V+16
j  org.gradle.initialization.VintageBuildModelController.getConfiguredModel()Lorg/gradle/api/internal/GradleInternal;+1
j  org.gradle.internal.build.DefaultBuildLifecycleController.lambda$withProjectsConfigured$1(Ljava/util/function/Function;)Ljava/lang/Object;+5
j  org.gradle.internal.build.DefaultBuildLifecycleController$$Lambda$356+0x000002a57f39c238.get()Ljava/lang/Object;+8
j  org.gradle.internal.model.StateTransitionController.lambda$notInState$3(Lorg/gradle/internal/model/StateTransitionController$State;Ljava/util/function/Supplier;)Ljava/lang/Object;+11
j  org.gradle.internal.model.StateTransitionController$$Lambda$357+0x000002a57f39c458.create()Ljava/lang/Object;+12
j  org.gradle.internal.work.DefaultSynchronizer.withLock(Lorg/gradle/internal/Factory;)Ljava/lang/Object;+6
j  org.gradle.internal.model.StateTransitionController.notInState(Lorg/gradle/internal/model/StateTransitionController$State;Ljava/util/function/Supplier;)Ljava/lang/Object;+12
j  org.gradle.internal.build.DefaultBuildLifecycleController.withProjectsConfigured(Ljava/util/function/Function;)Ljava/lang/Object;+14
j  org.gradle.internal.build.DefaultBuildToolingModelController.locateBuilderForTarget(Ljava/lang/String;Z)Lorg/gradle/tooling/provider/model/internal/ToolingModelScope;+38
j  org.gradle.internal.buildtree.DefaultBuildTreeModelCreator$DefaultBuildTreeModelController.lambda$locateBuilderForBuildTarget$0(Ljava/lang/String;ZLorg/gradle/internal/build/BuildToolingModelController;)Lorg/gradle/tooling/provider/model/internal/ToolingModelScope;+3
j  org.gradle.internal.buildtree.DefaultBuildTreeModelCreator$DefaultBuildTreeModelController$$Lambda$329+0x000002a57f37b000.apply(Ljava/lang/Object;)Ljava/lang/Object;+12
j  org.gradle.internal.build.DefaultBuildLifecycleController.withToolingModels(Ljava/util/function/Function;)Ljava/lang/Object;+15
j  org.gradle.internal.build.AbstractBuildState.withToolingModels(Ljava/util/function/Function;)Ljava/lang/Object;+5
j  org.gradle.internal.buildtree.DefaultBuildTreeModelCreator$DefaultBuildTreeModelController.locateBuilderForBuildTarget(Lorg/gradle/internal/build/BuildState;Ljava/lang/String;Z)Lorg/gradle/tooling/provider/model/internal/ToolingModelScope;+8
j  org.gradle.internal.buildtree.DefaultBuildTreeModelCreator$DefaultBuildTreeModelController.locateBuilderForDefaultTarget(Ljava/lang/String;Z)Lorg/gradle/tooling/provider/model/internal/ToolingModelScope;+10
j  org.gradle.internal.buildtree.DefaultBuildTreeModelCreator$DefaultBuildTreeModelController.locateBuilderForTarget(Lorg/gradle/internal/buildtree/BuildTreeModelTarget;Ljava/lang/String;Z)Lorg/gradle/tooling/provider/model/internal/ToolingModelScope;+10
j  org.gradle.internal.buildtree.DefaultBuildTreeModelCreator$DefaultBuildTreeModelController.access$200(Lorg/gradle/internal/buildtree/DefaultBuildTreeModelCreator$DefaultBuildTreeModelController;Lorg/gradle/internal/buildtree/BuildTreeModelTarget;Ljava/lang/String;Z)Lorg/gradle/tooling/provider/model/internal/ToolingModelScope;+4
j  org.gradle.internal.buildtree.DefaultBuildTreeModelCreator$DefaultBuildTreeModelController$1.call(Lorg/gradle/internal/operations/BuildOperationContext;)Ljava/lang/Object;+24
j  org.gradle.internal.operations.DefaultBuildOperationRunner$CallableBuildOperationWorker.execute(Lorg/gradle/internal/operations/CallableBuildOperation;Lorg/gradle/internal/operations/BuildOperationContext;)V+3
j  org.gradle.internal.operations.DefaultBuildOperationRunner$CallableBuildOperationWorker.execute(Lorg/gradle/internal/operations/BuildOperation;Lorg/gradle/internal/operations/BuildOperationContext;)V+6
j  org.gradle.internal.operations.DefaultBuildOperationRunner$2.execute(Lorg/gradle/internal/operations/BuildOperationDescriptor;Lorg/gradle/internal/operations/BuildOperationState;Lorg/gradle/internal/operations/BuildOperationState;Lorg/gradle/internal/operations/DefaultBuildOperationRunner$ReadableBuildOperationContext;Lorg/gradle/internal/operations/DefaultBuildOperationRunner$BuildOperationExecutionListener;)Lorg/gradle/internal/operations/BuildOperation;+22
j  org.gradle.internal.operations.DefaultBuildOperationRunner$2.execute(Lorg/gradle/internal/operations/BuildOperationDescriptor;Lorg/gradle/internal/operations/BuildOperationState;Lorg/gradle/internal/operations/BuildOperationState;Lorg/gradle/internal/operations/DefaultBuildOperationRunner$ReadableBuildOperationContext;Lorg/gradle/internal/operations/DefaultBuildOperationRunner$BuildOperationExecutionListener;)Ljava/lang/Object;+8
j  org.gradle.internal.operations.DefaultBuildOperationRunner.execute(Lorg/gradle/internal/operations/BuildOperationDescriptor$Builder;Lorg/gradle/internal/operations/BuildOperationState;Lorg/gradle/internal/operations/DefaultBuildOperationRunner$BuildOperationExecution;)Ljava/lang/Object;+141
j  org.gradle.internal.operations.DefaultBuildOperationRunner.execute(Lorg/gradle/internal/operations/BuildOperation;Lorg/gradle/internal/operations/BuildOperationWorker;Lorg/gradle/internal/operations/BuildOperationState;)V+18
j  org.gradle.internal.operations.DefaultBuildOperationRunner.call(Lorg/gradle/internal/operations/CallableBuildOperation;)Ljava/lang/Object;+16
j  org.gradle.internal.buildtree.DefaultBuildTreeModelCreator$DefaultBuildTreeModelController.getModel(Lorg/gradle/internal/buildtree/BuildTreeModelTarget;Ljava/lang/String;Ljava/lang/Object;)Ljava/lang/Object;+18
j  org.gradle.tooling.internal.provider.runner.BuildModelActionRunner$ModelCreateAction.fromBuildModel(Lorg/gradle/internal/buildtree/BuildTreeModelController;)Ljava/lang/Object;+14
j  org.gradle.internal.buildtree.DefaultBuildTreeModelCreator.fromBuildModel(Lorg/gradle/internal/buildtree/BuildTreeModelAction;)Ljava/lang/Object;+10
j  org.gradle.internal.cc.impl.barrier.BarrierAwareBuildTreeModelCreator.fromBuildModel$lambda$1(Lorg/gradle/internal/cc/impl/barrier/BarrierAwareBuildTreeModelCreator;Lorg/gradle/internal/buildtree/BuildTreeModelAction;)Ljava/lang/Object;+5
j  org.gradle.internal.cc.impl.barrier.BarrierAwareBuildTreeModelCreator$$Lambda$328+0x000002a57f31f3e8.invoke()Ljava/lang/Object;+8
j  org.gradle.internal.cc.impl.barrier.VintageConfigurationTimeActionRunner.runConfigurationTimeAction(Lkotlin/jvm/functions/Function0;)Ljava/lang/Object;+25
j  org.gradle.internal.cc.impl.barrier.BarrierAwareBuildTreeModelCreator.fromBuildModel(Lorg/gradle/internal/buildtree/BuildTreeModelAction;)Ljava/lang/Object;+17
j  org.gradle.internal.buildtree.DefaultBuildTreeLifecycleController.lambda$fromBuildModel$2(Lorg/gradle/internal/buildtree/BuildTreeModelAction;Z)Lorg/gradle/internal/build/ExecutionResult;+57
j  org.gradle.internal.buildtree.DefaultBuildTreeLifecycleController$$Lambda$323+0x000002a57f37e6a8.get()Ljava/lang/Object;+12
j  org.gradle.internal.buildtree.DefaultBuildTreeLifecycleController.lambda$runBuild$4(Ljava/util/function/Supplier;)Ljava/lang/Object;+1
j  org.gradle.internal.buildtree.DefaultBuildTreeLifecycleController$$Lambda$324+0x000002a57f37e8c8.get()Ljava/lang/Object;+8
j  org.gradle.internal.model.StateTransitionController.lambda$transition$6(Ljava/util/function/Supplier;)Lorg/gradle/internal/build/ExecutionResult;+1
j  org.gradle.internal.model.StateTransitionController$$Lambda$326+0x000002a57f37ed08.get()Ljava/lang/Object;+4
j  org.gradle.internal.model.StateTransitionController.doTransition(Lorg/gradle/internal/model/StateTransitionController$State;Lorg/gradle/internal/model/StateTransitionController$State;Ljava/util/function/Supplier;)Lorg/gradle/internal/build/ExecutionResult;+24
j  org.gradle.internal.model.StateTransitionController.lambda$transition$7(Lorg/gradle/internal/model/StateTransitionController$State;Lorg/gradle/internal/model/StateTransitionController$State;Ljava/util/function/Supplier;)Ljava/lang/Object;+9
j  org.gradle.internal.model.StateTransitionController$$Lambda$325+0x000002a57f37eae8.create()Ljava/lang/Object;+16
j  org.gradle.internal.work.DefaultSynchronizer.withLock(Lorg/gradle/internal/Factory;)Ljava/lang/Object;+6
j  org.gradle.internal.model.StateTransitionController.transition(Lorg/gradle/internal/model/StateTransitionController$State;Lorg/gradle/internal/model/StateTransitionController$State;Ljava/util/function/Supplier;)Ljava/lang/Object;+13
j  org.gradle.internal.buildtree.DefaultBuildTreeLifecycleController.runBuild(Ljava/util/function/Supplier;)Ljava/lang/Object;+17
j  org.gradle.internal.buildtree.DefaultBuildTreeLifecycleController.fromBuildModel(ZLorg/gradle/internal/buildtree/BuildTreeModelAction;)Ljava/lang/Object;+9
j  org.gradle.tooling.internal.provider.runner.BuildModelActionRunner.run(Lorg/gradle/internal/invocation/BuildAction;Lorg/gradle/internal/buildtree/BuildTreeLifecycleController;)Lorg/gradle/internal/buildtree/BuildActionRunner$Result;+40
j  org.gradle.launcher.exec.ChainingBuildActionRunner.run(Lorg/gradle/internal/invocation/BuildAction;Lorg/gradle/internal/buildtree/BuildTreeLifecycleController;)Lorg/gradle/internal/buildtree/BuildActionRunner$Result;+34
j  org.gradle.internal.buildtree.ProblemReportingBuildActionRunner.run(Lorg/gradle/internal/invocation/BuildAction;Lorg/gradle/internal/buildtree/BuildTreeLifecycleController;)Lorg/gradle/internal/buildtree/BuildActionRunner$Result;+12
j  org.gradle.launcher.exec.BuildOutcomeReportingBuildActionRunner.run(Lorg/gradle/internal/invocation/BuildAction;Lorg/gradle/internal/buildtree/BuildTreeLifecycleController;)Lorg/gradle/internal/buildtree/BuildActionRunner$Result;+69
j  org.gradle.tooling.internal.provider.FileSystemWatchingBuildActionRunner.run(Lorg/gradle/internal/invocation/BuildAction;Lorg/gradle/internal/buildtree/BuildTreeLifecycleController;)Lorg/gradle/internal/buildtree/BuildActionRunner$Result;+317
j  org.gradle.launcher.exec.BuildCompletionNotifyingBuildActionRunner.run(Lorg/gradle/internal/invocation/BuildAction;Lorg/gradle/internal/buildtree/BuildTreeLifecycleController;)Lorg/gradle/internal/buildtree/BuildActionRunner$Result;+6
j  org.gradle.launcher.exec.RootBuildLifecycleBuildActionExecutor.lambda$execute$0(Lorg/gradle/internal/invocation/BuildAction;Lorg/gradle/internal/buildtree/BuildTreeLifecycleController;)Lorg/gradle/internal/buildtree/BuildActionRunner$Result;+6
j  org.gradle.launcher.exec.RootBuildLifecycleBuildActionExecutor$$Lambda$294+0x000002a57f364c70.apply(Ljava/lang/Object;)Ljava/lang/Object;+12
j  org.gradle.composite.internal.DefaultRootBuildState.run(Ljava/util/function/Function;)Ljava/lang/Object;+92
j  org.gradle.launcher.exec.RootBuildLifecycleBuildActionExecutor.execute(Lorg/gradle/internal/invocation/BuildAction;Lorg/gradle/internal/buildtree/BuildTreeContext;)Lorg/gradle/internal/buildtree/BuildActionRunner$Result;+119
j  org.gradle.internal.buildtree.InitDeprecationLoggingActionExecutor.execute(Lorg/gradle/internal/invocation/BuildAction;Lorg/gradle/internal/buildtree/BuildTreeContext;)Lorg/gradle/internal/buildtree/BuildActionRunner$Result;+83
j  org.gradle.internal.buildtree.InitProblems.execute(Lorg/gradle/internal/invocation/BuildAction;Lorg/gradle/internal/buildtree/BuildTreeContext;)Lorg/gradle/internal/buildtree/BuildActionRunner$Result;+13
j  org.gradle.internal.buildtree.DefaultBuildTreeContext.execute(Lorg/gradle/internal/invocation/BuildAction;)Lorg/gradle/internal/buildtree/BuildActionRunner$Result;+64
j  org.gradle.launcher.exec.BuildTreeLifecycleBuildActionExecutor.lambda$execute$0(Lorg/gradle/internal/invocation/BuildAction;Lorg/gradle/internal/buildtree/BuildTreeContext;)Lorg/gradle/internal/buildtree/BuildActionRunner$Result;+2
j  org.gradle.launcher.exec.BuildTreeLifecycleBuildActionExecutor$$Lambda$230+0x000002a57f295238.apply(Ljava/lang/Object;)Ljava/lang/Object;+8
j  org.gradle.internal.buildtree.BuildTreeState.run(Ljava/util/function/Function;)Ljava/lang/Object;+47
j  org.gradle.launcher.exec.BuildTreeLifecycleBuildActionExecutor.execute(Lorg/gradle/internal/invocation/BuildAction;Lorg/gradle/internal/session/BuildSessionContext;)Lorg/gradle/internal/buildtree/BuildActionRunner$Result;+74
j  org.gradle.launcher.exec.RunAsBuildOperationBuildActionExecutor$2.call(Lorg/gradle/internal/operations/BuildOperationContext;)Lorg/gradle/internal/buildtree/BuildActionRunner$Result;+25
j  org.gradle.launcher.exec.RunAsBuildOperationBuildActionExecutor$2.call(Lorg/gradle/internal/operations/BuildOperationContext;)Ljava/lang/Object;+2
j  org.gradle.internal.operations.DefaultBuildOperationRunner$CallableBuildOperationWorker.execute(Lorg/gradle/internal/operations/CallableBuildOperation;Lorg/gradle/internal/operations/BuildOperationContext;)V+3
j  org.gradle.internal.operations.DefaultBuildOperationRunner$CallableBuildOperationWorker.execute(Lorg/gradle/internal/operations/BuildOperation;Lorg/gradle/internal/operations/BuildOperationContext;)V+6
j  org.gradle.internal.operations.DefaultBuildOperationRunner$2.execute(Lorg/gradle/internal/operations/BuildOperationDescriptor;Lorg/gradle/internal/operations/BuildOperationState;Lorg/gradle/internal/operations/BuildOperationState;Lorg/gradle/internal/operations/DefaultBuildOperationRunner$ReadableBuildOperationContext;Lorg/gradle/internal/operations/DefaultBuildOperationRunner$BuildOperationExecutionListener;)Lorg/gradle/internal/operations/BuildOperation;+22
j  org.gradle.internal.operations.DefaultBuildOperationRunner$2.execute(Lorg/gradle/internal/operations/BuildOperationDescriptor;Lorg/gradle/internal/operations/BuildOperationState;Lorg/gradle/internal/operations/BuildOperationState;Lorg/gradle/internal/operations/DefaultBuildOperationRunner$ReadableBuildOperationContext;Lorg/gradle/internal/operations/DefaultBuildOperationRunner$BuildOperationExecutionListener;)Ljava/lang/Object;+8
j  org.gradle.internal.operations.DefaultBuildOperationRunner.execute(Lorg/gradle/internal/operations/BuildOperationDescriptor$Builder;Lorg/gradle/internal/operations/BuildOperationState;Lorg/gradle/internal/operations/DefaultBuildOperationRunner$BuildOperationExecution;)Ljava/lang/Object;+141
j  org.gradle.internal.operations.DefaultBuildOperationRunner.execute(Lorg/gradle/internal/operations/BuildOperation;Lorg/gradle/internal/operations/BuildOperationWorker;Lorg/gradle/internal/operations/BuildOperationState;)V+18
j  org.gradle.internal.operations.DefaultBuildOperationRunner.call(Lorg/gradle/internal/operations/CallableBuildOperation;)Ljava/lang/Object;+16
j  org.gradle.launcher.exec.RunAsBuildOperationBuildActionExecutor.execute(Lorg/gradle/internal/invocation/BuildAction;Lorg/gradle/internal/session/BuildSessionContext;)Lorg/gradle/internal/buildtree/BuildActionRunner$Result;+23
j  org.gradle.launcher.exec.RunAsWorkerThreadBuildActionExecutor.lambda$execute$0(Lorg/gradle/internal/invocation/BuildAction;Lorg/gradle/internal/session/BuildSessionContext;)Lorg/gradle/internal/buildtree/BuildActionRunner$Result;+6
j  org.gradle.launcher.exec.RunAsWorkerThreadBuildActionExecutor$$Lambda$219+0x000002a57f25c5b0.create()Ljava/lang/Object;+12
j  org.gradle.internal.work.DefaultWorkerLeaseService.withLocks(Ljava/util/Collection;Lorg/gradle/internal/Factory;)Ljava/lang/Object;+28
j  org.gradle.internal.work.DefaultWorkerLeaseService.runAsWorkerThread(Lorg/gradle/internal/Factory;)Ljava/lang/Object;+33
j  org.gradle.launcher.exec.RunAsWorkerThreadBuildActionExecutor.execute(Lorg/gradle/internal/invocation/BuildAction;Lorg/gradle/internal/session/BuildSessionContext;)Lorg/gradle/internal/buildtree/BuildActionRunner$Result;+12
j  org.gradle.tooling.internal.provider.continuous.ContinuousBuildActionExecutor.execute(Lorg/gradle/internal/invocation/BuildAction;Lorg/gradle/internal/session/BuildSessionContext;)Lorg/gradle/internal/buildtree/BuildActionRunner$Result;+58
j  org.gradle.tooling.internal.provider.SubscribableBuildActionExecutor.execute(Lorg/gradle/internal/invocation/BuildAction;Lorg/gradle/internal/session/BuildSessionContext;)Lorg/gradle/internal/buildtree/BuildActionRunner$Result;+30
j  org.gradle.internal.session.DefaultBuildSessionContext.execute(Lorg/gradle/internal/invocation/BuildAction;)Lorg/gradle/internal/buildtree/BuildActionRunner$Result;+64
j  org.gradle.internal.buildprocess.execution.BuildSessionLifecycleBuildActionExecutor$ActionImpl.apply(Lorg/gradle/internal/session/BuildSessionContext;)Lorg/gradle/launcher/exec/BuildActionResult;+6
j  org.gradle.internal.buildprocess.execution.BuildSessionLifecycleBuildActionExecutor$ActionImpl.apply(Ljava/lang/Object;)Ljava/lang/Object;+5
j  org.gradle.internal.session.BuildSessionState.run(Ljava/util/function/Function;)Ljava/lang/Object;+5
j  org.gradle.internal.buildprocess.execution.BuildSessionLifecycleBuildActionExecutor.execute(Lorg/gradle/internal/invocation/BuildAction;Lorg/gradle/launcher/exec/BuildActionParameters;Lorg/gradle/initialization/BuildRequestContext;)Lorg/gradle/launcher/exec/BuildActionResult;+95
j  org.gradle.internal.buildprocess.execution.BuildSessionLifecycleBuildActionExecutor.execute(Lorg/gradle/internal/invocation/BuildAction;Ljava/lang/Object;Ljava/lang/Object;)Lorg/gradle/launcher/exec/BuildActionResult;+10
j  org.gradle.internal.buildprocess.execution.StartParamsValidatingActionExecutor.execute(Lorg/gradle/internal/invocation/BuildAction;Lorg/gradle/launcher/exec/BuildActionParameters;Lorg/gradle/initialization/BuildRequestContext;)Lorg/gradle/launcher/exec/BuildActionResult;+142
j  org.gradle.internal.buildprocess.execution.StartParamsValidatingActionExecutor.execute(Lorg/gradle/internal/invocation/BuildAction;Ljava/lang/Object;Ljava/lang/Object;)Lorg/gradle/launcher/exec/BuildActionResult;+10
j  org.gradle.internal.buildprocess.execution.SessionFailureReportingActionExecutor.execute(Lorg/gradle/internal/invocation/BuildAction;Lorg/gradle/launcher/exec/BuildActionParameters;Lorg/gradle/initialization/BuildRequestContext;)Lorg/gradle/launcher/exec/BuildActionResult;+7
j  org.gradle.internal.buildprocess.execution.SessionFailureReportingActionExecutor.execute(Lorg/gradle/internal/invocation/BuildAction;Ljava/lang/Object;Ljava/lang/Object;)Lorg/gradle/launcher/exec/BuildActionResult;+10
j  org.gradle.internal.buildprocess.execution.SetupLoggingActionExecutor.execute(Lorg/gradle/internal/invocation/BuildAction;Lorg/gradle/launcher/exec/BuildActionParameters;Lorg/gradle/initialization/BuildRequestContext;)Lorg/gradle/launcher/exec/BuildActionResult;+50
j  org.gradle.internal.buildprocess.execution.SetupLoggingActionExecutor.execute(Lorg/gradle/internal/invocation/BuildAction;Ljava/lang/Object;Ljava/lang/Object;)Lorg/gradle/launcher/exec/BuildActionResult;+10
j  org.gradle.launcher.daemon.server.exec.ExecuteBuild.doBuild(Lorg/gradle/launcher/daemon/server/api/DaemonCommandExecution;Lorg/gradle/launcher/daemon/protocol/Build;)V+147
j  org.gradle.launcher.daemon.server.exec.BuildCommandOnly.execute(Lorg/gradle/launcher/daemon/server/api/DaemonCommandExecution;)V+49
j  org.gradle.launcher.daemon.server.api.DaemonCommandExecution.proceed()Z+23
j  org.gradle.launcher.daemon.server.exec.WatchForDisconnection.execute(Lorg/gradle/launcher/daemon/server/api/DaemonCommandExecution;)V+19
j  org.gradle.launcher.daemon.server.api.DaemonCommandExecution.proceed()Z+23
j  org.gradle.launcher.daemon.server.exec.ResetDeprecationLogger.execute(Lorg/gradle/launcher/daemon/server/api/DaemonCommandExecution;)V+7
j  org.gradle.launcher.daemon.server.api.DaemonCommandExecution.proceed()Z+23
j  org.gradle.launcher.daemon.server.exec.RequestStopIfSingleUsedDaemon.execute(Lorg/gradle/launcher/daemon/server/api/DaemonCommandExecution;)V+33
j  org.gradle.launcher.daemon.server.api.DaemonCommandExecution.proceed()Z+23
j  org.gradle.launcher.daemon.server.exec.ForwardClientInput.lambda$execute$0(Lorg/gradle/launcher/daemon/server/api/DaemonCommandExecution;Lorg/gradle/internal/daemon/clientinput/StdinHandler;)Ljava/lang/Object;+11
j  org.gradle.launcher.daemon.server.exec.ForwardClientInput$$Lambda$114+0x000002a57f181a08.apply(Ljava/lang/Object;)Ljava/lang/Object;+8
j  org.gradle.internal.daemon.clientinput.ClientInputForwarder.forwardInput(Ljava/util/function/Function;)Ljava/lang/Object;+46
j  org.gradle.launcher.daemon.server.exec.ForwardClientInput.execute(Lorg/gradle/launcher/daemon/server/api/DaemonCommandExecution;)V+10
j  org.gradle.launcher.daemon.server.api.DaemonCommandExecution.proceed()Z+23
j  org.gradle.launcher.daemon.server.exec.LogAndCheckHealth.execute(Lorg/gradle/launcher/daemon/server/api/DaemonCommandExecution;)V+51
j  org.gradle.launcher.daemon.server.api.DaemonCommandExecution.proceed()Z+23
j  org.gradle.launcher.daemon.server.exec.LogToClient.doBuild(Lorg/gradle/launcher/daemon/server/api/DaemonCommandExecution;Lorg/gradle/launcher/daemon/protocol/Build;)V+87
j  org.gradle.launcher.daemon.server.exec.BuildCommandOnly.execute(Lorg/gradle/launcher/daemon/server/api/DaemonCommandExecution;)V+49
j  org.gradle.launcher.daemon.server.api.DaemonCommandExecution.proceed()Z+23
j  org.gradle.launcher.daemon.server.exec.EstablishBuildEnvironment.doBuild(Lorg/gradle/launcher/daemon/server/api/DaemonCommandExecution;Lorg/gradle/launcher/daemon/protocol/Build;)V+356
j  org.gradle.launcher.daemon.server.exec.BuildCommandOnly.execute(Lorg/gradle/launcher/daemon/server/api/DaemonCommandExecution;)V+49
j  org.gradle.launcher.daemon.server.api.DaemonCommandExecution.proceed()Z+23
j  org.gradle.launcher.daemon.server.exec.StartBuildOrRespondWithBusy$1.run()V+44
j  org.gradle.launcher.daemon.server.DaemonStateCoordinator.lambda$runCommand$0(Ljava/lang/Runnable;)V+1
j  org.gradle.launcher.daemon.server.DaemonStateCoordinator$$Lambda$113+0x000002a57f180670.run()V+8
j  org.gradle.internal.concurrent.ExecutorPolicy$CatchAndRecordFailures.onExecute(Ljava/lang/Runnable;)V+1
j  org.gradle.internal.concurrent.AbstractManagedExecutor$1.run()V+25
j  java.util.concurrent.ThreadPoolExecutor.runWorker(Ljava/util/concurrent/ThreadPoolExecutor$Worker;)V+92 java.base@17.0.19
j  java.util.concurrent.ThreadPoolExecutor$Worker.run()V+5 java.base@17.0.19
j  java.lang.Thread.run()V+11 java.base@17.0.19
v  ~StubRoutines::call_stub

Compiled method (n/a) 13462  797     n 0       java.lang.ClassLoader::defineClass1 (native)
 total in heap  [0x000002a5575dc810,0x000002a5575dcd10] = 1280
 relocation     [0x000002a5575dc970,0x000002a5575dc9a8] = 56
 main code      [0x000002a5575dc9c0,0x000002a5575dcd10] = 848

[Constant Pool (empty)]

[MachCode]
[Entry Point]
  # {method} {0x000002a57e010f18} 'defineClass1' '(Ljava/lang/ClassLoader;Ljava/lang/String;[BIILjava/security/ProtectionDomain;Ljava/lang/String;)Ljava/lang/Class;' in 'java/lang/ClassLoader'
  # parm0:    rdx:rdx   = 'java/lang/ClassLoader'
  # parm1:    r8:r8     = 'java/lang/String'
  # parm2:    r9:r9     = '[B'
  # parm3:    rdi       = int
  # parm4:    rsi       = int
  # parm5:    rcx:rcx   = 'java/security/ProtectionDomain'
  # parm6:    [sp+0xa0]   = 'java/lang/String'  (sp of caller)
  0x000002a5575dc9c0: 448b 5208 | 49bb 0000 | 007e a502 | 0000 4d03 | d349 3bc2 | 0f84 0600 

  0x000002a5575dc9d8: ;   {runtime_call ic_miss_stub}
  0x000002a5575dc9d8: 0000 e9a1 | 46a5 ff90 
[Verified Entry Point]
  0x000002a5575dc9e0: 8984 2400 | 90ff ff55 | 488b ec48 | 81ec 9000 | 0000 4881 | 7d10 0000 | 0000 488d | 4510 480f 
  0x000002a5575dca00: 4445 1048 | 8944 2440 | 4889 4c24 | 7048 83f9 | 0048 8d44 | 2470 480f | 4444 2470 | 4889 4424 
  0x000002a5575dca20: 3848 8974 | 2430 4889 | 7c24 284c | 894c 2458 | 4983 f900 | 488d 4424 | 5848 0f44 | 4424 5848 
  0x000002a5575dca40: 8944 2420 | 4c89 4424 | 5049 83f8 | 004c 8d4c | 2450 4c0f | 444c 2450 | 4889 5424 | 4848 83fa 
  0x000002a5575dca60: 004c 8d44 | 2448 4c0f | 4444 2448 

  0x000002a5575dca6c: ;   {oop(a 'java/lang/Class'{0x00000006004cf2e0} = 'java/lang/ClassLoader')}
  0x000002a5575dca6c: 49be e0f2 | 4c00 0600 | 0000 4c89 | 7424 784c | 8d74 2478 | 498b d6c5 

  0x000002a5575dca84: ;   {internal_word}
  0x000002a5575dca84: f877 49ba | 83ca 5d57 | a502 0000 | 4d89 97a0 | 0200 0049 | 89a7 9802 

  0x000002a5575dca9c: ;   {external_word}
  0x000002a5575dca9c: 0000 49ba | d5d6 afb5 | fb7f 0000 | 4180 3a00 | 0f84 5200 | 0000 5241 

  0x000002a5575dcab4: ;   {metadata({method} {0x000002a57e010f18} 'defineClass1' '(Ljava/lang/ClassLoader;Ljava/lang/String;[BIILjava/security/ProtectionDomain;Ljava/lang/String;)Ljava/lang/Class;' in 'java/lang/ClassLoader')}
  0x000002a5575dcab4: 5041 5148 | ba10 0f01 | 7ea5 0200 | 0049 8bcf | 4883 ec20 | f7c4 0f00 | 0000 0f84 | 1a00 0000 
  0x000002a5575dcad4: 4883 ec08 

  0x000002a5575dcad8: ;   {runtime_call}
  0x000002a5575dcad8: 49ba 80a4 | 65b5 fb7f | 0000 41ff | d248 83c4 | 08e9 0d00 

  0x000002a5575dcaec: ;   {runtime_call}
  0x000002a5575dcaec: 0000 49ba | 80a4 65b5 | fb7f 0000 | 41ff d248 | 83c4 2041 | 5941 585a | 498d 8fb8 | 0200 0041 
  0x000002a5575dcb0c: c787 4003 | 0000 0400 

  0x000002a5575dcb14: ;   {runtime_call}
  0x000002a5575dcb14: 0000 49ba | ac16 42e9 | fb7f 0000 | 41ff d2c5 | f877 41c7 | 8740 0300 | 0005 0000 | 00f0 8344 
  0x000002a5575dcb34: 24c0 0049 | 3baf 4803 | 0000 0f87 | 1100 0000 | 4181 bf30 | 0300 0000 | 0000 000f | 842c 0000 
  0x000002a5575dcb54: 00c5 f877 | 4889 45f8 | 498b cf4c | 8be4 4883 | ec20 4883 

  0x000002a5575dcb68: ;   {runtime_call}
  0x000002a5575dcb68: e4f0 49ba | d0b3 75b5 | fb7f 0000 | 41ff d249 | 8be4 4d33 | e448 8b45 | f841 c787 | 4003 0000 
  0x000002a5575dcb88: 0800 0000 | 4181 bfb0 | 0300 0002 | 0000 000f | 843f 0100 

  0x000002a5575dcb9c: ;   {external_word}
  0x000002a5575dcb9c: 0049 bad5 | d6af b5fb | 7f00 0041 | 803a 000f | 8450 0000 | 0048 8945 

  0x000002a5575dcbb4: ;   {metadata({method} {0x000002a57e010f18} 'defineClass1' '(Ljava/lang/ClassLoader;Ljava/lang/String;[BIILjava/security/ProtectionDomain;Ljava/lang/String;)Ljava/lang/Class;' in 'java/lang/ClassLoader')}
  0x000002a5575dcbb4: f848 ba10 | 0f01 7ea5 | 0200 0049 | 8bcf 4883 | ec20 f7c4 | 0f00 0000 | 0f84 1a00 | 0000 4883 
  0x000002a5575dcbd4: ;   {runtime_call}
  0x000002a5575dcbd4: ec08 49ba | 80a4 65b5 | fb7f 0000 | 41ff d248 | 83c4 08e9 | 0d00 0000 

  0x000002a5575dcbec: ;   {runtime_call}
  0x000002a5575dcbec: 49ba 80a4 | 65b5 fb7f | 0000 41ff | d248 83c4 | 2048 8b45 | f849 c787 | 9802 0000 | 0000 0000 
  0x000002a5575dcc0c: 49c7 87a0 | 0200 0000 | 0000 00c5 | f877 4885 | c00f 8493 | 0000 0048 | f7c0 0100 | 0000 0f84 
  0x000002a5575dcc2c: 8300 0000 | 488b 40ff | 4180 7f38 | 000f 846f | 0000 0048 | 83f8 000f | 8465 0000 | 0049 8b4f 
  0x000002a5575dcc4c: 2048 83f9 | 000f 8414 | 0000 0048 | 83e9 0849 | 894f 2049 | 034f 3048 | 8901 e943 | 0000 0050 
  0x000002a5575dcc6c: 498b d748 | 8bc8 4883 | ec20 f7c4 | 0f00 0000 | 0f84 1a00 | 0000 4883 

  0x000002a5575dcc84: ;   {runtime_call}
  0x000002a5575dcc84: ec08 49ba | 706b 24b5 | fb7f 0000 | 41ff d248 | 83c4 08e9 | 0d00 0000 

  0x000002a5575dcc9c: ;   {runtime_call}
  0x000002a5575dcc9c: 49ba 706b | 24b5 fb7f | 0000 41ff | d248 83c4 | 2058 e903 | 0000 0048 | 8b00 498b | 8fd8 0000 
  0x000002a5575dccbc: 00c7 8100 | 0100 0000 | 0000 00c9 | 4981 7f08 | 0000 0000 | 0f85 0100 

  0x000002a5575dccd4: ;   {runtime_call StubRoutines (1)}
  0x000002a5575dccd4: 0000 c3e9 | 2442 a0ff | c5f8 7748 | 8945 f84c | 8be4 4883 | ec20 4883 

  0x000002a5575dccec: ;   {runtime_call}
  0x000002a5575dccec: e4f0 49ba | 70d5 65b5 | fb7f 0000 | 41ff d249 | 8be4 4d33 | e448 8b45 | f8e9 93fe | ffff f4f4 
  0x000002a5575dcd0c: f4f4 f4f4 
[/MachCode]


Compiled method (c1) 13484 1202       3       java.lang.ClassLoader::defineClass (43 bytes)
 total in heap  [0x000002a5474c6710,0x000002a5474c7048] = 2360
 relocation     [0x000002a5474c6870,0x000002a5474c6900] = 144
 main code      [0x000002a5474c6900,0x000002a5474c6da0] = 1184
 stub code      [0x000002a5474c6da0,0x000002a5474c6e18] = 120
 metadata       [0x000002a5474c6e18,0x000002a5474c6e48] = 48
 scopes data    [0x000002a5474c6e48,0x000002a5474c6f38] = 240
 scopes pcs     [0x000002a5474c6f38,0x000002a5474c7018] = 224
 dependencies   [0x000002a5474c7018,0x000002a5474c7020] = 8
 nul chk table  [0x000002a5474c7020,0x000002a5474c7048] = 40

[Constant Pool (empty)]

[MachCode]
[Entry Point]
  # {method} {0x000002a57e010cb0} 'defineClass' '(Ljava/lang/String;[BIILjava/security/ProtectionDomain;)Ljava/lang/Class;' in 'java/lang/ClassLoader'
  # this:     rdx:rdx   = 'java/lang/ClassLoader'
  # parm0:    r8:r8     = 'java/lang/String'
  # parm1:    r9:r9     = '[B'
  # parm2:    rdi       = int
  # parm3:    rsi       = int
  # parm4:    rcx:rcx   = 'java/security/ProtectionDomain'
  #           [sp+0xc0]  (sp of caller)
  0x000002a5474c6900: 448b 5208 | 49bb 0000 | 007e a502 | 0000 4d03 | d34c 3bd0 

  0x000002a5474c6914: ;   {runtime_call ic_miss_stub}
  0x000002a5474c6914: 0f85 66a7 | b60f 660f | 1f44 0000 
[Verified Entry Point]
  0x000002a5474c6920: 8984 2400 | 90ff ff55 | 4881 ecb0 | 0000 0048 | 8954 2478 

  0x000002a5474c6934: ;   {metadata(method data for {method} {0x000002a57e010cb0} 'defineClass' '(Ljava/lang/String;[BIILjava/security/ProtectionDomain;)Ljava/lang/Class;' in 'java/lang/ClassLoader')}
  0x000002a5474c6934: 48bb 889e | 1abf a502 | 0000 8b83 | cc00 0000 | 83c0 0289 | 83cc 0000 | 0081 e0fe | 0700 0083 
  0x000002a5474c6954: f800 0f84 | 4e03 0000 | 89b4 2494 | 0000 0089 | bc24 9000 | 0000 4c89 | 8c24 8800 | 0000 488b 
  0x000002a5474c6974: ;   {metadata(method data for {method} {0x000002a57e010cb0} 'defineClass' '(Ljava/lang/String;[BIILjava/security/ProtectionDomain;)Ljava/lang/Class;' in 'java/lang/ClassLoader')}
  0x000002a5474c6974: da48 b888 | 9e1a bfa5 | 0200 0048 | 8380 1001 | 0000 0149 | 8bd8 4c8b | c34c 8bc9 | 488b ca48 
  0x000002a5474c6994: 8bd1 4889 | 9c24 8000 

  0x000002a5474c699c: ;   {optimized virtual_call}
  0x000002a5474c699c: 0000 90e8 

  0x000002a5474c69a0: ; ImmutableOopMap {[120]=Oop [136]=Oop [128]=Oop }
                      ;*invokevirtual preDefineClass {reexecute=0 rethrow=0 return_oop=0}
                      ; - java.lang.ClassLoader::defineClass@4 (line 1015)
  0x000002a5474c69a0: fc91 0000 | 4889 8424 | 9800 0000 | 488b 5424 

  0x000002a5474c69b0: ;   {metadata(method data for {method} {0x000002a57e010cb0} 'defineClass' '(Ljava/lang/String;[BIILjava/security/ProtectionDomain;)Ljava/lang/Class;' in 'java/lang/ClassLoader')}
  0x000002a5474c69b0: 7849 b888 | 9e1a bfa5 | 0200 0049 | 8380 4801 

  0x000002a5474c69c0: ;   {metadata(method data for {method} {0x000002a57e010ec0} 'defineClassSourceLocation' '(Ljava/security/ProtectionDomain;)Ljava/lang/String;' in 'java/lang/ClassLoader')}
  0x000002a5474c69c0: 0000 0149 | b8f8 0c1b | bfa5 0200 | 0041 8b90 | cc00 0000 | 83c2 0241 | 8990 cc00 | 0000 81e2 
  0x000002a5474c69e0: feff 1f00 | 83fa 000f | 84de 0200 | 0048 3b00 

  0x000002a5474c69f0: ;   {metadata(method data for {method} {0x000002a57e010ec0} 'defineClassSourceLocation' '(Ljava/security/ProtectionDomain;)Ljava/lang/String;' in 'java/lang/ClassLoader')}
  0x000002a5474c69f0: 4c8b c048 | baf8 0c1b | bfa5 0200 | 0048 8382 | 1001 0000 | 0144 8b40 | 1049 c1e0 | 0349 83f8 
  0x000002a5474c6a10: ;   {metadata(method data for {method} {0x000002a57e010ec0} 'defineClassSourceLocation' '(Ljava/security/ProtectionDomain;)Ljava/lang/String;' in 'java/lang/ClassLoader')}
  0x000002a5474c6a10: 0048 baf8 | 0c1b bfa5 | 0200 0048 | c7c6 5801 | 0000 0f85 | 0700 0000 | 48c7 c648 | 0100 0048 
  0x000002a5474c6a30: 8b3c 3248 | 8d7f 0148 | 893c 320f | 850f 0000 

  0x000002a5474c6a40: ;   {oop(NULL)}
  0x000002a5474c6a40: 0048 bb00 | 0000 0000 | 0000 00e9 | af01 0000 

  0x000002a5474c6a50: ; implicit exception: dispatches to 0x000002a5474c6cf1
  0x000002a5474c6a50: 493b 0049 

  0x000002a5474c6a54: ;   {metadata(method data for {method} {0x000002a57e010ec0} 'defineClassSourceLocation' '(Ljava/security/ProtectionDomain;)Ljava/lang/String;' in 'java/lang/ClassLoader')}
  0x000002a5474c6a54: 8bd0 48be | f80c 1bbf | a502 0000 | 4883 8668 | 0100 0001 | 418b 500c | 48c1 e203 | 4883 fa00 
  0x000002a5474c6a74: ;   {metadata(method data for {method} {0x000002a57e010ec0} 'defineClassSourceLocation' '(Ljava/security/ProtectionDomain;)Ljava/lang/String;' in 'java/lang/ClassLoader')}
  0x000002a5474c6a74: 48be f80c | 1bbf a502 | 0000 48c7 | c7b0 0100 | 000f 8507 | 0000 0048 | c7c7 a001 | 0000 488b 
  0x000002a5474c6a94: 1c3e 488d | 5b01 4889 | 1c3e 0f85 | 0f00 0000 

  0x000002a5474c6aa4: ;   {oop(NULL)}
  0x000002a5474c6aa4: 48bb 0000 | 0000 0000 | 0000 e94c 

  0x000002a5474c6ab0: ;   {metadata(method data for {method} {0x000002a57e010ec0} 'defineClassSourceLocation' '(Ljava/security/ProtectionDomain;)Ljava/lang/String;' in 'java/lang/ClassLoader')}
  0x000002a5474c6ab0: 0100 0048 | bef8 0c1b | bfa5 0200 | 0048 8386 | c001 0000 | 0148 3b02 

  0x000002a5474c6ac8: ;   {metadata(method data for {method} {0x000002a57e010ec0} 'defineClassSourceLocation' '(Ljava/security/ProtectionDomain;)Ljava/lang/String;' in 'java/lang/ClassLoader')}
  0x000002a5474c6ac8: 4c8b c248 | bef8 0c1b | bfa5 0200 | 0048 8386 | f801 0000 

  0x000002a5474c6adc: ;   {metadata(method data for {method} {0x000002a57e068a68} 'toString' '()Ljava/lang/String;' in 'java/net/URL')}
  0x000002a5474c6adc: 0149 b868 | 3912 bfa5 | 0200 0041 | 8bb0 cc00 | 0000 83c6 | 0241 89b0 | cc00 0000 | 81e6 feff 
  0x000002a5474c6afc: 1f00 83fe | 000f 84f4 | 0100 004c 

  0x000002a5474c6b08: ;   {metadata(method data for {method} {0x000002a57e068a68} 'toString' '()Ljava/lang/String;' in 'java/net/URL')}
  0x000002a5474c6b08: 8bc2 48be | 6839 12bf | a502 0000 | 4883 8610 | 0100 0001 

  0x000002a5474c6b1c: ;   {metadata(method data for {method} {0x000002a57e069300} 'toExternalForm' '()Ljava/lang/String;' in 'java/net/URL')}
  0x000002a5474c6b1c: 49b8 f03a | 12bf a502 | 0000 418b | b0cc 0000 | 0083 c602 | 4189 b0cc | 0000 0081 | e6fe ff1f 
  0x000002a5474c6b3c: 0083 fe00 | 0f84 d601 | 0000 8b72 | 3848 c1e6 | 0348 3b06 

  0x000002a5474c6b50: ;   {metadata(method data for {method} {0x000002a57e069300} 'toExternalForm' '()Ljava/lang/String;' in 'java/net/URL')}
  0x000002a5474c6b50: 4c8b c648 | bff0 3a12 | bfa5 0200 | 0045 8b40 | 0849 ba00 | 0000 7ea5 | 0200 004d | 03c2 4c3b 
  0x000002a5474c6b70: 8720 0100 | 0075 0d48 | 8387 2801 | 0000 01e9 | 6600 0000 | 4c3b 8730 | 0100 0075 | 0d48 8387 
  0x000002a5474c6b90: 3801 0000 | 01e9 5000 | 0000 4881 | bf20 0100 | 0000 0000 | 0075 174c | 8987 2001 | 0000 48c7 
  0x000002a5474c6bb0: 8728 0100 | 0001 0000 | 00e9 2c00 | 0000 4881 | bf30 0100 | 0000 0000 | 0075 174c | 8987 3001 
  0x000002a5474c6bd0: 0000 48c7 | 8738 0100 | 0001 0000 | 00e9 0800 | 0000 4883 | 8710 0100 | 0001 4c8b | c248 8bd6 
  0x000002a5474c6bf0: 0f1f 8000 

  0x000002a5474c6bf4: ;   {optimized virtual_call}
  0x000002a5474c6bf4: 0000 00e8 

  0x000002a5474c6bf8: ; ImmutableOopMap {[120]=Oop [136]=Oop [128]=Oop [152]=Oop }
                      ;*invokevirtual toExternalForm {reexecute=0 rethrow=0 return_oop=0}
                      ; - java.net.URL::toExternalForm@5 (line 1039)
                      ; - java.net.URL::toString@1 (line 1025)
                      ; - java.lang.ClassLoader::defineClassSourceLocation@22 (line 917)
                      ; - java.lang.ClassLoader::defineClass@12 (line 1016)
  0x000002a5474c6bf8: 244b 2810 | 488b d848 | 8b84 2498 | 0000 008b | b424 9400 | 0000 8bbc | 2490 0000 | 004c 8b8c 
  0x000002a5474c6c18: 2488 0000 | 004c 8b84 | 2480 0000 | 0048 8b54 

  0x000002a5474c6c28: ;   {metadata(method data for {method} {0x000002a57e010cb0} 'defineClass' '(Ljava/lang/String;[BIILjava/security/ProtectionDomain;)Ljava/lang/Class;' in 'java/lang/ClassLoader')}
  0x000002a5474c6c28: 2478 48b9 | 889e 1abf | a502 0000 | 4883 8180 | 0100 0001 | 4c8b da49 | 8bd3 488b | c848 891c 
  0x000002a5474c6c48: 2466 0f1f 

  0x000002a5474c6c4c: ;   {static_call}
  0x000002a5474c6c4c: 4400 00e8 

  0x000002a5474c6c50: ; ImmutableOopMap {[152]=Oop [120]=Oop }
                      ;*invokestatic defineClass1 {reexecute=0 rethrow=0 return_oop=0}
                      ; - java.lang.ClassLoader::defineClass@27 (line 1017)
  0x000002a5474c6c50: 8c5d 1110 | 488b 5424 

  0x000002a5474c6c58: ;   {metadata(method data for {method} {0x000002a57e010cb0} 'defineClass' '(Ljava/lang/String;[BIILjava/security/ProtectionDomain;)Ljava/lang/Class;' in 'java/lang/ClassLoader')}
  0x000002a5474c6c58: 7849 b888 | 9e1a bfa5 | 0200 0049 | 8380 9001 | 0000 014c | 8bc0 4c8b | 8c24 9800 | 0000 488b 
  0x000002a5474c6c78: 5424 7848 | 8984 24a0 | 0000 000f 

  0x000002a5474c6c84: ;   {optimized virtual_call}
  0x000002a5474c6c84: 1f40 00e8 

  0x000002a5474c6c88: ; ImmutableOopMap {[160]=Oop }
                      ;*invokevirtual postDefineClass {reexecute=0 rethrow=0 return_oop=0}
                      ; - java.lang.ClassLoader::defineClass@37 (line 1018)
  0x000002a5474c6c88: 143f fcff | 488b 8424 | a000 0000 | 4881 c4b0 | 0000 005d 

  0x000002a5474c6c9c: ;   {poll_return}
  0x000002a5474c6c9c: 493b a748 | 0300 000f | 8799 0000 

  0x000002a5474c6ca8: ;   {metadata({method} {0x000002a57e010cb0} 'defineClass' '(Ljava/lang/String;[BIILjava/security/ProtectionDomain;)Ljava/lang/Class;' in 'java/lang/ClassLoader')}
  0x000002a5474c6ca8: 00c3 49ba | a80c 017e | a502 0000 | 4c89 5424 | 0848 c704 | 24ff ffff 

  0x000002a5474c6cc0: ;   {runtime_call counter_overflow Runtime1 stub}
  0x000002a5474c6cc0: ffe8 ba27 

  0x000002a5474c6cc4: ; ImmutableOopMap {rdx=Oop [120]=Oop r8=Oop r9=Oop rcx=Oop }
                      ;*synchronization entry
                      ; - java.lang.ClassLoader::defineClass@-1 (line 1015)
  0x000002a5474c6cc4: c10f e991 

  0x000002a5474c6cc8: ;   {metadata({method} {0x000002a57e010ec0} 'defineClassSourceLocation' '(Ljava/security/ProtectionDomain;)Ljava/lang/String;' in 'java/lang/ClassLoader')}
  0x000002a5474c6cc8: fcff ff49 | bab8 0e01 | 7ea5 0200 | 004c 8954 | 2408 48c7 | 0424 ffff 

  0x000002a5474c6ce0: ;   {runtime_call counter_overflow Runtime1 stub}
  0x000002a5474c6ce0: ffff e899 

  0x000002a5474c6ce4: ; ImmutableOopMap {[120]=Oop [136]=Oop [128]=Oop rax=Oop [152]=Oop }
                      ;*synchronization entry
                      ; - java.lang.ClassLoader::defineClassSourceLocation@-1 (line 914)
                      ; - java.lang.ClassLoader::defineClass@12 (line 1016)
  0x000002a5474c6ce4: 27c1 0fe9 | 01fd ffff 

  0x000002a5474c6cec: ;   {runtime_call throw_null_pointer_exception Runtime1 stub}
  0x000002a5474c6cec: e8af cac0 

  0x000002a5474c6cf0: ; ImmutableOopMap {[120]=Oop [136]=Oop [128]=Oop rax=Oop [152]=Oop }
                      ;*invokevirtual getCodeSource {reexecute=0 rethrow=0 return_oop=0}
                      ; - java.lang.ClassLoader::defineClassSourceLocation@1 (line 914)
                      ; - java.lang.ClassLoader::defineClass@12 (line 1016)
                      ;   {runtime_call throw_null_pointer_exception Runtime1 stub}
  0x000002a5474c6cf0: 0fe8 aaca 

  0x000002a5474c6cf4: ; ImmutableOopMap {[120]=Oop [136]=Oop [128]=Oop rax=Oop [152]=Oop r8=Oop }
                      ;*invokevirtual getLocation {reexecute=0 rethrow=0 return_oop=0}
                      ; - java.lang.ClassLoader::defineClassSourceLocation@12 (line 916)
                      ; - java.lang.ClassLoader::defineClass@12 (line 1016)
                      ;   {runtime_call throw_null_pointer_exception Runtime1 stub}
  0x000002a5474c6cf4: c00f e8a5 

  0x000002a5474c6cf8: ; ImmutableOopMap {[120]=Oop [136]=Oop [128]=Oop [152]=Oop rdx=Oop }
                      ;*invokevirtual toString {reexecute=0 rethrow=0 return_oop=0}
                      ; - java.lang.ClassLoader::defineClassSourceLocation@22 (line 917)
                      ; - java.lang.ClassLoader::defineClass@12 (line 1016)
                      ;   {metadata({method} {0x000002a57e068a68} 'toString' '()Ljava/lang/String;' in 'java/net/URL')}
  0x000002a5474c6cf8: cac0 0f49 | ba60 8a06 | 7ea5 0200 | 004c 8954 | 2408 48c7 | 0424 ffff 

  0x000002a5474c6d10: ;   {runtime_call counter_overflow Runtime1 stub}
  0x000002a5474c6d10: ffff e869 

  0x000002a5474c6d14: ; ImmutableOopMap {[120]=Oop [136]=Oop [128]=Oop [152]=Oop rdx=Oop }
                      ;*synchronization entry
                      ; - java.net.URL::toString@-1 (line 1025)
                      ; - java.lang.ClassLoader::defineClassSourceLocation@22 (line 917)
                      ; - java.lang.ClassLoader::defineClass@12 (line 1016)
  0x000002a5474c6d14: 27c1 0fe9 | ebfd ffff 

  0x000002a5474c6d1c: ;   {metadata({method} {0x000002a57e069300} 'toExternalForm' '()Ljava/lang/String;' in 'java/net/URL')}
  0x000002a5474c6d1c: 49ba f892 | 067e a502 | 0000 4c89 | 5424 0848 | c704 24ff 

  0x000002a5474c6d30: ;   {runtime_call counter_overflow Runtime1 stub}
  0x000002a5474c6d30: ffff ffe8 

  0x000002a5474c6d34: ; ImmutableOopMap {[120]=Oop [136]=Oop [128]=Oop [152]=Oop rdx=Oop }
                      ;*synchronization entry
                      ; - java.net.URL::toExternalForm@-1 (line 1039)
                      ; - java.net.URL::toString@1 (line 1025)
                      ; - java.lang.ClassLoader::defineClassSourceLocation@22 (line 917)
                      ; - java.lang.ClassLoader::defineClass@12 (line 1016)
  0x000002a5474c6d34: 4827 c10f | e909 feff 

  0x000002a5474c6d3c: ;   {runtime_call throw_null_pointer_exception Runtime1 stub}
  0x000002a5474c6d3c: ffe8 5eca 

  0x000002a5474c6d40: ; ImmutableOopMap {[120]=Oop [136]=Oop [128]=Oop [152]=Oop rdx=Oop rsi=Oop }
                      ;*invokevirtual toExternalForm {reexecute=0 rethrow=0 return_oop=0}
                      ; - java.net.URL::toExternalForm@5 (line 1039)
                      ; - java.net.URL::toString@1 (line 1025)
                      ; - java.lang.ClassLoader::defineClassSourceLocation@22 (line 917)
                      ; - java.lang.ClassLoader::defineClass@12 (line 1016)
                      ;   {internal_word}
  0x000002a5474c6d40: c00f 49ba | 9c6c 4c47 | a502 0000 | 4d89 9760 

  0x000002a5474c6d50: ;   {runtime_call SafepointBlob}
  0x000002a5474c6d50: 0300 00e9 | a80c b70f | 9090 498b | 87d8 0300 | 0049 c787 | d803 0000 | 0000 0000 | 49c7 87e0 
  0x000002a5474c6d70: 0300 0000 | 0000 0048 | 81c4 b000 

  0x000002a5474c6d7c: ;   {runtime_call unwind_exception Runtime1 stub}
  0x000002a5474c6d7c: 0000 5de9 | 7cea b70f | f4f4 f4f4 | f4f4 f4f4 | f4f4 f4f4 | f4f4 f4f4 | f4f4 f4f4 | f4f4 f4f4 
  0x000002a5474c6d9c: f4f4 f4f4 
[Stub Code]
  0x000002a5474c6da0: ;   {no_reloc}
  0x000002a5474c6da0: 0f1f 4400 

  0x000002a5474c6da4: ;   {static_stub}
  0x000002a5474c6da4: 0048 bb60 | 0e01 7ea5 

  0x000002a5474c6dac: ;   {runtime_call I2C/C2I adapters}
  0x000002a5474c6dac: 0200 00e9 | 2d6c b60f 

  0x000002a5474c6db4: ;   {static_stub}
  0x000002a5474c6db4: 9048 bb00 | 0000 0000 

  0x000002a5474c6dbc: ;   {runtime_call}
  0x000002a5474c6dbc: 0000 00e9 | fbff ffff 

  0x000002a5474c6dc4: ;   {static_stub}
  0x000002a5474c6dc4: 9048 bb00 | 0000 0000 

  0x000002a5474c6dcc: ;   {runtime_call}
  0x000002a5474c6dcc: 0000 00e9 | fbff ffff 

  0x000002a5474c6dd4: ;   {static_stub}
  0x000002a5474c6dd4: 9048 bb00 | 0000 0000 

  0x000002a5474c6ddc: ;   {runtime_call}
  0x000002a5474c6ddc: 0000 00e9 | fbff ffff 
[Exception Handler]
  0x000002a5474c6de4: ;   {runtime_call handle_exception_from_callee Runtime1 stub}
  0x000002a5474c6de4: e897 e7c0 

  0x000002a5474c6de8: ;   {external_word}
  0x000002a5474c6de8: 0f48 b900 | fa89 b5fb | 7f00 0048 

  0x000002a5474c6df4: ;   {runtime_call}
  0x000002a5474c6df4: 83e4 f049 | baf0 9752 | b5fb 7f00 | 0041 ffd2 

  0x000002a5474c6e04: ;   {section_word}
  0x000002a5474c6e04: f449 ba05 | 6e4c 47a5 | 0200 0041 

  0x000002a5474c6e10: ;   {runtime_call DeoptimizationBlob}
  0x000002a5474c6e10: 52e9 8afe | b60f f4f4 
[/MachCode]


Compiled method (c1) 13518 1039       3       java.security.SecureClassLoader::defineClass (16 bytes)
 total in heap  [0x000002a54747d390,0x000002a54747d780] = 1008
 relocation     [0x000002a54747d4f0,0x000002a54747d538] = 72
 main code      [0x000002a54747d540,0x000002a54747d680] = 320
 stub code      [0x000002a54747d680,0x000002a54747d6d8] = 88
 metadata       [0x000002a54747d6d8,0x000002a54747d6e0] = 8
 scopes data    [0x000002a54747d6e0,0x000002a54747d728] = 72
 scopes pcs     [0x000002a54747d728,0x000002a54747d778] = 80
 dependencies   [0x000002a54747d778,0x000002a54747d780] = 8

[Constant Pool (empty)]

[MachCode]
[Entry Point]
  # {method} {0x000002a57e435008} 'defineClass' '(Ljava/lang/String;[BIILjava/security/CodeSource;)Ljava/lang/Class;' in 'java/security/SecureClassLoader'
  # this:     rdx:rdx   = 'java/security/SecureClassLoader'
  # parm0:    r8:r8     = 'java/lang/String'
  # parm1:    r9:r9     = '[B'
  # parm2:    rdi       = int
  # parm3:    rsi       = int
  # parm4:    rcx:rcx   = 'java/security/CodeSource'
  #           [sp+0x80]  (sp of caller)
  0x000002a54747d540: 448b 5208 | 49bb 0000 | 007e a502 | 0000 4d03 | d34c 3bd0 

  0x000002a54747d554: ;   {runtime_call ic_miss_stub}
  0x000002a54747d554: 0f85 263b | bb0f 660f | 1f44 0000 
[Verified Entry Point]
  0x000002a54747d560: 8984 2400 | 90ff ff55 | 4883 ec70 

  0x000002a54747d56c: ;   {metadata(method data for {method} {0x000002a57e435008} 'defineClass' '(Ljava/lang/String;[BIILjava/security/CodeSource;)Ljava/lang/Class;' in 'java/security/SecureClassLoader')}
  0x000002a54747d56c: 48bb 0024 | 19bf a502 | 0000 8b83 | cc00 0000 | 83c0 0289 | 83cc 0000 | 0081 e0fe | 0700 0083 
  0x000002a54747d58c: f800 0f84 | 8b00 0000 | 8974 245c | 897c 2458 | 4c89 4c24 | 504c 8944 | 2448 488b 

  0x000002a54747d5a8: ;   {metadata(method data for {method} {0x000002a57e435008} 'defineClass' '(Ljava/lang/String;[BIILjava/security/CodeSource;)Ljava/lang/Class;' in 'java/security/SecureClassLoader')}
  0x000002a54747d5a8: da48 b800 | 2419 bfa5 | 0200 0048 | 8380 1001 | 0000 014c | 8bc1 488b | c248 8bd0 | 4889 4424 
  0x000002a54747d5c8: 4066 0f1f 

  0x000002a54747d5cc: ;   {optimized virtual_call}
  0x000002a54747d5cc: 4400 00e8 

  0x000002a54747d5d0: ; ImmutableOopMap {[80]=Oop [64]=Oop [72]=Oop }
                      ;*invokevirtual getProtectionDomain {reexecute=0 rethrow=0 return_oop=0}
                      ; - java.security.SecureClassLoader::defineClass@9 (line 150)
  0x000002a54747d5d0: cc88 0400 | 488b 5424 

  0x000002a54747d5d8: ;   {metadata(method data for {method} {0x000002a57e435008} 'defineClass' '(Ljava/lang/String;[BIILjava/security/CodeSource;)Ljava/lang/Class;' in 'java/security/SecureClassLoader')}
  0x000002a54747d5d8: 4049 b800 | 2419 bfa5 | 0200 0049 | 8380 4801 | 0000 014c | 8b44 2448 | 4c8b 4c24 | 508b 7c24 
  0x000002a54747d5f8: 588b 7424 | 5c48 8bc8 | 488b 5424 

  0x000002a54747d604: ;   {optimized virtual_call}
  0x000002a54747d604: 4066 90e8 

  0x000002a54747d608: ; ImmutableOopMap {}
                      ;*invokevirtual defineClass {reexecute=0 rethrow=0 return_oop=0}
                      ; - java.security.SecureClassLoader::defineClass@12 (line 150)
  0x000002a54747d608: 1493 0400 | 4883 c470 

  0x000002a54747d610: ;   {poll_return}
  0x000002a54747d610: 5d49 3ba7 | 4803 0000 | 0f87 2200 

  0x000002a54747d61c: ;   {metadata({method} {0x000002a57e435008} 'defineClass' '(Ljava/lang/String;[BIILjava/security/CodeSource;)Ljava/lang/Class;' in 'java/security/SecureClassLoader')}
  0x000002a54747d61c: 0000 c349 | ba00 5043 | 7ea5 0200 | 004c 8954 | 2408 48c7 | 0424 ffff 

  0x000002a54747d634: ;   {runtime_call counter_overflow Runtime1 stub}
  0x000002a54747d634: ffff e845 

  0x000002a54747d638: ; ImmutableOopMap {rdx=Oop r8=Oop r9=Oop rcx=Oop }
                      ;*synchronization entry
                      ; - java.security.SecureClassLoader::defineClass@-1 (line 150)
  0x000002a54747d638: bec5 0fe9 | 54ff ffff 

  0x000002a54747d640: ;   {internal_word}
  0x000002a54747d640: 49ba 11d6 | 4747 a502 | 0000 4d89 | 9760 0300 

  0x000002a54747d650: ;   {runtime_call SafepointBlob}
  0x000002a54747d650: 00e9 aaa3 | bb0f 9090 | 498b 87d8 | 0300 0049 | c787 d803 | 0000 0000 | 0000 49c7 | 87e0 0300 
  0x000002a54747d670: 0000 0000 | 0048 83c4 

  0x000002a54747d678: ;   {runtime_call unwind_exception Runtime1 stub}
  0x000002a54747d678: 705d e981 | 81bc 0ff4 
[Stub Code]
  0x000002a54747d680: ;   {no_reloc}
  0x000002a54747d680: 0f1f 4400 

  0x000002a54747d684: ;   {static_stub}
  0x000002a54747d684: 0048 bbb0 | 5043 7ea5 

  0x000002a54747d68c: ;   {runtime_call I2C/C2I adapters}
  0x000002a54747d68c: 0200 00e9 | c98f bb0f 

  0x000002a54747d694: ;   {static_stub}
  0x000002a54747d694: 9048 bba8 | 0c01 7ea5 

  0x000002a54747d69c: ;   {runtime_call I2C/C2I adapters}
  0x000002a54747d69c: 0200 00e9 | 47a0 ba0f 
[Exception Handler]
  0x000002a54747d6a4: ;   {runtime_call handle_exception_from_callee Runtime1 stub}
  0x000002a54747d6a4: e8d7 7ec5 

  0x000002a54747d6a8: ;   {external_word}
  0x000002a54747d6a8: 0f48 b900 | fa89 b5fb | 7f00 0048 

  0x000002a54747d6b4: ;   {runtime_call}
  0x000002a54747d6b4: 83e4 f049 | baf0 9752 | b5fb 7f00 | 0041 ffd2 

  0x000002a54747d6c4: ;   {section_word}
  0x000002a54747d6c4: f449 bac5 | d647 47a5 | 0200 0041 

  0x000002a54747d6d0: ;   {runtime_call DeoptimizationBlob}
  0x000002a54747d6d0: 52e9 ca95 | bb0f f4f4 
[/MachCode]


---------------  P R O C E S S  ---------------

Threads class SMR info:
_java_thread_list=0x000002a5c5e2aa90, length=32, elements={
0x000002a53f730380, 0x000002a57a9c60c0, 0x000002a57a9c6f40, 0x000002a57a9dc6e0,
0x000002a57a9dd2a0, 0x000002a57a9ddc60, 0x000002a57a9df630, 0x000002a57a9e0b70,
0x000002a57a9e1d10, 0x000002a57a9f0220, 0x000002a57a9efd10, 0x000002a57a9f0730,
0x000002a57a9f1b70, 0x000002a57a9f1150, 0x000002a57a9ef800, 0x000002a57a9f1660,
0x000002a57a9f2aa0, 0x000002a57a9f2080, 0x000002a57a9ef2f0, 0x000002a57a9f2590,
0x000002a5c3537300, 0x000002a5c3539670, 0x000002a5c3538740, 0x000002a5c3537810,
0x000002a5c3539160, 0x000002a5c35368e0, 0x000002a5c35363d0, 0x000002a5c3536df0,
0x000002a5c3537d20, 0x000002a5c3538230, 0x000002a5c3535ec0, 0x000002a5c5a8fd90
}

Java Threads: ( => current thread )
  0x000002a53f730380 JavaThread "main" [_thread_blocked, id=13488, stack(0x000000e8c4a00000,0x000000e8c4b00000)]
  0x000002a57a9c60c0 JavaThread "Reference Handler" daemon [_thread_blocked, id=1500, stack(0x000000e8c5100000,0x000000e8c5200000)]
  0x000002a57a9c6f40 JavaThread "Finalizer" daemon [_thread_blocked, id=18836, stack(0x000000e8c5200000,0x000000e8c5300000)]
  0x000002a57a9dc6e0 JavaThread "Signal Dispatcher" daemon [_thread_blocked, id=10664, stack(0x000000e8c5300000,0x000000e8c5400000)]
  0x000002a57a9dd2a0 JavaThread "Attach Listener" daemon [_thread_blocked, id=9296, stack(0x000000e8c5400000,0x000000e8c5500000)]
  0x000002a57a9ddc60 JavaThread "Service Thread" daemon [_thread_blocked, id=4428, stack(0x000000e8c5500000,0x000000e8c5600000)]
  0x000002a57a9df630 JavaThread "Monitor Deflation Thread" daemon [_thread_blocked, id=9072, stack(0x000000e8c5600000,0x000000e8c5700000)]
  0x000002a57a9e0b70 JavaThread "C2 CompilerThread0" daemon [_thread_in_native, id=3668, stack(0x000000e8c5700000,0x000000e8c5800000)]
  0x000002a57a9e1d10 JavaThread "C1 CompilerThread0" daemon [_thread_blocked, id=8364, stack(0x000000e8c5800000,0x000000e8c5900000)]
  0x000002a57a9f0220 JavaThread "Sweeper thread" daemon [_thread_blocked, id=17400, stack(0x000000e8c5900000,0x000000e8c5a00000)]
  0x000002a57a9efd10 JavaThread "Common-Cleaner" daemon [_thread_blocked, id=18824, stack(0x000000e8c5a00000,0x000000e8c5b00000)]
  0x000002a57a9f0730 JavaThread "Notification Thread" daemon [_thread_blocked, id=13928, stack(0x000000e8c5b00000,0x000000e8c5c00000)]
  0x000002a57a9f1b70 JavaThread "Daemon health stats" [_thread_blocked, id=1716, stack(0x000000e8c6200000,0x000000e8c6300000)]
  0x000002a57a9f1150 JavaThread "Incoming local TCP Connector on port 53117" [_thread_in_native, id=7504, stack(0x000000e8c6100000,0x000000e8c6200000)]
  0x000002a57a9ef800 JavaThread "Daemon periodic checks" [_thread_blocked, id=18608, stack(0x000000e8c6300000,0x000000e8c6400000)]
  0x000002a57a9f1660 JavaThread "Daemon" [_thread_blocked, id=2392, stack(0x000000e8c6400000,0x000000e8c6500000)]
  0x000002a57a9f2aa0 JavaThread "Handler for socket connection from /127.0.0.1:53117 to /127.0.0.1:53118" [_thread_in_native, id=2564, stack(0x000000e8c6500000,0x000000e8c6600000)]
  0x000002a57a9f2080 JavaThread "Cancel handler" [_thread_blocked, id=10440, stack(0x000000e8c6600000,0x000000e8c6700000)]
=>0x000002a57a9ef2f0 JavaThread "Daemon worker" [_thread_in_vm, id=17420, stack(0x000000e8c6700000,0x000000e8c6800000)]
  0x000002a57a9f2590 JavaThread "Asynchronous log dispatcher for DefaultDaemonConnection: socket connection from /127.0.0.1:53117 to /127.0.0.1:53118" [_thread_blocked, id=18344, stack(0x000000e8c6800000,0x000000e8c6900000)]
  0x000002a5c3537300 JavaThread "Stdin handler" [_thread_blocked, id=1672, stack(0x000000e8c6900000,0x000000e8c6a00000)]
  0x000002a5c3539670 JavaThread "Daemon client event forwarder" [_thread_blocked, id=12612, stack(0x000000e8c6a00000,0x000000e8c6b00000)]
  0x000002a5c3538740 JavaThread "Cache worker for journal cache (C:\Users\admin\.gradle\caches\journal-1)" [_thread_blocked, id=17152, stack(0x000000e8c6b00000,0x000000e8c6c00000)]
  0x000002a5c3537810 JavaThread "File lock request listener" [_thread_in_native, id=18888, stack(0x000000e8c6c00000,0x000000e8c6d00000)]
  0x000002a5c3539160 JavaThread "Cache worker for file hash cache (C:\Users\admin\.gradle\caches\9.1.0\fileHashes)" [_thread_blocked, id=17832, stack(0x000000e8c6d00000,0x000000e8c6e00000)]
  0x000002a5c35368e0 JavaThread "Cache worker for file hash cache (C:\Users\admin\Downloads\livreurs-pro\flutter\foodmood_app\android\.gradle\9.1.0\fileHashes)" [_thread_blocked, id=5176, stack(0x000000e8c7300000,0x000000e8c7400000)]
  0x000002a5c35363d0 JavaThread "Cache worker for Build Output Cleanup Cache (C:\Users\admin\Downloads\livreurs-pro\flutter\foodmood_app\android\.gradle\buildOutputCleanup)" [_thread_blocked, id=8684, stack(0x000000e8c7400000,0x000000e8c7500000)]
  0x000002a5c3536df0 JavaThread "File watcher server" daemon [_thread_in_native, id=16272, stack(0x000000e8c7500000,0x000000e8c7600000)]
  0x000002a5c3537d20 JavaThread "File watcher consumer" daemon [_thread_blocked, id=12356, stack(0x000000e8c7600000,0x000000e8c7700000)]
  0x000002a5c3538230 JavaThread "File lock release action executor" [_thread_blocked, id=17872, stack(0x000000e8c7700000,0x000000e8c7800000)]
  0x000002a5c3535ec0 JavaThread "Cache worker for checksums cache (C:\Users\admin\Downloads\livreurs-pro\flutter\foodmood_app\android\.gradle\9.1.0\checksums)" [_thread_blocked, id=18472, stack(0x000000e8c6e00000,0x000000e8c6f00000)]
  0x000002a5c5a8fd90 JavaThread "Cache worker for file content cache (C:\Users\admin\.gradle\caches\9.1.0\fileContent)" [_thread_blocked, id=15052, stack(0x000000e8c7800000,0x000000e8c7900000)]

Other Threads:
  0x000002a57a9c22b0 VMThread "VM Thread" [stack: 0x000000e8c5000000,0x000000e8c5100000] [id=17200]
  0x000002a53f731200 WatcherThread [stack: 0x000000e8c5c00000,0x000000e8c5d00000] [id=18420]
  0x000002a53f7dec40 GCTaskThread "GC Thread#0" [stack: 0x000000e8c4b00000,0x000000e8c4c00000] [id=12176]
  0x000002a57daa0300 GCTaskThread "GC Thread#1" [stack: 0x000000e8c5e00000,0x000000e8c5f00000] [id=3160]
  0x000002a57d90e590 GCTaskThread "GC Thread#2" [stack: 0x000000e8c5f00000,0x000000e8c6000000] [id=17704]
  0x000002a57d997df0 GCTaskThread "GC Thread#3" [stack: 0x000000e8c5d00000,0x000000e8c5e00000] [id=19400]
  0x000002a57d996530 GCTaskThread "GC Thread#4" [stack: 0x000000e8c6000000,0x000000e8c6100000] [id=7984]
  0x000002a57d997030 GCTaskThread "GC Thread#5" [stack: 0x000000e8c6f00000,0x000000e8c7000000] [id=17576]
  0x000002a57d996ab0 GCTaskThread "GC Thread#6" [stack: 0x000000e8c7000000,0x000000e8c7100000] [id=10652]
  0x000002a57d9972f0 GCTaskThread "GC Thread#7" [stack: 0x000000e8c7100000,0x000000e8c7200000] [id=19028]
  0x000002a57a811da0 ConcurrentGCThread "G1 Main Marker" [stack: 0x000000e8c4c00000,0x000000e8c4d00000] [id=18772]
  0x000002a57a8127c0 ConcurrentGCThread "G1 Conc#0" [stack: 0x000000e8c4d00000,0x000000e8c4e00000] [id=15020]
  0x000002a5c59ef6a0 ConcurrentGCThread "G1 Conc#1" [stack: 0x000000e8c7200000,0x000000e8c7300000] [id=8268]
  0x000002a57a87c8f0 ConcurrentGCThread "G1 Refine#0" [stack: 0x000000e8c4e00000,0x000000e8c4f00000] [id=14020]
  0x000002a57a87d320 ConcurrentGCThread "G1 Service" [stack: 0x000000e8c4f00000,0x000000e8c5000000] [id=19080]

Threads with active compile tasks:
C2 CompilerThread0  13694 3164   !   4       java.lang.reflect.Executable::declaredAnnotations (85 bytes)

VM state: not at safepoint (normal execution)

VM Mutex/Monitor currently owned by a thread:  ([mutex/lock_event])
[0x000002a53f729750] Metaspace_lock - owner thread: 0x000002a57a9ef2f0

Heap address: 0x0000000600000000, size: 8192 MB, Compressed Oops mode: Zero based, Oop shift amount: 3

CDS archive(s) mapped at: [0x000002a57e000000-0x000002a57ebb0000-0x000002a57ebb0000), size 12255232, SharedBaseAddress: 0x000002a57e000000, ArchiveRelocationMode: 1.
Compressed class space mapped at: 0x000002a57f000000-0x000002a5bf000000, reserved size: 1073741824
Narrow klass base: 0x000002a57e000000, Narrow klass shift: 0, Narrow klass range: 0x100000000

GC Precious Log:
 CPUs: 8 total, 8 available
 Memory: 8070M
 Large Page Support: Disabled
 NUMA Support: Disabled
 Compressed Oops: Enabled (Zero based)
 Heap Region Size: 4M
 Heap Min Capacity: 8M
 Heap Initial Capacity: 128M
 Heap Max Capacity: 8G
 Pre-touch: Disabled
 Parallel Workers: 8
 Concurrent Workers: 2
 Concurrent Refinement Workers: 8
 Periodic GC: Disabled

Heap:
 garbage-first heap   total 98304K, used 25757K [0x0000000600000000, 0x0000000800000000)
  region size 4096K, 3 young (12288K), 2 survivors (8192K)
 Metaspace       used 28251K, committed 28608K, reserved 1114112K
  class space    used 4021K, committed 4160K, reserved 1048576K

Heap Regions: E=young(eden), S=young(survivor), O=old, HS=humongous(starts), HC=humongous(continues), CS=collection set, F=free, OA=open archive, CA=closed archive, TAMS=top-at-mark-start (previous, next)
|   0|0x0000000600000000, 0x0000000600400000, 0x0000000600400000|100%|HS|  |TAMS 0x0000000600400000, 0x0000000600000000| Complete 
|   1|0x0000000600400000, 0x0000000600800000, 0x0000000600800000|100%| O|  |TAMS 0x0000000600800000, 0x0000000600400000| Untracked 
|   2|0x0000000600800000, 0x0000000600c00000, 0x0000000600c00000|100%| O|  |TAMS 0x0000000600af1000, 0x0000000600800000| Untracked 
|   3|0x0000000600c00000, 0x0000000600f98a00, 0x0000000601000000| 89%| O|  |TAMS 0x0000000600c00000, 0x0000000600c00000| Untracked 
|   4|0x0000000601000000, 0x0000000601400000, 0x0000000601400000|100%| O|  |TAMS 0x0000000601000000, 0x0000000601000000| Untracked 
|   5|0x0000000601400000, 0x00000006014dde00, 0x0000000601800000| 21%| O|  |TAMS 0x0000000601400000, 0x0000000601400000| Untracked 
|   6|0x0000000601800000, 0x00000006018b0c70, 0x0000000601c00000| 17%| S|CS|TAMS 0x0000000601800000, 0x0000000601800000| Complete 
|   7|0x0000000601c00000, 0x0000000602000000, 0x0000000602000000|100%| S|CS|TAMS 0x0000000601c00000, 0x0000000601c00000| Complete 
|   8|0x0000000602000000, 0x0000000602000000, 0x0000000602400000|  0%| F|  |TAMS 0x0000000602000000, 0x0000000602000000| Untracked 
|   9|0x0000000602400000, 0x0000000602400000, 0x0000000602800000|  0%| F|  |TAMS 0x0000000602400000, 0x0000000602400000| Untracked 
|  10|0x0000000602800000, 0x0000000602800000, 0x0000000602c00000|  0%| F|  |TAMS 0x0000000602800000, 0x0000000602800000| Untracked 
|  11|0x0000000602c00000, 0x0000000602c00000, 0x0000000603000000|  0%| F|  |TAMS 0x0000000602c00000, 0x0000000602c00000| Untracked 
|  12|0x0000000603000000, 0x0000000603000000, 0x0000000603400000|  0%| F|  |TAMS 0x0000000603000000, 0x0000000603000000| Untracked 
|  13|0x0000000603400000, 0x0000000603400000, 0x0000000603800000|  0%| F|  |TAMS 0x0000000603400000, 0x0000000603400000| Untracked 
|  14|0x0000000603800000, 0x0000000603800000, 0x0000000603c00000|  0%| F|  |TAMS 0x0000000603800000, 0x0000000603800000| Untracked 
|  15|0x0000000603c00000, 0x0000000603c00000, 0x0000000604000000|  0%| F|  |TAMS 0x0000000603c00000, 0x0000000603c00000| Untracked 
|  16|0x0000000604000000, 0x0000000604000000, 0x0000000604400000|  0%| F|  |TAMS 0x0000000604000000, 0x0000000604000000| Untracked 
|  17|0x0000000604400000, 0x0000000604400000, 0x0000000604800000|  0%| F|  |TAMS 0x0000000604400000, 0x0000000604400000| Untracked 
|  18|0x0000000604800000, 0x0000000604800000, 0x0000000604c00000|  0%| F|  |TAMS 0x0000000604800000, 0x0000000604800000| Untracked 
|  19|0x0000000604c00000, 0x0000000604c00000, 0x0000000605000000|  0%| F|  |TAMS 0x0000000604c00000, 0x0000000604c00000| Untracked 
|  20|0x0000000605000000, 0x0000000605000000, 0x0000000605400000|  0%| F|  |TAMS 0x0000000605000000, 0x0000000605000000| Untracked 
|  21|0x0000000605400000, 0x0000000605400000, 0x0000000605800000|  0%| F|  |TAMS 0x0000000605400000, 0x0000000605400000| Untracked 
|  22|0x0000000605800000, 0x0000000605800000, 0x0000000605c00000|  0%| F|  |TAMS 0x0000000605800000, 0x0000000605800000| Untracked 
|  31|0x0000000607c00000, 0x0000000607fd42c0, 0x0000000608000000| 95%| E|  |TAMS 0x0000000607c00000, 0x0000000607c00000| Complete 

Card table byte_map: [0x000002a568800000,0x000002a569800000] _byte_map_base: 0x000002a565800000

Marking Bits (Prev, Next): (CMBitMap*) 0x000002a57a8014b0, (CMBitMap*) 0x000002a57a801470
 Prev Bits: [0x000002a572800000, 0x000002a57a800000)
 Next Bits: [0x000002a56a800000, 0x000002a572800000)

Polling page: 0x000002a53d6a0000

Metaspace:

Usage:
  Non-class:     23.66 MB used.
      Class:      3.93 MB used.
       Both:     27.59 MB used.

Virtual space:
  Non-class space:       64.00 MB reserved,      23.88 MB ( 37%) committed,  1 nodes.
      Class space:        1.00 GB reserved,       4.06 MB ( <1%) committed,  1 nodes.
             Both:        1.06 GB reserved,      27.94 MB (  3%) committed. 

Chunk freelists:
   Non-Class:  7.30 MB
       Class:  11.92 MB
        Both:  19.22 MB

MaxMetaspaceSize: 4.00 GB
CompressedClassSpaceSize: 1.00 GB
Initial GC threshold: 21.00 MB
Current GC threshold: 35.12 MB
CDS: on
MetaspaceReclaimPolicy: balanced
 - commit_granule_bytes: 65536.
 - commit_granule_words: 8192.
 - virtual_space_node_default_size: 8388608.
 - enlarge_chunks_in_place: 1.
 - new_chunks_are_fully_committed: 0.
 - uncommit_free_chunks: 1.
 - use_allocation_guard: 0.
 - handle_deallocations: 1.


Internal statistics:

num_allocs_failed_limit: 3.
num_arena_births: 360.
num_arena_deaths: 0.
num_vsnodes_births: 2.
num_vsnodes_deaths: 0.
num_space_committed: 447.
num_space_uncommitted: 0.
num_chunks_returned_to_freelist: 3.
num_chunks_taken_from_freelist: 1441.
num_chunk_merges: 3.
num_chunk_splits: 968.
num_chunks_enlarged: 671.
num_inconsistent_stats: 0.

CodeHeap 'non-profiled nmethods': size=259264Kb used=1874Kb max_used=1874Kb free=257389Kb
 bounds [0x000002a557580000, 0x000002a5577f0000, 0x000002a5672b0000]
CodeHeap 'profiled nmethods': size=259264Kb used=6788Kb max_used=6788Kb free=252475Kb
 bounds [0x000002a5472b0000, 0x000002a547960000, 0x000002a556fe0000]
CodeHeap 'non-nmethods': size=5760Kb used=1257Kb max_used=1341Kb free=4502Kb
 bounds [0x000002a556fe0000, 0x000002a557250000, 0x000002a557580000]
 total_blobs=3827 nmethods=3259 adapters=480
 compilation: enabled
              stopped_count=0, restarted_count=0
 full_count=0

Compilation events (20 events):
Event: 13.384 Thread 0x000002a57a9e1d10 3260       3       org.objectweb.asm.MethodVisitor::visitFieldInsn (20 bytes)
Event: 13.384 Thread 0x000002a57a9e1d10 nmethod 3260 0x000002a54794cb10 code [0x000002a54794ccc0, 0x000002a54794cec8]
Event: 13.384 Thread 0x000002a57a9e1d10 3261       3       org.objectweb.asm.Label::put (83 bytes)
Event: 13.385 Thread 0x000002a57a9e1d10 nmethod 3261 0x000002a54794cf90 code [0x000002a54794d1a0, 0x000002a54794d5b8]
Event: 13.385 Thread 0x000002a57a9e1d10 3262       3       org.objectweb.asm.FieldWriter::computeFieldInfoSize (86 bytes)
Event: 13.385 Thread 0x000002a57a9e1d10 nmethod 3262 0x000002a54794d790 code [0x000002a54794d960, 0x000002a54794dc58]
Event: 13.385 Thread 0x000002a57a9e1d10 3263       3       sun.invoke.util.VerifyAccess::getClassModifiers (24 bytes)
Event: 13.386 Thread 0x000002a57a9e1d10 nmethod 3263 0x000002a54794dd90 code [0x000002a54794df60, 0x000002a54794e198]
Event: 13.392 Thread 0x000002a57a9e1d10 3264       3       org.objectweb.asm.ClassVisitor::visitField (24 bytes)
Event: 13.392 Thread 0x000002a57a9e1d10 nmethod 3264 0x000002a54794e290 code [0x000002a54794e440, 0x000002a54794e688]
Event: 13.392 Thread 0x000002a57a9e1d10 3265       3       org.gradle.model.internal.asm.MethodVisitorScope::_GETFIELD (11 bytes)
Event: 13.392 Thread 0x000002a57a9e1d10 nmethod 3265 0x000002a54794e790 code [0x000002a54794e960, 0x000002a54794ed28]
Event: 13.392 Thread 0x000002a57a9e1d10 3266       3       org.objectweb.asm.MethodWriter::visitTypeInsn (116 bytes)
Event: 13.393 Thread 0x000002a57a9e1d10 nmethod 3266 0x000002a54794ef10 code [0x000002a54794f100, 0x000002a54794f588]
Event: 13.402 Thread 0x000002a57a9e1d10 3267       3       org.gradle.model.internal.asm.MethodVisitorScope::_LDC (6 bytes)
Event: 13.402 Thread 0x000002a57a9e1d10 nmethod 3267 0x000002a54794f790 code [0x000002a54794f940, 0x000002a54794fa88]
Event: 13.402 Thread 0x000002a57a9e1d10 3269       3       org.gradle.model.internal.asm.MethodVisitorScope::_ARETURN (8 bytes)
Event: 13.402 Thread 0x000002a57a9e1d10 nmethod 3269 0x000002a54794fb10 code [0x000002a54794fcc0, 0x000002a54794ff28]
Event: 13.402 Thread 0x000002a57a9e1d10 3268       3       org.objectweb.asm.MethodVisitor::visitLdcInsn (87 bytes)
Event: 13.403 Thread 0x000002a57a9e1d10 nmethod 3268 0x000002a547950010 code [0x000002a547950240, 0x000002a547950c28]

GC Heap History (12 events):
Event: 0.973 GC heap before
{Heap before GC invocations=0 (full 0):
 garbage-first heap   total 131072K, used 20480K [0x0000000600000000, 0x0000000800000000)
  region size 4096K, 5 young (20480K), 0 survivors (0K)
 Metaspace       used 815K, committed 896K, reserved 1114112K
  class space    used 61K, committed 128K, reserved 1048576K
}
Event: 1.084 GC heap after
{Heap after GC invocations=1 (full 0):
 garbage-first heap   total 131072K, used 1365K [0x0000000600000000, 0x0000000800000000)
  region size 4096K, 1 young (4096K), 1 survivors (4096K)
 Metaspace       used 815K, committed 896K, reserved 1114112K
  class space    used 61K, committed 128K, reserved 1048576K
}
Event: 3.493 GC heap before
{Heap before GC invocations=1 (full 0):
 garbage-first heap   total 131072K, used 42325K [0x0000000600000000, 0x0000000800000000)
  region size 4096K, 10 young (40960K), 1 survivors (4096K)
 Metaspace       used 4519K, committed 4672K, reserved 1114112K
  class space    used 570K, committed 640K, reserved 1048576K
}
Event: 3.503 GC heap after
{Heap after GC invocations=2 (full 0):
 garbage-first heap   total 131072K, used 11395K [0x0000000600000000, 0x0000000800000000)
  region size 4096K, 2 young (8192K), 2 survivors (8192K)
 Metaspace       used 4519K, committed 4672K, reserved 1114112K
  class space    used 570K, committed 640K, reserved 1048576K
}
Event: 4.905 GC heap before
{Heap before GC invocations=2 (full 0):
 garbage-first heap   total 131072K, used 60547K [0x0000000600000000, 0x0000000800000000)
  region size 4096K, 14 young (57344K), 2 survivors (8192K)
 Metaspace       used 4763K, committed 4928K, reserved 1114112K
  class space    used 599K, committed 704K, reserved 1048576K
}
Event: 4.918 GC heap after
{Heap after GC invocations=3 (full 0):
 garbage-first heap   total 131072K, used 16408K [0x0000000600000000, 0x0000000800000000)
  region size 4096K, 2 young (8192K), 2 survivors (8192K)
 Metaspace       used 4763K, committed 4928K, reserved 1114112K
  class space    used 599K, committed 704K, reserved 1048576K
}
Event: 9.182 GC heap before
{Heap before GC invocations=3 (full 0):
 garbage-first heap   total 131072K, used 81944K [0x0000000600000000, 0x0000000800000000)
  region size 4096K, 18 young (73728K), 2 survivors (8192K)
 Metaspace       used 15950K, committed 16192K, reserved 1114112K
  class space    used 2210K, committed 2304K, reserved 1048576K
}
Event: 9.192 GC heap after
{Heap after GC invocations=4 (full 0):
 garbage-first heap   total 131072K, used 21277K [0x0000000600000000, 0x0000000800000000)
  region size 4096K, 3 young (12288K), 3 survivors (12288K)
 Metaspace       used 15950K, committed 16192K, reserved 1114112K
  class space    used 2210K, committed 2304K, reserved 1048576K
}
Event: 10.757 GC heap before
{Heap before GC invocations=4 (full 0):
 garbage-first heap   total 131072K, used 54045K [0x0000000600000000, 0x0000000800000000)
  region size 4096K, 13 young (53248K), 3 survivors (12288K)
 Metaspace       used 21185K, committed 21504K, reserved 1114112K
  class space    used 2957K, committed 3136K, reserved 1048576K
}
Event: 10.765 GC heap after
{Heap after GC invocations=5 (full 0):
 garbage-first heap   total 131072K, used 23218K [0x0000000600000000, 0x0000000800000000)
  region size 4096K, 2 young (8192K), 2 survivors (8192K)
 Metaspace       used 21185K, committed 21504K, reserved 1114112K
  class space    used 2957K, committed 3136K, reserved 1048576K
}
Event: 13.286 GC heap before
{Heap before GC invocations=6 (full 0):
 garbage-first heap   total 98304K, used 76466K [0x0000000600000000, 0x0000000800000000)
  region size 4096K, 16 young (65536K), 2 survivors (8192K)
 Metaspace       used 27958K, committed 28352K, reserved 1114112K
  class space    used 3977K, committed 4160K, reserved 1048576K
}
Event: 13.295 GC heap after
{Heap after GC invocations=7 (full 0):
 garbage-first heap   total 98304K, used 25757K [0x0000000600000000, 0x0000000800000000)
  region size 4096K, 2 young (8192K), 2 survivors (8192K)
 Metaspace       used 27958K, committed 28352K, reserved 1114112K
  class space    used 3977K, committed 4160K, reserved 1048576K
}

Dll operation events (15 events):
Event: 0.026 Loaded shared library C:\Program Files\Eclipse Adoptium\jdk-17.0.19.10-hotspot\bin\java.dll
Event: 0.061 Loaded shared library C:\Program Files\Eclipse Adoptium\jdk-17.0.19.10-hotspot\bin\jsvml.dll
Event: 0.177 Loaded shared library C:\Program Files\Eclipse Adoptium\jdk-17.0.19.10-hotspot\bin\zip.dll
Event: 0.181 Loaded shared library C:\Program Files\Eclipse Adoptium\jdk-17.0.19.10-hotspot\bin\instrument.dll
Event: 0.193 Loaded shared library C:\Program Files\Eclipse Adoptium\jdk-17.0.19.10-hotspot\bin\net.dll
Event: 0.197 Loaded shared library C:\Program Files\Eclipse Adoptium\jdk-17.0.19.10-hotspot\bin\nio.dll
Event: 0.203 Loaded shared library C:\Program Files\Eclipse Adoptium\jdk-17.0.19.10-hotspot\bin\zip.dll
Event: 1.108 Loaded shared library C:\Program Files\Eclipse Adoptium\jdk-17.0.19.10-hotspot\bin\jimage.dll
Event: 1.822 Loaded shared library C:\Program Files\Eclipse Adoptium\jdk-17.0.19.10-hotspot\bin\verify.dll
Event: 1.959 Loaded shared library C:\Users\admin\.gradle\native\1def1411415f61bf3af743bc5b6707747c0891f09f0c88961ee8f79bc544acac\windows-amd64\native-platform.dll
Event: 2.015 Loaded shared library C:\Users\admin\.gradle\native\0.2.8\x86_64-windows-gnu\gradle-fileevents.dll
Event: 5.418 Loaded shared library C:\Program Files\Eclipse Adoptium\jdk-17.0.19.10-hotspot\bin\management.dll
Event: 5.424 Loaded shared library C:\Program Files\Eclipse Adoptium\jdk-17.0.19.10-hotspot\bin\management_ext.dll
Event: 6.595 Loaded shared library C:\Program Files\Eclipse Adoptium\jdk-17.0.19.10-hotspot\bin\extnet.dll
Event: 7.171 Loaded shared library C:\Program Files\Eclipse Adoptium\jdk-17.0.19.10-hotspot\bin\sunmscapi.dll

Deoptimization events (20 events):
Event: 11.243 Thread 0x000002a57a9ef2f0 DEOPT PACKING pc=0x000002a5576a92d4 sp=0x000000e8c67f9ca0
Event: 11.243 Thread 0x000002a57a9ef2f0 DEOPT UNPACKING pc=0x000002a5570369a3 sp=0x000000e8c67f9c58 mode 2
Event: 11.763 Thread 0x000002a57a9ef2f0 Uncommon trap: trap_request=0xffffff76 fr.pc=0x000002a5576f7dc4 relative=0x0000000000000184
Event: 11.763 Thread 0x000002a57a9ef2f0 Uncommon trap: reason=predicate action=maybe_recompile pc=0x000002a5576f7dc4 method=com.google.common.base.CharMatcher.indexIn(Ljava/lang/CharSequence;I)I @ 19 c2
Event: 11.763 Thread 0x000002a57a9ef2f0 DEOPT PACKING pc=0x000002a5576f7dc4 sp=0x000000e8c67fa840
Event: 11.763 Thread 0x000002a57a9ef2f0 DEOPT UNPACKING pc=0x000002a5570369a3 sp=0x000000e8c67fa7d0 mode 2
Event: 12.174 Thread 0x000002a57a9ef2f0 DEOPT PACKING pc=0x000002a5476736b3 sp=0x000000e8c67f6ea0
Event: 12.174 Thread 0x000002a57a9ef2f0 DEOPT UNPACKING pc=0x000002a557037143 sp=0x000000e8c67f63c0 mode 0
Event: 12.174 Thread 0x000002a57a9ef2f0 Uncommon trap: trap_request=0xffffff45 fr.pc=0x000002a5575c3004 relative=0x0000000000000064
Event: 12.174 Thread 0x000002a57a9ef2f0 Uncommon trap: reason=unstable_if action=reinterpret pc=0x000002a5575c3004 method=java.io.WinNTFileSystem.isSlash(C)Z @ 9 c2
Event: 12.174 Thread 0x000002a57a9ef2f0 DEOPT PACKING pc=0x000002a5575c3004 sp=0x000000e8c67f6ec0
Event: 12.174 Thread 0x000002a57a9ef2f0 DEOPT UNPACKING pc=0x000002a5570369a3 sp=0x000000e8c67f6e48 mode 2
Event: 12.729 Thread 0x000002a57a9ef2f0 Uncommon trap: trap_request=0xffffffde fr.pc=0x000002a55758c1d8 relative=0x00000000000001b8
Event: 12.729 Thread 0x000002a57a9ef2f0 Uncommon trap: reason=class_check action=maybe_recompile pc=0x000002a55758c1d8 method=java.lang.String.equals(Ljava/lang/Object;)Z @ 8 c2
Event: 12.729 Thread 0x000002a57a9ef2f0 DEOPT PACKING pc=0x000002a55758c1d8 sp=0x000000e8c67f9730
Event: 12.729 Thread 0x000002a57a9ef2f0 DEOPT UNPACKING pc=0x000002a5570369a3 sp=0x000000e8c67f96d8 mode 2
Event: 13.012 Thread 0x000002a57a9ef2f0 Uncommon trap: trap_request=0xffffff45 fr.pc=0x000002a5575e215c relative=0x000000000000061c
Event: 13.012 Thread 0x000002a57a9ef2f0 Uncommon trap: reason=unstable_if action=reinterpret pc=0x000002a5575e215c method=java.util.HashMap.hash(Ljava/lang/Object;)I @ 1 c2
Event: 13.012 Thread 0x000002a57a9ef2f0 DEOPT PACKING pc=0x000002a5575e215c sp=0x000000e8c67f88b0
Event: 13.012 Thread 0x000002a57a9ef2f0 DEOPT UNPACKING pc=0x000002a5570369a3 sp=0x000000e8c67f8758 mode 2

Classes loaded (20 events):
Event: 11.751 Loading class java/util/concurrent/CancellationException
Event: 11.751 Loading class java/util/concurrent/CancellationException done
Event: 11.833 Loading class java/util/concurrent/locks/AbstractQueuedSynchronizer$SharedNode
Event: 11.833 Loading class java/util/concurrent/locks/AbstractQueuedSynchronizer$SharedNode done
Event: 11.845 Loading class java/io/InterruptedIOException
Event: 11.845 Loading class java/io/InterruptedIOException done
Event: 11.860 Loading class java/util/ArrayDeque$DeqSpliterator
Event: 11.860 Loading class java/util/ArrayDeque$DeqSpliterator done
Event: 12.941 Loading class java/lang/invoke/SerializedLambda
Event: 12.942 Loading class java/lang/invoke/SerializedLambda done
Event: 13.006 Loading class java/lang/reflect/AnnotatedType
Event: 13.006 Loading class java/lang/reflect/AnnotatedType done
Event: 13.026 Loading class sun/reflect/generics/tree/IntSignature
Event: 13.026 Loading class sun/reflect/generics/tree/IntSignature done
Event: 13.026 Loading class sun/reflect/generics/tree/ArrayTypeSignature
Event: 13.026 Loading class sun/reflect/generics/tree/ArrayTypeSignature done
Event: 13.051 Loading class java/lang/SafeVarargs
Event: 13.052 Loading class java/lang/SafeVarargs done
Event: 13.274 Loading class jdk/internal/reflect/UnsafeStaticIntegerFieldAccessorImpl
Event: 13.274 Loading class jdk/internal/reflect/UnsafeStaticIntegerFieldAccessorImpl done

Classes unloaded (0 events):
No events

Classes redefined (0 events):
No events

Internal exceptions (20 events):
Event: 11.285 Thread 0x000002a57a9ef2f0 Exception <a 'java/lang/NoSuchMethodError'{0x000000060480d7e0}: 'java.lang.Object java.lang.invoke.DirectMethodHandle$Holder.invokeStatic(java.lang.Object, java.lang.Object, java.lang.Object, java.lang.Object, java.lang.Object, java.lang.Object, java.lang.Object, java.lang.Object, java.lang.Object, java.lang.Object, java.lang.Object, java.lang.Object, java.lang.Object, java.lang.Object, java.lang.Object, java.lang.Object, java.lang.Object, java.lang.Object, java.lang.Object, java.lang.Object, java.lang.Obj
Event: 11.290 Thread 0x000002a57a9ef2f0 Exception <a 'java/lang/NoSuchMethodError'{0x000000060483e440}: 'java.lang.Object java.lang.invoke.DirectMethodHandle$Holder.invokeStatic(java.lang.Object, java.lang.Object, java.lang.Object, java.lang.Object, java.lang.Object, java.lang.Object, java.lang.Object, java.lang.Object, java.lang.Object, java.lang.Object, java.lang.Object, java.lang.Object, java.lang.Object, java.lang.Object, java.lang.Object, java.lang.Object, java.lang.Object, java.lang.Object, java.lang.Object, java.lang.Object, java.lang.Obj
Event: 11.295 Thread 0x000002a57a9ef2f0 Exception <a 'java/lang/NoSuchMethodError'{0x000000060486ff60}: 'java.lang.Object java.lang.invoke.DirectMethodHandle$Holder.invokeStatic(java.lang.Object, java.lang.Object, java.lang.Object, java.lang.Object, java.lang.Object, java.lang.Object, java.lang.Object, java.lang.Object, java.lang.Object, java.lang.Object, java.lang.Object, java.lang.Object, java.lang.Object, java.lang.Object, java.lang.Object, java.lang.Object, java.lang.Object, java.lang.Object, java.lang.Object, java.lang.Object, java.lang.Obj
Event: 11.346 Thread 0x000002a57a9ef2f0 Exception <a 'java/lang/NoSuchMethodError'{0x0000000604a22700}: 'java.lang.Object java.lang.invoke.DirectMethodHandle$Holder.invokeStaticInit(java.lang.Object, java.lang.Object, java.lang.Object, java.lang.Object)'> (0x0000000604a22700) 
thrown [s\src\hotspot\share\interpreter\linkResolver.cpp, line 759]
Event: 11.501 Thread 0x000002a57a9ef2f0 Exception <a 'java/lang/NoSuchMethodError'{0x0000000604605ce0}: 'void java.lang.invoke.DirectMethodHandle$Holder.invokeStaticInit(java.lang.Object, java.lang.Object)'> (0x0000000604605ce0) 
thrown [s\src\hotspot\share\interpreter\linkResolver.cpp, line 759]
Event: 11.852 Thread 0x000002a57a9ef2f0 Exception <a 'java/lang/NoSuchMethodError'{0x0000000603c9a8a0}: 'int java.lang.invoke.DirectMethodHandle$Holder.invokeVirtual(java.lang.Object, java.lang.Object)'> (0x0000000603c9a8a0) 
thrown [s\src\hotspot\share\interpreter\linkResolver.cpp, line 759]
Event: 11.872 Thread 0x000002a5c3539670 Exception <a 'java/lang/NoSuchMethodError'{0x0000000607c08fc8}: static Lorg/gradle/internal/build/event/types/DefaultOperationFinishedProgressEvent;.<clinit>()V> (0x0000000607c08fc8) 
thrown [s\src\hotspot\share\prims\jni.cpp, line 1112]
Event: 11.878 Thread 0x000002a5c3539670 Exception <a 'java/lang/NoSuchMethodError'{0x0000000607c21010}: static Lorg/gradle/internal/build/event/types/DefaultSuccessResult;.<clinit>()V> (0x0000000607c21010) 
thrown [s\src\hotspot\share\prims\jni.cpp, line 1112]
Event: 11.878 Thread 0x000002a5c3539670 Exception <a 'java/lang/NoSuchMethodError'{0x0000000607c21db0}: static Lorg/gradle/internal/build/event/types/AbstractOperationResult;.<clinit>()V> (0x0000000607c21db0) 
thrown [s\src\hotspot\share\prims\jni.cpp, line 1112]
Event: 11.879 Thread 0x000002a5c3539670 Exception <a 'java/lang/NoSuchMethodError'{0x0000000607c22e20}: static Lorg/gradle/internal/build/event/types/AbstractResult;.<clinit>()V> (0x0000000607c22e20) 
thrown [s\src\hotspot\share\prims\jni.cpp, line 1112]
Event: 11.901 Thread 0x000002a57a9ef2f0 Exception <a 'java/lang/NoSuchMethodError'{0x0000000603debc78}: 'java.lang.Object java.lang.invoke.DirectMethodHandle$Holder.newInvokeSpecial(java.lang.Object, java.lang.Object, java.lang.Object, int)'> (0x0000000603debc78) 
thrown [s\src\hotspot\share\interpreter\linkResolver.cpp, line 759]
Event: 11.902 Thread 0x000002a57a9ef2f0 Exception <a 'java/lang/NoSuchMethodError'{0x0000000603df0300}: 'java.lang.Object java.lang.invoke.DirectMethodHandle$Holder.invokeSpecial(java.lang.Object, java.lang.Object, java.lang.Object, java.lang.Object, int)'> (0x0000000603df0300) 
thrown [s\src\hotspot\share\interpreter\linkResolver.cpp, line 759]
Event: 11.902 Thread 0x000002a57a9ef2f0 Exception <a 'java/lang/NoSuchMethodError'{0x0000000603df4170}: 'java.lang.Object java.lang.invoke.Invokers$Holder.linkToTargetMethod(java.lang.Object, java.lang.Object, int, java.lang.Object)'> (0x0000000603df4170) 
thrown [s\src\hotspot\share\interpreter\linkResolver.cpp, line 759]
Event: 11.920 Thread 0x000002a57a9ef2f0 Exception <a 'java/lang/NoSuchMethodError'{0x0000000603e37060}: 'java.lang.Object java.lang.invoke.DirectMethodHandle$Holder.invokeStatic(java.lang.Object, java.lang.Object, int, java.lang.Object)'> (0x0000000603e37060) 
thrown [s\src\hotspot\share\interpreter\linkResolver.cpp, line 759]
Event: 12.634 Thread 0x000002a57a9ef2f0 Exception <a 'java/lang/NoSuchMethodError'{0x0000000602d988f0}: 'java.lang.Object java.lang.invoke.DirectMethodHandle$Holder.invokeStaticInit(java.lang.Object, java.lang.Object, java.lang.Object)'> (0x0000000602d988f0) 
thrown [s\src\hotspot\share\interpreter\linkResolver.cpp, line 759]
Event: 12.826 Thread 0x000002a57a9ef2f0 Exception <a 'java/lang/NoSuchMethodError'{0x0000000602fca890}: 'java.lang.Object java.lang.invoke.DirectMethodHandle$Holder.invokeSpecialIFC(java.lang.Object, java.lang.Object, java.lang.Object, java.lang.Object)'> (0x0000000602fca890) 
thrown [s\src\hotspot\share\interpreter\linkResolver.cpp, line 759]
Event: 12.837 Thread 0x000002a57a9ef2f0 Exception <a 'java/lang/NoSuchMethodError'{0x0000000602857a90}: 'java.lang.Object java.lang.invoke.DirectMethodHandle$Holder.newInvokeSpecial(java.lang.Object, java.lang.Object, java.lang.Object, java.lang.Object, java.lang.Object, java.lang.Object, java.lang.Object, java.lang.Object, java.lang.Object, java.lang.Object)'> (0x0000000602857a90) 
thrown [s\src\hotspot\share\interpreter\linkResolver.cpp, line 759]
Event: 12.838 Thread 0x000002a57a9ef2f0 Exception <a 'java/lang/NoSuchMethodError'{0x000000060285c978}: 'java.lang.Object java.lang.invoke.Invokers$Holder.linkToTargetMethod(java.lang.Object, java.lang.Object, java.lang.Object, java.lang.Object, java.lang.Object, java.lang.Object, java.lang.Object, java.lang.Object, java.lang.Object, java.lang.Object)'> (0x000000060285c978) 
thrown [s\src\hotspot\share\interpreter\linkResolver.cpp, line 759]
Event: 13.012 Thread 0x000002a57a9ef2f0 Implicit null exception at 0x000002a5575e1b90 to 0x000002a5575e213c
Event: 13.261 Thread 0x000002a57a9ef2f0 Exception <a 'java/lang/NoSuchMethodError'{0x000000060234c108}: 'java.lang.Object java.lang.invoke.DirectMethodHandle$Holder.newInvokeSpecial(java.lang.Object, java.lang.Object, int, int)'> (0x000000060234c108) 
thrown [s\src\hotspot\share\interpreter\linkResolver.cpp, line 759]

VM Operations (20 events):
Event: 10.207 Executing VM operation: Cleanup
Event: 10.207 Executing VM operation: Cleanup done
Event: 10.757 Executing VM operation: CollectForMetadataAllocation
Event: 10.765 Executing VM operation: CollectForMetadataAllocation done
Event: 10.782 Executing VM operation: G1PauseRemark
Event: 10.795 Executing VM operation: G1PauseRemark done
Event: 10.795 Executing VM operation: G1PauseCleanup
Event: 10.800 Executing VM operation: G1PauseCleanup done
Event: 11.811 Executing VM operation: Cleanup
Event: 11.812 Executing VM operation: Cleanup done
Event: 12.454 Executing VM operation: HandshakeAllThreads
Event: 12.454 Executing VM operation: HandshakeAllThreads done
Event: 12.673 Executing VM operation: HandshakeAllThreads
Event: 12.673 Executing VM operation: HandshakeAllThreads done
Event: 13.017 Executing VM operation: HandshakeAllThreads
Event: 13.017 Executing VM operation: HandshakeAllThreads done
Event: 13.017 Executing VM operation: Cleanup
Event: 13.017 Executing VM operation: Cleanup done
Event: 13.286 Executing VM operation: G1CollectForAllocation
Event: 13.295 Executing VM operation: G1CollectForAllocation done

Memory protections (0 events):
No events

Nmethod flushes (0 events):
No events

Events (20 events):
Event: 7.214 Thread 0x000002a57a9f1660 Thread added: 0x000002a57a9f2aa0
Event: 7.327 Thread 0x000002a57a9f1660 Thread added: 0x000002a57a9f2080
Event: 7.341 Thread 0x000002a57a9f1660 Thread added: 0x000002a57a9ef2f0
Event: 7.361 Thread 0x000002a57a9ef2f0 Thread added: 0x000002a57a9f2590
Event: 7.368 Thread 0x000002a57a9ef2f0 Thread added: 0x000002a5c3537300
Event: 7.428 Thread 0x000002a57a9ef2f0 Thread added: 0x000002a5c3539670
Event: 8.738 Thread 0x000002a57a9ef2f0 Thread added: 0x000002a5c3538740
Event: 8.752 Thread 0x000002a57a9ef2f0 Thread added: 0x000002a5c3537810
Event: 8.909 Thread 0x000002a57a9ef2f0 Thread added: 0x000002a5c3539160
Event: 8.937 Thread 0x000002a57a9e1d10 Thread added: 0x000002a57dc36e80
Event: 9.518 Thread 0x000002a57dc36e80 Thread exited: 0x000002a57dc36e80
Event: 9.681 Thread 0x000002a57a9e1d10 Thread added: 0x000002a5c46346d0
Event: 11.192 Thread 0x000002a57a9ef2f0 Thread added: 0x000002a5c35368e0
Event: 11.214 Thread 0x000002a57a9ef2f0 Thread added: 0x000002a5c35363d0
Event: 11.833 Thread 0x000002a57a9ef2f0 Thread added: 0x000002a5c3536df0
Event: 11.850 Thread 0x000002a57a9ef2f0 Thread added: 0x000002a5c3537d20
Event: 11.985 Thread 0x000002a5c3537810 Thread added: 0x000002a5c3538230
Event: 12.580 Thread 0x000002a5c46346d0 Thread exited: 0x000002a5c46346d0
Event: 12.751 Thread 0x000002a57a9ef2f0 Thread added: 0x000002a5c3535ec0
Event: 12.910 Thread 0x000002a57a9ef2f0 Thread added: 0x000002a5c5a8fd90


Dynamic libraries:
0x00007ff7f7450000 - 0x00007ff7f745e000 	C:\Program Files\Eclipse Adoptium\jdk-17.0.19.10-hotspot\bin\java.exe
0x00007ffbf7510000 - 0x00007ffbf7727000 	C:\WINDOWS\SYSTEM32\ntdll.dll
0x00007ffbf6790000 - 0x00007ffbf6854000 	C:\WINDOWS\System32\KERNEL32.DLL
0x00007ffbf47e0000 - 0x00007ffbf4bb2000 	C:\WINDOWS\System32\KERNELBASE.dll
0x00007ffbf46c0000 - 0x00007ffbf47d1000 	C:\WINDOWS\System32\ucrtbase.dll
0x00007ffbebaa0000 - 0x00007ffbebabe000 	C:\Program Files\Eclipse Adoptium\jdk-17.0.19.10-hotspot\bin\VCRUNTIME140.dll
0x00007ffbeba30000 - 0x00007ffbeba48000 	C:\Program Files\Eclipse Adoptium\jdk-17.0.19.10-hotspot\bin\jli.dll
0x00007ffbf52b0000 - 0x00007ffbf5461000 	C:\WINDOWS\System32\USER32.dll
0x00007ffbf4bc0000 - 0x00007ffbf4be6000 	C:\WINDOWS\System32\win32u.dll
0x00007ffbf74a0000 - 0x00007ffbf74c9000 	C:\WINDOWS\System32\GDI32.dll
0x00007ffbdee30000 - 0x00007ffbdf0cb000 	C:\WINDOWS\WinSxS\amd64_microsoft.windows.common-controls_6595b64144ccf1df_6.0.22621.5547_none_27104afb73855772\COMCTL32.dll
0x00007ffbf4bf0000 - 0x00007ffbf4d13000 	C:\WINDOWS\System32\gdi32full.dll
0x00007ffbf4d20000 - 0x00007ffbf4dba000 	C:\WINDOWS\System32\msvcp_win.dll
0x00007ffbf7130000 - 0x00007ffbf71d7000 	C:\WINDOWS\System32\msvcrt.dll
0x00007ffbf6560000 - 0x00007ffbf6591000 	C:\WINDOWS\System32\IMM32.DLL
0x00007ffbebb60000 - 0x00007ffbebb6c000 	C:\Program Files\Eclipse Adoptium\jdk-17.0.19.10-hotspot\bin\vcruntime140_1.dll
0x00007ffbe9260000 - 0x00007ffbe92ed000 	C:\Program Files\Eclipse Adoptium\jdk-17.0.19.10-hotspot\bin\msvcp140.dll
0x00007ffbb4f70000 - 0x00007ffbb5bdc000 	C:\Program Files\Eclipse Adoptium\jdk-17.0.19.10-hotspot\bin\server\jvm.dll
0x00007ffbf7010000 - 0x00007ffbf70c1000 	C:\WINDOWS\System32\ADVAPI32.dll
0x00007ffbf5c00000 - 0x00007ffbf5ca8000 	C:\WINDOWS\System32\sechost.dll
0x00007ffbf5170000 - 0x00007ffbf5198000 	C:\WINDOWS\System32\bcrypt.dll
0x00007ffbf65c0000 - 0x00007ffbf66d4000 	C:\WINDOWS\System32\RPCRT4.dll
0x00007ffbf5230000 - 0x00007ffbf52a1000 	C:\WINDOWS\System32\WS2_32.dll
0x00007ffbf44d0000 - 0x00007ffbf451d000 	C:\WINDOWS\SYSTEM32\POWRPROF.dll
0x00007ffbea780000 - 0x00007ffbea7b4000 	C:\WINDOWS\SYSTEM32\WINMM.dll
0x00007ffbe2020000 - 0x00007ffbe202a000 	C:\WINDOWS\SYSTEM32\VERSION.dll
0x00007ffbf44b0000 - 0x00007ffbf44c3000 	C:\WINDOWS\SYSTEM32\UMPDC.dll
0x00007ffbf35f0000 - 0x00007ffbf3608000 	C:\WINDOWS\SYSTEM32\kernel.appcore.dll
0x00007ffbeba90000 - 0x00007ffbeba9a000 	C:\Program Files\Eclipse Adoptium\jdk-17.0.19.10-hotspot\bin\jimage.dll
0x00007ffbeefa0000 - 0x00007ffbef1d3000 	C:\WINDOWS\SYSTEM32\DBGHELP.DLL
0x00007ffbf6860000 - 0x00007ffbf6bf3000 	C:\WINDOWS\System32\combase.dll
0x00007ffbf6c00000 - 0x00007ffbf6cd7000 	C:\WINDOWS\System32\OLEAUT32.dll
0x00007ffbde5e0000 - 0x00007ffbde612000 	C:\WINDOWS\SYSTEM32\dbgcore.DLL
0x00007ffbf4dc0000 - 0x00007ffbf4e3b000 	C:\WINDOWS\System32\bcryptPrimitives.dll
0x00007ffbea7c0000 - 0x00007ffbea7ce000 	C:\Program Files\Eclipse Adoptium\jdk-17.0.19.10-hotspot\bin\instrument.dll
0x00007ffbe9420000 - 0x00007ffbe9445000 	C:\Program Files\Eclipse Adoptium\jdk-17.0.19.10-hotspot\bin\java.dll
0x00007ffbd3160000 - 0x00007ffbd3237000 	C:\Program Files\Eclipse Adoptium\jdk-17.0.19.10-hotspot\bin\jsvml.dll
0x00007ffbf5cb0000 - 0x00007ffbf6552000 	C:\WINDOWS\System32\SHELL32.dll
0x00007ffbf4fb0000 - 0x00007ffbf50ef000 	C:\WINDOWS\System32\wintypes.dll
0x00007ffbf24e0000 - 0x00007ffbf2dfd000 	C:\WINDOWS\SYSTEM32\windows.storage.dll
0x00007ffbf7310000 - 0x00007ffbf741c000 	C:\WINDOWS\System32\SHCORE.dll
0x00007ffbf54d0000 - 0x00007ffbf5539000 	C:\WINDOWS\System32\shlwapi.dll
0x00007ffbf4530000 - 0x00007ffbf455b000 	C:\WINDOWS\SYSTEM32\profapi.dll
0x00007ffbe9240000 - 0x00007ffbe9258000 	C:\Program Files\Eclipse Adoptium\jdk-17.0.19.10-hotspot\bin\zip.dll
0x00007ffbd8530000 - 0x00007ffbd854a000 	C:\Program Files\Eclipse Adoptium\jdk-17.0.19.10-hotspot\bin\net.dll
0x00007ffbe9e80000 - 0x00007ffbe9fac000 	C:\WINDOWS\SYSTEM32\WINHTTP.dll
0x00007ffbf3a60000 - 0x00007ffbf3ac9000 	C:\WINDOWS\system32\mswsock.dll
0x00007ffbd2ff0000 - 0x00007ffbd3006000 	C:\Program Files\Eclipse Adoptium\jdk-17.0.19.10-hotspot\bin\nio.dll
0x00007ffbe9230000 - 0x00007ffbe9240000 	C:\Program Files\Eclipse Adoptium\jdk-17.0.19.10-hotspot\bin\verify.dll
0x00007ffbdf560000 - 0x00007ffbdf587000 	C:\Users\admin\.gradle\native\1def1411415f61bf3af743bc5b6707747c0891f09f0c88961ee8f79bc544acac\windows-amd64\native-platform.dll
0x00007ffbd2a50000 - 0x00007ffbd2ac7000 	C:\Users\admin\.gradle\native\0.2.8\x86_64-windows-gnu\gradle-fileevents.dll
0x00007ffbe9220000 - 0x00007ffbe922a000 	C:\Program Files\Eclipse Adoptium\jdk-17.0.19.10-hotspot\bin\management.dll
0x00007ffbe9210000 - 0x00007ffbe921c000 	C:\Program Files\Eclipse Adoptium\jdk-17.0.19.10-hotspot\bin\management_ext.dll
0x00007ffbf55d0000 - 0x00007ffbf55d8000 	C:\WINDOWS\System32\PSAPI.DLL
0x00007ffbf3060000 - 0x00007ffbf308d000 	C:\WINDOWS\SYSTEM32\IPHLPAPI.DLL
0x00007ffbf65b0000 - 0x00007ffbf65b9000 	C:\WINDOWS\System32\NSI.dll
0x00007ffbea560000 - 0x00007ffbea579000 	C:\WINDOWS\SYSTEM32\dhcpcsvc6.DLL
0x00007ffbea540000 - 0x00007ffbea55f000 	C:\WINDOWS\SYSTEM32\dhcpcsvc.DLL
0x00007ffbf30d0000 - 0x00007ffbf31c8000 	C:\WINDOWS\SYSTEM32\DNSAPI.dll
0x00007ffbe9200000 - 0x00007ffbe9209000 	C:\Program Files\Eclipse Adoptium\jdk-17.0.19.10-hotspot\bin\extnet.dll
0x00007ffbf3db0000 - 0x00007ffbf3dcb000 	C:\WINDOWS\SYSTEM32\CRYPTSP.dll
0x00007ffbf3550000 - 0x00007ffbf3587000 	C:\WINDOWS\system32\rsaenh.dll
0x00007ffbf3b00000 - 0x00007ffbf3b28000 	C:\WINDOWS\SYSTEM32\USERENV.dll
0x00007ffbf3d90000 - 0x00007ffbf3d9c000 	C:\WINDOWS\SYSTEM32\CRYPTBASE.dll
0x00007ffbe91f0000 - 0x00007ffbe91fe000 	C:\Program Files\Eclipse Adoptium\jdk-17.0.19.10-hotspot\bin\sunmscapi.dll
0x00007ffbf4e40000 - 0x00007ffbf4fa7000 	C:\WINDOWS\System32\CRYPT32.dll
0x00007ffbf3ec0000 - 0x00007ffbf3eed000 	C:\WINDOWS\SYSTEM32\ncrypt.dll
0x00007ffbf3e80000 - 0x00007ffbf3eb7000 	C:\WINDOWS\SYSTEM32\NTASN1.dll
0x00007ffbec890000 - 0x00007ffbec898000 	C:\WINDOWS\system32\wshunix.dll

dbghelp: loaded successfully - version: 4.0.5 - missing functions: none
symbol engine: initialized successfully - sym options: 0x614 - pdb path: .;C:\Program Files\Eclipse Adoptium\jdk-17.0.19.10-hotspot\bin;C:\WINDOWS\SYSTEM32;C:\WINDOWS\WinSxS\amd64_microsoft.windows.common-controls_6595b64144ccf1df_6.0.22621.5547_none_27104afb73855772;C:\Program Files\Eclipse Adoptium\jdk-17.0.19.10-hotspot\bin\server;C:\Users\admin\.gradle\native\1def1411415f61bf3af743bc5b6707747c0891f09f0c88961ee8f79bc544acac\windows-amd64;C:\Users\admin\.gradle\native\0.2.8\x86_64-windows-gnu

VM Arguments:
jvm_args: --add-opens=java.base/java.lang=ALL-UNNAMED --add-opens=java.base/java.lang.invoke=ALL-UNNAMED --add-opens=java.base/java.util=ALL-UNNAMED --add-opens=java.prefs/java.util.prefs=ALL-UNNAMED --add-exports=jdk.compiler/com.sun.tools.javac.api=ALL-UNNAMED --add-exports=jdk.compiler/com.sun.tools.javac.util=ALL-UNNAMED --add-opens=java.base/java.util=ALL-UNNAMED --add-opens=java.prefs/java.util.prefs=ALL-UNNAMED --add-opens=java.base/java.nio.charset=ALL-UNNAMED --add-opens=java.base/java.net=ALL-UNNAMED --add-opens=java.base/java.util.concurrent=ALL-UNNAMED --add-opens=java.base/java.util.concurrent.atomic=ALL-UNNAMED --add-opens=java.xml/javax.xml.namespace=ALL-UNNAMED --add-opens=java.base/java.time=ALL-UNNAMED -XX:MaxMetaspaceSize=4G -XX:ReservedCodeCacheSize=512m -XX:+HeapDumpOnOutOfMemoryError -Xmx8G -Dfile.encoding=UTF-8 -Duser.country=FR -Duser.language=fr -Duser.variant -javaagent:C:\Users\admin\.gradle\wrapper\dists\gradle-9.1.0-all\7wzd0jkjit61aq2p43wpjgij9\gradle-9.1.0\lib\agents\gradle-instrumentation-agent-9.1.0.jar 
java_command: org.gradle.launcher.daemon.bootstrap.GradleDaemon 9.1.0
java_class_path (initial): C:\Users\admin\.gradle\wrapper\dists\gradle-9.1.0-all\7wzd0jkjit61aq2p43wpjgij9\gradle-9.1.0\lib\gradle-daemon-main-9.1.0.jar
Launcher Type: SUN_STANDARD

[Global flags]
     intx CICompilerCount                          = 4                                         {product} {ergonomic}
     uint ConcGCThreads                            = 2                                         {product} {ergonomic}
     uint G1ConcRefinementThreads                  = 8                                         {product} {ergonomic}
   size_t G1HeapRegionSize                         = 4194304                                   {product} {ergonomic}
    uintx GCDrainStackTargetSize                   = 64                                        {product} {ergonomic}
     bool HeapDumpOnOutOfMemoryError               = true                                   {manageable} {command line}
   size_t InitialHeapSize                          = 134217728                                 {product} {ergonomic}
   size_t MarkStackSize                            = 4194304                                   {product} {ergonomic}
   size_t MaxHeapSize                              = 8589934592                                {product} {command line}
   size_t MaxMetaspaceSize                         = 4294967296                                {product} {command line}
   size_t MaxNewSize                               = 5150605312                                {product} {ergonomic}
   size_t MinHeapDeltaBytes                        = 4194304                                   {product} {ergonomic}
   size_t MinHeapSize                              = 8388608                                   {product} {ergonomic}
    uintx NonNMethodCodeHeapSize                   = 5839372                                {pd product} {ergonomic}
    uintx NonProfiledCodeHeapSize                  = 265515770                              {pd product} {ergonomic}
    uintx ProfiledCodeHeapSize                     = 265515770                              {pd product} {ergonomic}
    uintx ReservedCodeCacheSize                    = 536870912                              {pd product} {command line}
     bool SegmentedCodeCache                       = true                                      {product} {ergonomic}
   size_t SoftMaxHeapSize                          = 8589934592                             {manageable} {ergonomic}
   double SweeperThreshold                         = 0.234375                                  {product} {ergonomic}
     bool UseCompressedClassPointers               = true                           {product lp64_product} {ergonomic}
     bool UseCompressedOops                        = true                           {product lp64_product} {ergonomic}
     bool UseG1GC                                  = true                                      {product} {ergonomic}
     bool UseLargePagesIndividualAllocation        = false                                  {pd product} {ergonomic}

Logging:
Log output configuration:
 #0: stdout all=warning uptime,level,tags
 #1: stderr all=off uptime,level,tags

Environment Variables:
JAVA_HOME=C:\Program Files\Eclipse Adoptium\jdk-25.0.1.8-hotspot
PATH=C:\Program Files\Eclipse Adoptium\jdk-17.0.19.10-hotspot\bin;C:\Program Files (x86)\VMware\VMware Workstation\bin\;C:\Program Files\Python312\Scripts\;C:\Program Files\Python312\;C:\WINDOWS\system32;C:\WINDOWS;C:\WINDOWS\System32\Wbem;C:\WINDOWS\System32\WindowsPowerShell\v1.0\;C:\WINDOWS\System32\OpenSSH\;C:\Program Files (x86)\Microsoft SQL Server\160\Tools\Binn\;C:\Program Files\Microsoft SQL Server\160\Tools\Binn\;C:\Program Files\Microsoft SQL Server\Client SDK\ODBC\170\Tools\Binn\;C:\Program Files\Microsoft SQL Server\160\DTS\Binn\;C:\Program Files (x86)\Microsoft SQL Server\160\DTS\Binn\;C:\Windows\system32\python;C:\sqlite3;C:\Program Files\nodejs\;C:\MinGW\bin;C:\curl\bin;C:\curl\include;C:\MinGW;C:\MinGW\lib;C:\GnuWin32\bin;C:\OpenSSL-Win64\bin;C:\Program Files\PostgreSQL\17\bin;C:\Program Files\Eclipse Adoptium\jdk-25.0.1.8-hotspot\bin;C:\Program Files\Heroku\bin;C:\Program Files\Git\cmd;C:\Program Files (x86)\VMware\VMware Workstation\bin\;C:\Program Files\Python312\Scripts\;C:\Program Files\Python312\;C:\WINDOWS\system32;C:\WINDOWS;C:\WINDOWS\System32\Wbem;C:\WINDOWS\System32\WindowsPowerShell\v1.0\;C:\WINDOWS\System32\OpenSSH\;C:\Program Files (x86)\Microsoft SQL Server\160\Tools\Binn\;C:\Program Files\Microsoft SQL Server\160\Tools\Binn\;C:\Program Files\Microsoft SQL Server\Client SDK\ODBC\170\Tools\Binn\;C:\Program Files\Microsoft SQL Server\160\DTS\Binn\;C:\Program Files (x86)\Microsoft SQL Server\160\DTS\Binn\;C:\Windows\system32\python;C:\sqlite3;C:\Program Files\nodejs\;C:\MinGW\bin;C:\curl\bin;C:\curl\include;C:\MinGW;C:\MinGW\lib;C:\GnuWin32\bin;C:\OpenSSL-Win64\bin;C:\Program Files\PostgreSQL\17\bin;C:\Program Files\Eclipse Adoptium\jdk-25.0.1.8-hotspot\bin;C:\Program Files\Git\cmd;C:\Program Files\Docker\Docker\resources\bin;C:\Program Files\Heroku\bin;C:\Users\admin\AppData\Local\Programs\Microsoft VS Code;C:\Program Files\P;C:\flutter\bin\flutter;C:\flutter\bin;C:\Users\admin\AppData\Local\Programs\Microsoft VS Code\bin
USERNAME=admin
OS=Windows_NT
PROCESSOR_IDENTIFIER=Intel64 Family 6 Model 142 Stepping 10, GenuineIntel
TMP=C:\Users\admin\AppData\Local\Temp
TEMP=C:\Users\admin\AppData\Local\Temp



Periodic native trim disabled


---------------  S Y S T E M  ---------------

OS:
 Windows 11 , 64 bit Build 22621 (10.0.22621.5415)
OS uptime: 0 days 0:41 hours
Hyper-V role detected

CPU: total 8 (initial active 8) (4 cores per cpu, 2 threads per core) family 6 model 142 stepping 10 microcode 0xf4, cx8, cmov, fxsr, ht, mmx, 3dnowpref, sse, sse2, sse3, ssse3, sse4.1, sse4.2, popcnt, lzcnt, tsc, tscinvbit, avx, avx2, aes, erms, clmul, bmi1, bmi2, rtm, adx, fma, vzeroupper, clflush, clflushopt, hv
Processor Information for all 8 processors :
  Max Mhz: 1896, Current Mhz: 1696, Mhz Limit: 1687

Memory: 4k page, system-wide physical 8070M (308M free)
TotalPageFile size 16358M (AvailPageFile size 6M)
current process WorkingSet (physical memory assigned to process): 232M, peak: 232M
current process commit charge ("private bytes"): 282M, peak: 314M

vm_info: OpenJDK 64-Bit Server VM (17.0.19+10) for windows-amd64 JRE (17.0.19+10), built on Apr 25 2026 08:04:44 by "admin" with MS VC++ 17.12 (VS2022)

END.
