#
# There is insufficient memory for the Java Runtime Environment to continue.
# Native memory allocation (mmap) failed to map 65536 bytes. Error detail: Failed to commit metaspace.
# Possible reasons:
#   The system is out of physical RAM or swap space
#   This process is running with CompressedOops enabled, and the Java Heap may be blocking the growth of the native heap
# Possible solutions:
#   Reduce memory load on the system
#   Increase physical memory or swap space
#   Check if swap backing store is full
#   Decrease Java heap size (-Xmx/-Xms)
#   Decrease Java thread stack sizes (-Xss)
#   Set larger code cache with -XX:ReservedCodeCacheSize=
#   JVM is running with Zero Based Compressed Oops mode in which the Java heap is
#     placed in the first 32GB address space. The Java Heap base address is the
#     maximum limit for the native heap growth. Please use -XX:HeapBaseMinAddress
#     to set the Java Heap base and to place the Java Heap above 32GB virtual address.
# This output file may be truncated or incomplete.
#
#  Out of Memory Error (virtualSpaceNode.cpp:110), pid=17320, tid=18368
#
# JRE version: OpenJDK Runtime Environment Temurin-17.0.19+10 (17.0.19+10) (build 17.0.19+10)
# Java VM: OpenJDK 64-Bit Server VM Temurin-17.0.19+10 (17.0.19+10, mixed mode, sharing, tiered, compressed oops, compressed class ptrs, g1 gc, windows-amd64)
# No core dump will be written. Minidumps are not enabled by default on client versions of Windows
#

---------------  S U M M A R Y ------------

Command Line: --add-opens=java.base/java.lang=ALL-UNNAMED --add-opens=java.base/java.lang.invoke=ALL-UNNAMED --add-opens=java.base/java.util=ALL-UNNAMED --add-opens=java.prefs/java.util.prefs=ALL-UNNAMED --add-exports=jdk.compiler/com.sun.tools.javac.api=ALL-UNNAMED --add-exports=jdk.compiler/com.sun.tools.javac.util=ALL-UNNAMED --add-opens=java.base/java.util=ALL-UNNAMED --add-opens=java.prefs/java.util.prefs=ALL-UNNAMED --add-opens=java.base/java.nio.charset=ALL-UNNAMED --add-opens=java.base/java.net=ALL-UNNAMED --add-opens=java.base/java.util.concurrent.atomic=ALL-UNNAMED --add-opens=java.xml/javax.xml.namespace=ALL-UNNAMED -XX:MaxMetaspaceSize=4G -XX:ReservedCodeCacheSize=512m -XX:+HeapDumpOnOutOfMemoryError -Xmx8G -Dfile.encoding=UTF-8 -Duser.country=FR -Duser.language=fr -Duser.variant -javaagent:C:\Users\admin\.gradle\wrapper\dists\gradle-8.14-all\c2qonpi39x1mddn7hk5gh9iqj\gradle-8.14\lib\agents\gradle-instrumentation-agent-8.14.jar org.gradle.launcher.daemon.bootstrap.GradleDaemon 8.14

Host: Intel(R) Core(TM) i5-8350U CPU @ 1.70GHz, 8 cores, 7G,  Windows 11 , 64 bit Build 22621 (10.0.22621.5415)
Time: Sun Sep 20 13:44:41 2026 Paris, Madrid (heure duild 22621 (10.0.22621.5415) elapsed time: 150.117967 seconds (0d 0h 2m 30s)

---------------  T H R E A D  ---------------

Current thread (0x000001cfc0378b70):  JavaThread "Daemon worker" [_thread_in_vm, id=18368, stack(0x000000480de00000,0x000000480df00000)]

Stack: [0x000000480de00000,0x000000480df00000]
Native frames: (J=compiled Java code, j=interpreted, Vv=VM code, C=native code)
V  [jvm.dll+0x684b29]
V  [jvm.dll+0x83a2d5]
V  [jvm.dll+0x83bd4e]
V  [jvm.dll+0x83c3d3]
V  [jvm.dll+0x24905f]
V  [jvm.dll+0x8360bd]
V  [jvm.dll+0x62941d]
V  [jvm.dll+0x1c07e0]
V  [jvm.dll+0x62bd92]
V  [jvm.dll+0x629dd6]
V  [jvm.dll+0x23e154]
V  [jvm.dll+0x1eb03f]
V  [jvm.dll+0x1e09a1]
V  [jvm.dll+0x5482c9]
V  [jvm.dll+0x7b4f98]
V  [jvm.dll+0x7b5094]
V  [jvm.dll+0x414d34]
V  [jvm.dll+0x41b799]
C  [java.dll+0x17ec]

Java frames: (J=compiled Java code, j=interpreted, Vv=VM code)
J 792  java.lang.ClassLoader.defineClass1(Ljava/lang/ClassLoader;Ljava/lang/String;[BIILjava/security/ProtectionDomain;Ljava/lang/String;)Ljava/lang/Class; java.base@17.0.19 (0 bytes) @ 0x000001cf10329f03 [0x000001cf10329e40+0x00000000000000c3]
J 5185 c2 java.security.SecureClassLoader.defineClass(Ljava/lang/String;[BIILjava/security/CodeSource;)Ljava/lang/Class; java.base@17.0.19 (16 bytes) @ 0x000001cf1037bc20 [0x000001cf1037b520+0x0000000000000700]
J 8723 c2 java.net.URLClassLoader$1.run()Ljava/lang/Object; java.base@17.0.19 (5 bytes) @ 0x000001cf10817224 [0x000001cf10815220+0x0000000000002004]
J 10872 c2 java.net.URLClassLoader.findClass(Ljava/lang/String;)Ljava/lang/Class; java.base@17.0.19 (47 bytes) @ 0x000001cf1060b0a8 [0x000001cf1060afe0+0x00000000000000c8]
J 7550 c1 org.gradle.internal.classloader.VisitableURLClassLoader$InstrumentingVisitableURLClassLoader.findClass(Ljava/lang/String;)Ljava/lang/Class; (36 bytes) @ 0x000001cf00d2cfcc [0x000001cf00d2cf00+0x00000000000000cc]
J 7346 c2 java.lang.ClassLoader.loadClass(Ljava/lang/String;Z)Ljava/lang/Class; java.base@17.0.19 (121 bytes) @ 0x000001cf106e878c [0x000001cf106e84a0+0x00000000000002ec]
J 4606 c2 java.lang.ClassLoader.loadClass(Ljava/lang/String;)Ljava/lang/Class; java.base@17.0.19 (7 bytes) @ 0x000001cf105a7ee0 [0x000001cf105a7ea0+0x0000000000000040]
v  ~StubRoutines::call_stub
J 792  java.lang.ClassLoader.defineClass1(Ljava/lang/ClassLoader;Ljava/lang/String;[BIILjava/security/ProtectionDomain;Ljava/lang/String;)Ljava/lang/Class; java.base@17.0.19 (0 bytes) @ 0x000001cf10329f03 [0x000001cf10329e40+0x00000000000000c3]
J 5185 c2 java.security.SecureClassLoader.defineClass(Ljava/lang/String;[BIILjava/security/CodeSource;)Ljava/lang/Class; java.base@17.0.19 (16 bytes) @ 0x000001cf1037bc20 [0x000001cf1037b520+0x0000000000000700]
J 8723 c2 java.net.URLClassLoader$1.run()Ljava/lang/Object; java.base@17.0.19 (5 bytes) @ 0x000001cf10817224 [0x000001cf10815220+0x0000000000002004]
J 10872 c2 java.net.URLClassLoader.findClass(Ljava/lang/String;)Ljava/lang/Class; java.base@17.0.19 (47 bytes) @ 0x000001cf1060b0a8 [0x000001cf1060afe0+0x00000000000000c8]
J 7550 c1 org.gradle.internal.classloader.VisitableURLClassLoader$InstrumentingVisitableURLClassLoader.findClass(Ljava/lang/String;)Ljava/lang/Class; (36 bytes) @ 0x000001cf00d2cfcc [0x000001cf00d2cf00+0x00000000000000cc]
J 7346 c2 java.lang.ClassLoader.loadClass(Ljava/lang/String;Z)Ljava/lang/Class; java.base@17.0.19 (121 bytes) @ 0x000001cf106e878c [0x000001cf106e84a0+0x00000000000002ec]
J 4606 c2 java.lang.ClassLoader.loadClass(Ljava/lang/String;)Ljava/lang/Class; java.base@17.0.19 (7 bytes) @ 0x000001cf105a7ee0 [0x000001cf105a7ea0+0x0000000000000040]
v  ~StubRoutines::call_stub
j  org.jetbrains.kotlin.gradle.internal.diagnostics.AgpCompatibilityCheck.runAgpCompatibilityCheckIfAgpIsApplied$default(Lorg/jetbrains/kotlin/gradle/internal/diagnostics/AgpCompatibilityCheck;Lorg/gradle/api/Project;Lorg/jetbrains/kotlin/gradle/internal/diagnostics/AgpCompatibilityCheck$AndroidGradlePluginVersionProvider;ILjava/lang/Object;)V+6
j  org.jetbrains.kotlin.gradle.plugin.DefaultKotlinBasePlugin.apply(Lorg/gradle/api/Project;)V+35
j  org.jetbrains.kotlin.gradle.plugin.KotlinBasePluginWrapper.apply(Lorg/gradle/api/Project;)V+8
j  org.jetbrains.kotlin.gradle.plugin.KotlinAndroidPluginWrapper.apply(Lorg/gradle/api/Project;)V+12
j  org.jetbrains.kotlin.gradle.plugin.KotlinAndroidPluginWrapper.apply(Ljava/lang/Object;)V+5
j  org.gradle.api.internal.plugins.ImperativeOnlyPluginTarget.applyImperative(Ljava/lang/String;Lorg/gradle/api/Plugin;)V+13
j  org.gradle.api.internal.plugins.RuleBasedPluginTarget.applyImperative(Ljava/lang/String;Lorg/gradle/api/Plugin;)V+6
j  org.gradle.api.internal.plugins.DefaultPluginManager.addPlugin(Ljava/lang/Runnable;Lorg/gradle/api/internal/plugins/PluginImplementation;Ljava/lang/String;Ljava/lang/Class;)V+54
j  org.gradle.api.internal.plugins.DefaultPluginManager.access$100(Lorg/gradle/api/internal/plugins/DefaultPluginManager;Ljava/lang/Runnable;Lorg/gradle/api/internal/plugins/PluginImplementation;Ljava/lang/String;Ljava/lang/Class;)V+6
j  org.gradle.api.internal.plugins.DefaultPluginManager$AddPluginBuildOperation.run(Lorg/gradle/internal/operations/BuildOperationContext;)V+20
J 8409 c1 org.gradle.internal.operations.DefaultBuildOperationRunner$1.execute(Lorg/gradle/internal/operations/BuildOperation;Lorg/gradle/internal/operations/BuildOperationContext;)V (10 bytes) @ 0x000001cf00edbd44 [0x000001cf00edbae0+0x0000000000000264]
J 10561 c1 org.gradle.internal.operations.DefaultBuildOperationRunner$2.execute(Lorg/gradle/internal/operations/BuildOperationDescriptor;Lorg/gradle/internal/operations/BuildOperationState;Lorg/gradle/internal/operations/BuildOperationState;Lorg/gradle/internal/operations/DefaultBuildOperationRunner$ReadableBuildOperationContext;Lorg/gradle/internal/operations/DefaultBuildOperationRunner$BuildOperationExecutionListener;)Lorg/gradle/internal/operations/BuildOperation; (110 bytes) @ 0x000001cf01127bbc [0x000001cf011279c0+0x00000000000001fc]
J 6996 c1 org.gradle.internal.operations.DefaultBuildOperationRunner$2.execute(Lorg/gradle/internal/operations/BuildOperationDescriptor;Lorg/gradle/internal/operations/BuildOperationState;Lorg/gradle/internal/operations/BuildOperationState;Lorg/gradle/internal/operations/DefaultBuildOperationRunner$ReadableBuildOperationContext;Lorg/gradle/internal/operations/DefaultBuildOperationRunner$BuildOperationExecutionListener;)Ljava/lang/Object; (12 bytes) @ 0x000001cf00c36834 [0x000001cf00c367c0+0x0000000000000074]
J 9292 c1 org.gradle.internal.operations.DefaultBuildOperationRunner.execute(Lorg/gradle/internal/operations/BuildOperationDescriptor$Builder;Lorg/gradle/internal/operations/BuildOperationState;Lorg/gradle/internal/operations/DefaultBuildOperationRunner$BuildOperationExecution;)Ljava/lang/Object; (147 bytes) @ 0x000001cf0106b774 [0x000001cf0106abe0+0x0000000000000b94]
J 6598 c1 org.gradle.internal.operations.DefaultBuildOperationRunner.execute(Lorg/gradle/internal/operations/BuildOperation;Lorg/gradle/internal/operations/BuildOperationWorker;Lorg/gradle/internal/operations/BuildOperationState;)V (23 bytes) @ 0x000001cf00b7b08c [0x000001cf00b7ade0+0x00000000000002ac]
J 7941 c1 org.gradle.internal.operations.DefaultBuildOperationRunner.run(Lorg/gradle/internal/operations/RunnableBuildOperation;)V (13 bytes) @ 0x000001cf00de2ddc [0x000001cf00de2a00+0x00000000000003dc]
j  org.gradle.api.internal.plugins.DefaultPluginManager.lambda$doApply$0(Ljava/lang/Runnable;Lorg/gradle/api/internal/plugins/PluginImplementation;Ljava/lang/String;Ljava/lang/Class;Lorg/gradle/internal/code/UserCodeApplicationId;)V+20
j  org.gradle.api.internal.plugins.DefaultPluginManager$$Lambda$765+0x000001cf7c646d20.execute(Ljava/lang/Object;)V+24
j  org.gradle.internal.code.DefaultUserCodeApplicationContext.apply(Lorg/gradle/internal/code/UserCodeSource;Lorg/gradle/api/Action;)V+37
j  org.gradle.api.internal.plugins.DefaultPluginManager.doApply(Lorg/gradle/api/internal/plugins/PluginImplementation;)V+144
j  org.gradle.api.internal.plugins.DefaultPluginManager.apply(Lorg/gradle/api/internal/plugins/PluginImplementation;)V+2
j  org.gradle.plugin.use.resolve.internal.ClassPathPluginResolution.applyTo(Lorg/gradle/api/internal/plugins/PluginManagerInternal;)V+5
j  org.gradle.plugin.use.internal.DefaultPluginRequestApplicator$ApplyAction.apply(Lorg/gradle/api/internal/plugins/PluginManagerInternal;)V+21
j  org.gradle.plugin.use.internal.DefaultPluginRequestApplicator.lambda$applyPlugins$1(Lorg/gradle/api/internal/plugins/PluginManagerInternal;Lorg/gradle/plugin/use/internal/DefaultPluginRequestApplicator$ApplyAction;)V+2
j  org.gradle.plugin.use.internal.DefaultPluginRequestApplicator$$Lambda$1125+0x000001cf7c753dd0.accept(Ljava/lang/Object;)V+8
j  java.util.ArrayList.forEach(Ljava/util/function/Consumer;)V+46 java.base@17.0.19
j  org.gradle.plugin.use.internal.DefaultPluginRequestApplicator.applyPlugins(Lorg/gradle/plugin/management/internal/PluginRequests;Lorg/gradle/api/internal/initialization/ScriptHandlerInternal;Lorg/gradle/api/internal/plugins/PluginManagerInternal;Lorg/gradle/api/internal/initialization/ClassLoaderScope;)V+375
j  org.gradle.configuration.DefaultScriptPluginFactory$ScriptPluginImpl.apply(Ljava/lang/Object;)V+174
j  org.gradle.configuration.BuildOperationScriptPlugin$1.run(Lorg/gradle/internal/operations/BuildOperationContext;)V+11
J 8409 c1 org.gradle.internal.operations.DefaultBuildOperationRunner$1.execute(Lorg/gradle/internal/operations/BuildOperation;Lorg/gradle/internal/operations/BuildOperationContext;)V (10 bytes) @ 0x000001cf00edbd44 [0x000001cf00edbae0+0x0000000000000264]
J 10561 c1 org.gradle.internal.operations.DefaultBuildOperationRunner$2.execute(Lorg/gradle/internal/operations/BuildOperationDescriptor;Lorg/gradle/internal/operations/BuildOperationState;Lorg/gradle/internal/operations/BuildOperationState;Lorg/gradle/internal/operations/DefaultBuildOperationRunner$ReadableBuildOperationContext;Lorg/gradle/internal/operations/DefaultBuildOperationRunner$BuildOperationExecutionListener;)Lorg/gradle/internal/operations/BuildOperation; (110 bytes) @ 0x000001cf01127bbc [0x000001cf011279c0+0x00000000000001fc]
J 6996 c1 org.gradle.internal.operations.DefaultBuildOperationRunner$2.execute(Lorg/gradle/internal/operations/BuildOperationDescriptor;Lorg/gradle/internal/operations/BuildOperationState;Lorg/gradle/internal/operations/BuildOperationState;Lorg/gradle/internal/operations/DefaultBuildOperationRunner$ReadableBuildOperationContext;Lorg/gradle/internal/operations/DefaultBuildOperationRunner$BuildOperationExecutionListener;)Ljava/lang/Object; (12 bytes) @ 0x000001cf00c36834 [0x000001cf00c367c0+0x0000000000000074]
J 9292 c1 org.gradle.internal.operations.DefaultBuildOperationRunner.execute(Lorg/gradle/internal/operations/BuildOperationDescriptor$Builder;Lorg/gradle/internal/operations/BuildOperationState;Lorg/gradle/internal/operations/DefaultBuildOperationRunner$BuildOperationExecution;)Ljava/lang/Object; (147 bytes) @ 0x000001cf0106b774 [0x000001cf0106abe0+0x0000000000000b94]
J 6598 c1 org.gradle.internal.operations.DefaultBuildOperationRunner.execute(Lorg/gradle/internal/operations/BuildOperation;Lorg/gradle/internal/operations/BuildOperationWorker;Lorg/gradle/internal/operations/BuildOperationState;)V (23 bytes) @ 0x000001cf00b7b08c [0x000001cf00b7ade0+0x00000000000002ac]
J 7941 c1 org.gradle.internal.operations.DefaultBuildOperationRunner.run(Lorg/gradle/internal/operations/RunnableBuildOperation;)V (13 bytes) @ 0x000001cf00de2ddc [0x000001cf00de2a00+0x00000000000003dc]
j  org.gradle.configuration.BuildOperationScriptPlugin.lambda$apply$0(Ljava/lang/Object;Lorg/gradle/internal/code/UserCodeApplicationId;)V+14
j  org.gradle.configuration.BuildOperationScriptPlugin$$Lambda$445+0x000001cf7c422fb8.execute(Ljava/lang/Object;)V+12
j  org.gradle.internal.code.DefaultUserCodeApplicationContext.apply(Lorg/gradle/internal/code/UserCodeSource;Lorg/gradle/api/Action;)V+37
j  org.gradle.configuration.BuildOperationScriptPlugin.apply(Ljava/lang/Object;)V+71
j  org.gradle.configuration.project.BuildScriptProcessor$$Lambda$814+0x000001cf7c68db58.accept(Ljava/lang/Object;)V+8
j  org.gradle.api.internal.project.DefaultProjectStateRegistry$ProjectStateImpl.lambda$applyToMutableState$1(Ljava/util/function/Consumer;Lorg/gradle/api/internal/project/ProjectInternal;)Ljava/lang/Object;+2
j  org.gradle.api.internal.project.DefaultProjectStateRegistry$ProjectStateImpl$$Lambda$761+0x000001cf7c62a320.apply(Ljava/lang/Object;)Ljava/lang/Object;+8
j  org.gradle.api.internal.project.DefaultProjectStateRegistry$ProjectStateImpl.fromMutableState(Ljava/util/function/Function;)Ljava/lang/Object;+97
j  org.gradle.api.internal.project.DefaultProjectStateRegistry$ProjectStateImpl.applyToMutableState(Ljava/util/function/Consumer;)V+7
j  org.gradle.configuration.project.BuildScriptProcessor.execute(Lorg/gradle/api/internal/project/ProjectInternal;)V+88
j  org.gradle.configuration.project.BuildScriptProcessor.execute(Ljava/lang/Object;)V+5
j  org.gradle.configuration.project.ConfigureActionsProjectEvaluator.evaluate(Lorg/gradle/api/internal/project/ProjectInternal;Lorg/gradle/api/internal/project/ProjectStateInternal;)V+33
j  org.gradle.configuration.project.LifecycleProjectEvaluator$EvaluateProject.lambda$run$0(Lorg/gradle/internal/operations/BuildOperationContext;Lorg/gradle/api/internal/project/ProjectInternal;)V+67
j  org.gradle.configuration.project.LifecycleProjectEvaluator$EvaluateProject$$Lambda$790+0x000001cf7c669848.accept(Ljava/lang/Object;)V+12
j  org.gradle.api.internal.project.DefaultProjectStateRegistry$ProjectStateImpl.lambda$applyToMutableState$1(Ljava/util/function/Consumer;Lorg/gradle/api/internal/project/ProjectInternal;)Ljava/lang/Object;+2
j  org.gradle.api.internal.project.DefaultProjectStateRegistry$ProjectStateImpl$$Lambda$761+0x000001cf7c62a320.apply(Ljava/lang/Object;)Ljava/lang/Object;+8
j  org.gradle.api.internal.project.DefaultProjectStateRegistry$ProjectStateImpl.fromMutableState(Ljava/util/function/Function;)Ljava/lang/Object;+97
j  org.gradle.api.internal.project.DefaultProjectStateRegistry$ProjectStateImpl.applyToMutableState(Ljava/util/function/Consumer;)V+7
j  org.gradle.configuration.project.LifecycleProjectEvaluator$EvaluateProject.run(Lorg/gradle/internal/operations/BuildOperationContext;)V+16
J 8409 c1 org.gradle.internal.operations.DefaultBuildOperationRunner$1.execute(Lorg/gradle/internal/operations/BuildOperation;Lorg/gradle/internal/operations/BuildOperationContext;)V (10 bytes) @ 0x000001cf00edbd44 [0x000001cf00edbae0+0x0000000000000264]
J 10561 c1 org.gradle.internal.operations.DefaultBuildOperationRunner$2.execute(Lorg/gradle/internal/operations/BuildOperationDescriptor;Lorg/gradle/internal/operations/BuildOperationState;Lorg/gradle/internal/operations/BuildOperationState;Lorg/gradle/internal/operations/DefaultBuildOperationRunner$ReadableBuildOperationContext;Lorg/gradle/internal/operations/DefaultBuildOperationRunner$BuildOperationExecutionListener;)Lorg/gradle/internal/operations/BuildOperation; (110 bytes) @ 0x000001cf01127bbc [0x000001cf011279c0+0x00000000000001fc]
J 6996 c1 org.gradle.internal.operations.DefaultBuildOperationRunner$2.execute(Lorg/gradle/internal/operations/BuildOperationDescriptor;Lorg/gradle/internal/operations/BuildOperationState;Lorg/gradle/internal/operations/BuildOperationState;Lorg/gradle/internal/operations/DefaultBuildOperationRunner$ReadableBuildOperationContext;Lorg/gradle/internal/operations/DefaultBuildOperationRunner$BuildOperationExecutionListener;)Ljava/lang/Object; (12 bytes) @ 0x000001cf00c36834 [0x000001cf00c367c0+0x0000000000000074]
J 9292 c1 org.gradle.internal.operations.DefaultBuildOperationRunner.execute(Lorg/gradle/internal/operations/BuildOperationDescriptor$Builder;Lorg/gradle/internal/operations/BuildOperationState;Lorg/gradle/internal/operations/DefaultBuildOperationRunner$BuildOperationExecution;)Ljava/lang/Object; (147 bytes) @ 0x000001cf0106b774 [0x000001cf0106abe0+0x0000000000000b94]
J 6598 c1 org.gradle.internal.operations.DefaultBuildOperationRunner.execute(Lorg/gradle/internal/operations/BuildOperation;Lorg/gradle/internal/operations/BuildOperationWorker;Lorg/gradle/internal/operations/BuildOperationState;)V (23 bytes) @ 0x000001cf00b7b08c [0x000001cf00b7ade0+0x00000000000002ac]
J 7941 c1 org.gradle.internal.operations.DefaultBuildOperationRunner.run(Lorg/gradle/internal/operations/RunnableBuildOperation;)V (13 bytes) @ 0x000001cf00de2ddc [0x000001cf00de2a00+0x00000000000003dc]
j  org.gradle.configuration.project.LifecycleProjectEvaluator.evaluate(Lorg/gradle/api/internal/project/ProjectInternal;Lorg/gradle/api/internal/project/ProjectStateInternal;)V+42
j  org.gradle.api.internal.project.DefaultProject.evaluateUnchecked()Lorg/gradle/api/internal/project/ProjectInternal;+20
j  org.gradle.api.internal.project.ProjectLifecycleController.lambda$ensureSelfConfigured$2()V+4
j  org.gradle.api.internal.project.ProjectLifecycleController$$Lambda$788+0x000001cf7c668220.run()V+4
j  org.gradle.internal.model.StateTransitionController.lambda$doTransition$14(Ljava/lang/Runnable;)Lorg/gradle/internal/build/ExecutionResult;+1
j  org.gradle.internal.model.StateTransitionController$$Lambda$425+0x000001cf7c3b7860.get()Ljava/lang/Object;+4
j  org.gradle.internal.model.StateTransitionController.doTransition(Lorg/gradle/internal/model/StateTransitionController$State;Lorg/gradle/internal/model/StateTransitionController$State;Ljava/util/function/Supplier;)Lorg/gradle/internal/build/ExecutionResult;+24
j  org.gradle.internal.model.StateTransitionController.doTransition(Lorg/gradle/internal/model/StateTransitionController$State;Lorg/gradle/internal/model/StateTransitionController$State;Ljava/lang/Runnable;)V+9
j  org.gradle.internal.model.StateTransitionController.lambda$maybeTransitionIfNotCurrentlyTransitioning$10(Lorg/gradle/internal/model/StateTransitionController$State;Lorg/gradle/internal/model/StateTransitionController$State;Ljava/lang/Runnable;)V+16
j  org.gradle.internal.model.StateTransitionController$$Lambda$789+0x000001cf7c668440.run()V+16
j  org.gradle.internal.work.DefaultSynchronizer.withLock(Ljava/lang/Runnable;)V+6
j  org.gradle.internal.model.StateTransitionController.maybeTransitionIfNotCurrentlyTransitioning(Lorg/gradle/internal/model/StateTransitionController$State;Lorg/gradle/internal/model/StateTransitionController$State;Ljava/lang/Runnable;)V+13
j  org.gradle.api.internal.project.ProjectLifecycleController.ensureSelfConfigured()V+16
j  org.gradle.api.internal.project.DefaultProjectStateRegistry$ProjectStateImpl.ensureConfigured()V+19
j  org.gradle.api.internal.project.DefaultProject.evaluationDependsOn(Lorg/gradle/api/internal/project/ProjectInternal;)Lorg/gradle/api/Project;+44
j  org.gradle.api.internal.project.DefaultProject.evaluationDependsOn(Ljava/lang/String;)Lorg/gradle/api/Project;+26
j  org.gradle.api.Project$evaluationDependsOn$1.call(Ljava/lang/Object;[Ljava/lang/Object;)Ljava/lang/Object;+19
j  org.codehaus.groovy.runtime.callsite.CallSiteArray.defaultCall(Lorg/codehaus/groovy/runtime/callsite/CallSite;Ljava/lang/Object;[Ljava/lang/Object;)Ljava/lang/Object;+8
j  org.codehaus.groovy.runtime.callsite.AbstractCallSite.call(Ljava/lang/Object;[Ljava/lang/Object;)Ljava/lang/Object;+3
j  org.codehaus.groovy.runtime.callsite.AbstractCallSite.call(Ljava/lang/Object;Ljava/lang/Object;)Ljava/lang/Object;+33
j  build_8nqygtxpvjti914d3vfn8yb4n$_run_closure3.doCall$original(Ljava/lang/Object;)Ljava/lang/Object;+21
j  build_8nqygtxpvjti914d3vfn8yb4n$_run_closure3.doCall(Ljava/lang/Object;)Ljava/lang/Object;+6
v  ~StubRoutines::call_stub
J 2414  jdk.internal.reflect.NativeMethodAccessorImpl.invoke0(Ljava/lang/reflect/Method;Ljava/lang/Object;[Ljava/lang/Object;)Ljava/lang/Object; java.base@17.0.19 (0 bytes) @ 0x000001cf103ffdc7 [0x000001cf103ffd40+0x0000000000000087]
J 2753 c1 jdk.internal.reflect.NativeMethodAccessorImpl.invoke(Ljava/lang/Object;[Ljava/lang/Object;)Ljava/lang/Object; java.base@17.0.19 (137 bytes) @ 0x000001cf00575a74 [0x000001cf00575080+0x00000000000009f4]
J 1906 c1 jdk.internal.reflect.DelegatingMethodAccessorImpl.invoke(Ljava/lang/Object;[Ljava/lang/Object;)Ljava/lang/Object; java.base@17.0.19 (10 bytes) @ 0x000001cf0039dacc [0x000001cf0039d9c0+0x000000000000010c]
J 1905 c1 java.lang.reflect.Method.invoke(Ljava/lang/Object;[Ljava/lang/Object;)Ljava/lang/Object; java.base@17.0.19 (65 bytes) @ 0x000001cf0039d534 [0x000001cf0039d200+0x0000000000000334]
j  org.codehaus.groovy.reflection.CachedMethod.invoke(Ljava/lang/Object;[Ljava/lang/Object;)Ljava/lang/Object;+30
j  groovy.lang.MetaMethod.doMethodInvoke(Ljava/lang/Object;[Ljava/lang/Object;)Ljava/lang/Object;+9
j  org.codehaus.groovy.runtime.metaclass.ClosureMetaClass.invokeMethod(Ljava/lang/Class;Ljava/lang/Object;Ljava/lang/String;[Ljava/lang/Object;ZZ)Ljava/lang/Object;+225
j  groovy.lang.MetaClassImpl.invokeMethod(Ljava/lang/Object;Ljava/lang/String;[Ljava/lang/Object;)Ljava/lang/Object;+10
j  groovy.lang.Closure.call([Ljava/lang/Object;)Ljava/lang/Object;+8
j  groovy.lang.Closure.call(Ljava/lang/Object;)Ljava/lang/Object;+9
j  org.gradle.util.internal.ClosureBackedAction.execute(Ljava/lang/Object;)V+80
j  org.gradle.util.internal.ConfigureUtil.configureTarget(Lgroovy/lang/Closure;Ljava/lang/Object;Lorg/gradle/internal/metaobject/ConfigureDelegate;)V+44
j  org.gradle.util.internal.ConfigureUtil.configure(Lgroovy/lang/Closure;Ljava/lang/Object;)Ljava/lang/Object;+38
j  org.gradle.util.internal.ConfigureUtil$WrappedConfigureAction.execute(Ljava/lang/Object;)V+5
J 8407 c1 org.gradle.api.internal.DefaultMutationGuard$1.execute(Ljava/lang/Object;)V (67 bytes) @ 0x000001cf00edab94 [0x000001cf00eda720+0x0000000000000474]
j  org.gradle.internal.Actions.with(Ljava/lang/Object;Lorg/gradle/api/Action;)Ljava/lang/Object;+2
j  org.gradle.api.internal.project.BuildOperationCrossProjectConfigurator$1.run(Lorg/gradle/internal/operations/BuildOperationContext;)V+20
J 8409 c1 org.gradle.internal.operations.DefaultBuildOperationRunner$1.execute(Lorg/gradle/internal/operations/BuildOperation;Lorg/gradle/internal/operations/BuildOperationContext;)V (10 bytes) @ 0x000001cf00edbd44 [0x000001cf00edbae0+0x0000000000000264]
J 10561 c1 org.gradle.internal.operations.DefaultBuildOperationRunner$2.execute(Lorg/gradle/internal/operations/BuildOperationDescriptor;Lorg/gradle/internal/operations/BuildOperationState;Lorg/gradle/internal/operations/BuildOperationState;Lorg/gradle/internal/operations/DefaultBuildOperationRunner$ReadableBuildOperationContext;Lorg/gradle/internal/operations/DefaultBuildOperationRunner$BuildOperationExecutionListener;)Lorg/gradle/internal/operations/BuildOperation; (110 bytes) @ 0x000001cf01127bbc [0x000001cf011279c0+0x00000000000001fc]
J 6996 c1 org.gradle.internal.operations.DefaultBuildOperationRunner$2.execute(Lorg/gradle/internal/operations/BuildOperationDescriptor;Lorg/gradle/internal/operations/BuildOperationState;Lorg/gradle/internal/operations/BuildOperationState;Lorg/gradle/internal/operations/DefaultBuildOperationRunner$ReadableBuildOperationContext;Lorg/gradle/internal/operations/DefaultBuildOperationRunner$BuildOperationExecutionListener;)Ljava/lang/Object; (12 bytes) @ 0x000001cf00c36834 [0x000001cf00c367c0+0x0000000000000074]
J 9292 c1 org.gradle.internal.operations.DefaultBuildOperationRunner.execute(Lorg/gradle/internal/operations/BuildOperationDescriptor$Builder;Lorg/gradle/internal/operations/BuildOperationState;Lorg/gradle/internal/operations/DefaultBuildOperationRunner$BuildOperationExecution;)Ljava/lang/Object; (147 bytes) @ 0x000001cf0106b774 [0x000001cf0106abe0+0x0000000000000b94]
J 6598 c1 org.gradle.internal.operations.DefaultBuildOperationRunner.execute(Lorg/gradle/internal/operations/BuildOperation;Lorg/gradle/internal/operations/BuildOperationWorker;Lorg/gradle/internal/operations/BuildOperationState;)V (23 bytes) @ 0x000001cf00b7b08c [0x000001cf00b7ade0+0x00000000000002ac]
J 7941 c1 org.gradle.internal.operations.DefaultBuildOperationRunner.run(Lorg/gradle/internal/operations/RunnableBuildOperation;)V (13 bytes) @ 0x000001cf00de2ddc [0x000001cf00de2a00+0x00000000000003dc]
j  org.gradle.api.internal.project.BuildOperationCrossProjectConfigurator.lambda$runProjectConfigureAction$0(Lorg/gradle/api/internal/project/ProjectInternal;Lorg/gradle/api/Action;Lorg/gradle/api/internal/project/ProjectInternal;)V+15
j  org.gradle.api.internal.project.BuildOperationCrossProjectConfigurator$$Lambda$760+0x000001cf7c62a0f0.accept(Ljava/lang/Object;)V+16
j  org.gradle.api.internal.project.DefaultProjectStateRegistry$ProjectStateImpl.lambda$applyToMutableState$1(Ljava/util/function/Consumer;Lorg/gradle/api/internal/project/ProjectInternal;)Ljava/lang/Object;+2
j  org.gradle.api.internal.project.DefaultProjectStateRegistry$ProjectStateImpl$$Lambda$761+0x000001cf7c62a320.apply(Ljava/lang/Object;)Ljava/lang/Object;+8
j  org.gradle.api.internal.project.DefaultProjectStateRegistry$ProjectStateImpl.fromMutableState(Ljava/util/function/Function;)Ljava/lang/Object;+97
j  org.gradle.api.internal.project.DefaultProjectStateRegistry$ProjectStateImpl.applyToMutableState(Ljava/util/function/Consumer;)V+7
j  org.gradle.api.internal.project.BuildOperationCrossProjectConfigurator.runProjectConfigureAction(Lorg/gradle/api/internal/project/ProjectInternal;Lorg/gradle/api/Action;)V+14
j  org.gradle.api.internal.project.BuildOperationCrossProjectConfigurator.access$100(Lorg/gradle/api/internal/project/BuildOperationCrossProjectConfigurator;Lorg/gradle/api/internal/project/ProjectInternal;Lorg/gradle/api/Action;)V+3
j  org.gradle.api.internal.project.BuildOperationCrossProjectConfigurator$BlockConfigureBuildOperation.run(Lorg/gradle/internal/operations/BuildOperationContext;)V+38
J 8409 c1 org.gradle.internal.operations.DefaultBuildOperationRunner$1.execute(Lorg/gradle/internal/operations/BuildOperation;Lorg/gradle/internal/operations/BuildOperationContext;)V (10 bytes) @ 0x000001cf00edbd44 [0x000001cf00edbae0+0x0000000000000264]
J 10561 c1 org.gradle.internal.operations.DefaultBuildOperationRunner$2.execute(Lorg/gradle/internal/operations/BuildOperationDescriptor;Lorg/gradle/internal/operations/BuildOperationState;Lorg/gradle/internal/operations/BuildOperationState;Lorg/gradle/internal/operations/DefaultBuildOperationRunner$ReadableBuildOperationContext;Lorg/gradle/internal/operations/DefaultBuildOperationRunner$BuildOperationExecutionListener;)Lorg/gradle/internal/operations/BuildOperation; (110 bytes) @ 0x000001cf01127bbc [0x000001cf011279c0+0x00000000000001fc]
J 6996 c1 org.gradle.internal.operations.DefaultBuildOperationRunner$2.execute(Lorg/gradle/internal/operations/BuildOperationDescriptor;Lorg/gradle/internal/operations/BuildOperationState;Lorg/gradle/internal/operations/BuildOperationState;Lorg/gradle/internal/operations/DefaultBuildOperationRunner$ReadableBuildOperationContext;Lorg/gradle/internal/operations/DefaultBuildOperationRunner$BuildOperationExecutionListener;)Ljava/lang/Object; (12 bytes) @ 0x000001cf00c36834 [0x000001cf00c367c0+0x0000000000000074]
J 9292 c1 org.gradle.internal.operations.DefaultBuildOperationRunner.execute(Lorg/gradle/internal/operations/BuildOperationDescriptor$Builder;Lorg/gradle/internal/operations/BuildOperationState;Lorg/gradle/internal/operations/DefaultBuildOperationRunner$BuildOperationExecution;)Ljava/lang/Object; (147 bytes) @ 0x000001cf0106b774 [0x000001cf0106abe0+0x0000000000000b94]
J 6598 c1 org.gradle.internal.operations.DefaultBuildOperationRunner.execute(Lorg/gradle/internal/operations/BuildOperation;Lorg/gradle/internal/operations/BuildOperationWorker;Lorg/gradle/internal/operations/BuildOperationState;)V (23 bytes) @ 0x000001cf00b7b08c [0x000001cf00b7ade0+0x00000000000002ac]
J 7941 c1 org.gradle.internal.operations.DefaultBuildOperationRunner.run(Lorg/gradle/internal/operations/RunnableBuildOperation;)V (13 bytes) @ 0x000001cf00de2ddc [0x000001cf00de2a00+0x00000000000003dc]
j  org.gradle.api.internal.project.BuildOperationCrossProjectConfigurator.runBlockConfigureAction(Lorg/gradle/internal/operations/BuildOperationDescriptor$Builder;Ljava/lang/Iterable;Lorg/gradle/api/Action;)V+16
j  org.gradle.api.internal.project.BuildOperationCrossProjectConfigurator.subprojects(Ljava/lang/Iterable;Lorg/gradle/api/Action;)V+6
j  org.gradle.api.internal.project.DefaultProject.subprojects(Lorg/gradle/api/internal/project/ProjectInternal;Lorg/gradle/api/Action;)V+10
j  org.gradle.api.internal.project.DefaultProject.subprojects(Lgroovy/lang/Closure;)V+6
v  ~StubRoutines::call_stub
J 2414  jdk.internal.reflect.NativeMethodAccessorImpl.invoke0(Ljava/lang/reflect/Method;Ljava/lang/Object;[Ljava/lang/Object;)Ljava/lang/Object; java.base@17.0.19 (0 bytes) @ 0x000001cf103ffdc7 [0x000001cf103ffd40+0x0000000000000087]
J 2753 c1 jdk.internal.reflect.NativeMethodAccessorImpl.invoke(Ljava/lang/Object;[Ljava/lang/Object;)Ljava/lang/Object; java.base@17.0.19 (137 bytes) @ 0x000001cf00575a74 [0x000001cf00575080+0x00000000000009f4]
J 1906 c1 jdk.internal.reflect.DelegatingMethodAccessorImpl.invoke(Ljava/lang/Object;[Ljava/lang/Object;)Ljava/lang/Object; java.base@17.0.19 (10 bytes) @ 0x000001cf0039dacc [0x000001cf0039d9c0+0x000000000000010c]
J 1905 c1 java.lang.reflect.Method.invoke(Ljava/lang/Object;[Ljava/lang/Object;)Ljava/lang/Object; java.base@17.0.19 (65 bytes) @ 0x000001cf0039d534 [0x000001cf0039d200+0x0000000000000334]
j  org.codehaus.groovy.reflection.CachedMethod.invoke(Ljava/lang/Object;[Ljava/lang/Object;)Ljava/lang/Object;+30
j  groovy.lang.MetaMethod.doMethodInvoke(Ljava/lang/Object;[Ljava/lang/Object;)Ljava/lang/Object;+9
j  org.gradle.internal.metaobject.BeanDynamicObject$MetaClassAdapter.invokeMethod(Ljava/lang/String;[Ljava/lang/Object;)Lorg/gradle/internal/metaobject/DynamicInvokeResult;+41
j  org.gradle.internal.metaobject.BeanDynamicObject.tryInvokeMethod(Ljava/lang/String;[Ljava/lang/Object;)Lorg/gradle/internal/metaobject/DynamicInvokeResult;+6
j  org.gradle.api.internal.project.MutableStateAccessAwareDynamicObject.tryInvokeMethod(Ljava/lang/String;[Ljava/lang/Object;)Lorg/gradle/internal/metaobject/DynamicInvokeResult;+6
j  org.gradle.internal.metaobject.CompositeDynamicObject.tryInvokeMethod(Ljava/lang/String;[Ljava/lang/Object;)Lorg/gradle/internal/metaobject/DynamicInvokeResult;+29
j  org.gradle.internal.extensibility.MixInClosurePropertiesAsMethodsDynamicObject.tryInvokeMethod(Ljava/lang/String;[Ljava/lang/Object;)Lorg/gradle/internal/metaobject/DynamicInvokeResult;+3
j  org.gradle.groovy.scripts.BasicScript$ScriptDynamicObject.tryInvokeMethod(Ljava/lang/String;[Ljava/lang/Object;)Lorg/gradle/internal/metaobject/DynamicInvokeResult;+27
j  org.gradle.internal.metaobject.AbstractDynamicObject.invokeMethod(Ljava/lang/String;[Ljava/lang/Object;)Ljava/lang/Object;+3
j  org.gradle.api.internal.project.DefaultDynamicLookupRoutine.invokeMethod(Lorg/gradle/internal/metaobject/DynamicObject;Ljava/lang/String;[Ljava/lang/Object;)Ljava/lang/Object;+3
j  org.gradle.groovy.scripts.BasicScript.invokeMethod(Ljava/lang/String;Ljava/lang/Object;)Ljava/lang/Object;+13
j  org.codehaus.groovy.runtime.callsite.PogoMetaClassSite.callCurrent(Lgroovy/lang/GroovyObject;[Ljava/lang/Object;)Ljava/lang/Object;+80
j  org.codehaus.groovy.runtime.callsite.CallSiteArray.defaultCallCurrent(Lorg/codehaus/groovy/runtime/callsite/CallSite;Lgroovy/lang/GroovyObject;[Ljava/lang/Object;)Ljava/lang/Object;+17
j  org.codehaus.groovy.runtime.callsite.AbstractCallSite.callCurrent(Lgroovy/lang/GroovyObject;[Ljava/lang/Object;)Ljava/lang/Object;+3
j  org.codehaus.groovy.runtime.callsite.AbstractCallSite.callCurrent(Lgroovy/lang/GroovyObject;Ljava/lang/Object;)Ljava/lang/Object;+33
j  build_8nqygtxpvjti914d3vfn8yb4n.run()Ljava/lang/Object;+145
j  org.gradle.groovy.scripts.internal.DefaultScriptRunnerFactory$ScriptRunnerImpl.run(Ljava/lang/Object;Lorg/gradle/internal/service/ServiceRegistry;)V+57
j  org.gradle.configuration.DefaultScriptPluginFactory$ScriptPluginImpl.lambda$apply$1(Lorg/gradle/groovy/scripts/ScriptRunner;Ljava/lang/Object;Lorg/gradle/internal/service/CloseableServiceRegistry;)V+3
j  org.gradle.configuration.DefaultScriptPluginFactory$ScriptPluginImpl$$Lambda$498+0x000001cf7c447028.run()V+12
j  org.gradle.configuration.ProjectScriptTarget.addConfiguration(Ljava/lang/Runnable;Z)V+18
j  org.gradle.configuration.DefaultScriptPluginFactory$ScriptPluginImpl.apply(Ljava/lang/Object;)V+342
j  org.gradle.configuration.BuildOperationScriptPlugin$1.run(Lorg/gradle/internal/operations/BuildOperationContext;)V+11
J 8409 c1 org.gradle.internal.operations.DefaultBuildOperationRunner$1.execute(Lorg/gradle/internal/operations/BuildOperation;Lorg/gradle/internal/operations/BuildOperationContext;)V (10 bytes) @ 0x000001cf00edbd44 [0x000001cf00edbae0+0x0000000000000264]
J 10561 c1 org.gradle.internal.operations.DefaultBuildOperationRunner$2.execute(Lorg/gradle/internal/operations/BuildOperationDescriptor;Lorg/gradle/internal/operations/BuildOperationState;Lorg/gradle/internal/operations/BuildOperationState;Lorg/gradle/internal/operations/DefaultBuildOperationRunner$ReadableBuildOperationContext;Lorg/gradle/internal/operations/DefaultBuildOperationRunner$BuildOperationExecutionListener;)Lorg/gradle/internal/operations/BuildOperation; (110 bytes) @ 0x000001cf01127bbc [0x000001cf011279c0+0x00000000000001fc]
J 6996 c1 org.gradle.internal.operations.DefaultBuildOperationRunner$2.execute(Lorg/gradle/internal/operations/BuildOperationDescriptor;Lorg/gradle/internal/operations/BuildOperationState;Lorg/gradle/internal/operations/BuildOperationState;Lorg/gradle/internal/operations/DefaultBuildOperationRunner$ReadableBuildOperationContext;Lorg/gradle/internal/operations/DefaultBuildOperationRunner$BuildOperationExecutionListener;)Ljava/lang/Object; (12 bytes) @ 0x000001cf00c36834 [0x000001cf00c367c0+0x0000000000000074]
J 9292 c1 org.gradle.internal.operations.DefaultBuildOperationRunner.execute(Lorg/gradle/internal/operations/BuildOperationDescriptor$Builder;Lorg/gradle/internal/operations/BuildOperationState;Lorg/gradle/internal/operations/DefaultBuildOperationRunner$BuildOperationExecution;)Ljava/lang/Object; (147 bytes) @ 0x000001cf0106b774 [0x000001cf0106abe0+0x0000000000000b94]
J 6598 c1 org.gradle.internal.operations.DefaultBuildOperationRunner.execute(Lorg/gradle/internal/operations/BuildOperation;Lorg/gradle/internal/operations/BuildOperationWorker;Lorg/gradle/internal/operations/BuildOperationState;)V (23 bytes) @ 0x000001cf00b7b08c [0x000001cf00b7ade0+0x00000000000002ac]
J 7941 c1 org.gradle.internal.operations.DefaultBuildOperationRunner.run(Lorg/gradle/internal/operations/RunnableBuildOperation;)V (13 bytes) @ 0x000001cf00de2ddc [0x000001cf00de2a00+0x00000000000003dc]
j  org.gradle.configuration.BuildOperationScriptPlugin.lambda$apply$0(Ljava/lang/Object;Lorg/gradle/internal/code/UserCodeApplicationId;)V+14
j  org.gradle.configuration.BuildOperationScriptPlugin$$Lambda$445+0x000001cf7c422fb8.execute(Ljava/lang/Object;)V+12
j  org.gradle.internal.code.DefaultUserCodeApplicationContext.apply(Lorg/gradle/internal/code/UserCodeSource;Lorg/gradle/api/Action;)V+37
j  org.gradle.configuration.BuildOperationScriptPlugin.apply(Ljava/lang/Object;)V+71
j  org.gradle.configuration.project.BuildScriptProcessor$$Lambda$814+0x000001cf7c68db58.accept(Ljava/lang/Object;)V+8
j  org.gradle.api.internal.project.DefaultProjectStateRegistry$ProjectStateImpl.lambda$applyToMutableState$1(Ljava/util/function/Consumer;Lorg/gradle/api/internal/project/ProjectInternal;)Ljava/lang/Object;+2
j  org.gradle.api.internal.project.DefaultProjectStateRegistry$ProjectStateImpl$$Lambda$761+0x000001cf7c62a320.apply(Ljava/lang/Object;)Ljava/lang/Object;+8
j  org.gradle.api.internal.project.DefaultProjectStateRegistry$ProjectStateImpl.fromMutableState(Ljava/util/function/Function;)Ljava/lang/Object;+97
j  org.gradle.api.internal.project.DefaultProjectStateRegistry$ProjectStateImpl.applyToMutableState(Ljava/util/function/Consumer;)V+7
j  org.gradle.configuration.project.BuildScriptProcessor.execute(Lorg/gradle/api/internal/project/ProjectInternal;)V+88
j  org.gradle.configuration.project.BuildScriptProcessor.execute(Ljava/lang/Object;)V+5
j  org.gradle.configuration.project.ConfigureActionsProjectEvaluator.evaluate(Lorg/gradle/api/internal/project/ProjectInternal;Lorg/gradle/api/internal/project/ProjectStateInternal;)V+33
j  org.gradle.configuration.project.LifecycleProjectEvaluator$EvaluateProject.lambda$run$0(Lorg/gradle/internal/operations/BuildOperationContext;Lorg/gradle/api/internal/project/ProjectInternal;)V+67
j  org.gradle.configuration.project.LifecycleProjectEvaluator$EvaluateProject$$Lambda$790+0x000001cf7c669848.accept(Ljava/lang/Object;)V+12
j  org.gradle.api.internal.project.DefaultProjectStateRegistry$ProjectStateImpl.lambda$applyToMutableState$1(Ljava/util/function/Consumer;Lorg/gradle/api/internal/project/ProjectInternal;)Ljava/lang/Object;+2
j  org.gradle.api.internal.project.DefaultProjectStateRegistry$ProjectStateImpl$$Lambda$761+0x000001cf7c62a320.apply(Ljava/lang/Object;)Ljava/lang/Object;+8
j  org.gradle.api.internal.project.DefaultProjectStateRegistry$ProjectStateImpl.lambda$fromMutableState$2(Ljava/util/function/Function;)Ljava/lang/Object;+5
j  org.gradle.api.internal.project.DefaultProjectStateRegistry$ProjectStateImpl$$Lambda$762+0x000001cf7c62a560.create()Ljava/lang/Object;+8
j  org.gradle.internal.work.DefaultWorkerLeaseService.withReplacedLocks(Ljava/util/Collection;Lorg/gradle/internal/resources/ResourceLock;Lorg/gradle/internal/Factory;)Ljava/lang/Object;+40
j  org.gradle.api.internal.project.DefaultProjectStateRegistry$ProjectStateImpl.fromMutableState(Ljava/util/function/Function;)Ljava/lang/Object;+133
j  org.gradle.api.internal.project.DefaultProjectStateRegistry$ProjectStateImpl.applyToMutableState(Ljava/util/function/Consumer;)V+7
j  org.gradle.configuration.project.LifecycleProjectEvaluator$EvaluateProject.run(Lorg/gradle/internal/operations/BuildOperationContext;)V+16
J 8409 c1 org.gradle.internal.operations.DefaultBuildOperationRunner$1.execute(Lorg/gradle/internal/operations/BuildOperation;Lorg/gradle/internal/operations/BuildOperationContext;)V (10 bytes) @ 0x000001cf00edbd44 [0x000001cf00edbae0+0x0000000000000264]
J 10561 c1 org.gradle.internal.operations.DefaultBuildOperationRunner$2.execute(Lorg/gradle/internal/operations/BuildOperationDescriptor;Lorg/gradle/internal/operations/BuildOperationState;Lorg/gradle/internal/operations/BuildOperationState;Lorg/gradle/internal/operations/DefaultBuildOperationRunner$ReadableBuildOperationContext;Lorg/gradle/internal/operations/DefaultBuildOperationRunner$BuildOperationExecutionListener;)Lorg/gradle/internal/operations/BuildOperation; (110 bytes) @ 0x000001cf01127bbc [0x000001cf011279c0+0x00000000000001fc]
J 6996 c1 org.gradle.internal.operations.DefaultBuildOperationRunner$2.execute(Lorg/gradle/internal/operations/BuildOperationDescriptor;Lorg/gradle/internal/operations/BuildOperationState;Lorg/gradle/internal/operations/BuildOperationState;Lorg/gradle/internal/operations/DefaultBuildOperationRunner$ReadableBuildOperationContext;Lorg/gradle/internal/operations/DefaultBuildOperationRunner$BuildOperationExecutionListener;)Ljava/lang/Object; (12 bytes) @ 0x000001cf00c36834 [0x000001cf00c367c0+0x0000000000000074]
J 9292 c1 org.gradle.internal.operations.DefaultBuildOperationRunner.execute(Lorg/gradle/internal/operations/BuildOperationDescriptor$Builder;Lorg/gradle/internal/operations/BuildOperationState;Lorg/gradle/internal/operations/DefaultBuildOperationRunner$BuildOperationExecution;)Ljava/lang/Object; (147 bytes) @ 0x000001cf0106b774 [0x000001cf0106abe0+0x0000000000000b94]
J 6598 c1 org.gradle.internal.operations.DefaultBuildOperationRunner.execute(Lorg/gradle/internal/operations/BuildOperation;Lorg/gradle/internal/operations/BuildOperationWorker;Lorg/gradle/internal/operations/BuildOperationState;)V (23 bytes) @ 0x000001cf00b7b08c [0x000001cf00b7ade0+0x00000000000002ac]
J 7941 c1 org.gradle.internal.operations.DefaultBuildOperationRunner.run(Lorg/gradle/internal/operations/RunnableBuildOperation;)V (13 bytes) @ 0x000001cf00de2ddc [0x000001cf00de2a00+0x00000000000003dc]
j  org.gradle.configuration.project.LifecycleProjectEvaluator.evaluate(Lorg/gradle/api/internal/project/ProjectInternal;Lorg/gradle/api/internal/project/ProjectStateInternal;)V+42
j  org.gradle.api.internal.project.DefaultProject.evaluateUnchecked()Lorg/gradle/api/internal/project/ProjectInternal;+20
j  org.gradle.api.internal.project.ProjectLifecycleController.lambda$ensureSelfConfigured$2()V+4
j  org.gradle.api.internal.project.ProjectLifecycleController$$Lambda$788+0x000001cf7c668220.run()V+4
j  org.gradle.internal.model.StateTransitionController.lambda$doTransition$14(Ljava/lang/Runnable;)Lorg/gradle/internal/build/ExecutionResult;+1
j  org.gradle.internal.model.StateTransitionController$$Lambda$425+0x000001cf7c3b7860.get()Ljava/lang/Object;+4
j  org.gradle.internal.model.StateTransitionController.doTransition(Lorg/gradle/internal/model/StateTransitionController$State;Lorg/gradle/internal/model/StateTransitionController$State;Ljava/util/function/Supplier;)Lorg/gradle/internal/build/ExecutionResult;+24
j  org.gradle.internal.model.StateTransitionController.doTransition(Lorg/gradle/internal/model/StateTransitionController$State;Lorg/gradle/internal/model/StateTransitionController$State;Ljava/lang/Runnable;)V+9
j  org.gradle.internal.model.StateTransitionController.lambda$maybeTransitionIfNotCurrentlyTransitioning$10(Lorg/gradle/internal/model/StateTransitionController$State;Lorg/gradle/internal/model/StateTransitionController$State;Ljava/lang/Runnable;)V+16
j  org.gradle.internal.model.StateTransitionController$$Lambda$789+0x000001cf7c668440.run()V+16
j  org.gradle.internal.work.DefaultSynchronizer.withLock(Ljava/lang/Runnable;)V+6
j  org.gradle.internal.model.StateTransitionController.maybeTransitionIfNotCurrentlyTransitioning(Lorg/gradle/internal/model/StateTransitionController$State;Lorg/gradle/internal/model/StateTransitionController$State;Ljava/lang/Runnable;)V+13
j  org.gradle.api.internal.project.ProjectLifecycleController.ensureSelfConfigured()V+16
j  org.gradle.api.internal.project.DefaultProjectStateRegistry$ProjectStateImpl.ensureConfigured()V+19
j  org.gradle.execution.TaskPathProjectEvaluator.configure(Lorg/gradle/api/internal/project/ProjectInternal;)V+6
j  org.gradle.execution.TaskPathProjectEvaluator.configureHierarchy(Lorg/gradle/api/internal/project/ProjectInternal;)V+2
j  org.gradle.configuration.DefaultProjectsPreparer.prepareProjects(Lorg/gradle/api/internal/GradleInternal;)V+52
j  org.gradle.configuration.BuildTreePreparingProjectsPreparer.prepareProjects(Lorg/gradle/api/internal/GradleInternal;)V+114
j  org.gradle.configuration.BuildOperationFiringProjectsPreparer$ConfigureBuild.run(Lorg/gradle/internal/operations/BuildOperationContext;)V+11
J 8409 c1 org.gradle.internal.operations.DefaultBuildOperationRunner$1.execute(Lorg/gradle/internal/operations/BuildOperation;Lorg/gradle/internal/operations/BuildOperationContext;)V (10 bytes) @ 0x000001cf00edbd44 [0x000001cf00edbae0+0x0000000000000264]
J 10561 c1 org.gradle.internal.operations.DefaultBuildOperationRunner$2.execute(Lorg/gradle/internal/operations/BuildOperationDescriptor;Lorg/gradle/internal/operations/BuildOperationState;Lorg/gradle/internal/operations/BuildOperationState;Lorg/gradle/internal/operations/DefaultBuildOperationRunner$ReadableBuildOperationContext;Lorg/gradle/internal/operations/DefaultBuildOperationRunner$BuildOperationExecutionListener;)Lorg/gradle/internal/operations/BuildOperation; (110 bytes) @ 0x000001cf01127bbc [0x000001cf011279c0+0x00000000000001fc]
J 6996 c1 org.gradle.internal.operations.DefaultBuildOperationRunner$2.execute(Lorg/gradle/internal/operations/BuildOperationDescriptor;Lorg/gradle/internal/operations/BuildOperationState;Lorg/gradle/internal/operations/BuildOperationState;Lorg/gradle/internal/operations/DefaultBuildOperationRunner$ReadableBuildOperationContext;Lorg/gradle/internal/operations/DefaultBuildOperationRunner$BuildOperationExecutionListener;)Ljava/lang/Object; (12 bytes) @ 0x000001cf00c36834 [0x000001cf00c367c0+0x0000000000000074]
J 9292 c1 org.gradle.internal.operations.DefaultBuildOperationRunner.execute(Lorg/gradle/internal/operations/BuildOperationDescriptor$Builder;Lorg/gradle/internal/operations/BuildOperationState;Lorg/gradle/internal/operations/DefaultBuildOperationRunner$BuildOperationExecution;)Ljava/lang/Object; (147 bytes) @ 0x000001cf0106b774 [0x000001cf0106abe0+0x0000000000000b94]
J 6598 c1 org.gradle.internal.operations.DefaultBuildOperationRunner.execute(Lorg/gradle/internal/operations/BuildOperation;Lorg/gradle/internal/operations/BuildOperationWorker;Lorg/gradle/internal/operations/BuildOperationState;)V (23 bytes) @ 0x000001cf00b7b08c [0x000001cf00b7ade0+0x00000000000002ac]
J 7941 c1 org.gradle.internal.operations.DefaultBuildOperationRunner.run(Lorg/gradle/internal/operations/RunnableBuildOperation;)V (13 bytes) @ 0x000001cf00de2ddc [0x000001cf00de2a00+0x00000000000003dc]
j  org.gradle.configuration.BuildOperationFiringProjectsPreparer.prepareProjects(Lorg/gradle/api/internal/GradleInternal;)V+13
j  org.gradle.initialization.VintageBuildModelController.lambda$prepareProjects$2()V+8
j  org.gradle.initialization.VintageBuildModelController$$Lambda$743+0x000001cf7c610440.run()V+4
j  org.gradle.internal.model.StateTransitionController.lambda$doTransition$14(Ljava/lang/Runnable;)Lorg/gradle/internal/build/ExecutionResult;+1
j  org.gradle.internal.model.StateTransitionController$$Lambda$425+0x000001cf7c3b7860.get()Ljava/lang/Object;+4
j  org.gradle.internal.model.StateTransitionController.doTransition(Lorg/gradle/internal/model/StateTransitionController$State;Lorg/gradle/internal/model/StateTransitionController$State;Ljava/util/function/Supplier;)Lorg/gradle/internal/build/ExecutionResult;+24
j  org.gradle.internal.model.StateTransitionController.doTransition(Lorg/gradle/internal/model/StateTransitionController$State;Lorg/gradle/internal/model/StateTransitionController$State;Ljava/lang/Runnable;)V+9
j  org.gradle.internal.model.StateTransitionController.lambda$transitionIfNotPreviously$11(Lorg/gradle/internal/model/StateTransitionController$State;Lorg/gradle/internal/model/StateTransitionController$State;Ljava/lang/Runnable;)V+16
j  org.gradle.internal.model.StateTransitionController$$Lambda$424+0x000001cf7c3b7640.run()V+16
j  org.gradle.internal.work.DefaultSynchronizer.withLock(Ljava/lang/Runnable;)V+6
j  org.gradle.internal.model.StateTransitionController.transitionIfNotPreviously(Lorg/gradle/internal/model/StateTransitionController$State;Lorg/gradle/internal/model/StateTransitionController$State;Ljava/lang/Runnable;)V+13
j  org.gradle.initialization.VintageBuildModelController.prepareProjects()V+16
j  org.gradle.initialization.VintageBuildModelController.getConfiguredModel()Lorg/gradle/api/internal/GradleInternal;+5
j  org.gradle.internal.build.DefaultBuildLifecycleController.lambda$withProjectsConfigured$1(Ljava/util/function/Function;)Ljava/lang/Object;+5
j  org.gradle.internal.build.DefaultBuildLifecycleController$$Lambda$421+0x000001cf7c3b6fe0.get()Ljava/lang/Object;+8
j  org.gradle.internal.model.StateTransitionController.lambda$notInState$3(Lorg/gradle/internal/model/StateTransitionController$State;Ljava/util/function/Supplier;)Ljava/lang/Object;+11
j  org.gradle.internal.model.StateTransitionController$$Lambda$422+0x000001cf7c3b7200.create()Ljava/lang/Object;+12
j  org.gradle.internal.work.DefaultSynchronizer.withLock(Lorg/gradle/internal/Factory;)Ljava/lang/Object;+6
j  org.gradle.internal.model.StateTransitionController.notInState(Lorg/gradle/internal/model/StateTransitionController$State;Ljava/util/function/Supplier;)Ljava/lang/Object;+12
j  org.gradle.internal.build.DefaultBuildLifecycleController.withProjectsConfigured(Ljava/util/function/Function;)Ljava/lang/Object;+14
j  org.gradle.internal.build.DefaultBuildToolingModelController.locateBuilderForTarget(Ljava/lang/String;Z)Lorg/gradle/tooling/provider/model/internal/ToolingModelScope;+38
j  org.gradle.internal.buildtree.DefaultBuildTreeModelCreator$DefaultBuildTreeModelController.lambda$locateBuilderForBuildTarget$0(Ljava/lang/String;ZLorg/gradle/internal/build/BuildToolingModelController;)Lorg/gradle/tooling/provider/model/internal/ToolingModelScope;+3
j  org.gradle.internal.buildtree.DefaultBuildTreeModelCreator$DefaultBuildTreeModelController$$Lambda$401+0x000001cf7c396580.apply(Ljava/lang/Object;)Ljava/lang/Object;+12
j  org.gradle.internal.build.DefaultBuildLifecycleController.withToolingModels(Ljava/util/function/Function;)Ljava/lang/Object;+15
j  org.gradle.internal.build.AbstractBuildState.withToolingModels(Ljava/util/function/Function;)Ljava/lang/Object;+5
j  org.gradle.internal.buildtree.DefaultBuildTreeModelCreator$DefaultBuildTreeModelController.locateBuilderForBuildTarget(Lorg/gradle/internal/build/BuildState;Ljava/lang/String;Z)Lorg/gradle/tooling/provider/model/internal/ToolingModelScope;+8
j  org.gradle.internal.buildtree.DefaultBuildTreeModelCreator$DefaultBuildTreeModelController.locateBuilderForDefaultTarget(Ljava/lang/String;Z)Lorg/gradle/tooling/provider/model/internal/ToolingModelScope;+10
j  org.gradle.internal.buildtree.DefaultBuildTreeModelCreator$DefaultBuildTreeModelController.locateBuilderForTarget(Lorg/gradle/internal/buildtree/BuildTreeModelTarget;Ljava/lang/String;Z)Lorg/gradle/tooling/provider/model/internal/ToolingModelScope;+10
j  org.gradle.internal.buildtree.DefaultBuildTreeModelCreator$DefaultBuildTreeModelController.access$200(Lorg/gradle/internal/buildtree/DefaultBuildTreeModelCreator$DefaultBuildTreeModelController;Lorg/gradle/internal/buildtree/BuildTreeModelTarget;Ljava/lang/String;Z)Lorg/gradle/tooling/provider/model/internal/ToolingModelScope;+4
j  org.gradle.internal.buildtree.DefaultBuildTreeModelCreator$DefaultBuildTreeModelController$1.call(Lorg/gradle/internal/operations/BuildOperationContext;)Ljava/lang/Object;+24
j  org.gradle.internal.operations.DefaultBuildOperationRunner$CallableBuildOperationWorker.execute(Lorg/gradle/internal/operations/CallableBuildOperation;Lorg/gradle/internal/operations/BuildOperationContext;)V+3
j  org.gradle.internal.operations.DefaultBuildOperationRunner$CallableBuildOperationWorker.execute(Lorg/gradle/internal/operations/BuildOperation;Lorg/gradle/internal/operations/BuildOperationContext;)V+6
j  org.gradle.internal.operations.DefaultBuildOperationRunner$2.execute(Lorg/gradle/internal/operations/BuildOperationDescriptor;Lorg/gradle/internal/operations/BuildOperationState;Lorg/gradle/internal/operations/BuildOperationState;Lorg/gradle/internal/operations/DefaultBuildOperationRunner$ReadableBuildOperationContext;Lorg/gradle/internal/operations/DefaultBuildOperationRunner$BuildOperationExecutionListener;)Lorg/gradle/internal/operations/BuildOperation;+22
j  org.gradle.internal.operations.DefaultBuildOperationRunner$2.execute(Lorg/gradle/internal/operations/BuildOperationDescriptor;Lorg/gradle/internal/operations/BuildOperationState;Lorg/gradle/internal/operations/BuildOperationState;Lorg/gradle/internal/operations/DefaultBuildOperationRunner$ReadableBuildOperationContext;Lorg/gradle/internal/operations/DefaultBuildOperationRunner$BuildOperationExecutionListener;)Ljava/lang/Object;+8
j  org.gradle.internal.operations.DefaultBuildOperationRunner.execute(Lorg/gradle/internal/operations/BuildOperationDescriptor$Builder;Lorg/gradle/internal/operations/BuildOperationState;Lorg/gradle/internal/operations/DefaultBuildOperationRunner$BuildOperationExecution;)Ljava/lang/Object;+141
j  org.gradle.internal.operations.DefaultBuildOperationRunner.execute(Lorg/gradle/internal/operations/BuildOperation;Lorg/gradle/internal/operations/BuildOperationWorker;Lorg/gradle/internal/operations/BuildOperationState;)V+18
j  org.gradle.internal.operations.DefaultBuildOperationRunner.call(Lorg/gradle/internal/operations/CallableBuildOperation;)Ljava/lang/Object;+16
j  org.gradle.internal.buildtree.DefaultBuildTreeModelCreator$DefaultBuildTreeModelController.getModel(Lorg/gradle/internal/buildtree/BuildTreeModelTarget;Ljava/lang/String;Ljava/lang/Object;)Ljava/lang/Object;+18
j  org.gradle.tooling.internal.provider.runner.DefaultBuildController.getModel(Ljava/lang/Object;Lorg/gradle/tooling/internal/protocol/ModelIdentifier;Ljava/lang/Object;)Lorg/gradle/tooling/internal/protocol/BuildResult;+61
j  org.gradle.tooling.internal.consumer.connection.ParameterAwareBuildControllerAdapter.getModel(Ljava/lang/Object;Lorg/gradle/tooling/internal/protocol/ModelIdentifier;Ljava/lang/Object;)Lorg/gradle/tooling/internal/protocol/BuildResult;+7
j  org.gradle.tooling.internal.consumer.connection.UnparameterizedBuildController.getModel(Lorg/gradle/tooling/model/Model;Ljava/lang/Class;Ljava/lang/Class;Lorg/gradle/api/Action;)Ljava/lang/Object;+44
j  org.gradle.tooling.internal.consumer.connection.NestedActionAwareBuildControllerAdapter.getModel(Lorg/gradle/tooling/model/Model;Ljava/lang/Class;Ljava/lang/Class;Lorg/gradle/api/Action;)Ljava/lang/Object;+6
j  org.gradle.tooling.internal.consumer.connection.UnparameterizedBuildController.getModel(Lorg/gradle/tooling/model/Model;Ljava/lang/Class;)Ljava/lang/Object;+5
j  org.gradle.tooling.internal.consumer.connection.NestedActionAwareBuildControllerAdapter.getModel(Lorg/gradle/tooling/model/Model;Ljava/lang/Class;)Ljava/lang/Object;+3
j  org.gradle.tooling.internal.consumer.connection.UnparameterizedBuildController.getModel(Ljava/lang/Class;)Ljava/lang/Object;+3
j  org.gradle.tooling.internal.consumer.connection.NestedActionAwareBuildControllerAdapter.getModel(Ljava/lang/Class;)Ljava/lang/Object;+2
j  org.eclipse.buildship.core.internal.workspace.TellGradleToRunSynchronizationTasks.execute(Lorg/gradle/tooling/BuildController;)Ljava/lang/Void;+3
j  org.eclipse.buildship.core.internal.workspace.TellGradleToRunSynchronizationTasks.execute(Lorg/gradle/tooling/BuildController;)Ljava/lang/Object;+2
j  org.eclipse.buildship.core.internal.workspace.BuildActionSequence.execute(Lorg/gradle/tooling/BuildController;)Ljava/lang/Void;+26
j  org.eclipse.buildship.core.internal.workspace.BuildActionSequence.execute(Lorg/gradle/tooling/BuildController;)Ljava/lang/Object;+2
j  org.gradle.tooling.internal.consumer.connection.InternalBuildActionAdapter.execute(Lorg/gradle/tooling/internal/protocol/InternalBuildControllerVersion2;)Ljava/lang/Object;+11
j  org.gradle.tooling.internal.provider.runner.AbstractClientProvidedBuildActionRunner$ActionAdapter.executeAction(Ljava/lang/Object;Lorg/gradle/tooling/internal/provider/runner/DefaultBuildController;)Ljava/lang/Object;+12
j  org.gradle.tooling.internal.provider.runner.AbstractClientProvidedBuildActionRunner$ActionAdapter.runAction(Lorg/gradle/internal/buildtree/BuildTreeModelController;Ljava/lang/Object;Lorg/gradle/tooling/internal/protocol/PhasedActionResult$Phase;)V+29
j  org.gradle.tooling.internal.provider.runner.AbstractClientProvidedBuildActionRunner$ActionAdapter.beforeTasks(Lorg/gradle/internal/buildtree/BuildTreeModelController;)V+14
j  org.gradle.internal.buildtree.DefaultBuildTreeModelCreator.beforeTasks(Lorg/gradle/internal/buildtree/BuildTreeModelAction;)V+10
j  org.gradle.internal.buildtree.DefaultBuildTreeLifecycleController.lambda$fromBuildModel$2(Lorg/gradle/internal/buildtree/BuildTreeModelAction;Z)Lorg/gradle/internal/build/ExecutionResult;+5
j  org.gradle.internal.buildtree.DefaultBuildTreeLifecycleController$$Lambda$397+0x000001cf7c387cd8.get()Ljava/lang/Object;+12
j  org.gradle.internal.buildtree.DefaultBuildTreeLifecycleController.lambda$runBuild$4(Ljava/util/function/Supplier;)Ljava/lang/Object;+1
j  org.gradle.internal.buildtree.DefaultBuildTreeLifecycleController$$Lambda$398+0x000001cf7c394000.get()Ljava/lang/Object;+8
j  org.gradle.internal.model.StateTransitionController.lambda$transition$6(Ljava/util/function/Supplier;)Lorg/gradle/internal/build/ExecutionResult;+1
j  org.gradle.internal.model.StateTransitionController$$Lambda$400+0x000001cf7c394440.get()Ljava/lang/Object;+4
j  org.gradle.internal.model.StateTransitionController.doTransition(Lorg/gradle/internal/model/StateTransitionController$State;Lorg/gradle/internal/model/StateTransitionController$State;Ljava/util/function/Supplier;)Lorg/gradle/internal/build/ExecutionResult;+24
j  org.gradle.internal.model.StateTransitionController.lambda$transition$7(Lorg/gradle/internal/model/StateTransitionController$State;Lorg/gradle/internal/model/StateTransitionController$State;Ljava/util/function/Supplier;)Ljava/lang/Object;+9
j  org.gradle.internal.model.StateTransitionController$$Lambda$399+0x000001cf7c394220.create()Ljava/lang/Object;+16
j  org.gradle.internal.work.DefaultSynchronizer.withLock(Lorg/gradle/internal/Factory;)Ljava/lang/Object;+6
j  org.gradle.internal.model.StateTransitionController.transition(Lorg/gradle/internal/model/StateTransitionController$State;Lorg/gradle/internal/model/StateTransitionController$State;Ljava/util/function/Supplier;)Ljava/lang/Object;+13
j  org.gradle.internal.buildtree.DefaultBuildTreeLifecycleController.runBuild(Ljava/util/function/Supplier;)Ljava/lang/Object;+17
j  org.gradle.internal.buildtree.DefaultBuildTreeLifecycleController.fromBuildModel(ZLorg/gradle/internal/buildtree/BuildTreeModelAction;)Ljava/lang/Object;+9
j  org.gradle.tooling.internal.provider.runner.AbstractClientProvidedBuildActionRunner.runClientAction(Lorg/gradle/tooling/internal/provider/runner/AbstractClientProvidedBuildActionRunner$ClientAction;Lorg/gradle/internal/buildtree/BuildTreeLifecycleController;)Lorg/gradle/internal/buildtree/BuildActionRunner$Result;+22
j  org.gradle.tooling.internal.provider.runner.ClientProvidedPhasedActionRunner.run(Lorg/gradle/internal/invocation/BuildAction;Lorg/gradle/internal/buildtree/BuildTreeLifecycleController;)Lorg/gradle/internal/buildtree/BuildActionRunner$Result;+45
j  org.gradle.launcher.exec.ChainingBuildActionRunner.run(Lorg/gradle/internal/invocation/BuildAction;Lorg/gradle/internal/buildtree/BuildTreeLifecycleController;)Lorg/gradle/internal/buildtree/BuildActionRunner$Result;+34
j  org.gradle.internal.buildtree.ProblemReportingBuildActionRunner.run(Lorg/gradle/internal/invocation/BuildAction;Lorg/gradle/internal/buildtree/BuildTreeLifecycleController;)Lorg/gradle/internal/buildtree/BuildActionRunner$Result;+12
j  org.gradle.launcher.exec.BuildOutcomeReportingBuildActionRunner.run(Lorg/gradle/internal/invocation/BuildAction;Lorg/gradle/internal/buildtree/BuildTreeLifecycleController;)Lorg/gradle/internal/buildtree/BuildActionRunner$Result;+69
j  org.gradle.tooling.internal.provider.FileSystemWatchingBuildActionRunner.run(Lorg/gradle/internal/invocation/BuildAction;Lorg/gradle/internal/buildtree/BuildTreeLifecycleController;)Lorg/gradle/internal/buildtree/BuildActionRunner$Result;+317
j  org.gradle.launcher.exec.BuildCompletionNotifyingBuildActionRunner.run(Lorg/gradle/internal/invocation/BuildAction;Lorg/gradle/internal/buildtree/BuildTreeLifecycleController;)Lorg/gradle/internal/buildtree/BuildActionRunner$Result;+6
j  org.gradle.launcher.exec.RootBuildLifecycleBuildActionExecutor.lambda$execute$0(Lorg/gradle/internal/invocation/BuildAction;Lorg/gradle/internal/buildtree/BuildTreeLifecycleController;)Lorg/gradle/internal/buildtree/BuildActionRunner$Result;+6
j  org.gradle.launcher.exec.RootBuildLifecycleBuildActionExecutor$$Lambda$307+0x000001cf7c356650.apply(Ljava/lang/Object;)Ljava/lang/Object;+12
j  org.gradle.composite.internal.DefaultRootBuildState.run(Ljava/util/function/Function;)Ljava/lang/Object;+87
j  org.gradle.launcher.exec.RootBuildLifecycleBuildActionExecutor.execute(Lorg/gradle/internal/invocation/BuildAction;Lorg/gradle/internal/buildtree/BuildTreeContext;)Lorg/gradle/internal/buildtree/BuildActionRunner$Result;+75
j  org.gradle.internal.buildtree.InitDeprecationLoggingActionExecutor.execute(Lorg/gradle/internal/invocation/BuildAction;Lorg/gradle/internal/buildtree/BuildTreeContext;)Lorg/gradle/internal/buildtree/BuildActionRunner$Result;+83
j  org.gradle.internal.buildtree.InitProblems.execute(Lorg/gradle/internal/invocation/BuildAction;Lorg/gradle/internal/buildtree/BuildTreeContext;)Lorg/gradle/internal/buildtree/BuildActionRunner$Result;+13
j  org.gradle.internal.buildtree.DefaultBuildTreeContext.execute(Lorg/gradle/internal/invocation/BuildAction;)Lorg/gradle/internal/buildtree/BuildActionRunner$Result;+64
j  org.gradle.launcher.exec.BuildTreeLifecycleBuildActionExecutor.lambda$execute$0(Lorg/gradle/internal/invocation/BuildAction;Lorg/gradle/internal/buildtree/BuildTreeContext;)Lorg/gradle/internal/buildtree/BuildActionRunner$Result;+2
j  org.gradle.launcher.exec.BuildTreeLifecycleBuildActionExecutor$$Lambda$248+0x000001cf7c29a260.apply(Ljava/lang/Object;)Ljava/lang/Object;+8
j  org.gradle.internal.buildtree.BuildTreeState.run(Ljava/util/function/Function;)Ljava/lang/Object;+47
j  org.gradle.launcher.exec.BuildTreeLifecycleBuildActionExecutor.execute(Lorg/gradle/internal/invocation/BuildAction;Lorg/gradle/internal/session/BuildSessionContext;)Lorg/gradle/internal/buildtree/BuildActionRunner$Result;+74
j  org.gradle.launcher.exec.RunAsBuildOperationBuildActionExecutor$2.call(Lorg/gradle/internal/operations/BuildOperationContext;)Lorg/gradle/internal/buildtree/BuildActionRunner$Result;+25
j  org.gradle.launcher.exec.RunAsBuildOperationBuildActionExecutor$2.call(Lorg/gradle/internal/operations/BuildOperationContext;)Ljava/lang/Object;+2
j  org.gradle.internal.operations.DefaultBuildOperationRunner$CallableBuildOperationWorker.execute(Lorg/gradle/internal/operations/CallableBuildOperation;Lorg/gradle/internal/operations/BuildOperationContext;)V+3
j  org.gradle.internal.operations.DefaultBuildOperationRunner$CallableBuildOperationWorker.execute(Lorg/gradle/internal/operations/BuildOperation;Lorg/gradle/internal/operations/BuildOperationContext;)V+6
j  org.gradle.internal.operations.DefaultBuildOperationRunner$2.execute(Lorg/gradle/internal/operations/BuildOperationDescriptor;Lorg/gradle/internal/operations/BuildOperationState;Lorg/gradle/internal/operations/BuildOperationState;Lorg/gradle/internal/operations/DefaultBuildOperationRunner$ReadableBuildOperationContext;Lorg/gradle/internal/operations/DefaultBuildOperationRunner$BuildOperationExecutionListener;)Lorg/gradle/internal/operations/BuildOperation;+22
j  org.gradle.internal.operations.DefaultBuildOperationRunner$2.execute(Lorg/gradle/internal/operations/BuildOperationDescriptor;Lorg/gradle/internal/operations/BuildOperationState;Lorg/gradle/internal/operations/BuildOperationState;Lorg/gradle/internal/operations/DefaultBuildOperationRunner$ReadableBuildOperationContext;Lorg/gradle/internal/operations/DefaultBuildOperationRunner$BuildOperationExecutionListener;)Ljava/lang/Object;+8
j  org.gradle.internal.operations.DefaultBuildOperationRunner.execute(Lorg/gradle/internal/operations/BuildOperationDescriptor$Builder;Lorg/gradle/internal/operations/BuildOperationState;Lorg/gradle/internal/operations/DefaultBuildOperationRunner$BuildOperationExecution;)Ljava/lang/Object;+141
j  org.gradle.internal.operations.DefaultBuildOperationRunner.execute(Lorg/gradle/internal/operations/BuildOperation;Lorg/gradle/internal/operations/BuildOperationWorker;Lorg/gradle/internal/operations/BuildOperationState;)V+18
j  org.gradle.internal.operations.DefaultBuildOperationRunner.call(Lorg/gradle/internal/operations/CallableBuildOperation;)Ljava/lang/Object;+16
j  org.gradle.launcher.exec.RunAsBuildOperationBuildActionExecutor.execute(Lorg/gradle/internal/invocation/BuildAction;Lorg/gradle/internal/session/BuildSessionContext;)Lorg/gradle/internal/buildtree/BuildActionRunner$Result;+23
j  org.gradle.launcher.exec.RunAsWorkerThreadBuildActionExecutor.lambda$execute$0(Lorg/gradle/internal/invocation/BuildAction;Lorg/gradle/internal/session/BuildSessionContext;)Lorg/gradle/internal/buildtree/BuildActionRunner$Result;+6
j  org.gradle.launcher.exec.RunAsWorkerThreadBuildActionExecutor$$Lambda$240+0x000001cf7c268e98.create()Ljava/lang/Object;+12
j  org.gradle.internal.work.DefaultWorkerLeaseService.withLocks(Ljava/util/Collection;Lorg/gradle/internal/Factory;)Ljava/lang/Object;+28
j  org.gradle.internal.work.DefaultWorkerLeaseService.runAsWorkerThread(Lorg/gradle/internal/Factory;)Ljava/lang/Object;+33
j  org.gradle.launcher.exec.RunAsWorkerThreadBuildActionExecutor.execute(Lorg/gradle/internal/invocation/BuildAction;Lorg/gradle/internal/session/BuildSessionContext;)Lorg/gradle/internal/buildtree/BuildActionRunner$Result;+12
j  org.gradle.tooling.internal.provider.continuous.ContinuousBuildActionExecutor.execute(Lorg/gradle/internal/invocation/BuildAction;Lorg/gradle/internal/session/BuildSessionContext;)Lorg/gradle/internal/buildtree/BuildActionRunner$Result;+58
j  org.gradle.tooling.internal.provider.SubscribableBuildActionExecutor.execute(Lorg/gradle/internal/invocation/BuildAction;Lorg/gradle/internal/session/BuildSessionContext;)Lorg/gradle/internal/buildtree/BuildActionRunner$Result;+30
j  org.gradle.internal.session.DefaultBuildSessionContext.execute(Lorg/gradle/internal/invocation/BuildAction;)Lorg/gradle/internal/buildtree/BuildActionRunner$Result;+64
j  org.gradle.internal.buildprocess.execution.BuildSessionLifecycleBuildActionExecutor$ActionImpl.apply(Lorg/gradle/internal/session/BuildSessionContext;)Lorg/gradle/launcher/exec/BuildActionResult;+6
j  org.gradle.internal.buildprocess.execution.BuildSessionLifecycleBuildActionExecutor$ActionImpl.apply(Ljava/lang/Object;)Ljava/lang/Object;+5
j  org.gradle.internal.session.BuildSessionState.run(Ljava/util/function/Function;)Ljava/lang/Object;+5
j  org.gradle.internal.buildprocess.execution.BuildSessionLifecycleBuildActionExecutor.execute(Lorg/gradle/internal/invocation/BuildAction;Lorg/gradle/launcher/exec/BuildActionParameters;Lorg/gradle/initialization/BuildRequestContext;)Lorg/gradle/launcher/exec/BuildActionResult;+95
j  org.gradle.internal.buildprocess.execution.BuildSessionLifecycleBuildActionExecutor.execute(Lorg/gradle/internal/invocation/BuildAction;Ljava/lang/Object;Ljava/lang/Object;)Lorg/gradle/launcher/exec/BuildActionResult;+10
j  org.gradle.internal.buildprocess.execution.StartParamsValidatingActionExecutor.execute(Lorg/gradle/internal/invocation/BuildAction;Lorg/gradle/launcher/exec/BuildActionParameters;Lorg/gradle/initialization/BuildRequestContext;)Lorg/gradle/launcher/exec/BuildActionResult;+203
j  org.gradle.internal.buildprocess.execution.StartParamsValidatingActionExecutor.execute(Lorg/gradle/internal/invocation/BuildAction;Ljava/lang/Object;Ljava/lang/Object;)Lorg/gradle/launcher/exec/BuildActionResult;+10
j  org.gradle.internal.buildprocess.execution.SessionFailureReportingActionExecutor.execute(Lorg/gradle/internal/invocation/BuildAction;Lorg/gradle/launcher/exec/BuildActionParameters;Lorg/gradle/initialization/BuildRequestContext;)Lorg/gradle/launcher/exec/BuildActionResult;+7
j  org.gradle.internal.buildprocess.execution.SessionFailureReportingActionExecutor.execute(Lorg/gradle/internal/invocation/BuildAction;Ljava/lang/Object;Ljava/lang/Object;)Lorg/gradle/launcher/exec/BuildActionResult;+10
j  org.gradle.internal.buildprocess.execution.SetupLoggingActionExecutor.execute(Lorg/gradle/internal/invocation/BuildAction;Lorg/gradle/launcher/exec/BuildActionParameters;Lorg/gradle/initialization/BuildRequestContext;)Lorg/gradle/launcher/exec/BuildActionResult;+50
j  org.gradle.internal.buildprocess.execution.SetupLoggingActionExecutor.execute(Lorg/gradle/internal/invocation/BuildAction;Ljava/lang/Object;Ljava/lang/Object;)Lorg/gradle/launcher/exec/BuildActionResult;+10
j  org.gradle.launcher.daemon.server.exec.ExecuteBuild.doBuild(Lorg/gradle/launcher/daemon/server/api/DaemonCommandExecution;Lorg/gradle/launcher/daemon/protocol/Build;)V+147
j  org.gradle.launcher.daemon.server.exec.BuildCommandOnly.execute(Lorg/gradle/launcher/daemon/server/api/DaemonCommandExecution;)V+49
j  org.gradle.launcher.daemon.server.api.DaemonCommandExecution.proceed()Z+23
j  org.gradle.launcher.daemon.server.exec.WatchForDisconnection.execute(Lorg/gradle/launcher/daemon/server/api/DaemonCommandExecution;)V+19
j  org.gradle.launcher.daemon.server.api.DaemonCommandExecution.proceed()Z+23
j  org.gradle.launcher.daemon.server.exec.ResetDeprecationLogger.execute(Lorg/gradle/launcher/daemon/server/api/DaemonCommandExecution;)V+7
j  org.gradle.launcher.daemon.server.api.DaemonCommandExecution.proceed()Z+23
j  org.gradle.launcher.daemon.server.exec.RequestStopIfSingleUsedDaemon.execute(Lorg/gradle/launcher/daemon/server/api/DaemonCommandExecution;)V+33
j  org.gradle.launcher.daemon.server.api.DaemonCommandExecution.proceed()Z+23
j  org.gradle.launcher.daemon.server.exec.ForwardClientInput.lambda$execute$0(Lorg/gradle/launcher/daemon/server/api/DaemonCommandExecution;Lorg/gradle/internal/daemon/clientinput/StdinHandler;)Ljava/lang/Object;+11
j  org.gradle.launcher.daemon.server.exec.ForwardClientInput$$Lambda$127+0x000001cf7c1828f0.apply(Ljava/lang/Object;)Ljava/lang/Object;+8
j  org.gradle.internal.daemon.clientinput.ClientInputForwarder.forwardInput(Ljava/util/function/Function;)Ljava/lang/Object;+46
j  org.gradle.launcher.daemon.server.exec.ForwardClientInput.execute(Lorg/gradle/launcher/daemon/server/api/DaemonCommandExecution;)V+10
j  org.gradle.launcher.daemon.server.api.DaemonCommandExecution.proceed()Z+23
j  org.gradle.launcher.daemon.server.exec.LogAndCheckHealth.execute(Lorg/gradle/launcher/daemon/server/api/DaemonCommandExecution;)V+51
j  org.gradle.launcher.daemon.server.api.DaemonCommandExecution.proceed()Z+23
j  org.gradle.launcher.daemon.server.exec.LogToClient.doBuild(Lorg/gradle/launcher/daemon/server/api/DaemonCommandExecution;Lorg/gradle/launcher/daemon/protocol/Build;)V+87
j  org.gradle.launcher.daemon.server.exec.BuildCommandOnly.execute(Lorg/gradle/launcher/daemon/server/api/DaemonCommandExecution;)V+49
j  org.gradle.launcher.daemon.server.api.DaemonCommandExecution.proceed()Z+23
j  org.gradle.launcher.daemon.server.exec.EstablishBuildEnvironment.doBuild(Lorg/gradle/launcher/daemon/server/api/DaemonCommandExecution;Lorg/gradle/launcher/daemon/protocol/Build;)V+356
j  org.gradle.launcher.daemon.server.exec.BuildCommandOnly.execute(Lorg/gradle/launcher/daemon/server/api/DaemonCommandExecution;)V+49
j  org.gradle.launcher.daemon.server.api.DaemonCommandExecution.proceed()Z+23
j  org.gradle.launcher.daemon.server.exec.StartBuildOrRespondWithBusy$1.run()V+44
j  org.gradle.launcher.daemon.server.DaemonStateCoordinator.lambda$runCommand$0(Ljava/lang/Runnable;)V+1
j  org.gradle.launcher.daemon.server.DaemonStateCoordinator$$Lambda$126+0x000001cf7c181558.run()V+8
j  org.gradle.internal.concurrent.ExecutorPolicy$CatchAndRecordFailures.onExecute(Ljava/lang/Runnable;)V+1
j  org.gradle.internal.concurrent.AbstractManagedExecutor$1.run()V+25
j  java.util.concurrent.ThreadPoolExecutor.runWorker(Ljava/util/concurrent/ThreadPoolExecutor$Worker;)V+92 java.base@17.0.19
j  java.util.concurrent.ThreadPoolExecutor$Worker.run()V+5 java.base@17.0.19
j  java.lang.Thread.run()V+11 java.base@17.0.19
v  ~StubRoutines::call_stub

Compiled method (n/a) 150251  792     n 0       java.lang.ClassLoader::defineClass1 (native)
 total in heap  [0x000001cf10329c90,0x000001cf1032a190] = 1280
 relocation     [0x000001cf10329df0,0x000001cf10329e28] = 56
 main code      [0x000001cf10329e40,0x000001cf1032a190] = 848

[Constant Pool (empty)]

[MachCode]
[Entry Point]
  # {method} {0x000001cf7b010f18} 'defineClass1' '(Ljava/lang/ClassLoader;Ljava/lang/String;[BIILjava/security/ProtectionDomain;Ljava/lang/String;)Ljava/lang/Class;' in 'java/lang/ClassLoader'
  # parm0:    rdx:rdx   = 'java/lang/ClassLoader'
  # parm1:    r8:r8     = 'java/lang/String'
  # parm2:    r9:r9     = '[B'
  # parm3:    rdi       = int
  # parm4:    rsi       = int
  # parm5:    rcx:rcx   = 'java/security/ProtectionDomain'
  # parm6:    [sp+0xa0]   = 'java/lang/String'  (sp of caller)
  0x000001cf10329e40: 448b 5208 | 49bb 0000 | 007b cf01 | 0000 4d03 | d349 3bc2 | 0f84 0600 

  0x000001cf10329e58: ;   {runtime_call ic_miss_stub}
  0x000001cf10329e58: 0000 e921 | 72a5 ff90 
[Verified Entry Point]
  0x000001cf10329e60: 8984 2400 | 90ff ff55 | 488b ec48 | 81ec 9000 | 0000 4881 | 7d10 0000 | 0000 488d | 4510 480f 
  0x000001cf10329e80: 4445 1048 | 8944 2440 | 4889 4c24 | 7048 83f9 | 0048 8d44 | 2470 480f | 4444 2470 | 4889 4424 
  0x000001cf10329ea0: 3848 8974 | 2430 4889 | 7c24 284c | 894c 2458 | 4983 f900 | 488d 4424 | 5848 0f44 | 4424 5848 
  0x000001cf10329ec0: 8944 2420 | 4c89 4424 | 5049 83f8 | 004c 8d4c | 2450 4c0f | 444c 2450 | 4889 5424 | 4848 83fa 
  0x000001cf10329ee0: 004c 8d44 | 2448 4c0f | 4444 2448 

  0x000001cf10329eec: ;   {oop(a 'java/lang/Class'{0x00000006004583c8} = 'java/lang/ClassLoader')}
  0x000001cf10329eec: 49be c883 | 4500 0600 | 0000 4c89 | 7424 784c | 8d74 2478 | 498b d6c5 

  0x000001cf10329f04: ;   {internal_word}
  0x000001cf10329f04: f877 49ba | 039f 3210 | cf01 0000 | 4d89 97a0 | 0200 0049 | 89a7 9802 

  0x000001cf10329f1c: ;   {external_word}
  0x000001cf10329f1c: 0000 49ba | d5d6 e970 | f97f 0000 | 4180 3a00 | 0f84 5200 | 0000 5241 

  0x000001cf10329f34: ;   {metadata({method} {0x000001cf7b010f18} 'defineClass1' '(Ljava/lang/ClassLoader;Ljava/lang/String;[BIILjava/security/ProtectionDomain;Ljava/lang/String;)Ljava/lang/Class;' in 'java/lang/ClassLoader')}
  0x000001cf10329f34: 5041 5148 | ba10 0f01 | 7bcf 0100 | 0049 8bcf | 4883 ec20 | f7c4 0f00 | 0000 0f84 | 1a00 0000 
  0x000001cf10329f54: 4883 ec08 

  0x000001cf10329f58: ;   {runtime_call}
  0x000001cf10329f58: 49ba 80a4 | 9f70 f97f | 0000 41ff | d248 83c4 | 08e9 0d00 

  0x000001cf10329f6c: ;   {runtime_call}
  0x000001cf10329f6c: 0000 49ba | 80a4 9f70 | f97f 0000 | 41ff d248 | 83c4 2041 | 5941 585a | 498d 8fb8 | 0200 0041 
  0x000001cf10329f8c: c787 4003 | 0000 0400 

  0x000001cf10329f94: ;   {runtime_call}
  0x000001cf10329f94: 0000 49ba | ac16 bbd0 | f97f 0000 | 41ff d2c5 | f877 41c7 | 8740 0300 | 0005 0000 | 00f0 8344 
  0x000001cf10329fb4: 24c0 0049 | 3baf 4803 | 0000 0f87 | 1100 0000 | 4181 bf30 | 0300 0000 | 0000 000f | 842c 0000 
  0x000001cf10329fd4: 00c5 f877 | 4889 45f8 | 498b cf4c | 8be4 4883 | ec20 4883 

  0x000001cf10329fe8: ;   {runtime_call}
  0x000001cf10329fe8: e4f0 49ba | d0b3 af70 | f97f 0000 | 41ff d249 | 8be4 4d33 | e448 8b45 | f841 c787 | 4003 0000 
  0x000001cf1032a008: 0800 0000 | 4181 bfb0 | 0300 0002 | 0000 000f | 843f 0100 

  0x000001cf1032a01c: ;   {external_word}
  0x000001cf1032a01c: 0049 bad5 | d6e9 70f9 | 7f00 0041 | 803a 000f | 8450 0000 | 0048 8945 

  0x000001cf1032a034: ;   {metadata({method} {0x000001cf7b010f18} 'defineClass1' '(Ljava/lang/ClassLoader;Ljava/lang/String;[BIILjava/security/ProtectionDomain;Ljava/lang/String;)Ljava/lang/Class;' in 'java/lang/ClassLoader')}
  0x000001cf1032a034: f848 ba10 | 0f01 7bcf | 0100 0049 | 8bcf 4883 | ec20 f7c4 | 0f00 0000 | 0f84 1a00 | 0000 4883 
  0x000001cf1032a054: ;   {runtime_call}
  0x000001cf1032a054: ec08 49ba | 80a4 9f70 | f97f 0000 | 41ff d248 | 83c4 08e9 | 0d00 0000 

  0x000001cf1032a06c: ;   {runtime_call}
  0x000001cf1032a06c: 49ba 80a4 | 9f70 f97f | 0000 41ff | d248 83c4 | 2048 8b45 | f849 c787 | 9802 0000 | 0000 0000 
  0x000001cf1032a08c: 49c7 87a0 | 0200 0000 | 0000 00c5 | f877 4885 | c00f 8493 | 0000 0048 | f7c0 0100 | 0000 0f84 
  0x000001cf1032a0ac: 8300 0000 | 488b 40ff | 4180 7f38 | 000f 846f | 0000 0048 | 83f8 000f | 8465 0000 | 0049 8b4f 
  0x000001cf1032a0cc: 2048 83f9 | 000f 8414 | 0000 0048 | 83e9 0849 | 894f 2049 | 034f 3048 | 8901 e943 | 0000 0050 
  0x000001cf1032a0ec: 498b d748 | 8bc8 4883 | ec20 f7c4 | 0f00 0000 | 0f84 1a00 | 0000 4883 

  0x000001cf1032a104: ;   {runtime_call}
  0x000001cf1032a104: ec08 49ba | 706b 5e70 | f97f 0000 | 41ff d248 | 83c4 08e9 | 0d00 0000 

  0x000001cf1032a11c: ;   {runtime_call}
  0x000001cf1032a11c: 49ba 706b | 5e70 f97f | 0000 41ff | d248 83c4 | 2058 e903 | 0000 0048 | 8b00 498b | 8fd8 0000 
  0x000001cf1032a13c: 00c7 8100 | 0100 0000 | 0000 00c9 | 4981 7f08 | 0000 0000 | 0f85 0100 

  0x000001cf1032a154: ;   {runtime_call StubRoutines (1)}
  0x000001cf1032a154: 0000 c3e9 | a46d a0ff | c5f8 7748 | 8945 f84c | 8be4 4883 | ec20 4883 

  0x000001cf1032a16c: ;   {runtime_call}
  0x000001cf1032a16c: e4f0 49ba | 70d5 9f70 | f97f 0000 | 41ff d249 | 8be4 4d33 | e448 8b45 | f8e9 93fe | ffff f4f4 
  0x000001cf1032a18c: f4f4 f4f4 
[/MachCode]


Compiled method (c2) 150269 5185       4       java.security.SecureClassLoader::defineClass (16 bytes)
 total in heap  [0x000001cf1037b190,0x000001cf10381458] = 25288
 relocation     [0x000001cf1037b2f0,0x000001cf1037b518] = 552
 main code      [0x000001cf1037b520,0x000001cf1037f0a0] = 15232
 stub code      [0x000001cf1037f0a0,0x000001cf1037f198] = 248
 oops           [0x000001cf1037f198,0x000001cf1037f1a8] = 16
 metadata       [0x000001cf1037f1a8,0x000001cf1037f378] = 464
 scopes data    [0x000001cf1037f378,0x000001cf10380870] = 5368
 scopes pcs     [0x000001cf10380870,0x000001cf10381060] = 2032
 dependencies   [0x000001cf10381060,0x000001cf103810a8] = 72
 handler table  [0x000001cf103810a8,0x000001cf10381378] = 720
 nul chk table  [0x000001cf10381378,0x000001cf10381458] = 224

[Constant Pool (empty)]

[MachCode]
[Entry Point]
  # {method} {0x000001cf7b435008} 'defineClass' '(Ljava/lang/String;[BIILjava/security/CodeSource;)Ljava/lang/Class;' in 'java/security/SecureClassLoader'
  # this:     rdx:rdx   = 'java/security/SecureClassLoader'
  # parm0:    r8:r8     = 'java/lang/String'
  # parm1:    r9:r9     = '[B'
  # parm2:    rdi       = int
  # parm3:    rsi       = int
  # parm4:    rcx:rcx   = 'java/security/CodeSource'
  #           [sp+0xd0]  (sp of caller)
  0x000001cf1037b520: 448b 5208 | 49bb 0000 | 007b cf01 | 0000 4d03 | d349 3bc2 

  0x000001cf1037b534: ;   {runtime_call ic_miss_stub}
  0x000001cf1037b534: 0f85 465b | a0ff 6690 | 0f1f 4000 
[Verified Entry Point]
  0x000001cf1037b540: 8984 2400 | 90ff ff55 | 4881 ecc0 | 0000 0089 | 7424 5889 | 7c24 3c4c | 894c 2450 | 4c89 4424 
  0x000001cf1037b560: 4848 8954 | 2440 4889 | 4c24 6048 | 85c9 0f84 | bc2b 0000 | 4d8b 8708 | 0100 004d | 8bd0 4983 
  0x000001cf1037b580: c210 4d3b | 9718 0100 | 000f 83a5 | 2300 004d | 8997 0801 | 0000 410f | 0d8a c000 | 0000 49c7 
  0x000001cf1037b5a0: 0001 0000 

  0x000001cf1037b5a4: ;   {metadata('java/security/SecureClassLoader$CodeSourceKey')}
  0x000001cf1037b5a4: 0041 c740 | 08e0 8314 | 004c 8b54 | 2460 4d8b | ca49 c1e9 | 0345 8948 | 0c4d 8b9f | 0801 0000 
  0x000001cf1037b5c4: 4c8b 5424 | 4041 8b6a | 504d 8bd3 | 4983 c218 | 0f1f 8400 | 0000 0000 | 6666 6690 | 4d3b 9718 
  0x000001cf1037b5e4: 0100 000f | 83f8 2200 | 004d 8997 | 0801 0000 | 410f 0d8a | c000 0000 | 49c7 0301 

  0x000001cf1037b600: ;   {metadata('java/security/SecureClassLoader$1')}
  0x000001cf1037b600: 0000 0041 | c743 08f0 | 8514 0045 | 8963 1445 | 894b 0c4c | 8b54 2440 | 49c1 ea03 | 4589 5310 
  0x000001cf1037b620: ; implicit exception: dispatches to 0x000001cf1037ebd4
  0x000001cf1037b620: 458b 54ec 

  0x000001cf1037b624: ;   {metadata('java/util/concurrent/ConcurrentHashMap')}
  0x000001cf1037b624: 0841 81fa | 38e4 0000 | 0f85 0a27 | 0000 498d | 14ec 4d8b | cb66 6690 

  0x000001cf1037b63c: ;   {optimized virtual_call}
  0x000001cf1037b63c: c5f8 77e8 

  0x000001cf1037b640: ; ImmutableOopMap {[64]=Oop [72]=Oop [80]=Oop }
                      ;*invokeinterface computeIfAbsent {reexecute=0 rethrow=0 return_oop=1}
                      ; - java.security.SecureClassLoader::getProtectionDomain@29 (line 222)
                      ; - java.security.SecureClassLoader::defineClass@9 (line 150)
  0x000001cf1037b640: 1c53 ddf0 

  0x000001cf1037b644: ; implicit exception: dispatches to 0x000001cf1037ebec
  0x000001cf1037b644: 448b 5808 

  0x000001cf1037b648: ;   {metadata('java/security/ProtectionDomain')}
  0x000001cf1037b648: 4181 fb80 | ec00 000f | 85eb 3400 | 0048 8984 | 2498 0000 | 004c 8b54 | 2448 458b | 7214 478b 
  0x000001cf1037b668: 54f4 0c45 | 85d2 0f86 | 0027 0000 | 4c8b 5c24 | 4845 0fbe | 4b10 6690 | 4585 c90f | 85bf 2900 
  0x000001cf1037b688: 004f 8d1c | f44f 8d44 | f410 b82f | 0000 0049 | 8bf8 418b | d248 8bdf | 83fa 100f | 8c79 0000 
  0x000001cf1037b6a8: 0083 fa20 | 0f8c 3600 | 0000 c5f9 | 6ec0 c4e2 | 7d78 c0c5 | f5ef c98b | ca83 e1e0 | 83e2 1fc5 
  0x000001cf1037b6c8: fe6f 13c5 | ed74 d0c4 | e27d 17ca | 0f83 6900 | 0000 4883 | c320 83e9 | 2075 e4e9 | 0d00 0000 
  0x000001cf1037b6e8: c5f9 6ec0 | c5f1 efc9 | c4e2 7900 | c183 fa10 | 0f8c 2400 | 0000 8bca | 83e1 f083 | e20f c5fa 
  0x000001cf1037b708: 6f13 c5e9 | 74d0 c4e2 | 7917 ca0f | 832a 0000 | 0048 83c3 | 1083 e910 | 75e4 85d2 | 0f84 1200 
  0x000001cf1037b728: 0000 0fb6 | 0b3b c174 | 1c48 83c3 | 0183 ea01 | 7402 ebee | bbff ffff | ffeb 0dc5 | fdd7 ca0f 
  0x000001cf1037b748: bcc1 4803 | d848 2bdf | 83fb ff0f | 852f 2900 | 0041 0fb6 | 2866 6690 | 83fd 5b0f | 84e7 2900 
  0x000001cf1037b768: 0041 8bea | 418b c9d3 | fd8b cd83 | c1fb 85c9 | 0f8c 7700 | 0000 6690 | 4180 386a | 0f85 6b00 
  0x000001cf1037b788: 0000 4183 | fa04 0f86 | 5127 0000 | 0f1f 8400 | 0000 0000 | 6666 6690 | 4380 7cf4 | 1161 0f85 
  0x000001cf1037b7a8: 4900 0000 | 4380 7cf4 | 1276 0f85 | 3d00 0000 | 0f1f 8400 | 0000 0000 | 4380 7cf4 | 1361 752d 
  0x000001cf1037b7c8: 4380 7cf4 | 142e 7525 

  0x000001cf1037b7d0: ;   {oop(a 'jdk/internal/loader/ClassLoaders$PlatformClassLoader'{0x0000000600401b18})}
  0x000001cf1037b7d0: 49b9 181b | 4000 0600 | 0000 488b | 4c24 4090 | 493b c90f | 851f 2a00 

  0x000001cf1037b7e8: ;   {oop(a 'jdk/internal/loader/ClassLoaders$PlatformClassLoader'{0x0000000600401b18})}
  0x000001cf1037b7e8: 0048 bb18 | 1b40 0006 | 0000 00eb | 0548 8b5c | 2440 4c8b | 8c24 9800 | 0000 458b | 4910 4489 
  0x000001cf1037b808: 4c24 608b | fdff cf45 | 8bca 41ff | c941 3bf9 | 440f 4ccf | 0f1f 4000 | 4585 c90f | 8ca3 1400 
  0x000001cf1037b828: 0045 3bca | 0f83 ca24 | 0000 4585 | c90f 8e69 | 2500 0041 | 8bc9 ffc9 | 4d8b e845 | 33c0 4489 
  0x000001cf1037b848: 4424 2043 | 0fbe 7c0b | 1083 ff2e | 0f84 e10e | 0000 41ff | c966 6690 | 443b c97f | e641 83f9 
  0x000001cf1037b868: 020f 8ea8 | 0000 0041 | 8bc9 83c1 | fe41 83f9 | 020f 4c4c | 2420 81f9 | a00f 0000 | 41b8 a00f 
  0x000001cf1037b888: 0000 410f | 47c8 418b | f12b f149 | 63c9 450f | be44 0b10 | 0f1f 4000 | 4183 f82e | 0f84 9c00 
  0x000001cf1037b8a8: 0000 450f | be44 0b0f | 4183 f82e | 0f84 9100 | 0000 418b | c983 c1fe | 410f be7c | 0b10 83ff 
  0x000001cf1037b8c8: 2e0f 8481 | 0000 0041 | 8bc9 83c1 | fd45 0fbe | 440b 100f | 1f44 0000 | 4183 f82e | 0f84 6600 
  0x000001cf1037b8e8: 0000 4183 | c1fc 443b | ce7f a049 | 8b87 5003 | 0000 488b | 4c24 4848 | 8bbc 2498 | 0000 008b 
  0x000001cf1037b908: ; ImmutableOopMap {r11=Oop rcx=Oop rbx=Oop rdi=Oop rsi=NarrowOop r13=Derived_oop_r11 r14=NarrowOop [64]=Oop [72]=Oop [80]=Oop [96]=NarrowOop [152]=Oop }
                      ;*goto {reexecute=1 rethrow=0 return_oop=0}
                      ; - (reexecute) java.lang.StringLatin1::lastIndexOf@35 (line 294)
                      ; - java.lang.String::lastIndexOf@13 (line 2489)
                      ; - java.lang.String::lastIndexOf@8 (line 2451)
                      ; - java.lang.ClassLoader::checkCerts@3 (line 1153)
                      ; - java.lang.ClassLoader::preDefineClass@113 (line 907)
                      ; - java.lang.ClassLoader::defineClass@4 (line 1015)
                      ; - java.security.SecureClassLoader::defineClass@12 (line 150)
                      ;   {poll}
  0x000001cf1037b908: 7424 6085 | 0041 83f9 | 020f 8f58 | ffff ff41 | 83f9 ff7e | 2147 0fbe | 440b 1041 | 83f8 2e0f 
  0x000001cf1037b928: 8413 2700 | 0041 ffc9 | 4183 f9ff | 7fe7 4d8b | c5e9 9613 | 0000 4d8b | c5e9 8e13 | 0000 418b 
  0x000001cf1037b948: c9eb 0541 | 8bc9 ffc9 | 4d8b c583 | f9ff 0f84 | 8213 0000 | 0f1f 4000 | 85c9 0f8c | 6027 0000 
  0x000001cf1037b968: 3bcd 0f8f | 0428 0000 | 3bcd 0f84 | b90d 0000 | 85c9 660f | 1f44 0000 | 0f84 5817 | 0000 498b 
  0x000001cf1037b988: b708 0100 | 004c 8bce | 4983 c118 | 0f1f 8400 | 0000 0000 | 6666 6690 | 4d3b 8f18 | 0100 000f 
  0x000001cf1037b9a8: 83a7 1f00 | 004d 898f | 0801 0000 | 410f 0d89 | c000 0000 | 48c7 0601 

  0x000001cf1037b9c0: ;   {metadata('java/lang/String')}
  0x000001cf1037b9c0: 0000 00c7 | 4608 e0e9 | 0000 4489 | 660c 4c89 | 6610 81f9 | 0000 1000 | 0f87 0624 | 0000 4c63 
  0x000001cf1037b9e0: c949 8bf8 | 443b d18b | e941 0f4c | ea44 3bd5 | 0f82 6224 | 0000 3bcd | 0f82 5a24 | 0000 4983 
  0x000001cf1037ba00: c117 4d8b | c149 83e0 | f881 f900 | 0010 000f | 87f8 1f00 | 004d 8b97 | 0801 0000 | 498b d249 
  0x000001cf1037ba20: 03d0 493b | 9718 0100 | 000f 83de | 1f00 0049 | 8997 0801 | 0000 0f0d | 8ac0 0000 | 0049 c702 
  0x000001cf1037ba40: 0100 0000 | 0f0d 8a00 

  0x000001cf1037ba48: ;   {metadata({type array byte})}
  0x000001cf1037ba48: 0100 0041 | c742 0828 | 6700 0041 | 894a 0c0f | 0d8a 4001 | 0000 0f0d | 8a80 0100 | 0049 8bd2 
  0x000001cf1037ba68: 4883 c210 | 49c1 e903 | 4d8b ea49 | c1ed 0385 | ed0f 846d | 2300 0090 | 3be9 0f8c | 6512 0000 
  0x000001cf1037ba88: 498b ea49 | 83c0 f049 | c1e8 0348 | 8bcf 6666 | 0f1f 8400 | 0000 0000 | c5f8 7749 | ba60 86d6 
  0x000001cf1037baa8: 0fcf 0100 | 0041 ffd2 | 4c8b d544 | 896e 144c | 8bde 4d33 | d349 c1ea | 164d 85d2 | 7420 49c1 
  0x000001cf1037bac8: eb09 48b9 | 0000 156b | cf01 0000 | 4903 cb80 | 3904 660f | 1f44 0000 | 0f85 ee12 | 0000 4488 
  0x000001cf1037bae8: 6610 448b | 5c24 6045 | 85db 7424 | 478b 5cdc | 1445 85db | 0f1f 4000 | 0f85 670c | 0000 448b 
  0x000001cf1037bb08: 5c24 6043 | 8b7c dc10 | 85ff 0f85 | d515 0000 

  0x000001cf1037bb18: ;   {oop(""{0x0000000600400f88})}
  0x000001cf1037bb18: 49b8 880f | 4000 0600 | 0000 49bb | 0000 156b | cf01 0000 

  0x000001cf1037bb2c: ;   {oop(a 'java/security/cert/Certificate'[0] {0x0000000600458448})}
  0x000001cf1037bb2c: 49b9 4884 | 4500 0600 | 0000 448b | 532c 660f | 1f44 0000 | 4585 d20f | 847d 2100 | 004c 894c 
  0x000001cf1037bb4c: 2468 4c89 | 5c24 604c | 8944 2430 | 4889 5c24 | 284b 8d14 | d44c 8bc6 | bf01 0000 | 0066 6690 
  0x000001cf1037bb6c: ;   {optimized virtual_call}
  0x000001cf1037bb6c: c5f8 77e8 

  0x000001cf1037bb70: ; ImmutableOopMap {[40]=Oop [48]=Oop [64]=Oop [72]=Oop [80]=Oop [104]=Oop [152]=Oop }
                      ;*invokevirtual putVal {reexecute=0 rethrow=0 return_oop=1}
                      ; - java.util.concurrent.ConcurrentHashMap::putIfAbsent@4 (line 1541)
                      ; - java.lang.ClassLoader::checkCerts@62 (line 1161)
                      ; - java.lang.ClassLoader::preDefineClass@113 (line 907)
                      ; - java.lang.ClassLoader::defineClass@4 (line 1015)
                      ; - java.security.SecureClassLoader::defineClass@12 (line 150)
  0x000001cf1037bb70: 0cbf 2400 | 4885 c074 | 3644 8b50 | 0866 6690 

  0x000001cf1037bb80: ;   {metadata('java/security/cert/Certificate'[])}
  0x000001cf1037bb80: 4181 faa0 | 2912 000f | 85cf 2f00 | 0048 8b4c | 2468 8b59 | 0c44 8b50 | 0c85 db0f | 1f44 0000 
  0x000001cf1037bba0: 0f87 990c | 0000 4585 | d20f 87fd | 2500 004c | 8b94 2498 | 0000 0045 | 8b42 100f | 1f44 0000 
  0x000001cf1037bbc0: 4585 c00f | 8407 1500 | 0043 8b6c | c40c 458b | 5cec 3845 | 85db 0f84 | 1021 0000 | 4b8d 14dc 
  0x000001cf1037bbe0: 4d8d 04ec 

  0x000001cf1037bbe4: ;   {optimized virtual_call}
  0x000001cf1037bbe4: c5f8 77e8 

  0x000001cf1037bbe8: ; ImmutableOopMap {[48]=Oop [64]=Oop [72]=Oop [80]=Oop [152]=Oop }
                      ;*invokevirtual toExternalForm {reexecute=0 rethrow=0 return_oop=1}
                      ; - java.net.URL::toExternalForm@5 (line 1039)
                      ; - java.net.URL::toString@1 (line 1025)
                      ; - java.lang.ClassLoader::defineClassSourceLocation@22 (line 917)
                      ; - java.lang.ClassLoader::defineClass@12 (line 1016)
                      ; - java.security.SecureClassLoader::defineClass@12 (line 150)
  0x000001cf1037bbe8: 346d 1400 | 4c8b 9424 | 9800 0000 | 4c89 5424 | 6848 8b54 | 2440 4c8b | 4424 484c | 8b4c 2450 
  0x000001cf1037bc08: 8b7c 243c | 8b74 2458 | 498b ca48 | 8904 2490 

  0x000001cf1037bc18: ;   {static_call}
  0x000001cf1037bc18: c5f8 77e8 

  0x000001cf1037bc1c: ; ImmutableOopMap {[48]=Oop [64]=Oop [104]=Oop }
                      ;*invokestatic defineClass1 {reexecute=0 rethrow=0 return_oop=1}
                      ; - java.lang.ClassLoader::defineClass@27 (line 1017)
                      ; - java.security.SecureClassLoader::defineClass@12 (line 150)
  0x000001cf1037bc1c: 40e2 faff | 4889 4424 | 5844 8b50 | 3c45 85d2 | 7409 4b8d | 3cd4 e97c | 0300 004c | 8b50 100f 
  0x000001cf1037bc3c: 1f44 0000 

  0x000001cf1037bc40: ; implicit exception: dispatches to 0x000001cf1037ec2c
  0x000001cf1037bc40: 458b 5a08 | 4585 db0f | 8cef 2200 | 0044 8b50 | 2c45 85d2 | 0f84 8b0a | 0000 4f8d | 1cd4 458b 
  0x000001cf1037bc60: 4314 438b | 54c4 0c41 | 0fbe 4b10 | 8bda d3fb | 8bfb ffcf | 85c9 0f85 | d825 0000 | 4b8d 2cc4 
  0x000001cf1037bc80: 448b ca41 | ffc9 413b | f944 0f4c | cf45 85c9 | 0f8c fe00 | 0000 85d2 | 0f86 7222 | 0000 6690 
  0x000001cf1037bca0: 443b ca0f | 8367 2200 | 0045 85c9 | 0f8e ae22 | 0000 458b | d141 ffca | 420f be4c | 0d10 6690 
  0x000001cf1037bcc0: 83f9 2e0f | 849c 0a00 | 0041 ffc9 | 453b ca7f | e741 83f9 | 020f 8e98 | 0000 0041 | 8bc9 83c1 
  0x000001cf1037bce0: fe41 83f9 | 020f 4c4c | 2420 81f9 | a00f 0000 | bfa0 0f00 | 000f 47cf | 418b f92b | f966 6690 
  0x000001cf1037bd00: 4d63 d142 | 0fbe 7415 | 1083 fe2e | 0f84 8a00 | 0000 420f | be4c 150f | 83f9 2e0f | 1f44 0000 
  0x000001cf1037bd20: 0f84 7c00 | 0000 458b | d141 83c2 | fe42 0fbe | 4c15 1083 | f92e 0f84 | 6c00 0000 | 458b d141 
  0x000001cf1037bd40: 83c2 fd42 | 0fbe 7415 | 1083 fe2e | 0f84 5600 | 0000 4183 | c1fc 443b | cf7f a549 | 8bb7 5003 
  0x000001cf1037bd60: 0000 4c8b 

  0x000001cf1037bd64: ; ImmutableOopMap {r10=Oop r11=Oop r8=NarrowOop rbp=Oop [48]=Oop [64]=Oop [88]=Oop [104]=Oop }
                      ;*goto {reexecute=1 rethrow=0 return_oop=0}
                      ; - (reexecute) java.lang.StringLatin1::lastIndexOf@35 (line 294)
                      ; - java.lang.String::lastIndexOf@13 (line 2489)
                      ; - java.lang.String::lastIndexOf@8 (line 2451)
                      ; - java.lang.Class::getPackageName@47 (line 1085)
                      ; - java.lang.ClassLoader::postDefineClass@2 (line 924)
                      ; - java.lang.ClassLoader::defineClass@37 (line 1018)
                      ; - java.security.SecureClassLoader::defineClass@12 (line 150)
                      ;   {poll}
  0x000001cf1037bd64: 5424 5885 | 0641 83f9 | 020f 8f68 | ffff ff41 | 83f9 ff7e | 1b66 6690 | 420f be4c | 0d10 83f9 
  0x000001cf1037bd84: 2e0f 84c1 | 2400 0041 | ffc9 4183 | f9ff 7fe8 | 41ba ffff | ffff eb0c | 458b d190 | eb06 458b 
  0x000001cf1037bda4: d141 ffca | 4183 faff | 0f84 ab01 | 0000 4585 | d20f 8ce1 | 2400 000f | 1f44 0000 | 443b d30f 
  0x000001cf1037bdc4: 8f03 2500 | 0044 3bd3 | 0f84 8709 | 0000 4585 | d20f 84bb | 1700 0049 | 8bb7 0801 | 0000 4c8b 
  0x000001cf1037bde4: de49 83c3 | 184d 3b9f | 1801 0000 | 0f83 601d | 0000 4d89 | 9f08 0100 | 0041 0f0d | 8bc0 0000 
  0x000001cf1037be04: 0048 c706 | 0100 0000 

  0x000001cf1037be0c: ;   {metadata('java/lang/String')}
  0x000001cf1037be0c: c746 08e0 | e900 0044 | 8966 0c4c | 8966 100f | 1f44 0000 | 4181 fa00 | 0010 000f | 875f 2100 
  0x000001cf1037be2c: 004d 63da | 413b d245 | 8bca 440f | 4cca 660f | 1f44 0000 | 413b d10f | 82bc 2100 | 0045 3bd1 
  0x000001cf1037be4c: 0f82 b321 | 0000 4983 | c317 498b | fb48 83e7 | f866 6690 | 4181 fa00 | 0010 000f | 8729 1d00 
  0x000001cf1037be6c: 004d 8baf | 0801 0000 | 498b cd48 | 03cf 660f | 1f44 0000 | 493b 8f18 | 0100 000f | 8309 1d00 
  0x000001cf1037be8c: 0049 898f | 0801 0000 | 0f0d 89c0 | 0000 0049 | c745 0001 | 0000 000f | 0d89 0001 

  0x000001cf1037bea8: ;   {metadata({type array byte})}
  0x000001cf1037bea8: 0000 41c7 | 4508 2867 | 0000 4589 | 550c 0f0d | 8940 0100 | 000f 0d89 | 8001 0000 | 498b d548 
  0x000001cf1037bec8: 83c2 1049 | c1eb 0349 | 8bdd 48c1 | eb03 4585 | c90f 84b5 | 2000 004b | 8d6c c410 | 453b ca0f 
  0x000001cf1037bee8: 8cc2 0f00 | 0048 83c7 | f048 c1ef | 0348 8bcd | 4c8b c70f | 1f44 0000 | c5f8 7749 | ba60 86d6 
  0x000001cf1037bf08: 0fcf 0100 | 0041 ffd2 | 895e 144c | 8bd6 4d8b | dd4d 33da | 49c1 eb16 | 4d85 db74 | 1a49 c1ea 
  0x000001cf1037bf28: 0948 b900 | 0015 6bcf | 0100 0049 | 03ca 8039 | 040f 8516 | 1000 0044 | 8866 1048 | 8bd6 4c8b 
  0x000001cf1037bf48: 5424 584c | 8954 2428 

  0x000001cf1037bf50: ;   {optimized virtual_call}
  0x000001cf1037bf50: c5f8 77e8 

  0x000001cf1037bf54: ; ImmutableOopMap {[40]=Oop [64]=Oop [88]=Oop [104]=Oop }
                      ;*invokevirtual intern {reexecute=0 rethrow=0 return_oop=1}
                      ; - java.lang.Class::getPackageName@65 (line 1086)
                      ; - java.lang.ClassLoader::postDefineClass@2 (line 924)
                      ; - java.lang.ClassLoader::defineClass@37 (line 1018)
                      ; - java.security.SecureClassLoader::defineClass@12 (line 150)
  0x000001cf1037bf54: 0898 f6ff | 4889 4424 | 3066 6690 | 4180 7f38 | 000f 85bc | 0e00 004c | 8b54 2458 | 488b 7c24 
  0x000001cf1037bf74: 304c 8bdf | 49c1 eb03 | 4c8b 4424 | 5845 8958 | 3c4c 8bdf | 4d33 da49 | c1eb 164d | 85db 741f 
  0x000001cf1037bf94: 4885 ff74 | 1a49 c1ea | 0948 b900 | 0015 6bcf | 0100 0049 | 03ca 8039 | 040f 85b2 | 0e00 004c 
  0x000001cf1037bfb4: 8b6c 2440 | 418b 5d38 | 0f1f 4000 | 85db 0f84 | 141d 0000 | 4c8b df8b | 470c 4c8b | 5424 5845 
  0x000001cf1037bfd4: 8b42 3085 | c00f 8496 | 0500 0045 | 8b4c dc28 | 4585 c90f | 84a6 0000 | 0043 8b4c | cc0c 448b 
  0x000001cf1037bff4: d041 c1ea | 1044 33d0 | 4181 e2ff | ffff 7f85 | c90f 86f5 | 2000 0049 | c1e1 03ff | c941 23ca 
  0x000001cf1037c014: 4863 c945 | 8b4c 8910 | 0f1f 4000 | 4585 c90f | 846a 0000 | 0043 8b6c | cc0c 413b | ea74 3985 
  0x000001cf1037c034: ed0f 8d53 | 0300 00ba | 45ff ffff | 488b 4c24 | 5848 894c | 2430 4c89 | 6c24 4044 | 8944 2450 
  0x000001cf1037c054: 4c89 5c24 | 5844 894c | 2454 4489 | 5424 6090 

  0x000001cf1037c064: ;   {runtime_call UncommonTrapBlob}
  0x000001cf1037c064: c5f8 77e8 

  0x000001cf1037c068: ; ImmutableOopMap {[48]=Oop [64]=Oop [80]=NarrowOop [84]=NarrowOop [88]=Oop [104]=Oop }
                      ;*ifge {reexecute=1 rethrow=0 return_oop=0}
                      ; - (reexecute) java.util.concurrent.ConcurrentHashMap::get@86 (line 943)
                      ; - java.lang.ClassLoader::getNamedPackage@5 (line 340)
                      ; - java.lang.ClassLoader::postDefineClass@9 (line 924)
                      ; - java.lang.ClassLoader::defineClass@37 (line 1018)
                      ; - java.security.SecureClassLoader::defineClass@12 (line 150)
  0x000001cf1037c068: 94a8 a0ff | 438b 6ccc | 1048 8bcd | 48c1 e103 | 493b cb0f | 1f44 0000 | 0f85 e601 | 0000 438b 
  0x000001cf1037c088: 6ccc 1485 | ed0f 8567 | 0400 0049 | 8b87 0801 | 0000 4c8b | d049 83c2 | 184d 3b97 | 1801 0000 
  0x000001cf1037c0a8: 0f83 501b | 0000 4d89 | 9708 0100 | 0041 0f0d | 8ac0 0000 | 0048 c700 | 0100 0000 

  0x000001cf1037c0c4: ;   {metadata('java/lang/NamedPackage')}
  0x000001cf1037c0c4: c740 0840 | f101 0044 | 8960 0c4c | 8960 1045 | 8b53 1466 | 0f1f 8400 | 0000 0000 

  0x000001cf1037c0e0: ; implicit exception: dispatches to 0x000001cf1037ecd0
  0x000001cf1037c0e0: 478b 4cd4 | 0c45 85c9 | 0f87 5706 | 0000 4585 | c00f 8435 | 2100 0048 | 8944 2450 | 4c89 5c24 
  0x000001cf1037c100: 404c 896c | 2438 4b8d | 14c4 4489 | 4424 484c | 896c 2428 | 4889 4424 | 3041 8be8 

  0x000001cf1037c11c: ;   {optimized virtual_call}
  0x000001cf1037c11c: c5f8 77e8 

  0x000001cf1037c120: ; ImmutableOopMap {rbp=NarrowOop [40]=Oop [48]=Oop [56]=Oop [64]=Oop [72]=NarrowOop [80]=Oop [88]=Oop [104]=Oop }
                      ;*invokevirtual isNamed {reexecute=0 rethrow=0 return_oop=0}
                      ; - java.lang.NamedPackage::<init>@12 (line 48)
                      ; - java.lang.ClassLoader::getNamedPackage@22 (line 342)
                      ; - java.lang.ClassLoader::postDefineClass@9 (line 924)
                      ; - java.lang.ClassLoader::defineClass@37 (line 1018)
                      ; - java.security.SecureClassLoader::defineClass@12 (line 150)
  0x000001cf1037c120: 1c39 dfef | 85c0 0f85 | 1021 0000 | 448b c549 | 8be8 48c1 | e503 4489 | 4424 2448 | 8b54 2440 
  0x000001cf1037c140: ;   {optimized virtual_call}
  0x000001cf1037c140: c5f8 77e8 

  0x000001cf1037c144: ; ImmutableOopMap {rbp=Oop [36]=NarrowOop [56]=Oop [64]=Oop [80]=Oop [88]=Oop [104]=Oop }
                      ;*invokevirtual intern {reexecute=0 rethrow=0 return_oop=1}
                      ; - java.lang.NamedPackage::<init>@47 (line 51)
                      ; - java.lang.ClassLoader::getNamedPackage@22 (line 342)
                      ; - java.lang.ClassLoader::postDefineClass@9 (line 924)
                      ; - java.lang.ClassLoader::defineClass@37 (line 1018)
                      ; - java.security.SecureClassLoader::defineClass@12 (line 150)
  0x000001cf1037c144: 1896 f6ff | 488b d841 | 807f 3800 | 0f85 890e | 0000 488b | 7c24 504c | 8bd7 4c8b | db4d 33da 
  0x000001cf1037c164: 4c8b c349 | c1e8 0344 | 8947 0c49 | c1eb 164d | 85db 741f | 4885 db74 | 1a49 c1ea | 0948 b900 
  0x000001cf1037c184: 0015 6bcf | 0100 0049 | 03ca 8039 | 040f 85f0 | 0e00 0066 | 0f1f 8400 | 0000 0000 | 4180 7f38 
  0x000001cf1037c1a4: 000f 85fc | 0d00 008b | 5c24 2489 | 5f10 4c8b | d54c 8bdf | 4d33 d349 | c1ea 1690 | 4d85 d274 
  0x000001cf1037c1c4: 2485 db74 | 2049 c1eb | 0948 b900 | 0015 6bcf | 0100 0049 | 03cb 660f | 1f44 0000 | 8039 040f 
  0x000001cf1037c1e4: 8540 0e00 | 004c 8b54 | 2438 458b | 5a38 4585 | db0f 84dd | 1f00 0048 | 897c 2450 | 895c 2448 
  0x000001cf1037c204: 48ff 7424 | 3848 8f44 | 2428 4b8d | 14dc 4c8b | 4424 404c | 8bcf bf01 | 0000 0090 

  0x000001cf1037c220: ;   {optimized virtual_call}
  0x000001cf1037c220: c5f8 77e8 

  0x000001cf1037c224: ; ImmutableOopMap {[36]=NarrowOop [40]=Oop [56]=Oop [72]=NarrowOop [80]=Oop [88]=Oop [104]=Oop }
                      ;*invokevirtual putVal {reexecute=0 rethrow=0 return_oop=1}
                      ; - java.util.concurrent.ConcurrentHashMap::putIfAbsent@4 (line 1541)
                      ; - java.lang.ClassLoader::getNamedPackage@32 (line 344)
                      ; - java.lang.ClassLoader::postDefineClass@9 (line 924)
                      ; - java.lang.ClassLoader::defineClass@37 (line 1018)
                      ; - java.security.SecureClassLoader::defineClass@12 (line 150)
  0x000001cf1037c224: 58b8 2400 | 4885 c00f | 84ee 0d00 | 0044 8b58 | 0849 ba00 | 0000 7bcf | 0100 004d | 03d3 4d8b 
  0x000001cf1037c244: ;   {metadata('java/lang/NamedPackage')}
  0x000001cf1037c244: 5238 49bb | 40f1 017b | cf01 0000 | 4d3b d30f | 8493 1f00 | 00ba deff | ffff 488b | e866 6690 
  0x000001cf1037c264: ;   {runtime_call UncommonTrapBlob}
  0x000001cf1037c264: c5f8 77e8 

  0x000001cf1037c268: ; ImmutableOopMap {rbp=Oop }
                      ;*checkcast {reexecute=0 rethrow=0 return_oop=0}
                      ; - java.lang.ClassLoader::getNamedPackage@35 (line 344)
                      ; - java.lang.ClassLoader::postDefineClass@9 (line 924)
                      ; - java.lang.ClassLoader::defineClass@37 (line 1018)
                      ; - java.security.SecureClassLoader::defineClass@12 (line 150)
  0x000001cf1037c268: 94a6 a0ff 

  0x000001cf1037c26c: ; implicit exception: dispatches to 0x000001cf1037ecf0
  0x000001cf1037c26c: 418b 4cec | 0849 8d3c | ec4c 3bdf | 0f84 08fe | ffff 6690 

  0x000001cf1037c280: ;   {metadata('java/lang/String')}
  0x000001cf1037c280: 81f9 e0e9 | 0000 0f85 | 0201 0000 | 410f be5b | 100f be6f | 103b dd0f | 85ad 2100 | 008b 5714 
  0x000001cf1037c2a0: 418b 7b14 | 418b 5cd4 | 0c41 8b4c | fc0c 3bcb | 0f85 d800 | 0000 498d | 1cd4 498d | 74d4 1049 
  0x000001cf1037c2c0: 8d1c fc49 | 8d7c fc10 | 85c9 0f84 | a500 0000 | 8bc1 83e0 | 1f83 e1e0 | 0f84 4b00 | 0000 488d 
  0x000001cf1037c2e0: 3c0f 488d | 340e 48f7 | d9c5 fe6f | 040f c5fe | 6f0c 0ec5 | fdef c1c4 | e27d 17c0 | 0f85 7a00 
  0x000001cf1037c300: 0000 4883 | c120 75e1 | 85c0 0f84 | 6500 0000 | c5fe 6f44 | 07e0 c5fe | 6f4c 06e0 | c5fd efc1 
  0x000001cf1037c320: c4e2 7d17 | c075 55eb | 4c8b c883 | e1fc 7419 | 488d 3c0f | 488d 340e | 48f7 d98b | 1c0f 3b1c 
  0x000001cf1037c340: 0e75 3948 | 83c1 0475 | f2f7 c002 | 0000 0074 | 120f b71f | 0fb7 0e3b | d975 2148 | 8d7f 0248 
  0x000001cf1037c360: 8d76 02f7 | c001 0000 | 0074 0a0f | b61f 0fb6 | 0e3b d975 | 07b8 0100 | 0000 eb02 | 33c0 c5fd 
  0x000001cf1037c380: efc0 c5f5 | efc9 85c0 | 0f85 f8fc | ffff 478b | 4ccc 1845 | 85c9 0f84 | f7fc ffff | 49c1 e103 
  0x000001cf1037c3a0: 418b 790c | 498b 9750 

  0x000001cf1037c3a8: ; ImmutableOopMap {r11=Oop r8=NarrowOop r9=Oop r13=Oop [88]=Oop [104]=Oop }
                      ;*if_icmpne {reexecute=1 rethrow=0 return_oop=0}
                      ; - (reexecute) java.util.concurrent.ConcurrentHashMap::get@127 (line 946)
                      ; - java.lang.ClassLoader::getNamedPackage@5 (line 340)
                      ; - java.lang.ClassLoader::postDefineClass@9 (line 924)
                      ; - java.lang.ClassLoader::defineClass@37 (line 1018)
                      ; - java.security.SecureClassLoader::defineClass@12 (line 150)
                      ;   {poll}
  0x000001cf1037c3a8: 0300 0085 | 0241 3bfa | 0f85 6203 | 0000 418b | 6910 488b | cd48 c1e1 | 0349 3bcb | 0f84 2401 
  0x000001cf1037c3c8: 0000 418b | 5cec 0849 | 8d0c ec4c | 3bd9 0f84 | 1201 0000 | 0f1f 4000 

  0x000001cf1037c3e0: ;   {metadata('java/lang/String')}
  0x000001cf1037c3e0: 81fb e0e9 | 0000 0f85 | 491f 0000 | 410f be7b | 100f be69 | 103b fd0f | 853a 2100 | 008b 5914 
  0x000001cf1037c400: 418b 5314 | 418b 7cdc | 0c41 8b4c | d40c 3bcf | 0f85 1f1f | 0000 498d | 3cdc 498d | 74dc 1049 
  0x000001cf1037c420: 8d1c d449 | 8d7c d410 | 85c9 0f84 | a500 0000 | 8bc1 83e0 | 1f83 e1e0 | 0f84 4b00 | 0000 488d 
  0x000001cf1037c440: 3c0f 488d | 340e 48f7 | d9c5 fe6f | 0c0f c5fe | 6f04 0ec5 | f5ef c8c4 | e27d 17c9 | 0f85 7a00 
  0x000001cf1037c460: 0000 4883 | c120 75e1 | 85c0 0f84 | 6500 0000 | c5fe 6f4c | 07e0 c5fe | 6f44 06e0 | c5f5 efc8 
  0x000001cf1037c480: c4e2 7d17 | c975 55eb | 4c8b c883 | e1fc 7419 | 488d 3c0f | 488d 340e | 48f7 d98b | 1c0f 3b1c 
  0x000001cf1037c4a0: 0e75 3948 | 83c1 0475 | f2f7 c002 | 0000 0074 | 120f b71f | 0fb7 0e3b | d975 2148 | 8d7f 0248 
  0x000001cf1037c4c0: 8d76 02f7 | c001 0000 | 0074 0a0f | b61f 0fb6 | 0e3b d975 | 07b8 0100 | 0000 eb02 | 33c0 c5f5 
  0x000001cf1037c4e0: efc9 c5fd | efc0 85c0 | 0f84 471e | 0000 418b | 6914 85ed | 0f84 99fb | ffff 458b | 5cec 0849 
  0x000001cf1037c500: ba00 0000 | 7bcf 0100 | 004d 03d3 | 4d8b 5238 

  0x000001cf1037c510: ;   {metadata('java/lang/NamedPackage')}
  0x000001cf1037c510: 49bb 40f1 | 017b cf01 | 0000 660f | 1f44 0000 | 4d3b d30f | 8507 1b00 | 004c 8b54 | 2468 458b 
  0x000001cf1037c530: 4a10 4585 | c974 2047 | 8b54 cc14 | 0f1f 4000 | 4585 d20f | 85c2 0600 | 0047 8b54 | cc10 4585 
  0x000001cf1037c550: d20f 854e | 1000 0048 | 8b44 2458 | c5f8 7748 | 81c4 c000 

  0x000001cf1037c564: ;   {poll_return}
  0x000001cf1037c564: 0000 5d49 | 3ba7 4803 | 0000 0f87 | 022b 0000 | c344 0fb6 | 4f11 660f | 1f44 0000 | 4585 c90f 
  0x000001cf1037c584: 854e 0b00 | 008b 6f14 | 498d 34dc | 807f 1000 | 0f85 6d15 | 0000 660f | 1f44 0000 

  0x000001cf1037c5a0: ; implicit exception: dispatches to 0x000001cf1037ece0
  0x000001cf1037c5a0: 458b 4cec | 0c45 85c9 | 0f86 1707 | 0000 458b | d141 ffca | 453b d10f | 83a3 1d00 | 0045 0fb6 
  0x000001cf1037c5c0: 54ec 1041 | 8bc9 83c1 | fd41 8bc2 | c1e0 0541 | 2bc2 498d | 3cec 83f9 | 010f 8ebd | 1d00 00bd 
  0x000001cf1037c5e0: 0100 0000 | eb34 440f | b654 2f10 | 4103 c2ff | c541 3be9 | 0f8d d900 | 0000 448b | d041 c1e2 
  0x000001cf1037c600: 0544 2bd0 | 418b c2eb | dd4d 8bee | c4c1 f97e | c3c5 f97e | cbc4 c179 | 7ed8 418b | d12b d583 
  0x000001cf1037c620: c2fd 3bcd | 0f4c 5424 | 2081 faa0 | 0f00 0041 | baa0 0f00 | 0041 0f47 | d203 d54d | 8bf5 c4c1 
  0x000001cf1037c640: f96e c3c5 | f96e cbc4 | c179 6ed8 | 0f1f 4000 | 4863 dd44 | 0fb6 541f | 1044 0fb6 | 5c1f 1344 
  0x000001cf1037c660: 0fb6 441f | 1144 0fb6 | 6c1f 1241 | 03c2 448b | d041 c1e2 | 0544 2bd0 | 4503 d041 | 8bda c1e3 
  0x000001cf1037c680: 0541 2bda | 4103 dd44 | 8bd3 41c1 | e205 442b | d345 03d3 | 418b c2c1 | e005 412b | c283 c504 
  0x000001cf1037c6a0: 3bea 7cac | 4d8b 9f50 

  0x000001cf1037c6a8: ; ImmutableOopMap {rdi=Oop rsi=Oop r14=Oop xmm0=Oop xmm1=NarrowOop xmm3=NarrowOop [88]=Oop [104]=Oop }
                      ;*goto {reexecute=1 rethrow=0 return_oop=0}
                      ; - (reexecute) java.lang.StringLatin1::hashCode@37 (line 196)
                      ; - java.lang.String::hashCode@27 (line 2344)
                      ; - java.util.concurrent.ConcurrentHashMap::get@1 (line 936)
                      ; - java.lang.ClassLoader::getNamedPackage@5 (line 340)
                      ; - java.lang.ClassLoader::postDefineClass@9 (line 924)
                      ; - java.lang.ClassLoader::defineClass@37 (line 1018)
                      ; - java.security.SecureClassLoader::defineClass@12 (line 150)
                      ;   {poll}
  0x000001cf1037c6a8: 0300 0041 | 8503 3be9 | 0f8c 53ff | ffff 4d8b | eec4 c1f9 | 7ec3 c5f9 | 7ecb c4c1 | 797e d841 
  0x000001cf1037c6c8: 3be9 0f8c | 16ff ffff | 418b c285 | c00f 8420 | 1400 0041 | 8943 0c90 | e9fa f8ff | ff48 8944 
  0x000001cf1037c6e8: 2428 488b | d066 6690 

  0x000001cf1037c6f0: ;   {optimized virtual_call}
  0x000001cf1037c6f0: c5f8 77e8 

  0x000001cf1037c6f4: ; ImmutableOopMap {[40]=Oop [48]=Oop [64]=Oop [88]=Oop [104]=Oop }
                      ;*invokevirtual initClassName {reexecute=0 rethrow=0 return_oop=1}
                      ; - java.lang.Class::getName@14 (line 865)
                      ; - java.lang.Class::getPackageName@40 (line 1084)
                      ; - java.lang.ClassLoader::postDefineClass@2 (line 924)
                      ; - java.lang.ClassLoader::defineClass@37 (line 1018)
                      ; - java.security.SecureClassLoader::defineClass@12 (line 150)
  0x000001cf1037c6f4: 683d faff | 4c8b d80f | 1f44 0000 | 4885 c00f | 8555 f5ff | ffba f6ff | ffff 6690 

  0x000001cf1037c710: ;   {runtime_call UncommonTrapBlob}
  0x000001cf1037c710: c5f8 77e8 

  0x000001cf1037c714: ; ImmutableOopMap {}
                      ;*invokevirtual lastIndexOf {reexecute=0 rethrow=0 return_oop=0}
                      ; - java.lang.Class::getPackageName@47 (line 1085)
                      ; - java.lang.ClassLoader::postDefineClass@2 (line 924)
                      ; - java.lang.ClassLoader::defineClass@37 (line 1018)
                      ; - java.security.SecureClassLoader::defineClass@12 (line 150)
  0x000001cf1037c714: e8a1 a0ff | 418b 4918 | 0f1f 4000 | 85c9 0f84 | 6bf9 ffff | 4d8d 0ccc | e96f fcff | ff48 8b74 
  0x000001cf1037c734: 2448 e9af | f3ff ff41 | 8bc9 6690 | e90b f2ff | ff4c 896c | 2438 4c89 | 5c24 4048 | 8944 2450 
  0x000001cf1037c754: e9d6 f9ff | ff49 8bf3 | 0f1f 4000 | e9de f7ff | ff45 8bd1 | e93b f6ff | ff47 8b54 | dc0c 478b 
  0x000001cf1037c774: 44dc 084b | 8d2c dc4d | 63ca 49c1 | e102 4983 | c117 4983 | e1f8 4181 | fa00 0004 | 000f 879b 
  0x000001cf1037c794: 1400 0049 | 8bbf 0801 | 0000 488b | cf49 03c9 | 493b 8f18 | 0100 000f | 8381 1400 | 0049 898f 
  0x000001cf1037c7b4: 0801 0000 | 0f0d 89c0 | 0000 0048 | c707 0100 | 0000 4489 | 4708 4489 | 570c 0f0d | 8900 0100 
  0x000001cf1037c7d4: 000f 0d89 | 4001 0000 | 0f0d 8980 | 0100 004b | 8d4c dc10 | 488b d748 | 83c2 1049 | 83c1 f049 
  0x000001cf1037c7f4: c1e9 034d | 8bc1 660f | 1f44 0000 | c5f8 7749 | ba60 86d6 | 0fcf 0100 | 0041 ffd2 

  0x000001cf1037c810: ;   {oop(""{0x0000000600400f88})}
  0x000001cf1037c810: 49b8 880f | 4000 0600 | 0000 49bb | 0000 156b | cf01 0000 | 4c8b cfe9 | 0af3 ffff | 498b cd49 
  0x000001cf1037c830: 8bc2 418b | de44 8b54 | 2474 e93f | 0000 0090 | 413b da0f | 8523 2100 | 0044 8bcb | 41ff c944 
  0x000001cf1037c850: 3bcb 0f83 | ed1f 0000 | 4585 d20f | 1f44 0000 | 0f86 df1f | 0000 458b | c241 ffc8 | 453b c20f 
  0x000001cf1037c870: 831b 2000 | 0041 b9e8 | 0300 0045 | 33c0 428b | 7c81 1041 | 8b74 fc20 | 85f6 0f84 | a81d 0000 
  0x000001cf1037c890: 488b d648 | c1e2 0345 | 33db 418b | eb4c 8be9 | 448b f344 | 8954 2474 | c4c1 796e | c0c5 f96e 
  0x000001cf1037c8b0: d7c5 f96e | ce4c 8bd0 | 448b 44a8 | 10c5 f97e | d341 3bd8 | 0f84 4401 | 0000 438b | 4cc4 2085 
  0x000001cf1037c8d0: c90f 84a9 | 1c00 0048 | 8bf1 48c1 | e603 488b | fa48 3bfe | 0f84 d300 | 0000 4885 | ff0f 84d1 
  0x000001cf1037c8f0: 0000 0048 | 85f6 0f84 | c800 0000 | 8b4f 0c3b | 4e0c 0f85 | bc00 0000 | 85c9 0f84 | ad00 0000 
  0x000001cf1037c910: 488d 7f10 | 488d 7610 | 8bc1 83e0 | 1f83 e1e0 | 0f84 4b00 | 0000 488d | 3c0f 488d | 340e 48f7 
  0x000001cf1037c930: d9c5 fe6f | 240f c5fe | 6f1c 0ec5 | ddef e3c4 | e27d 17e4 | 0f85 7a00 | 0000 4883 | c120 75e1 
  0x000001cf1037c950: 85c0 0f84 | 6500 0000 | c5fe 6f64 | 07e0 c5fe | 6f5c 06e0 | c5dd efe3 | c4e2 7d17 | e475 55eb 
  0x000001cf1037c970: 4c8b c883 | e1fc 7419 | 488d 3c0f | 488d 340e | 48f7 d98b | 1c0f 3b1c | 0e75 3948 | 83c1 0475 
  0x000001cf1037c990: f2f7 c002 | 0000 0074 | 120f b71f | 0fb7 0e3b | d975 2148 | 8d7f 0248 | 8d76 02f7 | c001 0000 
  0x000001cf1037c9b0: 0074 0a0f | b61f 0fb6 | 0e3b d975 | 07b8 0100 | 0000 eb02 | 33c0 c5dd | efe4 c5e5 | efdb 85c0 
  0x000001cf1037c9d0: 753c 448b | 4424 7445 | 2bc3 8b5c | 2474 413b | db44 0f4c | 4424 2041 | 81f8 e803 | 0000 450f 
  0x000001cf1037c9f0: 47c1 4503 | c3ff c541 | 3be8 660f | 1f44 0000 | 0f8d de1c | 0000 498b | c2e9 a7fe | ffff 498b 
  0x000001cf1037ca10: 8f50 0300 | 00c4 c179 | 7ec0 41ff 

  0x000001cf1037ca1c: ; ImmutableOopMap {r10=Oop r13=Oop [48]=Oop [64]=Oop [72]=Oop [80]=Oop [152]=Oop }
                      ;*goto {reexecute=1 rethrow=0 return_oop=0}
                      ; - (reexecute) java.lang.ClassLoader::compareCerts@107 (line 1185)
                      ; - java.lang.ClassLoader::checkCerts@80 (line 1162)
                      ; - java.lang.ClassLoader::preDefineClass@113 (line 907)
                      ; - java.lang.ClassLoader::defineClass@4 (line 1015)
                      ; - java.security.SecureClassLoader::defineClass@12 (line 150)
                      ;   {poll}
  0x000001cf1037ca1c: c085 0190 | 453b c60f | 8c03 feff | ff33 c949 | 8bda 458b | 448a 1043 | 8b7c c420 | 85ff 660f 
  0x000001cf1037ca3c: 1f44 0000 | 0f84 4a1c | 0000 488b | d748 c1e2 | 0345 33db | 418b eb4c | 8bd3 c5f9 | 6ec1 c4c1 
  0x000001cf1037ca5c: 796e d0c5 | f96e cf45 | 8b44 ad10 | c5f9 7ed3 | 413b d80f | 8471 0100 | 0043 8b4c | c420 85c9 
  0x000001cf1037ca7c: 0f1f 4000 | 0f84 521b | 0000 488b | f148 c1e6 | 0348 8bfa | 483b fe0f | 84d3 0000 | 0048 85ff 
  0x000001cf1037ca9c: 0f84 d100 | 0000 4885 | f60f 84c8 | 0000 008b | 4f0c 3b4e | 0c0f 85bc | 0000 0085 | c90f 84ad 
  0x000001cf1037cabc: 0000 0048 | 8d7f 1048 | 8d76 108b | c183 e01f | 83e1 e00f | 844b 0000 | 0048 8d3c | 0f48 8d34 
  0x000001cf1037cadc: 0e48 f7d9 | c5fe 6f24 | 0fc5 fe6f | 1c0e c5dd | efe3 c4e2 | 7d17 e40f | 857a 0000 | 0048 83c1 
  0x000001cf1037cafc: 2075 e185 | c00f 8465 | 0000 00c5 | fe6f 6407 | e0c5 fe6f | 5c06 e0c5 | ddef e3c4 | e27d 17e4 
  0x000001cf1037cb1c: 7555 eb4c | 8bc8 83e1 | fc74 1948 | 8d3c 0f48 | 8d34 0e48 | f7d9 8b1c | 0f3b 1c0e | 7539 4883 
  0x000001cf1037cb3c: c104 75f2 | f7c0 0200 | 0000 7412 | 0fb7 1f0f | b70e 3bd9 | 7521 488d | 7f02 488d | 7602 f7c0 
  0x000001cf1037cb5c: 0100 0000 | 740a 0fb6 | 1f0f b60e | 3bd9 7507 | b801 0000 | 00eb 0233 | c0c5 ddef | e4c5 e5ef 
  0x000001cf1037cb7c: db66 6690 | 85c0 0f85 | 5e00 0000 | 458b c645 | 2bc3 418b | de41 3bdb | 440f 4c44 | 2420 4181 
  0x000001cf1037cb9c: f8e8 0300 | 0045 0f47 | c145 03c3 | ffc5 413b | e80f 8cb0 | feff ff4d | 8b9f 5003 | 0000 c4c1 
  0x000001cf1037cbbc: 797e d049 

  0x000001cf1037cbc0: ; ImmutableOopMap {r10=Oop r8=Oop rdx=Oop r13=Oop xmm1=NarrowOop xmm2=NarrowOop [48]=Oop [64]=Oop [72]=Oop [80]=Oop [152]=Oop }
                      ;*goto {reexecute=1 rethrow=0 return_oop=0}
                      ; - (reexecute) java.lang.ClassLoader::compareCerts@180 (line 1199)
                      ; - java.lang.ClassLoader::checkCerts@80 (line 1162)
                      ; - java.lang.ClassLoader::preDefineClass@113 (line 907)
                      ; - java.lang.ClassLoader::defineClass@4 (line 1015)
                      ; - java.security.SecureClassLoader::defineClass@12 (line 150)
                      ;   {poll}
  0x000001cf1037cbc0: c1e0 0341 | 8503 3beb | 0f8d 161f | 0000 448b | dd49 8bda | c5f9 7ec1 | c4c1 797e | d0c5 f97e 
  0x000001cf1037cbe0: cfe9 6afe | ffff 4d8b | 8750 0300 | 00c5 f97e 

  0x000001cf1037cbf0: ; ImmutableOopMap {r10=Oop r13=Oop [48]=Oop [64]=Oop [72]=Oop [80]=Oop [152]=Oop }
                      ;*goto {reexecute=1 rethrow=0 return_oop=0}
                      ; - (reexecute) java.lang.ClassLoader::compareCerts@192 (line 1197)
                      ; - java.lang.ClassLoader::checkCerts@80 (line 1162)
                      ; - java.lang.ClassLoader::preDefineClass@113 (line 907)
                      ; - java.lang.ClassLoader::defineClass@4 (line 1015)
                      ; - java.security.SecureClassLoader::defineClass@12 (line 150)
                      ;   {poll}
  0x000001cf1037cbf0: c1ff c141 | 8500 3b4c | 2474 660f | 1f44 0000 | 0f8c 25fe | ffff e9a4 | efff ff43 | 8b4c d40c 
  0x000001cf1037cc10: 478b 4cd4 | 084b 8d2c | d44c 63c1 | 49c1 e002 | 4983 c017 | 4983 e0f8 | 81f9 0000 | 0400 0f87 
  0x000001cf1037cc30: 7412 0000 | 498b 9f08 | 0100 004c | 8bdb 4d03 | d84d 3b9f | 1801 0000 | 0f83 5a12 | 0000 4d89 
  0x000001cf1037cc50: 9f08 0100 | 0041 0f0d | 8bc0 0000 | 0048 c703 | 0100 0000 | 4489 4b08 | 894b 0c41 | 0f0d 8b00 
  0x000001cf1037cc70: 0100 0041 | 0f0d 8b40 | 0100 0041 | 0f0d 8b80 | 0100 004b | 8d4c d410 | 488b d348 | 83c2 1049 
  0x000001cf1037cc90: 83c0 f049 | c1e8 0366 | 0f1f 8400 | 0000 0000 | c5f8 7749 | ba60 86d6 | 0fcf 0100 | 0041 ffd2 
  0x000001cf1037ccb0: 488b 5424 | 584c 8bc3 

  0x000001cf1037ccb8: ;   {optimized virtual_call}
  0x000001cf1037ccb8: c5f8 77e8 

  0x000001cf1037ccbc: ; ImmutableOopMap {[88]=Oop }
                      ;*invokevirtual setSigners {reexecute=0 rethrow=0 return_oop=0}
                      ; - java.lang.ClassLoader::setSigners@2 (line 1308)
                      ; - java.lang.ClassLoader::postDefineClass@35 (line 929)
                      ; - java.lang.ClassLoader::defineClass@37 (line 1018)
                      ; - java.security.SecureClassLoader::defineClass@12 (line 150)
  0x000001cf1037ccbc: 6724 0000 | e992 f8ff | ff33 c0e9 | 07fa ffff | 4533 c944 | 894c 2420 | b9ff ffff | ffe9 75ec 
  0x000001cf1037ccdc: ;   {oop(""{0x0000000600400f88})}
  0x000001cf1037ccdc: ffff 48be | 880f 4000 | 0600 0000 | e9fd edff | ffc4 e1f9 | 6ec2 4889 | 7424 3048 | 8944 24f8 
  0x000001cf1037ccfc: 8b44 2420 | 8944 242c | 488b 4424 | f848 895c | 2420 4c8b | df4c 63c5 | 498b c848 | 83c1 1048 
  0x000001cf1037cd1c: 8bd1 4883 | e2f8 498b | fa48 03fa | 498b ea48 | c1e9 034c | 2bc9 498b | c948 33c0 | 4883 f908 
  0x000001cf1037cd3c: 7f10 48ff | c978 4f48 | 8904 cf48 | ffc9 7df7 | eb44 c5f5 | efc9 e90d | 0000 00c5 | fe7f 0fc5 
  0x000001cf1037cd5c: fe7f 4f20 | 4883 c740 | 4883 e908 | 7ded 4883 | c104 7c0c | c5fe 7f0f | 4883 c720 | 4883 e904 
  0x000001cf1037cd7c: 4883 c104 | 7e10 48ff | c9c5 f9d6 | 0f48 83c7 | 0848 ffc9 | 7df3 498b | cbc4 e1f9 | 7ec2 660f 
  0x000001cf1037cd9c: 1f44 0000 | c5f8 7749 | ba60 7fd6 | 0fcf 0100 | 0041 ffd2 | 488b 5c24 | 2048 8944 | 24f8 8b44 
  0x000001cf1037cdbc: 242c 8944 | 2420 488b | 4424 f848 | 8b74 2430 | 4c8b d5e9 | dfec ffff | 4d8b 5740 | 4d8b 5f50 
  0x000001cf1037cddc: f083 4424 | c000 8039 | 000f 84fb | ecff ff44 | 8821 4d85 | d275 2249 | 8bd7 6666 | 0f1f 8400 
  0x000001cf1037cdfc: 0000 0000 | c5f8 7749 | ba50 6b5e | 70f9 7f00 | 0041 ffd2 | e9d1 ecff | ff4b 894c | 13f8 4983 
  0x000001cf1037ce1c: c2f8 4d89 | 5740 e9bf | ecff ff4c | 8b54 2458 | 458b 5a3c | 4585 db0f | 8432 f1ff | ff4d 8b57 
  0x000001cf1037ce3c: 2049 8bcb | 48c1 e103 | 4d85 d20f | 8437 1400 | 004d 8b5f | 304b 894c | 13f8 4983 | c2f8 4d89 
  0x000001cf1037ce5c: 5720 6690 | e906 f1ff | ff4d 8b57 | 404d 8b5f | 50f0 8344 | 24c0 0080 | 3900 0f84 | 37f1 ffff 
  0x000001cf1037ce7c: 4488 2190 | 4d85 d275 | 1849 8bd7 | c5f8 7749 | ba50 6b5e | 70f9 7f00 | 0041 ffd2 | e916 f1ff 
  0x000001cf1037ce9c: ff4b 894c | 13f8 4983 | c2f8 4d89 | 5740 e904 | f1ff ff4d | 63c1 4d8b | d049 83c2 | 104d 8bca 
  0x000001cf1037cebc: 4983 e1f8 | 498b fd49 | 03f9 49c1 | ea03 4d2b | da49 8bcb | 4833 c048 | 83f9 087f | 1048 ffc9 
  0x000001cf1037cedc: 784f 4889 | 04cf 48ff | c97d f7eb | 44c5 fdef | c0e9 0d00 | 0000 c5fe | 7f07 c5fe | 7f47 2048 
  0x000001cf1037cefc: 83c7 4048 | 83e9 087d | ed48 83c1 | 047c 0cc5 | fe7f 0748 | 83c7 2048 | 83e9 0448 | 83c1 047e 
  0x000001cf1037cf1c: 1048 ffc9 | c5f9 d607 | 4883 c708 | 48ff c97d | f348 8bcd | 6666 660f | 1f84 0000 | 0000 0066 
  0x000001cf1037cf3c: 6666 9090 | c5f8 7749 | ba60 7fd6 | 0fcf 0100 | 0041 ffd2 | e9bb efff | ff4d 8b57 | 404d 8b5f 
  0x000001cf1037cf5c: 50f0 8344 | 24c0 0080 | 3900 0f84 | d3ef ffff | 4488 214d | 85d2 7521 | 498b d766 | 0f1f 8400 
  0x000001cf1037cf7c: 0000 0000 | c5f8 7749 | ba50 6b5e | 70f9 7f00 | 0041 ffd2 | e9aa efff | ff4b 894c | 13f8 4983 
  0x000001cf1037cf9c: c2f8 4d89 | 5740 e998 | efff ff44 | 8b5f 1045 | 85db 0f84 | f7f1 ffff | 4d8b 5720 | 498b cb48 
  0x000001cf1037cfbc: c1e1 0390 | 4d85 d20f | 8437 1300 | 004d 8b5f | 304b 894c | 13f8 4983 | c2f8 4d89 | 5720 e9cc 
  0x000001cf1037cfdc: f1ff ff48 | 8b7c 2450 | 448b 570c | 4585 d20f | 846a f1ff | ff4d 8b5f | 2049 8bca | 48c1 e103 
  0x000001cf1037cffc: 0f1f 4000 | 4d85 db0f | 840f 1300 | 004d 8b57 | 304b 894c | 1af8 4983 | c3f8 4d89 | 5f20 e93c 
  0x000001cf1037d01c: f1ff ff4c | 8b6c 2438 | e900 f5ff | ff4d 8b57 | 504d 8b5f | 40f0 8344 | 24c0 0080 | 3900 660f 
  0x000001cf1037d03c: 1f44 0000 | 0f84 a3f1 | ffff 4488 | 214d 85db | 7527 498b | d766 6666 | 0f1f 8400 | 0000 0000 
  0x000001cf1037d05c: 6666 6690 | c5f8 7749 | ba50 6b5e | 70f9 7f00 | 0041 ffd2 | e974 f1ff | ff4b 894c | 1af8 4983 
  0x000001cf1037d07c: c3f8 4d89 | 5f40 e962 | f1ff ff4d | 8b57 504d | 8b5f 40f0 | 8344 24c0 | 0080 3900 | 0f84 f9f0 
  0x000001cf1037d09c: ffff 4488 | 214d 85db | 7518 498b | d7c5 f877 | 49ba 506b | 5e70 f97f | 0000 41ff | d2e9 d9f0 
  0x000001cf1037d0bc: ffff 4b89 | 4c1a f849 | 83c3 f84d | 895f 40e9 | c7f0 ffff | 33c0 e91d | ebff ff33 | c0e9 01ef 
  0x000001cf1037d0dc: ;   {no_reloc}
  0x000001cf1037d0dc: ffff 48be | 880f 4000 | 0600 0000 | e9fd e9ff | ff49 8b87 | 0801 0000 | 4c8b d849 | 83c3 1844 
  0x000001cf1037d0fc: 8b54 2460 | 49c1 e203 | 4d3b 9f18 | 0100 000f | 8314 1600 | 004d 899f | 0801 0000 | 410f 0d8b 
  0x000001cf1037d11c: c000 0000 | 48c7 0001 

  0x000001cf1037d124: ;   {metadata('java/util/ArrayList')}
  0x000001cf1037d124: 0000 00c7 | 4008 10df | 0000 4489 | 600c 4489 | 6010 458b 

  0x000001cf1037d138: ;   {oop(a 'java/lang/Object'[0] {0x0000000600455c90})}
  0x000001cf1037d138: 44fc 0cc7 | 4014 92ab | 08c0 4c8b | c845 85c0 

  0x000001cf1037d148: ;   {oop(""{0x0000000600400f88})}
  0x000001cf1037d148: 761c 48ba | 880f 4000 | 0600 0000 | 48b8 0000 | 156b cf01 | 0000 4533 | c0e9 6f00 | 0000 4533 
  0x000001cf1037d168: ;   {oop(""{0x0000000600400f88})}
  0x000001cf1037d168: c049 bb88 | 0f40 0006 | 0000 0048 | ba00 0015 | 6bcf 0100 | 0066 6690 | e952 0100 | 0066 6666 
  0x000001cf1037d188: 0f1f 8400 | 0000 0000 | 4889 6c24 | 404c 8b54 | 2420 4c89 | 5424 4848 | 8b5c 2430 | 4889 4424 
  0x000001cf1037d1a8: f88b 4424 | 5c89 4424 | 2048 8b44 | 24f8 488b | 5424 6848 | 8b44 2470 | 488b 7424 | 784c 8b94 
  0x000001cf1037d1c8: 2480 0000 | 004c 8b8c | 2488 0000 | 0045 8b5c | fc0c 660f | 1f44 0000 | 453b c30f | 83cb 1700 
  0x000001cf1037d1e8: 004d 8d1c | fc47 8b5c | 8310 438b | 4cdc 1066 | 0f1f 8400 | 0000 0000 

  0x000001cf1037d200: ; implicit exception: dispatches to 0x000001cf1037eec8
  0x000001cf1037d200: 458b 5ccc | 1044 8944 | 2464 4c89 | 8c24 8800 | 0000 4c89 | 9424 8000 | 0000 4889 | 7424 7848 
  0x000001cf1037d220: 8944 2470 | 4889 5424 | 6848 8944 | 24f8 8b44 | 2420 8944 | 245c 488b | 4424 f848 | 895c 2430 
  0x000001cf1037d240: 4c8b 5424 | 484c 8954 | 2420 488b | 6c24 404d | 8bc3 49c1 | e003 498b | d166 6690 

  0x000001cf1037d25c: ;   {optimized virtual_call}
  0x000001cf1037d25c: c5f8 77e8 

  0x000001cf1037d260: ; ImmutableOopMap {rbp=Oop [32]=Oop [48]=Oop [80]=Oop [96]=NarrowOop [104]=Oop [120]=Oop [128]=Oop [136]=Oop [152]=Oop }
                      ;*invokevirtual addAll {reexecute=0 rethrow=0 return_oop=0}
                      ; - java.security.CodeSource::getCertificates@57 (line 210)
                      ; - java.lang.ClassLoader::checkCerts@34 (line 1158)
                      ; - java.lang.ClassLoader::preDefineClass@113 (line 907)
                      ; - java.lang.ClassLoader::defineClass@4 (line 1015)
                      ; - java.security.SecureClassLoader::defineClass@12 (line 150)
  0x000001cf1037d260: 1c81 8ef0 | 4d8b 9750 | 0300 0044 | 8b5c 2460 | 438b 7cdc | 1044 8b44 | 2464 41ff 

  0x000001cf1037d27c: ; ImmutableOopMap {rdi=NarrowOop rbp=Oop [32]=Oop [48]=Oop [80]=Oop [96]=NarrowOop [104]=Oop [120]=Oop [128]=Oop [136]=Oop [152]=Oop }
                      ;*goto {reexecute=1 rethrow=0 return_oop=0}
                      ; - (reexecute) java.security.CodeSource::getCertificates@64 (line 209)
                      ; - java.lang.ClassLoader::checkCerts@34 (line 1158)
                      ; - java.lang.ClassLoader::preDefineClass@113 (line 907)
                      ; - java.lang.ClassLoader::defineClass@4 (line 1015)
                      ; - java.security.SecureClassLoader::defineClass@12 (line 150)
                      ;   {poll}
  0x000001cf1037d27c: c041 8502 

  0x000001cf1037d280: ; implicit exception: dispatches to 0x000001cf1037eed8
  0x000001cf1037d280: 458b 5cfc | 0c45 3bc3 | 0f8c 02ff | ffff 4c8b | 8c24 8800 | 0000 458b | 4110 4889 | 6c24 404c 
  0x000001cf1037d2a0: 8b54 2420 | 4c89 5424 | 4848 8b5c | 2430 4889 | 4424 f88b | 4424 5c89 | 4424 2048 | 8b44 24f8 
  0x000001cf1037d2c0: 4c8b 5c24 | 6848 8b54 | 2470 488b | 7424 784c | 8b94 2480 | 0000 0066 | 0f1f 8400 | 0000 0000 
  0x000001cf1037d2e0: 4181 f800 | 0004 000f | 8743 1700 | 0049 63c8 | 4181 f800 | 0004 000f | 87a8 1400 | 0049 8baf 
  0x000001cf1037d300: 0801 0000 | 48c1 e102 | 4883 c117 | 488b f948 | 83e7 f848 | 8bc5 4803 | c70f 1f80 | 0000 0000 
  0x000001cf1037d320: 493b 8718 | 0100 000f | 8378 1400 | 0049 8987 | 0801 0000 | 0f0d 88c0 | 0000 0048 | c745 0001 
  0x000001cf1037d340: 0000 000f | 0d88 0001 

  0x000001cf1037d348: ;   {metadata('java/security/cert/Certificate'[])}
  0x000001cf1037d348: 0000 c745 | 08a0 2912 | 0044 8945 | 0c0f 0d88 | 4001 0000 | 488b fd48 | 83c7 100f | 0d88 8001 
  0x000001cf1037d368: 0000 48c1 | e903 4883 | c1fe 4833 | c048 83f9 | 087f 1048 | ffc9 784f | 4889 04cf | 48ff c97d 
  0x000001cf1037d388: f7eb 44c5 | fdef c0e9 | 0d00 0000 | c5fe 7f07 | c5fe 7f47 | 2048 83c7 | 4048 83e9 | 087d ed48 
  0x000001cf1037d3a8: 83c1 047c | 0cc5 fe7f | 0748 83c7 | 2048 83e9 | 0448 83c1 | 047e 1048 | ffc9 c5f9 | d607 4883 
  0x000001cf1037d3c8: c708 48ff | c97d f348 | ff74 2440 | 488f 4424 | 284c 8b44 | 2448 4c89 | 4424 304c | 8b84 2498 
  0x000001cf1037d3e8: 0000 004c | 8944 2468 | 4889 5c24 | 708b 4c24 | 6089 4c24 | 384c 895c | 2478 4889 | 9424 8000 
  0x000001cf1037d408: 0000 4889 | b424 8800 | 0000 4c89 | 9424 9000 | 0000 4c89 | 8c24 a000 | 0000 4c8b | c548 8b94 
  0x000001cf1037d428: 24a0 0000 | 0066 6690 

  0x000001cf1037d430: ;   {optimized virtual_call}
  0x000001cf1037d430: c5f8 77e8 

  0x000001cf1037d434: ; ImmutableOopMap {[40]=Oop [48]=Oop [56]=NarrowOop [80]=Oop [104]=Oop [112]=Oop [120]=Oop [136]=Oop [144]=Oop }
                      ;*invokevirtual toArray {reexecute=0 rethrow=0 return_oop=1}
                      ; - java.security.CodeSource::getCertificates@76 (line 213)
                      ; - java.lang.ClassLoader::checkCerts@34 (line 1158)
                      ; - java.lang.ClassLoader::preDefineClass@113 (line 907)
                      ; - java.lang.ClassLoader::defineClass@4 (line 1015)
                      ; - java.security.SecureClassLoader::defineClass@12 (line 150)
  0x000001cf1037d434: 0807 3f00 | 488b f80f | 1f44 0000 

  0x000001cf1037d440: ; implicit exception: dispatches to 0x000001cf1037ef28
  0x000001cf1037d440: 448b 5008 

  0x000001cf1037d444: ;   {metadata('java/security/cert/Certificate'[])}
  0x000001cf1037d444: 4181 faa0 | 2912 000f | 8557 1700 | 0041 807f | 3800 0f85 | 4a0f 0000 | 8b5c 2438 | 4c8b 9424 
  0x000001cf1037d464: 9000 0000 | 4d8b da4c | 8bd7 49c1 | ea03 4589 | 54dc 144c | 8bd7 4d33 | d349 c1ea | 164d 85d2 
  0x000001cf1037d484: 7420 49c1 | eb09 48b9 | 0000 156b | cf01 0000 | 4903 cb80 | 3904 660f | 1f44 0000 | 0f85 3f0f 
  0x000001cf1037d4a4: 0000 448b | 470c 448b | 5708 4d63 | d849 c1e3 | 0249 83c3 | 1749 83e3 | f866 6690 | 4181 f800 
  0x000001cf1037d4c4: 0004 000f | 8747 1300 | 0049 8b9f | 0801 0000 | 4c8b cb4d | 03cb 660f | 1f44 0000 | 4d3b 8f18 
  0x000001cf1037d4e4: 0100 000f | 8327 1300 | 004d 898f | 0801 0000 | 410f 0d89 | c000 0000 | 48c7 0301 | 0000 0044 
  0x000001cf1037d504: 8953 0844 | 8943 0c41 | 0f0d 8900 | 0100 0041 | 0f0d 8940 | 0100 0041 | 0f0d 8980 | 0100 0048 
  0x000001cf1037d524: 8bcf 4883 | c110 488b | d348 83c2 | 1049 83c3 | f049 c1eb | 034d 8bc3 | 0f1f 4000 | c5f8 7749 
  0x000001cf1037d544: ba60 86d6 | 0fcf 0100 | 0041 ffd2 | 4c8b d348 | ff74 2428 | 488f 4424 | 404c 8b5c | 2430 4c89 
  0x000001cf1037d564: 5c24 484c | 8b5c 2468 | 4c89 9c24 | 9800 0000 | 488b 5c24 | 704c 8b44 | 2478 4c8b | 9c24 8000 
  0x000001cf1037d584: 0000 488b | b424 8800 | 0000 498b | fae9 8ef2 

  0x000001cf1037d594: ;   {oop(""{0x0000000600400f88})}
  0x000001cf1037d594: ffff 48be | 880f 4000 | 0600 0000 | e99e e9ff | ff49 8b87 | 0801 0000 | 4c8b d849 | 83c3 184b 
  0x000001cf1037d5b4: 8d1c cc66 | 0f1f 8400 | 0000 0000 | 4d3b 9f18 | 0100 000f | 830b 1300 | 004d 899f | 0801 0000 
  0x000001cf1037d5d4: 410f 0d8b | c000 0000 | 48c7 0001 

  0x000001cf1037d5e0: ;   {metadata('java/util/ArrayList')}
  0x000001cf1037d5e0: 0000 00c7 | 4008 10df | 0000 4489 | 600c 4489 | 6010 438b 

  0x000001cf1037d5f4: ;   {oop(a 'java/lang/Object'[0] {0x0000000600455c90})}
  0x000001cf1037d5f4: 4cd4 0cc7 | 4014 92ab | 08c0 4c8b | c085 c977 | 1d44 8b5c | 2420 e99c | 0000 0090 | 4c8b ed44 
  0x000001cf1037d614: 895c 2420 | 488b 5c24 | 304c 8b44 | 2438 438b | 4cd4 0c44 | 8b5c 2420 | 443b d90f | 83d3 1300 
  0x000001cf1037d634: 0049 c1e2 | 0343 8b4c | 9a10 6690 

  0x000001cf1037d640: ; implicit exception: dispatches to 0x000001cf1037eef8
  0x000001cf1037d640: 458b 54cc | 1047 8b54 | d410 4c89 | 4424 3848 | 895c 2430 | 4489 4c24 | 2449 8bed | 4d8b c249 
  0x000001cf1037d660: c1e0 0348 | 8b54 2438 

  0x000001cf1037d668: ;   {optimized virtual_call}
  0x000001cf1037d668: c5f8 77e8 

  0x000001cf1037d66c: ; ImmutableOopMap {rbp=Oop [36]=NarrowOop [48]=Oop [56]=Oop [88]=Oop }
                      ;*invokevirtual addAll {reexecute=0 rethrow=0 return_oop=0}
                      ; - java.security.CodeSource::getCertificates@57 (line 210)
                      ; - java.lang.ClassLoader::postDefineClass@24 (line 927)
                      ; - java.lang.ClassLoader::defineClass@37 (line 1018)
                      ; - java.security.SecureClassLoader::defineClass@12 (line 150)
  0x000001cf1037d66c: 103d a0ff | 4d8b 8750 | 0300 0044 | 8b4c 2424 | 478b 54cc | 1044 8b5c | 2420 41ff 

  0x000001cf1037d688: ; ImmutableOopMap {r10=NarrowOop r9=NarrowOop rbp=Oop [48]=Oop [56]=Oop [88]=Oop }
                      ;*goto {reexecute=1 rethrow=0 return_oop=0}
                      ; - (reexecute) java.security.CodeSource::getCertificates@64 (line 209)
                      ; - java.lang.ClassLoader::postDefineClass@24 (line 927)
                      ; - java.lang.ClassLoader::defineClass@37 (line 1018)
                      ; - java.security.SecureClassLoader::defineClass@12 (line 150)
                      ;   {poll}
  0x000001cf1037d688: c341 8500 

  0x000001cf1037d68c: ; implicit exception: dispatches to 0x000001cf1037ef18
  0x000001cf1037d68c: 438b 4cd4 | 0c44 3bd9 | 0f8c 76ff | ffff 4c8b | 4424 3845 | 8b58 104c | 8bed 488b | 5c24 3041 
  0x000001cf1037d6ac: 81fb 0000 | 0400 0f87 | 8013 0000 | 4963 cb0f | 1f44 0000 | 4181 fb00 | 0004 000f | 8746 1200 
  0x000001cf1037d6cc: 004d 8b97 | 0801 0000 | 48c1 e102 | 4883 c117 | 488b f948 | 83e7 f849 | 8bd2 4803 | d749 3b97 
  0x000001cf1037d6ec: 1801 0000 | 0f83 1d12 | 0000 4989 | 9708 0100 | 000f 0d8a | c000 0000 | 49c7 0201 | 0000 000f 
  0x000001cf1037d70c: 0d8a 0001 

  0x000001cf1037d710: ;   {metadata('java/security/cert/Certificate'[])}
  0x000001cf1037d710: 0000 41c7 | 4208 a029 | 1200 4589 | 5a0c 0f0d | 8a40 0100 | 0049 8bfa | 4883 c710 | 0f0d 8a80 
  0x000001cf1037d730: 0100 0048 | c1e9 0348 | 83c1 fe48 | 33c0 4883 | f908 7f10 | 48ff c978 | 4f48 8904 | cf48 ffc9 
  0x000001cf1037d750: 7df7 eb44 | c5fd efc0 | e90d 0000 | 00c5 fe7f | 07c5 fe7f | 4720 4883 | c740 4883 | e908 7ded 
  0x000001cf1037d770: 4883 c104 | 7c0c c5fe | 7f07 4883 | c720 4883 | e904 4883 | c104 7e10 | 48ff c9c5 | f9d6 0748 
  0x000001cf1037d790: 83c7 0848 | ffc9 7df3 | 4c89 6c24 | 204c 8b5c | 2458 4c89 | 5c24 2844 | 894c 2430 | 488b eb4c 
  0x000001cf1037d7b0: 8944 2438 | 4d8b c248 | 8b54 2438 

  0x000001cf1037d7bc: ;   {optimized virtual_call}
  0x000001cf1037d7bc: c5f8 77e8 

  0x000001cf1037d7c0: ; ImmutableOopMap {rbp=Oop [32]=Oop [40]=Oop [48]=NarrowOop }
                      ;*invokevirtual toArray {reexecute=0 rethrow=0 return_oop=1}
                      ; - java.security.CodeSource::getCertificates@76 (line 213)
                      ; - java.lang.ClassLoader::postDefineClass@24 (line 927)
                      ; - java.lang.ClassLoader::defineClass@37 (line 1018)
                      ; - java.security.SecureClassLoader::defineClass@12 (line 150)
  0x000001cf1037d7c0: bc3b a0ff | 488b f844 

  0x000001cf1037d7c8: ;   {metadata('java/security/cert/Certificate'[])}
  0x000001cf1037d7c8: 8b58 0841 | 81fb a029 | 1200 0f85 | bc13 0000 | 0f1f 8400 | 0000 0000 | 4180 7f38 | 000f 85a9 
  0x000001cf1037d7e8: 0c00 008b | 5c24 304c | 8bd7 4c89 | 5424 384c | 8bd5 4c8b | 5c24 384d | 8bc3 49c1 | e803 4589 
  0x000001cf1037d808: 44dc 144d | 33da 49c1 | eb16 4d85 | db74 1649 | c1ea 094c | 8b44 2460 | 4d03 c241 | 8038 040f 
  0x000001cf1037d828: 85a6 0c00 | 004c 8b54 | 2438 458b | 420c 458b | 5a08 4963 | e848 c1e5 | 0248 83c5 | 1748 83e5 
  0x000001cf1037d848: f841 81f8 | 0000 0400 | 0f87 f610 | 0000 498b | 9f08 0100 | 004c 8bd3 | 4c03 d54d | 3b97 1801 
  0x000001cf1037d868: 0000 0f83 | dc10 0000 | 4d89 9708 | 0100 0041 | 0f0d 8ac0 | 0000 0048 | c703 0100 | 0000 4489 
  0x000001cf1037d888: 5b08 4489 | 430c 410f | 0d8a 0001 | 0000 410f | 0d8a 4001 | 0000 410f | 0d8a 8001 | 0000 488b 
  0x000001cf1037d8a8: 4c24 3848 | 83c1 1048 | 8bd3 4883 | c210 4883 | c5f0 48c1 | ed03 4c8b | c5c5 f877 | 49ba 6086 
  0x000001cf1037d8c8: d60f cf01 | 0000 41ff | d24c 8b5c | 2428 4c89 | 5c24 580f | 1f44 0000 | e9cb f3ff | ff44 894c 
  0x000001cf1037d8e8: 2430 4c89 | 4424 284c | 8b54 2440 | 4c89 5424 | 204c 8b54 

  0x000001cf1037d8fc: ;   {metadata('java/security/SecureClassLoader$1')}
  0x000001cf1037d8fc: 2460 48ba | f085 147b | cf01 0000 | 4c89 5424 | 6866 6690 

  0x000001cf1037d910: ;   {runtime_call _new_instance_Java}
  0x000001cf1037d910: c5f8 77e8 

  0x000001cf1037d914: ; ImmutableOopMap {rbp=NarrowOop [32]=Oop [40]=Oop [48]=NarrowOop [72]=Oop [80]=Oop [104]=Oop }
                      ;*new {reexecute=0 rethrow=0 return_oop=1}
                      ; - java.security.SecureClassLoader::getProtectionDomain@20 (line 222)
                      ; - java.security.SecureClassLoader::defineClass@9 (line 150)
  0x000001cf1037d914: e806 abff | 4c8b 5c24 | 204c 895c | 2440 4c8b | 4424 2844 | 8b4c 2430 | 4c8b d8e9 | dbdc ffff 
  0x000001cf1037d934: ;   {metadata('java/security/SecureClassLoader$CodeSourceKey')}
  0x000001cf1037d934: 48ba e083 | 147b cf01 | 0000 488b | 6c24 4090 

  0x000001cf1037d944: ;   {runtime_call _new_instance_Java}
  0x000001cf1037d944: c5f8 77e8 

  0x000001cf1037d948: ; ImmutableOopMap {rbp=Oop [64]=Oop [72]=Oop [80]=Oop [96]=Oop }
                      ;*new {reexecute=0 rethrow=0 return_oop=1}
                      ; - java.security.SecureClassLoader::getProtectionDomain@6 (line 221)
                      ; - java.security.SecureClassLoader::defineClass@9 (line 150)
  0x000001cf1037d948: b406 abff | 4c8b c0e9 | 59dc ffff | 894c 2478 | 4889 4424 | f88b 4424 | 2089 4424 | 5c48 8b44 
  0x000001cf1037d968: 24f8 448b | 4c24 6044 | 894c 2438 | 4889 5c24 | 704c 8944 | 2468 4c89 | 5c24 6044 | 8954 2434 
  0x000001cf1037d988: 4489 7424 | 304c 8b94 | 2498 0000 | 004c 8954 | 2428 4c8b | 5424 484c | 8954 2420 | 488b 6c24 
  0x000001cf1037d9a8: ;   {metadata('java/lang/String')}
  0x000001cf1037d9a8: 4048 bae0 | e900 7bcf | 0100 0090 

  0x000001cf1037d9b4: ;   {runtime_call _new_instance_Java}
  0x000001cf1037d9b4: c5f8 77e8 

  0x000001cf1037d9b8: ; ImmutableOopMap {rbp=Oop [32]=Oop [40]=Oop [48]=NarrowOop [56]=NarrowOop [80]=Oop [96]=Oop [104]=Derived_oop_[96] [112]=Oop [152]=Oop }
                      ;*new {reexecute=0 rethrow=0 return_oop=1}
                      ; - java.lang.StringLatin1::newString@7 (line 769)
                      ; - java.lang.String::substring@41 (line 2714)
                      ; - java.lang.ClassLoader::checkCerts@21 (line 1154)
                      ; - java.lang.ClassLoader::preDefineClass@113 (line 907)
                      ; - java.lang.ClassLoader::defineClass@4 (line 1015)
                      ; - java.security.SecureClassLoader::defineClass@12 (line 150)
  0x000001cf1037d9b8: 4406 abff | 4889 6c24 | 404c 8b54 | 2420 4c89 | 5424 4844 | 8b74 2430 | 448b 5424 | 344c 8b5c 
  0x000001cf1037d9d8: 2460 4c8b | 4c24 6848 | 8b5c 2470 | 8b7c 2438 | 897c 2460 | 4889 4424 | f88b 4424 | 5c89 4424 
  0x000001cf1037d9f8: 2048 8b44 | 24f8 8b4c | 2478 488b | f04d 8bc1 | e9c5 dfff | ff4c 8984 | 2490 0000 | 004c 898c 
  0x000001cf1037da18: 2488 0000 | 0048 89b4 | 2480 0000 | 0089 4c24 | 7848 8944 | 24f8 8b44 | 2420 8944 | 245c 488b 
  0x000001cf1037da38: 4424 f844 | 8b54 2460 | 4489 5424 | 3848 895c | 2470 4889 | 7c24 684c | 895c 2460 | 4c8b 9424 
  0x000001cf1037da58: 9800 0000 | 4c89 5424 | 304c 8b54 | 2448 4c89 | 5424 284c | 8b54 2440 | 4c89 5424 

  0x000001cf1037da74: ;   {metadata({type array byte})}
  0x000001cf1037da74: 2048 ba28 | 6700 7bcf | 0100 0044 | 8bc1 4489 | 7424 4c90 

  0x000001cf1037da88: ;   {runtime_call _new_array_nozero_Java}
  0x000001cf1037da88: c5f8 77e8 

  0x000001cf1037da8c: ; ImmutableOopMap {[32]=Oop [40]=Oop [48]=Oop [56]=NarrowOop [76]=NarrowOop [80]=Oop [96]=Oop [104]=Derived_oop_[96] [112]=Oop [128]=Oop }
                      ;*newarray {reexecute=0 rethrow=0 return_oop=1}
                      ; - java.util.Arrays::copyOfRange@41 (line 3822)
                      ; - java.lang.StringLatin1::newString@16 (line 769)
                      ; - java.lang.String::substring@41 (line 2714)
                      ; - java.lang.ClassLoader::checkCerts@21 (line 1154)
                      ; - java.lang.ClassLoader::preDefineClass@113 (line 907)
                      ; - java.lang.ClassLoader::defineClass@4 (line 1015)
                      ; - java.security.SecureClassLoader::defineClass@12 (line 150)
  0x000001cf1037da8c: f0d5 aaff | 4c8b 5c24 | 204c 895c | 2440 4c8b | 5c24 284c | 895c 2448 | 4c8b 5c24 | 304c 899c 
  0x000001cf1037daac: 2498 0000 | 0048 8b7c | 2468 488b | 5c24 7044 | 8b5c 2438 | 4489 5c24 | 6048 8944 | 24f8 8b44 
  0x000001cf1037dacc: 245c 8944 | 2420 488b | 4424 f88b | 4c24 7848 | 8bb4 2480 | 0000 004c | 8b8c 2488 | 0000 004c 
  0x000001cf1037daec: 8b84 2490 | 0000 004c | 8bd0 e96a | dfff ff41 | c643 1101 | 33c0 e9d8 | e4ff ff44 | 8944 2440 
  0x000001cf1037db0c: 895c 2424 | 4889 7c24 | 384c 8954 | 2430 4c89 | 6c24 2848 | 8bd5 48c1 | e203 488b | ee66 6690 
  0x000001cf1037db2c: ;   {static_call}
  0x000001cf1037db2c: c5f8 77e8 

  0x000001cf1037db30: ; ImmutableOopMap {rbp=Oop [36]=NarrowOop [40]=Oop [48]=Oop [56]=Oop [64]=NarrowOop [104]=Oop }
                      ;*invokestatic hashCode {reexecute=0 rethrow=0 return_oop=0}
                      ; - java.lang.String::hashCode@37 (line 2345)
                      ; - java.util.concurrent.ConcurrentHashMap::get@1 (line 936)
                      ; - java.lang.ClassLoader::getNamedPackage@5 (line 340)
                      ; - java.lang.ClassLoader::postDefineClass@9 (line 924)
                      ; - java.lang.ClassLoader::defineClass@37 (line 1018)
                      ; - java.security.SecureClassLoader::defineClass@12 (line 150)
  0x000001cf1037db30: 4c3e a0ff | 4c8b 6c24 | 284c 8b54 | 2430 4c89 | 5424 584c | 8b5c 2438 | 8b5c 2424 | 448b 4424 
  0x000001cf1037db50: 40e9 7deb | ffff 4489 | 5424 3489 | 5424 3044 | 8944 2424 | 4c8b 5424 | 584c 8954 

  0x000001cf1037db6c: ;   {metadata('java/lang/String')}
  0x000001cf1037db6c: 2428 48ba | e0e9 007b | cf01 0000 

  0x000001cf1037db78: ;   {runtime_call _new_instance_Java}
  0x000001cf1037db78: c5f8 77e8 

  0x000001cf1037db7c: ; ImmutableOopMap {rbp=Oop [36]=NarrowOop [40]=Oop [64]=Oop [88]=Oop [104]=Oop }
                      ;*new {reexecute=0 rethrow=0 return_oop=1}
                      ; - java.lang.StringLatin1::newString@7 (line 769)
                      ; - java.lang.String::substring@41 (line 2714)
                      ; - java.lang.Class::getPackageName@62 (line 1086)
                      ; - java.lang.ClassLoader::postDefineClass@2 (line 924)
                      ; - java.lang.ClassLoader::defineClass@37 (line 1018)
                      ; - java.security.SecureClassLoader::defineClass@12 (line 150)
  0x000001cf1037db7c: 8004 abff | 448b 4424 | 248b 5424 | 3044 8b54 | 2434 488b | f0e9 85e2 | ffff 4489 | 4c24 3448 
  0x000001cf1037db9c: 897c 2450 | 4c89 5c24 | 4848 8974 | 2438 4489 | 5424 3044 | 8944 2424 | 4c8b 5424 | 584c 8954 
  0x000001cf1037dbbc: ;   {metadata({type array byte})}
  0x000001cf1037dbbc: 2428 48ba | 2867 007b | cf01 0000 | 448b 4424 | 3066 6690 

  0x000001cf1037dbd0: ;   {runtime_call _new_array_nozero_Java}
  0x000001cf1037dbd0: c5f8 77e8 

  0x000001cf1037dbd4: ; ImmutableOopMap {rbp=Oop [36]=NarrowOop [40]=Oop [56]=Oop [64]=Oop [88]=Oop [104]=Oop }
                      ;*newarray {reexecute=0 rethrow=0 return_oop=1}
                      ; - java.util.Arrays::copyOfRange@41 (line 3822)
                      ; - java.lang.StringLatin1::newString@16 (line 769)
                      ; - java.lang.String::substring@41 (line 2714)
                      ; - java.lang.Class::getPackageName@62 (line 1086)
                      ; - java.lang.ClassLoader::postDefineClass@2 (line 924)
                      ; - java.lang.ClassLoader::defineClass@37 (line 1018)
                      ; - java.security.SecureClassLoader::defineClass@12 (line 150)
  0x000001cf1037dbd4: a8d4 aaff | 448b 4424 | 2444 8b54 | 2430 488b | 7424 384c | 8b5c 2448 | 488b 7c24 | 504c 8be8 
  0x000001cf1037dbf4: 448b 4c24 | 34e9 c6e2 | ffff 4489 | 4424 244c | 895c 2430 

  0x000001cf1037dc08: ;   {metadata('java/lang/NamedPackage')}
  0x000001cf1037dc08: 498b ed48 | ba40 f101 | 7bcf 0100 | 0066 6690 

  0x000001cf1037dc18: ;   {runtime_call _new_instance_Java}
  0x000001cf1037dc18: c5f8 77e8 

  0x000001cf1037dc1c: ; ImmutableOopMap {rbp=Oop [36]=NarrowOop [48]=Oop [88]=Oop [104]=Oop }
                      ;*new {reexecute=0 rethrow=0 return_oop=1}
                      ; - java.lang.ClassLoader::getNamedPackage@16 (line 342)
                      ; - java.lang.ClassLoader::postDefineClass@9 (line 924)
                      ; - java.lang.ClassLoader::defineClass@37 (line 1018)
                      ; - java.security.SecureClassLoader::defineClass@12 (line 150)
  0x000001cf1037dc1c: e003 abff | 4c8b ed4c | 8b5c 2430 | 448b 4424 | 24e9 a1e4 | ffff 4c89 | 4c24 7044 | 895c 245c 
  0x000001cf1037dc3c: 4889 7424 | 6848 8944 | 24f8 8b44 | 2420 8944 | 2438 488b | 4424 f848 | 895c 2460 | 4c8b 5c24 
  0x000001cf1037dc5c: 484c 895c | 2428 4c8b | 5c24 404c | 895c 2420 | 48ba 0000 | 007b cf01 | 0000 4903 | d045 8bc2 
  0x000001cf1037dc7c: ;   {runtime_call _new_array_Java}
  0x000001cf1037dc7c: c5f8 77e8 

  0x000001cf1037dc80: ; ImmutableOopMap {rbp=Oop [32]=Oop [40]=Oop [80]=Oop [92]=NarrowOop [96]=Oop [104]=Oop [152]=Oop }
                      ;*invokevirtual clone {reexecute=1 rethrow=0 return_oop=1}
                      ; - (reexecute) java.security.CodeSource::getCertificates@11 (line 203)
                      ; - java.lang.ClassLoader::checkCerts@34 (line 1158)
                      ; - java.lang.ClassLoader::preDefineClass@113 (line 907)
                      ; - java.lang.ClassLoader::defineClass@4 (line 1015)
                      ; - java.security.SecureClassLoader::defineClass@12 (line 150)
  0x000001cf1037dc80: fce2 aaff | 4c8b 5c24 | 204c 895c | 2440 4c8b | 5c24 284c | 895c 2448 | 488b 5c24 | 6048 8944 
  0x000001cf1037dca0: 24f8 8b44 | 2438 8944 | 2420 488b | 4424 f848 | 8b74 2468 | 448b 5c24 | 5c4c 8b4c | 2470 488b 
  0x000001cf1037dcc0: f8e9 1deb | ffff baf6 | ffff ff48 | 8bee 4c89 | 4c24 2090 

  0x000001cf1037dcd4: ;   {runtime_call UncommonTrapBlob}
  0x000001cf1037dcd4: c5f8 77e8 

  0x000001cf1037dcd8: ; ImmutableOopMap {rbp=Oop [32]=Oop }
                      ;*invokevirtual putIfAbsent {reexecute=0 rethrow=0 return_oop=0}
                      ; - java.lang.ClassLoader::checkCerts@62 (line 1161)
                      ; - java.lang.ClassLoader::preDefineClass@113 (line 907)
                      ; - java.lang.ClassLoader::defineClass@4 (line 1015)
                      ; - java.security.SecureClassLoader::defineClass@12 (line 150)
  0x000001cf1037dcd8: 248c a0ff | baf6 ffff | ff48 8bef 

  0x000001cf1037dce4: ;   {runtime_call UncommonTrapBlob}
  0x000001cf1037dce4: c5f8 77e8 

  0x000001cf1037dce8: ; ImmutableOopMap {rbp=Oop }
                      ;*invokevirtual get {reexecute=0 rethrow=0 return_oop=0}
                      ; - java.lang.ClassLoader::getNamedPackage@5 (line 340)
                      ; - java.lang.ClassLoader::postDefineClass@9 (line 924)
                      ; - java.lang.ClassLoader::defineClass@37 (line 1018)
                      ; - java.security.SecureClassLoader::defineClass@12 (line 150)
  0x000001cf1037dce8: 148c a0ff | baf6 ffff | ff66 6690 

  0x000001cf1037dcf4: ;   {runtime_call UncommonTrapBlob}
  0x000001cf1037dcf4: c5f8 77e8 

  0x000001cf1037dcf8: ; ImmutableOopMap {rbp=NarrowOop }
                      ;*invokevirtual toExternalForm {reexecute=0 rethrow=0 return_oop=0}
                      ; - java.net.URL::toExternalForm@5 (line 1039)
                      ; - java.net.URL::toString@1 (line 1025)
                      ; - java.lang.ClassLoader::defineClassSourceLocation@22 (line 917)
                      ; - java.lang.ClassLoader::defineClass@12 (line 1016)
                      ; - java.security.SecureClassLoader::defineClass@12 (line 150)
  0x000001cf1037dcf8: 048c a0ff | ba76 ffff | ff48 8b6c | 2440 4489 | 4c24 2c4c | 8b54 2450 | 4c89 5424 | 4044 8b54 
  0x000001cf1037dd18: 243c 4489 | 5424 3844 | 8b5c 2458 | 4489 5c24 | 3c48 895c | 2450 4489 | 7424 5c90 

  0x000001cf1037dd34: ;   {runtime_call UncommonTrapBlob}
  0x000001cf1037dd34: c5f8 77e8 

  0x000001cf1037dd38: ; ImmutableOopMap {rbp=Oop [64]=Oop [72]=Oop [80]=Oop [92]=NarrowOop [96]=NarrowOop [152]=Oop }
                      ;*iflt {reexecute=1 rethrow=0 return_oop=0}
                      ; - (reexecute) java.lang.StringLatin1::lastIndexOf@19 (line 294)
                      ; - java.lang.String::lastIndexOf@13 (line 2489)
                      ; - java.lang.String::lastIndexOf@8 (line 2451)
                      ; - java.lang.ClassLoader::checkCerts@3 (line 1153)
                      ; - java.lang.ClassLoader::preDefineClass@113 (line 907)
                      ; - java.lang.ClassLoader::defineClass@4 (line 1015)
                      ; - java.security.SecureClassLoader::defineClass@12 (line 150)
  0x000001cf1037dd38: c48b a0ff | bade ffff | ff4c 8b54 | 2440 4c89 | 5424 204c | 8b54 2448 | 4c89 5424 | 2844 8b54 
  0x000001cf1037dd58: 243c 4489 | 5424 384c | 8944 2440 | 4c89 5c24 | 4866 6690 

  0x000001cf1037dd6c: ;   {runtime_call UncommonTrapBlob}
  0x000001cf1037dd6c: c5f8 77e8 

  0x000001cf1037dd70: ; ImmutableOopMap {rbp=NarrowOop [32]=Oop [40]=Oop [64]=Oop [72]=Oop [80]=Oop }
                      ;*invokeinterface computeIfAbsent {reexecute=0 rethrow=0 return_oop=0}
                      ; - java.security.SecureClassLoader::getProtectionDomain@29 (line 222)
                      ; - java.security.SecureClassLoader::defineClass@9 (line 150)
  0x000001cf1037dd70: 8c8b a0ff | ba45 ffff | ff48 8b6c | 2440 4c8b | 5424 484c | 8954 2430 | 4c8b 5424 | 504c 8954 
  0x000001cf1037dd90: 2440 448b | 5c24 3c44 | 895c 2438 

  0x000001cf1037dd9c: ;   {runtime_call UncommonTrapBlob}
  0x000001cf1037dd9c: c5f8 77e8 

  0x000001cf1037dda0: ; ImmutableOopMap {rbp=Oop [48]=Oop [64]=Oop [152]=Oop }
                      ;*ifeq {reexecute=1 rethrow=0 return_oop=0}
                      ; - (reexecute) java.lang.ClassLoader::checkName@8 (line 1145)
                      ; - java.lang.ClassLoader::preDefineClass@1 (line 890)
                      ; - java.lang.ClassLoader::defineClass@4 (line 1015)
                      ; - java.security.SecureClassLoader::defineClass@12 (line 150)
  0x000001cf1037dda0: 5c8b a0ff | ba6e ffff | ff48 8b6c | 2440 4489 | 4c24 2c4c | 8b54 2450 | 4c89 5424 | 4044 8b5c 
  0x000001cf1037ddc0: 243c 4489 | 5c24 3844 | 8b54 2458 | 4489 5424 | 3c48 895c | 2450 4489 | 7424 5c90 

  0x000001cf1037dddc: ;   {runtime_call UncommonTrapBlob}
  0x000001cf1037dddc: c5f8 77e8 

  0x000001cf1037dde0: ; ImmutableOopMap {rbp=Oop [64]=Oop [72]=Oop [80]=Oop [92]=NarrowOop [96]=NarrowOop [152]=Oop }
                      ;*iflt {reexecute=1 rethrow=0 return_oop=0}
                      ; - (reexecute) java.lang.StringLatin1::lastIndexOf@19 (line 294)
                      ; - java.lang.String::lastIndexOf@13 (line 2489)
                      ; - java.lang.String::lastIndexOf@8 (line 2451)
                      ; - java.lang.ClassLoader::checkCerts@3 (line 1153)
                      ; - java.lang.ClassLoader::preDefineClass@113 (line 907)
                      ; - java.lang.ClassLoader::defineClass@4 (line 1015)
                      ; - java.security.SecureClassLoader::defineClass@12 (line 150)
  0x000001cf1037dde0: 1c8b a0ff | 4c63 c9e9 | f5db ffff | 4983 c1fe | 498b c948 | 8bfa 4833 | c048 83f9 | 087f 1048 
  0x000001cf1037de00: ffc9 784f | 4889 04cf | 48ff c97d | f7eb 44c5 | fdef c0e9 | 0d00 0000 | c5fe 7f07 | c5fe 7f47 
  0x000001cf1037de20: 2048 83c7 | 4048 83e9 | 087d ed48 | 83c1 047c | 0cc5 fe7f | 0748 83c7 | 2048 83e9 | 0448 83c1 
  0x000001cf1037de40: 047e 1048 | ffc9 c5f9 | d607 4883 | c708 48ff | c97d f3e9 | 5bdc ffff | bacc ffff | ff48 8b6c 
  0x000001cf1037de60: 2440 894c | 242c 4c8b | 5424 504c | 8954 2440 | 448b 5424 | 3c44 8954 | 2438 448b | 5c24 5844 
  0x000001cf1037de80: 895c 243c | 4889 5c24 | 5044 8b5c | 2460 4489 | 5c24 5848 | 8974 2468 | 4489 7424 | 5c66 6690 
  0x000001cf1037dea0: ;   {runtime_call UncommonTrapBlob}
  0x000001cf1037dea0: c5f8 77e8 

  0x000001cf1037dea4: ; ImmutableOopMap {rbp=Oop [64]=Oop [72]=Oop [80]=Oop [88]=NarrowOop [92]=NarrowOop [104]=Oop [152]=Oop }
                      ;*newarray {reexecute=1 rethrow=0 return_oop=0}
                      ; - (reexecute) java.util.Arrays::copyOfRange@41 (line 3822)
                      ; - java.lang.StringLatin1::newString@16 (line 769)
                      ; - java.lang.String::substring@41 (line 2714)
                      ; - java.lang.ClassLoader::checkCerts@21 (line 1154)
                      ; - java.lang.ClassLoader::preDefineClass@113 (line 907)
                      ; - java.lang.ClassLoader::defineClass@4 (line 1015)
                      ; - java.security.SecureClassLoader::defineClass@12 (line 150)
  0x000001cf1037dea4: 588a a0ff | 4c89 4424 | 3844 8954 | 2430 4c89 | 6c24 2048 | ba00 0000 | 7bcf 0100 | 0049 03d1 
  0x000001cf1037dec4: 448b c190 

  0x000001cf1037dec8: ;   {runtime_call _new_array_Java}
  0x000001cf1037dec8: c5f8 77e8 

  0x000001cf1037decc: ; ImmutableOopMap {rbp=Oop [32]=Oop [48]=NarrowOop [88]=Oop }
                      ;*invokevirtual clone {reexecute=1 rethrow=0 return_oop=1}
                      ; - (reexecute) java.security.CodeSource::getCertificates@11 (line 203)
                      ; - java.lang.ClassLoader::postDefineClass@24 (line 927)
                      ; - java.lang.ClassLoader::defineClass@37 (line 1018)
                      ; - java.security.SecureClassLoader::defineClass@12 (line 150)
  0x000001cf1037decc: b0e0 aaff | 448b 5424 | 304c 8b44 | 2438 488b | d866 6690 | e99e edff | ffba e4ff | ffff 488b 
  0x000001cf1037deec: 6c24 404c | 8b54 2450 | 4c89 5424 | 4044 8b5c | 243c 4489 | 5c24 3844 | 8974 2454 

  0x000001cf1037df08: ;   {runtime_call UncommonTrapBlob}
  0x000001cf1037df08: c5f8 77e8 

  0x000001cf1037df0c: ; ImmutableOopMap {rbp=Oop [64]=Oop [72]=Oop [84]=NarrowOop [152]=Oop }
                      ;*baload {reexecute=0 rethrow=0 return_oop=0}
                      ; - java.lang.String::startsWith@80 (line 2270)
                      ; - java.lang.String::startsWith@3 (line 2302)
                      ; - java.lang.ClassLoader::preDefineClass@43 (line 896)
                      ; - java.lang.ClassLoader::defineClass@4 (line 1015)
                      ; - java.security.SecureClassLoader::defineClass@12 (line 150)
  0x000001cf1037df0c: f089 a0ff | ba76 ffff | ff48 8b6c | 2458 4c8b | 5424 404c | 8954 2438 | 4489 4c24 | 4c4c 895c 
  0x000001cf1037df2c: 2450 4489 | 4424 5890 

  0x000001cf1037df34: ;   {runtime_call UncommonTrapBlob}
  0x000001cf1037df34: c5f8 77e8 

  0x000001cf1037df38: ; ImmutableOopMap {rbp=Oop [56]=Oop [80]=Oop [88]=NarrowOop [104]=Oop }
                      ;*iflt {reexecute=1 rethrow=0 return_oop=0}
                      ; - (reexecute) java.lang.StringLatin1::lastIndexOf@19 (line 294)
                      ; - java.lang.String::lastIndexOf@13 (line 2489)
                      ; - java.lang.String::lastIndexOf@8 (line 2451)
                      ; - java.lang.Class::getPackageName@47 (line 1085)
                      ; - java.lang.ClassLoader::postDefineClass@2 (line 924)
                      ; - java.lang.ClassLoader::defineClass@37 (line 1018)
                      ; - java.security.SecureClassLoader::defineClass@12 (line 150)
  0x000001cf1037df38: c489 a0ff | ba45 ffff | ff48 8944 | 2428 4c8b | 5424 404c | 8954 2438 | 4889 4424 | 4066 6690 
  0x000001cf1037df58: ;   {runtime_call UncommonTrapBlob}
  0x000001cf1037df58: c5f8 77e8 

  0x000001cf1037df5c: ; ImmutableOopMap {[40]=Oop [56]=Oop [64]=Oop [104]=Oop }
                      ;*ifeq {reexecute=1 rethrow=0 return_oop=0}
                      ; - (reexecute) java.lang.Class::getPackageName@13 (line 1080)
                      ; - java.lang.ClassLoader::postDefineClass@2 (line 924)
                      ; - java.lang.ClassLoader::defineClass@37 (line 1018)
                      ; - java.security.SecureClassLoader::defineClass@12 (line 150)
  0x000001cf1037df5c: a089 a0ff | ba6e ffff | ff48 8b6c | 2458 4c8b | 5424 404c | 8954 2438 | 4489 4c24 | 4c4c 895c 
  0x000001cf1037df7c: 2450 4489 | 4424 5890 

  0x000001cf1037df84: ;   {runtime_call UncommonTrapBlob}
  0x000001cf1037df84: c5f8 77e8 

  0x000001cf1037df88: ; ImmutableOopMap {rbp=Oop [56]=Oop [80]=Oop [88]=NarrowOop [104]=Oop }
                      ;*iflt {reexecute=1 rethrow=0 return_oop=0}
                      ; - (reexecute) java.lang.StringLatin1::lastIndexOf@19 (line 294)
                      ; - java.lang.String::lastIndexOf@13 (line 2489)
                      ; - java.lang.String::lastIndexOf@8 (line 2451)
                      ; - java.lang.Class::getPackageName@47 (line 1085)
                      ; - java.lang.ClassLoader::postDefineClass@2 (line 924)
                      ; - java.lang.ClassLoader::defineClass@37 (line 1018)
                      ; - java.security.SecureClassLoader::defineClass@12 (line 150)
  0x000001cf1037df88: 7489 a0ff | 4d63 dae9 | 9cde ffff | 4983 c3fe | 498b cb48 | 8bfa 4833 | c048 83f9 | 087f 1048 
  0x000001cf1037dfa8: ffc9 784f | 4889 04cf | 48ff c97d | f7eb 44c5 | fdef c0e9 | 0d00 0000 | c5fe 7f07 | c5fe 7f47 
  0x000001cf1037dfc8: 2048 83c7 | 4048 83e9 | 087d ed48 | 83c1 047c | 0cc5 fe7f | 0748 83c7 | 2048 83e9 | 0448 83c1 
  0x000001cf1037dfe8: 047e 1048 | ffc9 c5f9 | d607 4883 | c708 48ff | c97d f30f | 1f44 0000 | e90b dfff | ffba ccff 
  0x000001cf1037e008: ffff 488b | 6c24 584c | 8b5c 2440 | 4c89 5c24 | 3844 8954 | 244c 4889 | 7424 5844 | 8944 2460 
  0x000001cf1037e028: ;   {runtime_call UncommonTrapBlob}
  0x000001cf1037e028: c5f8 77e8 

  0x000001cf1037e02c: ; ImmutableOopMap {rbp=Oop [56]=Oop [88]=Oop [96]=NarrowOop [104]=Oop }
                      ;*newarray {reexecute=1 rethrow=0 return_oop=0}
                      ; - (reexecute) java.util.Arrays::copyOfRange@41 (line 3822)
                      ; - java.lang.StringLatin1::newString@16 (line 769)
                      ; - java.lang.String::substring@41 (line 2714)
                      ; - java.lang.Class::getPackageName@62 (line 1086)
                      ; - java.lang.ClassLoader::postDefineClass@2 (line 924)
                      ; - java.lang.ClassLoader::defineClass@37 (line 1018)
                      ; - java.security.SecureClassLoader::defineClass@12 (line 150)
  0x000001cf1037e02c: d088 a0ff | bade ffff | ff66 6690 

  0x000001cf1037e038: ;   {runtime_call UncommonTrapBlob}
  0x000001cf1037e038: c5f8 77e8 

  0x000001cf1037e03c: ; ImmutableOopMap {rbp=NarrowOop }
                      ;*checkcast {reexecute=0 rethrow=0 return_oop=0}
                      ; - java.lang.ClassLoader::getNamedPackage@8 (line 340)
                      ; - java.lang.ClassLoader::postDefineClass@9 (line 924)
                      ; - java.lang.ClassLoader::defineClass@37 (line 1018)
                      ; - java.security.SecureClassLoader::defineClass@12 (line 150)
  0x000001cf1037e03c: c088 a0ff | 418b c9e9 | 08d9 ffff | 4585 c940 | 0f95 c540 | 0fb6 ed83 | f501 ba45 | ffff ff4c 
  0x000001cf1037e05c: 8b54 2440 | 4c89 5424 | 284c 895c | 2440 448b | 5c24 3c44 | 895c 2438 | 448b 5424 | 5844 8954 
  0x000001cf1037e07c: 243c 6690 

  0x000001cf1037e080: ;   {runtime_call UncommonTrapBlob}
  0x000001cf1037e080: c5f8 77e8 

  0x000001cf1037e084: ; ImmutableOopMap {[40]=Oop [64]=Oop [80]=Oop [152]=Oop }
                      ;*ifeq {reexecute=1 rethrow=0 return_oop=0}
                      ; - (reexecute) java.lang.String::indexOf@4 (line 2423)
                      ; - java.lang.String::indexOf@3 (line 2380)
                      ; - java.lang.ClassLoader::checkName@16 (line 1147)
                      ; - java.lang.ClassLoader::preDefineClass@1 (line 890)
                      ; - java.lang.ClassLoader::defineClass@4 (line 1015)
                      ; - java.security.SecureClassLoader::defineClass@12 (line 150)
  0x000001cf1037e084: 7888 a0ff | ba45 ffff | ff48 8b6c | 2440 4c8b | 5424 484c | 8954 2430 | 4c8b 5424 | 504c 8954 
  0x000001cf1037e0a4: 2440 448b | 5424 3c44 | 8954 2438 | 448b 5c24 | 5844 895c | 243c 895c | 2458 6690 

  0x000001cf1037e0c0: ;   {runtime_call UncommonTrapBlob}
  0x000001cf1037e0c0: c5f8 77e8 

  0x000001cf1037e0c4: ; ImmutableOopMap {rbp=Oop [48]=Oop [64]=Oop [152]=Oop }
                      ;*if_icmpne {reexecute=1 rethrow=0 return_oop=0}
                      ; - (reexecute) java.lang.ClassLoader::checkName@20 (line 1147)
                      ; - java.lang.ClassLoader::preDefineClass@1 (line 890)
                      ; - java.lang.ClassLoader::defineClass@4 (line 1015)
                      ; - java.security.SecureClassLoader::defineClass@12 (line 150)
  0x000001cf1037e0c4: 3888 a0ff | ba45 ffff | ff4c 8b54 | 2440 4c89 | 5424 2089 | 4c24 3489 | 4c24 384c | 8b54 2448 
  0x000001cf1037e0e4: 4c89 5424 | 4048 895c | 2468 448b | 5424 6044 | 8954 245c 

  0x000001cf1037e0f8: ;   {runtime_call UncommonTrapBlob}
  0x000001cf1037e0f8: c5f8 77e8 

  0x000001cf1037e0fc: ; ImmutableOopMap {[32]=Oop [64]=Oop [80]=Oop [92]=NarrowOop [104]=Oop [152]=Oop }
                      ;*if_icmpgt {reexecute=1 rethrow=0 return_oop=0}
                      ; - (reexecute) java.lang.String::checkBoundsBeginEnd@6 (line 4605)
                      ; - java.lang.String::substring@8 (line 2709)
                      ; - java.lang.ClassLoader::checkCerts@21 (line 1154)
                      ; - java.lang.ClassLoader::preDefineClass@113 (line 907)
                      ; - java.lang.ClassLoader::defineClass@4 (line 1015)
                      ; - java.security.SecureClassLoader::defineClass@12 (line 150)
  0x000001cf1037e0fc: 0088 a0ff | ba45 ffff | ff48 8b6c | 2458 4c89 | 6c24 3844 | 8944 2448 | 4c89 5c24 | 5044 894c 
  0x000001cf1037e11c: 244c 4489 | 5424 5c89 | 4c24 6090 

  0x000001cf1037e128: ;   {runtime_call UncommonTrapBlob}
  0x000001cf1037e128: c5f8 77e8 

  0x000001cf1037e12c: ; ImmutableOopMap {rbp=Oop [56]=Oop [72]=NarrowOop [76]=NarrowOop [80]=Oop [104]=Oop }
                      ;*ifle {reexecute=1 rethrow=0 return_oop=0}
                      ; - (reexecute) java.util.concurrent.ConcurrentHashMap::get@23 (line 937)
                      ; - java.lang.ClassLoader::getNamedPackage@5 (line 340)
                      ; - java.lang.ClassLoader::postDefineClass@9 (line 924)
                      ; - java.lang.ClassLoader::defineClass@37 (line 1018)
                      ; - java.security.SecureClassLoader::defineClass@12 (line 150)
  0x000001cf1037e12c: d087 a0ff | ba45 ffff | ff48 8b6c | 2440 4c89 | 4424 2889 | 7c24 3848 | 894c 2448 

  0x000001cf1037e148: ;   {runtime_call UncommonTrapBlob}
  0x000001cf1037e148: c5f8 77e8 

  0x000001cf1037e14c: ; ImmutableOopMap {rbp=Oop [40]=Oop [72]=Oop [80]=Oop [96]=Oop }
                      ;*ifnonnull {reexecute=1 rethrow=0 return_oop=0}
                      ; - (reexecute) java.security.SecureClassLoader::getProtectionDomain@1 (line 213)
                      ; - java.security.SecureClassLoader::defineClass@9 (line 150)
  0x000001cf1037e14c: b087 a0ff | ba45 ffff | ff4c 8b54 | 2440 4c89 | 5424 2844 | 8b5c 243c | 4489 5c24 | 3866 6690 
  0x000001cf1037e16c: ;   {runtime_call UncommonTrapBlob}
  0x000001cf1037e16c: c5f8 77e8 

  0x000001cf1037e170: ; ImmutableOopMap {[40]=Oop [72]=Oop [80]=Oop [152]=Oop }
                      ;*if_icmpne {reexecute=1 rethrow=0 return_oop=0}
                      ; - (reexecute) java.lang.ClassLoader::checkName@30 (line 1147)
                      ; - java.lang.ClassLoader::preDefineClass@1 (line 890)
                      ; - java.lang.ClassLoader::defineClass@4 (line 1015)
                      ; - java.security.SecureClassLoader::defineClass@12 (line 150)
  0x000001cf1037e170: 8c87 a0ff | ba45 ffff | ff4c 8b54 | 2440 4c89 | 5424 2089 | 4c24 3489 | 4c24 384c | 8b54 2448 
  0x000001cf1037e190: 4c89 5424 | 4048 895c | 2468 448b | 5c24 6044 | 895c 245c 

  0x000001cf1037e1a4: ;   {runtime_call UncommonTrapBlob}
  0x000001cf1037e1a4: c5f8 77e8 

  0x000001cf1037e1a8: ; ImmutableOopMap {[32]=Oop [64]=Oop [80]=Oop [92]=NarrowOop [104]=Oop [152]=Oop }
                      ;*if_icmple {reexecute=1 rethrow=0 return_oop=0}
                      ; - (reexecute) java.lang.String::checkBoundsBeginEnd@11 (line 4605)
                      ; - java.lang.String::substring@8 (line 2709)
                      ; - java.lang.ClassLoader::checkCerts@21 (line 1154)
                      ; - java.lang.ClassLoader::preDefineClass@113 (line 907)
                      ; - java.lang.ClassLoader::defineClass@4 (line 1015)
                      ; - java.security.SecureClassLoader::defineClass@12 (line 150)
  0x000001cf1037e1a8: 5487 a0ff | ba45 ffff | ff48 8b6c | 2440 448b | 4424 3c44 | 8944 2438 | 4c8b 5c24 | 484c 895c 
  0x000001cf1037e1c8: 2440 4489 | 5424 4890 

  0x000001cf1037e1d0: ;   {runtime_call UncommonTrapBlob}
  0x000001cf1037e1d0: c5f8 77e8 

  0x000001cf1037e1d4: ; ImmutableOopMap {rbp=Oop [64]=Oop [80]=Oop [152]=Oop }
                      ;*ifne {reexecute=1 rethrow=0 return_oop=0}
                      ; - (reexecute) java.lang.ClassLoader::compareCerts@7 (line 1176)
                      ; - java.lang.ClassLoader::checkCerts@80 (line 1162)
                      ; - java.lang.ClassLoader::preDefineClass@113 (line 907)
                      ; - java.lang.ClassLoader::defineClass@4 (line 1015)
                      ; - java.security.SecureClassLoader::defineClass@12 (line 150)
  0x000001cf1037e1d4: 2887 a0ff | baf6 ffff | ff48 897c | 2420 6690 

  0x000001cf1037e1e4: ;   {runtime_call UncommonTrapBlob}
  0x000001cf1037e1e4: c5f8 77e8 

  0x000001cf1037e1e8: ; ImmutableOopMap {[32]=Oop [64]=Oop }
                      ;*invokevirtual putIfAbsent {reexecute=0 rethrow=0 return_oop=0}
                      ; - java.lang.ClassLoader::getNamedPackage@32 (line 344)
                      ; - java.lang.ClassLoader::postDefineClass@9 (line 924)
                      ; - java.lang.ClassLoader::defineClass@37 (line 1018)
                      ; - java.security.SecureClassLoader::defineClass@12 (line 150)
  0x000001cf1037e1e8: 1487 a0ff | 488b e8ba | 54ff ffff | 448b 5c24 | 4844 895c | 2440 6690 

  0x000001cf1037e200: ;   {runtime_call UncommonTrapBlob}
  0x000001cf1037e200: c5f8 77e8 

  0x000001cf1037e204: ; ImmutableOopMap {rbp=Oop [40]=Oop [64]=NarrowOop [80]=Oop [88]=Oop [104]=Oop }
                      ;*ifnull {reexecute=1 rethrow=0 return_oop=0}
                      ; - (reexecute) java.lang.ClassLoader::getNamedPackage@42 (line 345)
                      ; - java.lang.ClassLoader::postDefineClass@9 (line 924)
                      ; - java.lang.ClassLoader::defineClass@37 (line 1018)
                      ; - java.security.SecureClassLoader::defineClass@12 (line 150)
  0x000001cf1037e204: f886 a0ff | ba37 0100 | 004c 8b54 | 2448 4c89 | 5424 2044 | 8b5c 243c | 4489 5c24 | 3066 6690 
  0x000001cf1037e224: ;   {runtime_call UncommonTrapBlob}
  0x000001cf1037e224: c5f8 77e8 

  0x000001cf1037e228: ; ImmutableOopMap {[32]=Oop [64]=Oop [80]=Oop }
                      ;*new {reexecute=0 rethrow=0 return_oop=0}
                      ; - java.lang.ClassLoader::preDefineClass@56 (line 898)
                      ; - java.lang.ClassLoader::defineClass@4 (line 1015)
                      ; - java.security.SecureClassLoader::defineClass@12 (line 150)
  0x000001cf1037e228: d486 a0ff | baf6 ffff | ff66 6690 

  0x000001cf1037e234: ;   {runtime_call UncommonTrapBlob}
  0x000001cf1037e234: c5f8 77e8 

  0x000001cf1037e238: ; ImmutableOopMap {}
                      ;*invokevirtual isNamed {reexecute=0 rethrow=0 return_oop=0}
                      ; - java.lang.NamedPackage::<init>@12 (line 48)
                      ; - java.lang.ClassLoader::getNamedPackage@22 (line 342)
                      ; - java.lang.ClassLoader::postDefineClass@9 (line 924)
                      ; - java.lang.ClassLoader::defineClass@37 (line 1018)
                      ; - java.security.SecureClassLoader::defineClass@12 (line 150)
  0x000001cf1037e238: c486 a0ff | ba12 0000 | 0066 6690 

  0x000001cf1037e244: ;   {runtime_call UncommonTrapBlob}
  0x000001cf1037e244: c5f8 77e8 

  0x000001cf1037e248: ; ImmutableOopMap {[56]=Oop [64]=Oop [72]=NarrowOop [80]=Oop [88]=Oop [104]=Oop }
                      ;*new {reexecute=0 rethrow=0 return_oop=0}
                      ; - java.lang.NamedPackage::<init>@18 (line 49)
                      ; - java.lang.ClassLoader::getNamedPackage@22 (line 342)
                      ; - java.lang.ClassLoader::postDefineClass@9 (line 924)
                      ; - java.lang.ClassLoader::defineClass@37 (line 1018)
                      ; - java.security.SecureClassLoader::defineClass@12 (line 150)
  0x000001cf1037e248: b486 a0ff | 458b d1e9 | 54db ffff | 85c9 400f | 95c5 400f | b6ed 83f5 | 01ba 45ff | ffff 4c8b 
  0x000001cf1037e268: 5424 584c | 8954 2420 | 4c89 5c24 | 5889 7c24 | 6066 6690 

  0x000001cf1037e27c: ;   {runtime_call UncommonTrapBlob}
  0x000001cf1037e27c: c5f8 77e8 

  0x000001cf1037e280: ; ImmutableOopMap {[32]=Oop [64]=Oop [88]=Oop [104]=Oop }
                      ;*ifeq {reexecute=1 rethrow=0 return_oop=0}
                      ; - (reexecute) java.lang.String::lastIndexOf@4 (line 2489)
                      ; - java.lang.String::lastIndexOf@8 (line 2451)
                      ; - java.lang.Class::getPackageName@47 (line 1085)
                      ; - java.lang.ClassLoader::postDefineClass@2 (line 924)
                      ; - java.lang.ClassLoader::defineClass@37 (line 1018)
                      ; - java.security.SecureClassLoader::defineClass@12 (line 150)
  0x000001cf1037e280: 7c86 a0ff | 498b d7c5 | f877 49ba | 706b 5e70 | f97f 0000 | 41ff d2e9 | cfdc ffff | ba45 ffff 
  0x000001cf1037e2a0: ff48 8b6c | 2458 4c8b | 4424 404c | 8944 2438 | 4489 5424 | 4c44 8954 | 2450 4c89 | 5c24 5889 
  0x000001cf1037e2c0: 5c24 6090 

  0x000001cf1037e2c4: ;   {runtime_call UncommonTrapBlob}
  0x000001cf1037e2c4: c5f8 77e8 

  0x000001cf1037e2c8: ; ImmutableOopMap {rbp=Oop [56]=Oop [88]=Oop [104]=Oop }
                      ;*if_icmpgt {reexecute=1 rethrow=0 return_oop=0}
                      ; - (reexecute) java.lang.String::checkBoundsBeginEnd@6 (line 4605)
                      ; - java.lang.String::substring@8 (line 2709)
                      ; - java.lang.Class::getPackageName@62 (line 1086)
                      ; - java.lang.ClassLoader::postDefineClass@2 (line 924)
                      ; - java.lang.ClassLoader::defineClass@37 (line 1018)
                      ; - java.security.SecureClassLoader::defineClass@12 (line 150)
  0x000001cf1037e2c8: 3486 a0ff | ba45 ffff | ff48 8b6c | 2458 4c8b | 4424 404c | 8944 2438 | 4489 5424 | 4c44 8954 
  0x000001cf1037e2e8: 2450 4c89 | 5c24 5889 | 5c24 6089 | 5c24 6490 

  0x000001cf1037e2f8: ;   {runtime_call UncommonTrapBlob}
  0x000001cf1037e2f8: c5f8 77e8 

  0x000001cf1037e2fc: ; ImmutableOopMap {rbp=Oop [56]=Oop [88]=Oop [104]=Oop }
                      ;*if_icmple {reexecute=1 rethrow=0 return_oop=0}
                      ; - (reexecute) java.lang.String::checkBoundsBeginEnd@11 (line 4605)
                      ; - java.lang.String::substring@8 (line 2709)
                      ; - java.lang.Class::getPackageName@62 (line 1086)
                      ; - java.lang.ClassLoader::postDefineClass@2 (line 924)
                      ; - java.lang.ClassLoader::defineClass@37 (line 1018)
                      ; - java.security.SecureClassLoader::defineClass@12 (line 150)
  0x000001cf1037e2fc: 0086 a0ff | 498b d7c5 | f877 49ba | 706b 5e70 | f97f 0000 | 41ff d2e9 | 93de ffff | 498b d70f 
  0x000001cf1037e31c: 1f44 0000 | c5f8 7749 | ba70 6b5e | 70f9 7f00 | 0041 ffd2 | e926 deff | ffba 45ff | ffff 488b 
  0x000001cf1037e33c: 6c24 584c | 896c 2438 | 4489 4424 | 484c 895c | 2450 4c89 | 4c24 5844 | 8954 244c 

  0x000001cf1037e358: ;   {runtime_call UncommonTrapBlob}
  0x000001cf1037e358: c5f8 77e8 

  0x000001cf1037e35c: ; ImmutableOopMap {rbp=Oop [56]=Oop [72]=NarrowOop [80]=Oop [88]=Oop [104]=Oop }
                      ;*ifeq {reexecute=1 rethrow=0 return_oop=0}
                      ; - (reexecute) java.util.concurrent.ConcurrentHashMap::get@152 (line 947)
                      ; - java.lang.ClassLoader::getNamedPackage@5 (line 340)
                      ; - java.lang.ClassLoader::postDefineClass@9 (line 924)
                      ; - java.lang.ClassLoader::defineClass@37 (line 1018)
                      ; - java.security.SecureClassLoader::defineClass@12 (line 150)
  0x000001cf1037e35c: a085 a0ff | ba76 ffff | ff4c 8b54 | 2458 4c89 | 5424 304c | 8b54 2468 | 4c89 5424 | 3844 8944 
  0x000001cf1037e37c: 2450 4889 | 7c24 5848 | 897c 2460 | 4489 4c24 | 6889 5c24 | 6c66 6690 

  0x000001cf1037e394: ;   {runtime_call UncommonTrapBlob}
  0x000001cf1037e394: c5f8 77e8 

  0x000001cf1037e398: ; ImmutableOopMap {rbp=NarrowOop [48]=Oop [56]=Oop [64]=Oop [80]=NarrowOop [88]=Oop [96]=Oop [108]=NarrowOop }
                      ;*if_icmpge {reexecute=1 rethrow=0 return_oop=0}
                      ; - (reexecute) java.lang.StringLatin1::hashCode@13 (line 196)
                      ; - java.lang.String::hashCode@27 (line 2344)
                      ; - java.util.concurrent.ConcurrentHashMap::get@1 (line 936)
                      ; - java.lang.ClassLoader::getNamedPackage@5 (line 340)
                      ; - java.lang.ClassLoader::postDefineClass@9 (line 924)
                      ; - java.lang.ClassLoader::defineClass@37 (line 1018)
                      ; - java.security.SecureClassLoader::defineClass@12 (line 150)
  0x000001cf1037e398: 6485 a0ff | bd01 0000 | 00e9 21e3 | ffff 8b5c | 2438 458b | 5cdc 1445 | 85db 0f84 | a8f0 ffff 
  0x000001cf1037e3b8: 4d8b 5720 | 498b cb48 | c1e1 034d | 85d2 0f84 | 7906 0000 | 4d8b 5f30 | 4b89 4c13 | f849 83c2 
  0x000001cf1037e3d8: f84d 8957 | 2066 6690 | e97b f0ff | ff4d 8b57 | 404d 8b5f | 50f0 8344 | 24c0 0080 | 3900 7438 
  0x000001cf1037e3f8: 4488 210f | 1f44 0000 | 4d85 d274 | 0f4b 894c | 13f8 4983 | c2f8 4d89 | 5740 eb1c | 498b d766 
  0x000001cf1037e418: 0f1f 8400 | 0000 0000 | c5f8 7749 | ba50 6b5e | 70f9 7f00 | 0041 ffd2 | 458b 54dc | 1445 85d2 
  0x000001cf1037e438: 0f84 3706 | 0000 498b | fa48 c1e7 | 03e9 5cf0 | ffff ba45 | ffff ff48 | 8b4c 2458 | 4889 4c24 
  0x000001cf1037e458: 3048 8b4c | 2468 4889 | 4c24 384c | 896c 2440 | 4489 4424 | 504c 895c | 2458 4c89 | 5c24 6044 
  0x000001cf1037e478: 894c 2454 | 4489 5424 | 6848 897c | 2470 895c | 246c 6690 

  0x000001cf1037e48c: ;   {runtime_call UncommonTrapBlob}
  0x000001cf1037e48c: c5f8 77e8 

  0x000001cf1037e490: ; ImmutableOopMap {[48]=Oop [56]=Oop [64]=Oop [80]=NarrowOop [84]=NarrowOop [88]=Oop [96]=Oop [112]=Oop }
                      ;*if_icmpne {reexecute=1 rethrow=0 return_oop=0}
                      ; - (reexecute) java.lang.String::equals@33 (line 1830)
                      ; - java.util.concurrent.ConcurrentHashMap::get@73 (line 940)
                      ; - java.lang.ClassLoader::getNamedPackage@5 (line 340)
                      ; - java.lang.ClassLoader::postDefineClass@9 (line 924)
                      ; - java.lang.ClassLoader::defineClass@37 (line 1018)
                      ; - java.security.SecureClassLoader::defineClass@12 (line 150)
  0x000001cf1037e490: 6c84 a0ff | 8b5c 2430 | 458b 54dc | 1466 6690 | 4585 d20f | 8446 f3ff | ff4d 8b5f | 2049 8bca 
  0x000001cf1037e4b0: 48c1 e103 | 4d85 db0f | 84a0 0500 | 004d 8b57 | 304b 894c | 1af8 4983 | c3f8 4d89 | 5f20 e91c 
  0x000001cf1037e4d0: f3ff ff4d | 8b57 404d | 8b5f 50f0 | 8344 24c0 | 0041 8038 | 0074 2d45 | 8820 4d85 | d274 0f4f 
  0x000001cf1037e4f0: 8944 13f8 | 4983 c2f8 | 4d89 5740 | eb16 498b | c849 8bd7 | c5f8 7749 | ba50 6b5e | 70f9 7f00 
  0x000001cf1037e510: 0041 ffd2 | 458b 5cdc | 1445 85db | 0f1f 4000 | 0f84 5e05 | 0000 4d8b | d349 c1e2 | 034c 8954 
  0x000001cf1037e530: 2438 e9f6 | f2ff ffba | 45ff ffff | 488b 5c24 | 5848 895c | 2430 488b | 5c24 6848 | 895c 2438 
  0x000001cf1037e550: 4c89 6c24 | 4044 8944 | 2450 4c89 | 5c24 584c | 895c 2460 | 4c89 4c24 | 6844 8954 | 2454 4889 
  0x000001cf1037e570: 4c24 7089 | 7c24 7890 

  0x000001cf1037e578: ;   {runtime_call UncommonTrapBlob}
  0x000001cf1037e578: c5f8 77e8 

  0x000001cf1037e57c: ; ImmutableOopMap {[48]=Oop [56]=Oop [64]=Oop [80]=NarrowOop [88]=Oop [96]=Oop [104]=Oop [112]=Oop }
                      ;*if_icmpne {reexecute=1 rethrow=0 return_oop=0}
                      ; - (reexecute) java.lang.String::equals@33 (line 1830)
                      ; - java.util.concurrent.ConcurrentHashMap::get@149 (line 947)
                      ; - java.lang.ClassLoader::getNamedPackage@5 (line 340)
                      ; - java.lang.ClassLoader::postDefineClass@9 (line 924)
                      ; - java.lang.ClassLoader::defineClass@37 (line 1018)
                      ; - java.security.SecureClassLoader::defineClass@12 (line 150)
  0x000001cf1037e57c: 8083 a0ff | baa4 0000 | 004c 8b5c | 2440 4c89 | 5c24 204c | 8b5c 2450 | 4c89 5c24 | 4044 8b5c 
  0x000001cf1037e59c: 243c 4489 | 5c24 3844 | 8b5c 2458 | 4489 5c24 | 3c4c 896c | 2460 4489 | 7424 68c5 | fa11 4424 
  0x000001cf1037e5bc: 6c89 5c24 | 7048 8944 | 2478 c5fa | 118c 2480 | 0000 0090 

  0x000001cf1037e5d0: ;   {runtime_call UncommonTrapBlob}
  0x000001cf1037e5d0: c5f8 77e8 

  0x000001cf1037e5d4: ; ImmutableOopMap {[32]=Oop [64]=Oop [72]=Oop [96]=Oop [112]=NarrowOop [120]=Oop [128]=NarrowOop [152]=Oop }
                      ;*new {reexecute=0 rethrow=0 return_oop=0}
                      ; - sun.security.x509.X509CertImpl::getEncodedInternal@7 (line 360)
                      ; - sun.security.x509.X509CertImpl::getEncodedInternal@11 (line 1860)
                      ; - java.security.cert.Certificate::equals@25 (line 116)
                      ; - java.lang.ClassLoader::compareCerts@81 (line 1188)
                      ; - java.lang.ClassLoader::checkCerts@80 (line 1162)
                      ; - java.lang.ClassLoader::preDefineClass@113 (line 907)
                      ; - java.lang.ClassLoader::defineClass@4 (line 1015)
                      ; - java.security.SecureClassLoader::defineClass@12 (line 150)
  0x000001cf1037e5d4: 2883 a0ff | baa4 0000 | 004c 8b5c | 2440 4c89 | 5c24 204c | 8b5c 2450 | 4c89 5c24 | 4044 8b44 
  0x000001cf1037e5f4: 243c 4489 | 4424 3844 | 8b5c 2458 | 4489 5c24 | 3c4c 8954 | 2458 448b | 5c24 7444 | 895c 2460 
  0x000001cf1037e614: c5fa 1144 | 2464 895c | 2468 4c89 | 6c24 7044 | 8974 246c | c5fa 114c | 2478 6690 

  0x000001cf1037e630: ;   {runtime_call UncommonTrapBlob}
  0x000001cf1037e630: c5f8 77e8 

  0x000001cf1037e634: ; ImmutableOopMap {[32]=Oop [64]=Oop [72]=Oop [88]=Oop [104]=NarrowOop [112]=Oop [120]=NarrowOop [152]=Oop }
                      ;*new {reexecute=0 rethrow=0 return_oop=0}
                      ; - sun.security.x509.X509CertImpl::getEncodedInternal@7 (line 360)
                      ; - sun.security.x509.X509CertImpl::getEncodedInternal@11 (line 1860)
                      ; - java.security.cert.Certificate::equals@25 (line 116)
                      ; - java.lang.ClassLoader::compareCerts@166 (line 1200)
                      ; - java.lang.ClassLoader::checkCerts@80 (line 1162)
                      ; - java.lang.ClassLoader::preDefineClass@113 (line 907)
                      ; - java.lang.ClassLoader::defineClass@4 (line 1015)
                      ; - java.security.SecureClassLoader::defineClass@12 (line 150)
  0x000001cf1037e634: c882 a0ff | babe ffff | ff48 8b6c | 2440 4c8b | 5c24 504c | 895c 2430 | 448b 5c24 | 3c44 895c 
  0x000001cf1037e654: 2438 448b | 4c24 5844 | 894c 243c | 4c8b 5c24 | 484c 895c | 2440 4889 | 4c24 5889 | 5c24 6044 
  0x000001cf1037e674: 8944 2464 | 897c 2468 | 4889 4424 | 7044 8954 | 2478 6690 

  0x000001cf1037e688: ;   {runtime_call UncommonTrapBlob}
  0x000001cf1037e688: c5f8 77e8 

  0x000001cf1037e68c: ; ImmutableOopMap {rbp=Oop [48]=Oop [64]=Oop [88]=Oop [104]=NarrowOop [112]=Oop [152]=Oop }
                      ;*if_icmpge {reexecute=1 rethrow=0 return_oop=0}
                      ; - (reexecute) java.lang.ClassLoader::compareCerts@67 (line 1187)
                      ; - java.lang.ClassLoader::checkCerts@80 (line 1162)
                      ; - java.lang.ClassLoader::preDefineClass@113 (line 907)
                      ; - java.lang.ClassLoader::defineClass@4 (line 1015)
                      ; - java.security.SecureClassLoader::defineClass@12 (line 150)
  0x000001cf1037e68c: 7082 a0ff | babe ffff | ff48 8b6c | 2440 4c8b | 5424 504c | 8954 2430 | 448b 5424 | 3c44 8954 
  0x000001cf1037e6ac: 2438 448b | 5c24 5844 | 895c 243c | 4c8b 5424 | 484c 8954 | 2440 4889 | 5c24 5089 | 4c24 5c44 
  0x000001cf1037e6cc: 8944 2460 | 4c89 6c24 | 6844 8974 | 2470 6690 

  0x000001cf1037e6dc: ;   {runtime_call UncommonTrapBlob}
  0x000001cf1037e6dc: c5f8 77e8 

  0x000001cf1037e6e0: ; ImmutableOopMap {rbp=Oop [48]=Oop [64]=Oop [80]=Oop [96]=NarrowOop [104]=Oop [152]=Oop }
                      ;*if_icmpge {reexecute=1 rethrow=0 return_oop=0}
                      ; - (reexecute) java.lang.ClassLoader::compareCerts@152 (line 1199)
                      ; - java.lang.ClassLoader::checkCerts@80 (line 1162)
                      ; - java.lang.ClassLoader::preDefineClass@113 (line 907)
                      ; - java.lang.ClassLoader::defineClass@4 (line 1015)
                      ; - java.security.SecureClassLoader::defineClass@12 (line 150)
  0x000001cf1037e6e0: 1c82 a0ff | 4d8b 8750 | 0300 00c4 | c179 7ed3 

  0x000001cf1037e6f0: ; ImmutableOopMap {r10=Oop r11=Oop rdx=Oop r13=Oop xmm1=NarrowOop xmm2=NarrowOop [48]=Oop [64]=Oop [72]=Oop [80]=Oop [152]=Oop }
                      ;*goto {reexecute=1 rethrow=0 return_oop=0}
                      ; - (reexecute) java.lang.ClassLoader::compareCerts@95 (line 1187)
                      ; - java.lang.ClassLoader::checkCerts@80 (line 1162)
                      ; - java.lang.ClassLoader::preDefineClass@113 (line 907)
                      ; - java.lang.ClassLoader::defineClass@4 (line 1015)
                      ; - java.security.SecureClassLoader::defineClass@12 (line 150)
  0x000001cf1037e6f0: 49c1 e303 

  0x000001cf1037e6f4: ;   {poll}
  0x000001cf1037e6f4: 4185 003b | eb0f 8d95 | 0300 0044 | 8bdd 498b | cd49 8bc2 | 418b de44 | 8b54 2474 | c4c1 797e 
  0x000001cf1037e714: c0c5 f97e | d7c5 f97e | ce66 6690 | e975 e1ff | ff4c 8954 | 2470 897c | 2464 4889 | 7424 6848 
  0x000001cf1037e734: 8944 24f8 | 8b44 2420 | 8944 245c | 488b 4424 | f848 895c | 2430 4c8b | 5424 484c | 8954 2420 
  0x000001cf1037e754: 488b 6c24 

  0x000001cf1037e758: ;   {metadata('java/util/ArrayList')}
  0x000001cf1037e758: 4048 ba10 | df00 7bcf | 0100 0090 

  0x000001cf1037e764: ;   {runtime_call _new_instance_Java}
  0x000001cf1037e764: c5f8 77e8 

  0x000001cf1037e768: ; ImmutableOopMap {rbp=Oop [32]=Oop [48]=Oop [80]=Oop [96]=NarrowOop [100]=NarrowOop [104]=Oop [112]=Oop [152]=Oop }
                      ;*new {reexecute=0 rethrow=0 return_oop=1}
                      ; - java.security.CodeSource::getCertificates@25 (line 207)
                      ; - java.lang.ClassLoader::checkCerts@34 (line 1158)
                      ; - java.lang.ClassLoader::preDefineClass@113 (line 907)
                      ; - java.lang.ClassLoader::defineClass@4 (line 1015)
                      ; - java.security.SecureClassLoader::defineClass@12 (line 150)
  0x000001cf1037e768: 94f8 aaff | 4889 6c24 | 404c 8b54 | 2420 4c89 | 5424 4848 | 8b5c 2430 | 4889 4424 | f88b 4424 
  0x000001cf1037e788: 5c89 4424 | 2048 8b44 | 24f8 488b | 7424 688b | 7c24 644c | 8b54 2470 | e991 e9ff | ff4c 898c 
  0x000001cf1037e7a8: 24a0 0000 | 004c 8994 | 2490 0000 | 0048 89b4 | 2488 0000 | 0048 8994 | 2480 0000 | 004c 895c 
  0x000001cf1037e7c8: 2478 448b | 5c24 6044 | 895c 2438 | 4889 5c24 | 704c 8b94 | 2498 0000 | 004c 8954 | 2468 4c8b 
  0x000001cf1037e7e8: 5424 484c | 8954 2430 | 48ff 7424 | 4048 8f44 

  0x000001cf1037e7f8: ;   {metadata('java/security/cert/Certificate'[])}
  0x000001cf1037e7f8: 2428 48ba | a029 127b | cf01 0000 

  0x000001cf1037e804: ;   {runtime_call _new_array_Java}
  0x000001cf1037e804: c5f8 77e8 

  0x000001cf1037e808: ; ImmutableOopMap {[40]=Oop [48]=Oop [56]=NarrowOop [80]=Oop [104]=Oop [112]=Oop [120]=Oop [136]=Oop [144]=Oop [160]=Oop }
                      ;*anewarray {reexecute=0 rethrow=0 return_oop=1}
                      ; - java.security.CodeSource::getCertificates@73 (line 214)
                      ; - java.lang.ClassLoader::checkCerts@34 (line 1158)
                      ; - java.lang.ClassLoader::preDefineClass@113 (line 907)
                      ; - java.lang.ClassLoader::defineClass@4 (line 1015)
                      ; - java.security.SecureClassLoader::defineClass@12 (line 150)
  0x000001cf1037e808: 74d7 aaff | 488b e8e9 | 0eec ffff | 498b eb48 | 897c 2440 | 48ba 0000 | 007b cf01 | 0000 4903 
  0x000001cf1037e828: d266 6690 

  0x000001cf1037e82c: ;   {runtime_call _new_array_Java}
  0x000001cf1037e82c: c5f8 77e8 

  0x000001cf1037e830: ; ImmutableOopMap {[40]=Oop [48]=Oop [64]=Oop [80]=Oop [104]=Oop [112]=Oop [120]=Oop [136]=Oop }
                      ;*invokevirtual clone {reexecute=1 rethrow=0 return_oop=1}
                      ; - (reexecute) java.security.CodeSource::getCertificates@89 (line 215)
                      ; - java.lang.ClassLoader::checkCerts@34 (line 1158)
                      ; - java.lang.ClassLoader::preDefineClass@113 (line 907)
                      ; - java.lang.ClassLoader::defineClass@4 (line 1015)
                      ; - java.security.SecureClassLoader::defineClass@12 (line 150)
  0x000001cf1037e830: 4cd7 aaff | 488b 7c24 | 404c 8bdd | 488b d890 | e9de ecff | ffba 76ff | ffff 488b | 6c24 404c 
  0x000001cf1037e850: 8b54 2450 | 4c89 5424 | 3044 8b5c | 243c 4489 | 5c24 3844 | 8b54 2458 | 4489 5424 | 3c4c 8b54 
  0x000001cf1037e870: 2448 4c89 | 5424 4048 | 8944 2448 | 4889 4c24 | 5889 5c24 | 6466 6690 

  0x000001cf1037e888: ;   {runtime_call UncommonTrapBlob}
  0x000001cf1037e888: c5f8 77e8 

  0x000001cf1037e88c: ; ImmutableOopMap {rbp=Oop [48]=Oop [64]=Oop [72]=Oop [88]=Oop [104]=Oop [152]=Oop }
                      ;*if_icmpge {reexecute=1 rethrow=0 return_oop=0}
                      ; - (reexecute) java.lang.ClassLoader::compareCerts@40 (line 1185)
                      ; - java.lang.ClassLoader::checkCerts@80 (line 1162)
                      ; - java.lang.ClassLoader::preDefineClass@113 (line 907)
                      ; - java.lang.ClassLoader::defineClass@4 (line 1015)
                      ; - java.security.SecureClassLoader::defineClass@12 (line 150)
  0x000001cf1037e88c: 7080 a0ff | babe ffff | ff48 8b6c | 2440 4c8b | 5424 504c | 8954 2430 | 448b 5c24 | 3c44 895c 
  0x000001cf1037e8ac: 2438 448b | 5424 5844 | 8954 243c | 4c8b 5424 | 484c 8954 | 2440 4889 | 4424 4848 | 894c 2458 
  0x000001cf1037e8cc: 895c 2464 

  0x000001cf1037e8d0: ;   {runtime_call UncommonTrapBlob}
  0x000001cf1037e8d0: c5f8 77e8 

  0x000001cf1037e8d4: ; ImmutableOopMap {rbp=Oop [48]=Oop [64]=Oop [72]=Oop [88]=Oop [104]=Oop [152]=Oop }
                      ;*if_icmpge {reexecute=1 rethrow=0 return_oop=0}
                      ; - (reexecute) java.lang.ClassLoader::compareCerts@40 (line 1185)
                      ; - java.lang.ClassLoader::checkCerts@80 (line 1162)
                      ; - java.lang.ClassLoader::preDefineClass@113 (line 907)
                      ; - java.lang.ClassLoader::defineClass@4 (line 1015)
                      ; - java.security.SecureClassLoader::defineClass@12 (line 150)
  0x000001cf1037e8d4: 2880 a0ff | 4889 5c24 | 3844 8954 | 2430 4489 | 4c24 2449 

  0x000001cf1037e8e8: ;   {metadata('java/util/ArrayList')}
  0x000001cf1037e8e8: 8bed 48ba | 10df 007b | cf01 0000 

  0x000001cf1037e8f4: ;   {runtime_call _new_instance_Java}
  0x000001cf1037e8f4: c5f8 77e8 

  0x000001cf1037e8f8: ; ImmutableOopMap {rbp=Oop [36]=NarrowOop [48]=NarrowOop [56]=Oop [88]=Oop }
                      ;*new {reexecute=0 rethrow=0 return_oop=1}
                      ; - java.security.CodeSource::getCertificates@25 (line 207)
                      ; - java.lang.ClassLoader::postDefineClass@24 (line 927)
                      ; - java.lang.ClassLoader::defineClass@37 (line 1018)
                      ; - java.security.SecureClassLoader::defineClass@12 (line 150)
  0x000001cf1037e8f8: 04f7 aaff | 4c8b ed44 | 8b4c 2424 | 448b 5424 | 3048 8b5c | 2438 e9df | ecff ff4c | 8944 2438 
  0x000001cf1037e918: 488b eb44 | 894c 2430 | 4c8b 5424 | 584c 8954 | 2428 4c89 

  0x000001cf1037e92c: ;   {metadata('java/security/cert/Certificate'[])}
  0x000001cf1037e92c: 6c24 2048 | baa0 2912 | 7bcf 0100 | 0045 8bc3 

  0x000001cf1037e93c: ;   {runtime_call _new_array_Java}
  0x000001cf1037e93c: c5f8 77e8 

  0x000001cf1037e940: ; ImmutableOopMap {rbp=Oop [32]=Oop [40]=Oop [48]=NarrowOop [56]=Oop [88]=Oop }
                      ;*anewarray {reexecute=0 rethrow=0 return_oop=1}
                      ; - java.security.CodeSource::getCertificates@73 (line 214)
                      ; - java.lang.ClassLoader::postDefineClass@24 (line 927)
                      ; - java.lang.ClassLoader::defineClass@37 (line 1018)
                      ; - java.security.SecureClassLoader::defineClass@12 (line 150)
  0x000001cf1037e940: 3cd6 aaff | 4c8b d0e9 | 68ee ffff | 48ba 0000 | 007b cf01 | 0000 4903 | d366 6690 

  0x000001cf1037e95c: ;   {runtime_call _new_array_Java}
  0x000001cf1037e95c: c5f8 77e8 

  0x000001cf1037e960: ; ImmutableOopMap {[32]=Oop [40]=Oop [56]=Oop }
                      ;*invokevirtual clone {reexecute=1 rethrow=0 return_oop=1}
                      ; - (reexecute) java.security.CodeSource::getCertificates@89 (line 215)
                      ; - java.lang.ClassLoader::postDefineClass@24 (line 927)
                      ; - java.lang.ClassLoader::defineClass@37 (line 1018)
                      ; - java.security.SecureClassLoader::defineClass@12 (line 150)
  0x000001cf1037e960: 1cd6 aaff | 488b d8e9 | 3aef ffff | ba45 ffff | ff48 8b6c | 2440 4c8b | 5c24 504c | 895c 2430 
  0x000001cf1037e980: 448b 5c24 | 3c44 895c | 2438 448b | 4424 5844 | 8944 243c | 4c8b 5c24 | 484c 895c | 2440 4889 
  0x000001cf1037e9a0: 4424 4889 | 5c24 5844 | 8954 245c 

  0x000001cf1037e9ac: ;   {runtime_call UncommonTrapBlob}
  0x000001cf1037e9ac: c5f8 77e8 

  0x000001cf1037e9b0: ; ImmutableOopMap {rbp=Oop [48]=Oop [64]=Oop [72]=Oop [104]=Oop [152]=Oop }
                      ;*if_icmpeq {reexecute=1 rethrow=0 return_oop=0}
                      ; - (reexecute) java.lang.ClassLoader::compareCerts@20 (line 1179)
                      ; - java.lang.ClassLoader::checkCerts@80 (line 1162)
                      ; - java.lang.ClassLoader::preDefineClass@113 (line 907)
                      ; - java.lang.ClassLoader::defineClass@4 (line 1015)
                      ; - java.security.SecureClassLoader::defineClass@12 (line 150)
  0x000001cf1037e9b0: 4c7f a0ff | bae4 ffff | ff48 8b6c | 2440 4c8b | 5424 504c | 8954 2430 | 448b 5c24 | 3c44 895c 
  0x000001cf1037e9d0: 2438 448b | 5424 5844 | 8954 243c | 4889 5c24 | 4048 8974 | 2450 448b | 5424 6044 | 8954 2458 
  0x000001cf1037e9f0: 4c89 4c24 | 6889 7c24 | 7044 8944 | 2474 6690 

  0x000001cf1037ea00: ;   {runtime_call UncommonTrapBlob}
  0x000001cf1037ea00: c5f8 77e8 

  0x000001cf1037ea04: ; ImmutableOopMap {rbp=Oop [48]=Oop [64]=Oop [72]=Oop [80]=Oop [88]=NarrowOop [104]=Oop [112]=NarrowOop [152]=Oop }
                      ;*aaload {reexecute=0 rethrow=0 return_oop=0}
                      ; - java.security.CodeSource::getCertificates@50 (line 210)
                      ; - java.lang.ClassLoader::checkCerts@34 (line 1158)
                      ; - java.lang.ClassLoader::preDefineClass@113 (line 907)
                      ; - java.lang.ClassLoader::defineClass@4 (line 1015)
                      ; - java.security.SecureClassLoader::defineClass@12 (line 150)
  0x000001cf1037ea04: f87e a0ff | bae4 ffff | ff4c 896c | 2420 4489 | 5c24 3444 | 894c 2438 | 4c89 4424 | 4844 8954 
  0x000001cf1037ea24: 243c 6690 

  0x000001cf1037ea28: ;   {runtime_call UncommonTrapBlob}
  0x000001cf1037ea28: c5f8 77e8 

  0x000001cf1037ea2c: ; ImmutableOopMap {[32]=Oop [56]=NarrowOop [60]=NarrowOop [72]=Oop [88]=Oop }
                      ;*aaload {reexecute=0 rethrow=0 return_oop=0}
                      ; - java.security.CodeSource::getCertificates@50 (line 210)
                      ; - java.lang.ClassLoader::postDefineClass@24 (line 927)
                      ; - java.lang.ClassLoader::defineClass@37 (line 1018)
                      ; - java.security.SecureClassLoader::defineClass@12 (line 150)
  0x000001cf1037ea2c: d07e a0ff | 4963 c8e9 | b8e8 ffff | 4963 cb0f | 1f44 0000 | e976 ecff | ff49 8bd7 | c5f8 7749 
  0x000001cf1037ea4c: ba70 6b5e | 70f9 7f00 | 0041 ffd2 | e903 eaff | ff49 8bd7 | c5f8 7749 | ba70 6b5e | 70f9 7f00 
  0x000001cf1037ea6c: 0041 ffd2 | e97a edff | ffba f6ff | ffff 6690 

  0x000001cf1037ea7c: ;   {runtime_call UncommonTrapBlob}
  0x000001cf1037ea7c: c5f8 77e8 

  0x000001cf1037ea80: ; ImmutableOopMap {}
                      ;*invokevirtual clone {reexecute=1 rethrow=0 return_oop=0}
                      ; - (reexecute) java.security.CodeSource::getCertificates@89 (line 215)
                      ; - java.lang.ClassLoader::checkCerts@34 (line 1158)
                      ; - java.lang.ClassLoader::preDefineClass@113 (line 907)
                      ; - java.lang.ClassLoader::defineClass@4 (line 1015)
                      ; - java.security.SecureClassLoader::defineClass@12 (line 150)
  0x000001cf1037ea80: 7c7e a0ff | baf6 ffff | ff66 6690 

  0x000001cf1037ea8c: ;   {runtime_call UncommonTrapBlob}
  0x000001cf1037ea8c: c5f8 77e8 

  0x000001cf1037ea90: ; ImmutableOopMap {}
                      ;*invokevirtual clone {reexecute=1 rethrow=0 return_oop=0}
                      ; - (reexecute) java.security.CodeSource::getCertificates@89 (line 215)
                      ; - java.lang.ClassLoader::postDefineClass@24 (line 927)
                      ; - java.lang.ClassLoader::defineClass@37 (line 1018)
                      ; - java.security.SecureClassLoader::defineClass@12 (line 150)
  0x000001cf1037ea90: 6c7e a0ff | ba45 ffff | ff4c 8b5c | 2440 4c89 | 5c24 204c | 8b5c 2450 | 4c89 5c24 | 4044 8b44 
  0x000001cf1037eab0: 243c 4489 | 4424 3844 | 8b44 2458 | 4489 4424 | 3c4c 896c | 2460 4489 | 7424 68c5 | fa11 4424 
  0x000001cf1037ead0: 6cc5 fa11 | 5424 704c | 8954 2478 

  0x000001cf1037eadc: ;   {runtime_call UncommonTrapBlob}
  0x000001cf1037eadc: c5f8 77e8 

  0x000001cf1037eae0: ; ImmutableOopMap {[32]=Oop [64]=Oop [72]=Oop [96]=Oop [112]=NarrowOop [120]=Oop [152]=Oop }
                      ;*if_icmpge {reexecute=1 rethrow=0 return_oop=0}
                      ; - (reexecute) java.lang.ClassLoader::compareCerts@67 (line 1187)
                      ; - java.lang.ClassLoader::checkCerts@80 (line 1162)
                      ; - java.lang.ClassLoader::preDefineClass@113 (line 907)
                      ; - java.lang.ClassLoader::defineClass@4 (line 1015)
                      ; - java.security.SecureClassLoader::defineClass@12 (line 150)
  0x000001cf1037eae0: 1c7e a0ff | ba45 ffff | ff4c 8b5c | 2440 4c89 | 5c24 204c | 8b5c 2450 | 4c89 5c24 | 4044 8b5c 
  0x000001cf1037eb00: 243c 4489 | 5c24 3844 | 8b44 2458 | 4489 4424 | 3c4c 8954 | 2458 448b | 5424 7444 | 8954 2460 
  0x000001cf1037eb20: c5fa 1144 | 2464 c5fa | 1154 2468 | 4c89 6c24 | 7089 5c24 | 7866 6690 

  0x000001cf1037eb38: ;   {runtime_call UncommonTrapBlob}
  0x000001cf1037eb38: c5f8 77e8 

  0x000001cf1037eb3c: ; ImmutableOopMap {[32]=Oop [64]=Oop [72]=Oop [88]=Oop [104]=NarrowOop [112]=Oop [152]=Oop }
                      ;*if_icmpge {reexecute=1 rethrow=0 return_oop=0}
                      ; - (reexecute) java.lang.ClassLoader::compareCerts@152 (line 1199)
                      ; - java.lang.ClassLoader::checkCerts@80 (line 1162)
                      ; - java.lang.ClassLoader::preDefineClass@113 (line 907)
                      ; - java.lang.ClassLoader::defineClass@4 (line 1015)
                      ; - java.security.SecureClassLoader::defineClass@12 (line 150)
  0x000001cf1037eb3c: c07d a0ff | bade ffff | ff44 8b5c | 243c 4489 | 5c24 3048 | 8944 2438 

  0x000001cf1037eb54: ;   {runtime_call UncommonTrapBlob}
  0x000001cf1037eb54: c5f8 77e8 

  0x000001cf1037eb58: ; ImmutableOopMap {[56]=Oop [64]=Oop [72]=Oop [80]=Oop }
                      ;*checkcast {reexecute=0 rethrow=0 return_oop=0}
                      ; - java.security.SecureClassLoader::getProtectionDomain@34 (line 222)
                      ; - java.security.SecureClassLoader::defineClass@9 (line 150)
  0x000001cf1037eb58: a47d a0ff | bade ffff | ff48 8b6c | 2440 4c8b | 5424 504c | 8954 2440 | 448b 5424 | 3c44 8954 
  0x000001cf1037eb78: 2438 448b | 5c24 5844 | 895c 243c | 4889 4424 | 5866 6690 

  0x000001cf1037eb8c: ;   {runtime_call UncommonTrapBlob}
  0x000001cf1037eb8c: c5f8 77e8 

  0x000001cf1037eb90: ; ImmutableOopMap {rbp=Oop [40]=Oop [64]=Oop [72]=Oop [88]=Oop [104]=Oop [152]=Oop }
                      ;*checkcast {reexecute=0 rethrow=0 return_oop=0}
                      ; - java.lang.ClassLoader::checkCerts@65 (line 1161)
                      ; - java.lang.ClassLoader::preDefineClass@113 (line 907)
                      ; - java.lang.ClassLoader::defineClass@4 (line 1015)
                      ; - java.security.SecureClassLoader::defineClass@12 (line 150)
  0x000001cf1037eb90: 6c7d a0ff | bade ffff | ff48 8944 | 2438 6690 

  0x000001cf1037eba0: ;   {runtime_call UncommonTrapBlob}
  0x000001cf1037eba0: c5f8 77e8 

  0x000001cf1037eba4: ; ImmutableOopMap {[32]=Oop [40]=Oop [48]=NarrowOop [56]=Oop }
                      ;*checkcast {reexecute=0 rethrow=0 return_oop=0}
                      ; - java.security.CodeSource::getCertificates@79 (line 213)
                      ; - java.lang.ClassLoader::postDefineClass@24 (line 927)
                      ; - java.lang.ClassLoader::defineClass@37 (line 1018)
                      ; - java.security.SecureClassLoader::defineClass@12 (line 150)
  0x000001cf1037eba4: 587d a0ff | bade ffff | ff48 8b6c | 2428 4c8b | 5424 504c | 8954 2440 | 448b 5424 | 5844 8954 
  0x000001cf1037ebc4: 2448 4889 | 4424 6090 

  0x000001cf1037ebcc: ;   {runtime_call UncommonTrapBlob}
  0x000001cf1037ebcc: c5f8 77e8 

  0x000001cf1037ebd0: ; ImmutableOopMap {rbp=Oop [48]=Oop [56]=NarrowOop [64]=Oop [96]=Oop [104]=Oop [112]=Oop [136]=Oop }
                      ;*checkcast {reexecute=0 rethrow=0 return_oop=0}
                      ; - java.security.CodeSource::getCertificates@79 (line 213)
                      ; - java.lang.ClassLoader::checkCerts@34 (line 1158)
                      ; - java.lang.ClassLoader::preDefineClass@113 (line 907)
                      ; - java.lang.ClassLoader::defineClass@4 (line 1015)
                      ; - java.security.SecureClassLoader::defineClass@12 (line 150)
  0x000001cf1037ebd0: 2c7d a0ff | baf6 ffff | ff49 8be8 | 4c89 5c24 | 2066 6690 

  0x000001cf1037ebe4: ;   {runtime_call UncommonTrapBlob}
  0x000001cf1037ebe4: c5f8 77e8 

  0x000001cf1037ebe8: ; ImmutableOopMap {rbp=Oop [32]=Oop }
                      ;*invokeinterface computeIfAbsent {reexecute=0 rethrow=0 return_oop=0}
                      ; - java.security.SecureClassLoader::getProtectionDomain@29 (line 222)
                      ; - java.security.SecureClassLoader::defineClass@9 (line 150)
  0x000001cf1037ebe8: 147d a0ff | baf4 ffff | ff66 6690 

  0x000001cf1037ebf4: ;   {runtime_call UncommonTrapBlob}
  0x000001cf1037ebf4: c5f8 77e8 

  0x000001cf1037ebf8: ; ImmutableOopMap {[64]=Oop [72]=Oop [80]=Oop }
                      ;*checkcast {reexecute=0 rethrow=0 return_oop=0}
                      ; - java.security.SecureClassLoader::getProtectionDomain@34 (line 222)
                      ; - java.security.SecureClassLoader::defineClass@9 (line 150)
  0x000001cf1037ebf8: 047d a0ff | baf6 ffff | ff66 6690 

  0x000001cf1037ec04: ;   {runtime_call UncommonTrapBlob}
  0x000001cf1037ec04: c5f8 77e8 

  0x000001cf1037ec08: ; ImmutableOopMap {}
                      ;*arraylength {reexecute=0 rethrow=0 return_oop=0}
                      ; - java.lang.String::isEmpty@4 (line 1494)
                      ; - java.lang.ClassLoader::checkName@5 (line 1145)
                      ; - java.lang.ClassLoader::preDefineClass@1 (line 890)
                      ; - java.lang.ClassLoader::defineClass@4 (line 1015)
                      ; - java.security.SecureClassLoader::defineClass@12 (line 150)
  0x000001cf1037ec08: f47c a0ff | baf6 ffff | ff66 6690 

  0x000001cf1037ec14: ;   {runtime_call UncommonTrapBlob}
  0x000001cf1037ec14: c5f8 77e8 

  0x000001cf1037ec18: ; ImmutableOopMap {}
                      ;*invokevirtual getPackageName {reexecute=0 rethrow=0 return_oop=0}
                      ; - java.lang.ClassLoader::postDefineClass@2 (line 924)
                      ; - java.lang.ClassLoader::defineClass@37 (line 1018)
                      ; - java.security.SecureClassLoader::defineClass@12 (line 150)
  0x000001cf1037ec18: e47c a0ff | baf6 ffff | ff66 6690 

  0x000001cf1037ec24: ;   {runtime_call UncommonTrapBlob}
  0x000001cf1037ec24: c5f8 77e8 

  0x000001cf1037ec28: ; ImmutableOopMap {}
                      ;*invokevirtual hashCode {reexecute=0 rethrow=0 return_oop=0}
                      ; - java.util.concurrent.ConcurrentHashMap::get@1 (line 936)
                      ; - java.lang.ClassLoader::getNamedPackage@5 (line 340)
                      ; - java.lang.ClassLoader::postDefineClass@9 (line 924)
                      ; - java.lang.ClassLoader::defineClass@37 (line 1018)
                      ; - java.security.SecureClassLoader::defineClass@12 (line 150)
  0x000001cf1037ec28: d47c a0ff | 4d85 d240 | 0f95 c540 | 0fb6 ed83 | f501 ba45 | ffff ff48 | 8944 2430 | 4889 4424 
  0x000001cf1037ec48: 4866 6690 

  0x000001cf1037ec4c: ;   {runtime_call UncommonTrapBlob}
  0x000001cf1037ec4c: c5f8 77e8 

  0x000001cf1037ec50: ; ImmutableOopMap {[48]=Oop [64]=Oop [72]=Oop [104]=Oop }
                      ;*ifeq {reexecute=1 rethrow=0 return_oop=0}
                      ; - (reexecute) java.lang.Class::getPackageName@29 (line 1081)
                      ; - java.lang.ClassLoader::postDefineClass@2 (line 924)
                      ; - java.lang.ClassLoader::defineClass@37 (line 1018)
                      ; - java.security.SecureClassLoader::defineClass@12 (line 150)
  0x000001cf1037ec50: ac7c a0ff | baf6 ffff | ff66 6690 

  0x000001cf1037ec5c: ;   {runtime_call UncommonTrapBlob}
  0x000001cf1037ec5c: c5f8 77e8 

  0x000001cf1037ec60: ; ImmutableOopMap {}
                      ;*arraylength {reexecute=0 rethrow=0 return_oop=0}
                      ; - java.lang.String::length@4 (line 1481)
                      ; - java.lang.String::lastIndexOf@3 (line 2451)
                      ; - java.lang.Class::getPackageName@47 (line 1085)
                      ; - java.lang.ClassLoader::postDefineClass@2 (line 924)
                      ; - java.lang.ClassLoader::defineClass@37 (line 1018)
                      ; - java.security.SecureClassLoader::defineClass@12 (line 150)
  0x000001cf1037ec60: 9c7c a0ff | ba45 ffff | ff48 8b6c | 2440 4c8b | 5424 484c | 8954 2430 | 4c8b 5424 | 504c 8954 
  0x000001cf1037ec80: 2440 448b | 5424 3c44 | 8954 2438 | 448b 5c24 | 5844 895c | 243c 6690 

  0x000001cf1037ec98: ;   {runtime_call UncommonTrapBlob}
  0x000001cf1037ec98: c5f8 77e8 

  0x000001cf1037ec9c: ; ImmutableOopMap {rbp=Oop [48]=Oop [64]=Oop [152]=Oop }
                      ;*ifnull {reexecute=1 rethrow=0 return_oop=0}
                      ; - (reexecute) java.lang.ClassLoader::checkName@1 (line 1145)
                      ; - java.lang.ClassLoader::preDefineClass@1 (line 890)
                      ; - java.lang.ClassLoader::defineClass@4 (line 1015)
                      ; - java.security.SecureClassLoader::defineClass@12 (line 150)
  0x000001cf1037ec9c: 607c a0ff | ba45 ffff | ff4c 8b5c | 2440 4c89 | 5c24 204c | 8b54 2448 | 4c89 5424 | 3044 8b5c 
  0x000001cf1037ecbc: 243c 4489 | 5c24 3844 | 8944 2448 

  0x000001cf1037ecc8: ;   {runtime_call UncommonTrapBlob}
  0x000001cf1037ecc8: c5f8 77e8 

  0x000001cf1037eccc: ; ImmutableOopMap {rbp=NarrowOop [32]=Oop [48]=Oop [72]=NarrowOop [80]=Oop [152]=Oop }
                      ;*ifnull {reexecute=1 rethrow=0 return_oop=0}
                      ; - (reexecute) java.lang.ClassLoader::defineClassSourceLocation@15 (line 916)
                      ; - java.lang.ClassLoader::defineClass@12 (line 1016)
                      ; - java.security.SecureClassLoader::defineClass@12 (line 150)
  0x000001cf1037eccc: 307c a0ff | baf6 ffff | ff66 6690 

  0x000001cf1037ecd8: ;   {runtime_call UncommonTrapBlob}
  0x000001cf1037ecd8: c5f8 77e8 

  0x000001cf1037ecdc: ; ImmutableOopMap {}
                      ;*arraylength {reexecute=0 rethrow=0 return_oop=0}
                      ; - java.lang.String::isEmpty@4 (line 1494)
                      ; - java.lang.NamedPackage::<init>@5 (line 48)
                      ; - java.lang.ClassLoader::getNamedPackage@22 (line 342)
                      ; - java.lang.ClassLoader::postDefineClass@9 (line 924)
                      ; - java.lang.ClassLoader::defineClass@37 (line 1018)
                      ; - java.security.SecureClassLoader::defineClass@12 (line 150)
  0x000001cf1037ecdc: 207c a0ff | baf6 ffff | ff66 6690 

  0x000001cf1037ece8: ;   {runtime_call UncommonTrapBlob}
  0x000001cf1037ece8: c5f8 77e8 

  0x000001cf1037ecec: ; ImmutableOopMap {}
                      ;*arraylength {reexecute=0 rethrow=0 return_oop=0}
                      ; - java.lang.StringLatin1::hashCode@5 (line 196)
                      ; - java.lang.String::hashCode@27 (line 2344)
                      ; - java.util.concurrent.ConcurrentHashMap::get@1 (line 936)
                      ; - java.lang.ClassLoader::getNamedPackage@5 (line 340)
                      ; - java.lang.ClassLoader::postDefineClass@9 (line 924)
                      ; - java.lang.ClassLoader::defineClass@37 (line 1018)
                      ; - java.security.SecureClassLoader::defineClass@12 (line 150)
  0x000001cf1037ecec: 107c a0ff | ba45 ffff | ff48 8b4c | 2458 4889 | 4c24 304c | 896c 2440 | 4489 4424 | 504c 895c 
  0x000001cf1037ed0c: 2458 4489 | 4c24 5444 | 8954 2460 

  0x000001cf1037ed18: ;   {runtime_call UncommonTrapBlob}
  0x000001cf1037ed18: c5f8 77e8 

  0x000001cf1037ed1c: ; ImmutableOopMap {rbp=NarrowOop [48]=Oop [64]=Oop [80]=NarrowOop [84]=NarrowOop [88]=Oop [104]=Oop }
                      ;*ifnull {reexecute=1 rethrow=0 return_oop=0}
                      ; - (reexecute) java.util.concurrent.ConcurrentHashMap::get@67 (line 940)
                      ; - java.lang.ClassLoader::getNamedPackage@5 (line 340)
                      ; - java.lang.ClassLoader::postDefineClass@9 (line 924)
                      ; - java.lang.ClassLoader::defineClass@37 (line 1018)
                      ; - java.security.SecureClassLoader::defineClass@12 (line 150)
  0x000001cf1037ed1c: e07b a0ff | ba45 ffff | ff48 8b4c | 2458 4889 | 4c24 304c | 896c 2440 | 4489 4424 | 504c 895c 
  0x000001cf1037ed3c: 2458 4c89 | 4c24 6044 | 8954 2454 

  0x000001cf1037ed48: ;   {runtime_call UncommonTrapBlob}
  0x000001cf1037ed48: c5f8 77e8 

  0x000001cf1037ed4c: ; ImmutableOopMap {rbp=NarrowOop [48]=Oop [64]=Oop [80]=NarrowOop [88]=Oop [96]=Oop [104]=Oop }
                      ;*ifnull {reexecute=1 rethrow=0 return_oop=0}
                      ; - (reexecute) java.util.concurrent.ConcurrentHashMap::get@143 (line 946)
                      ; - java.lang.ClassLoader::getNamedPackage@5 (line 340)
                      ; - java.lang.ClassLoader::postDefineClass@9 (line 924)
                      ; - java.lang.ClassLoader::defineClass@37 (line 1018)
                      ; - java.security.SecureClassLoader::defineClass@12 (line 150)
  0x000001cf1037ed4c: b07b a0ff | baf4 ffff | ff4c 8b5c | 2440 4c89 | 5c24 204c | 8b5c 2450 | 4c89 5c24 | 4044 8b44 
  0x000001cf1037ed6c: 243c 4489 | 4424 3844 | 8b5c 2458 | 4489 5c24 | 3c4c 896c | 2460 4489 | 7424 68c5 | fa11 4424 
  0x000001cf1037ed8c: 6c48 8944 | 2478 899c | 2480 0000 | 0066 6690 

  0x000001cf1037ed9c: ;   {runtime_call UncommonTrapBlob}
  0x000001cf1037ed9c: c5f8 77e8 

  0x000001cf1037eda0: ; ImmutableOopMap {[32]=Oop [64]=Oop [72]=Oop [96]=Oop [120]=Oop [128]=NarrowOop [152]=Oop }
                      ;*instanceof {reexecute=0 rethrow=0 return_oop=0}
                      ; - java.security.cert.Certificate::equals@8 (line 111)
                      ; - java.lang.ClassLoader::compareCerts@81 (line 1188)
                      ; - java.lang.ClassLoader::checkCerts@80 (line 1162)
                      ; - java.lang.ClassLoader::preDefineClass@113 (line 907)
                      ; - java.lang.ClassLoader::defineClass@4 (line 1015)
                      ; - java.security.SecureClassLoader::defineClass@12 (line 150)
  0x000001cf1037eda0: 5c7b a0ff | baf4 ffff | ff4c 8b5c | 2440 4c89 | 5c24 204c | 8b5c 2450 | 4c89 5c24 | 4044 8b5c 
  0x000001cf1037edc0: 243c 4489 | 5c24 3844 | 8b44 2458 | 4489 4424 | 3c4c 8954 | 2458 448b | 5424 7444 | 8954 2460 
  0x000001cf1037ede0: c5fa 1144 | 2464 4c89 | 6c24 7044 | 8974 246c | 895c 2478 

  0x000001cf1037edf4: ;   {runtime_call UncommonTrapBlob}
  0x000001cf1037edf4: c5f8 77e8 

  0x000001cf1037edf8: ; ImmutableOopMap {[32]=Oop [64]=Oop [72]=Oop [88]=Oop [112]=Oop [120]=NarrowOop [152]=Oop }
                      ;*instanceof {reexecute=0 rethrow=0 return_oop=0}
                      ; - java.security.cert.Certificate::equals@8 (line 111)
                      ; - java.lang.ClassLoader::compareCerts@166 (line 1200)
                      ; - java.lang.ClassLoader::checkCerts@80 (line 1162)
                      ; - java.lang.ClassLoader::preDefineClass@113 (line 907)
                      ; - java.lang.ClassLoader::defineClass@4 (line 1015)
                      ; - java.security.SecureClassLoader::defineClass@12 (line 150)
  0x000001cf1037edf8: 047b a0ff | ba76 ffff | ff48 8b6c | 2440 4c8b | 5c24 504c | 895c 2430 | 448b 5c24 | 3c44 895c 
  0x000001cf1037ee18: 2438 448b | 4c24 5844 | 894c 243c | 4c8b 5c24 | 484c 895c | 2440 4889 | 4c24 5889 | 5c24 6044 
  0x000001cf1037ee38: 8944 2464 | 897c 2468 | 4889 4424 | 7044 8954 | 2478 6690 

  0x000001cf1037ee4c: ;   {runtime_call UncommonTrapBlob}
  0x000001cf1037ee4c: c5f8 77e8 

  0x000001cf1037ee50: ; ImmutableOopMap {rbp=Oop [48]=Oop [64]=Oop [88]=Oop [104]=NarrowOop [112]=Oop [152]=Oop }
                      ;*if_icmpge {reexecute=1 rethrow=0 return_oop=0}
                      ; - (reexecute) java.lang.ClassLoader::compareCerts@67 (line 1187)
                      ; - java.lang.ClassLoader::checkCerts@80 (line 1162)
                      ; - java.lang.ClassLoader::preDefineClass@113 (line 907)
                      ; - java.lang.ClassLoader::defineClass@4 (line 1015)
                      ; - java.security.SecureClassLoader::defineClass@12 (line 150)
  0x000001cf1037ee50: ac7a a0ff | ba76 ffff | ff48 8b6c | 2440 4c8b | 5424 504c | 8954 2430 | 448b 5c24 | 3c44 895c 
  0x000001cf1037ee70: 2438 448b | 5424 5844 | 8954 243c | 4c8b 5424 | 484c 8954 | 2440 4889 | 5c24 5089 | 4c24 5c44 
  0x000001cf1037ee90: 8944 2460 | 4c89 6c24 | 6844 8974 | 2470 6690 

  0x000001cf1037eea0: ;   {runtime_call UncommonTrapBlob}
  0x000001cf1037eea0: c5f8 77e8 

  0x000001cf1037eea4: ; ImmutableOopMap {rbp=Oop [48]=Oop [64]=Oop [80]=Oop [96]=NarrowOop [104]=Oop [152]=Oop }
                      ;*if_icmpge {reexecute=1 rethrow=0 return_oop=0}
                      ; - (reexecute) java.lang.ClassLoader::compareCerts@152 (line 1199)
                      ; - java.lang.ClassLoader::checkCerts@80 (line 1162)
                      ; - java.lang.ClassLoader::preDefineClass@113 (line 907)
                      ; - java.lang.ClassLoader::defineClass@4 (line 1015)
                      ; - java.security.SecureClassLoader::defineClass@12 (line 150)
  0x000001cf1037eea4: 587a a0ff | baf6 ffff | ff41 8be8 

  0x000001cf1037eeb0: ;   {runtime_call UncommonTrapBlob}
  0x000001cf1037eeb0: c5f8 77e8 

  0x000001cf1037eeb4: ; ImmutableOopMap {}
                      ;*aaload {reexecute=0 rethrow=0 return_oop=0}
                      ; - java.security.CodeSource::getCertificates@50 (line 210)
                      ; - java.lang.ClassLoader::checkCerts@34 (line 1158)
                      ; - java.lang.ClassLoader::preDefineClass@113 (line 907)
                      ; - java.lang.ClassLoader::defineClass@4 (line 1015)
                      ; - java.security.SecureClassLoader::defineClass@12 (line 150)
  0x000001cf1037eeb4: 487a a0ff | baf6 ffff | ff66 6690 

  0x000001cf1037eec0: ;   {runtime_call UncommonTrapBlob}
  0x000001cf1037eec0: c5f8 77e8 

  0x000001cf1037eec4: ; ImmutableOopMap {}
                      ;*invokevirtual getSignerCertPath {reexecute=0 rethrow=0 return_oop=0}
                      ; - java.security.CodeSource::getCertificates@51 (line 211)
                      ; - java.lang.ClassLoader::checkCerts@34 (line 1158)
                      ; - java.lang.ClassLoader::preDefineClass@113 (line 907)
                      ; - java.lang.ClassLoader::defineClass@4 (line 1015)
                      ; - java.security.SecureClassLoader::defineClass@12 (line 150)
  0x000001cf1037eec4: 387a a0ff | baf6 ffff | ff66 6690 

  0x000001cf1037eed0: ;   {runtime_call UncommonTrapBlob}
  0x000001cf1037eed0: c5f8 77e8 

  0x000001cf1037eed4: ; ImmutableOopMap {}
                      ;*invokevirtual getCertificates {reexecute=0 rethrow=0 return_oop=0}
                      ; - java.security.CodeSource::getCertificates@54 (line 211)
                      ; - java.lang.ClassLoader::checkCerts@34 (line 1158)
                      ; - java.lang.ClassLoader::preDefineClass@113 (line 907)
                      ; - java.lang.ClassLoader::defineClass@4 (line 1015)
                      ; - java.security.SecureClassLoader::defineClass@12 (line 150)
  0x000001cf1037eed4: 287a a0ff | baf6 ffff | ff66 6690 

  0x000001cf1037eee0: ;   {runtime_call UncommonTrapBlob}
  0x000001cf1037eee0: c5f8 77e8 

  0x000001cf1037eee4: ; ImmutableOopMap {}
                      ;*arraylength {reexecute=0 rethrow=0 return_oop=0}
                      ; - java.security.CodeSource::getCertificates@40 (line 209)
                      ; - java.lang.ClassLoader::checkCerts@34 (line 1158)
                      ; - java.lang.ClassLoader::preDefineClass@113 (line 907)
                      ; - java.lang.ClassLoader::defineClass@4 (line 1015)
                      ; - java.security.SecureClassLoader::defineClass@12 (line 150)
  0x000001cf1037eee4: 187a a0ff | baf6 ffff | ff66 6690 

  0x000001cf1037eef0: ;   {runtime_call UncommonTrapBlob}
  0x000001cf1037eef0: c5f8 77e8 

  0x000001cf1037eef4: ; ImmutableOopMap {}
                      ;*aaload {reexecute=0 rethrow=0 return_oop=0}
                      ; - java.security.CodeSource::getCertificates@50 (line 210)
                      ; - java.lang.ClassLoader::postDefineClass@24 (line 927)
                      ; - java.lang.ClassLoader::defineClass@37 (line 1018)
                      ; - java.security.SecureClassLoader::defineClass@12 (line 150)
  0x000001cf1037eef4: 087a a0ff | baf6 ffff | ff66 6690 

  0x000001cf1037ef00: ;   {runtime_call UncommonTrapBlob}
  0x000001cf1037ef00: c5f8 77e8 

  0x000001cf1037ef04: ; ImmutableOopMap {}
                      ;*invokevirtual getSignerCertPath {reexecute=0 rethrow=0 return_oop=0}
                      ; - java.security.CodeSource::getCertificates@51 (line 211)
                      ; - java.lang.ClassLoader::postDefineClass@24 (line 927)
                      ; - java.lang.ClassLoader::defineClass@37 (line 1018)
                      ; - java.security.SecureClassLoader::defineClass@12 (line 150)
  0x000001cf1037ef04: f879 a0ff | baf6 ffff | ff66 6690 

  0x000001cf1037ef10: ;   {runtime_call UncommonTrapBlob}
  0x000001cf1037ef10: c5f8 77e8 

  0x000001cf1037ef14: ; ImmutableOopMap {}
                      ;*invokevirtual getCertificates {reexecute=0 rethrow=0 return_oop=0}
                      ; - java.security.CodeSource::getCertificates@54 (line 211)
                      ; - java.lang.ClassLoader::postDefineClass@24 (line 927)
                      ; - java.lang.ClassLoader::defineClass@37 (line 1018)
                      ; - java.security.SecureClassLoader::defineClass@12 (line 150)
  0x000001cf1037ef14: e879 a0ff | baf6 ffff | ff66 6690 

  0x000001cf1037ef20: ;   {runtime_call UncommonTrapBlob}
  0x000001cf1037ef20: c5f8 77e8 

  0x000001cf1037ef24: ; ImmutableOopMap {}
                      ;*arraylength {reexecute=0 rethrow=0 return_oop=0}
                      ; - java.security.CodeSource::getCertificates@40 (line 209)
                      ; - java.lang.ClassLoader::postDefineClass@24 (line 927)
                      ; - java.lang.ClassLoader::defineClass@37 (line 1018)
                      ; - java.security.SecureClassLoader::defineClass@12 (line 150)
  0x000001cf1037ef24: d879 a0ff | baf4 ffff | ff48 8b6c | 2428 4c8b | 5424 504c | 8954 2440 | 448b 5c24 | 5844 895c 
  0x000001cf1037ef44: 2448 6690 

  0x000001cf1037ef48: ;   {runtime_call UncommonTrapBlob}
  0x000001cf1037ef48: c5f8 77e8 

  0x000001cf1037ef4c: ; ImmutableOopMap {rbp=Oop [48]=Oop [56]=NarrowOop [64]=Oop [104]=Oop [112]=Oop [136]=Oop }
                      ;*checkcast {reexecute=0 rethrow=0 return_oop=0}
                      ; - java.security.CodeSource::getCertificates@79 (line 213)
                      ; - java.lang.ClassLoader::checkCerts@34 (line 1158)
                      ; - java.lang.ClassLoader::preDefineClass@113 (line 907)
                      ; - java.lang.ClassLoader::defineClass@4 (line 1015)
                      ; - java.security.SecureClassLoader::defineClass@12 (line 150)
  0x000001cf1037ef4c: b079 a0ff | baf4 ffff | ff66 6690 

  0x000001cf1037ef58: ;   {runtime_call UncommonTrapBlob}
  0x000001cf1037ef58: c5f8 77e8 

  0x000001cf1037ef5c: ; ImmutableOopMap {[32]=Oop [40]=Oop [48]=NarrowOop }
                      ;*checkcast {reexecute=0 rethrow=0 return_oop=0}
                      ; - java.security.CodeSource::getCertificates@79 (line 213)
                      ; - java.lang.ClassLoader::postDefineClass@24 (line 927)
                      ; - java.lang.ClassLoader::defineClass@37 (line 1018)
                      ; - java.security.SecureClassLoader::defineClass@12 (line 150)
  0x000001cf1037ef5c: a079 a0ff | ba97 ffff | ff48 8b6c | 2420 4c8b | 5424 504c | 8954 2430 | 448b 5c24 | 3c44 895c 
  0x000001cf1037ef7c: 2438 448b | 5424 5844 | 8954 243c | 4c8b 5424 | 284c 8954 | 2448 6690 

  0x000001cf1037ef94: ;   {runtime_call UncommonTrapBlob}
  0x000001cf1037ef94: c5f8 77e8 

  0x000001cf1037ef98: ; ImmutableOopMap {rbp=Oop [48]=Oop [72]=Oop [92]=NarrowOop [96]=Oop [104]=Oop [152]=Oop }
                      ;*invokevirtual clone {reexecute=1 rethrow=0 return_oop=0}
                      ; - (reexecute) java.security.CodeSource::getCertificates@11 (line 203)
                      ; - java.lang.ClassLoader::checkCerts@34 (line 1158)
                      ; - java.lang.ClassLoader::preDefineClass@113 (line 907)
                      ; - java.lang.ClassLoader::defineClass@4 (line 1015)
                      ; - java.security.SecureClassLoader::defineClass@12 (line 150)
  0x000001cf1037ef98: 6479 a0ff | ba97 ffff | ff66 6690 

  0x000001cf1037efa4: ;   {runtime_call UncommonTrapBlob}
  0x000001cf1037efa4: c5f8 77e8 

  0x000001cf1037efa8: ; ImmutableOopMap {[32]=Oop [48]=NarrowOop [88]=Oop }
                      ;*invokevirtual clone {reexecute=1 rethrow=0 return_oop=0}
                      ; - (reexecute) java.security.CodeSource::getCertificates@11 (line 203)
                      ; - java.lang.ClassLoader::postDefineClass@24 (line 927)
                      ; - java.lang.ClassLoader::defineClass@37 (line 1018)
                      ; - java.security.SecureClassLoader::defineClass@12 (line 150)
  0x000001cf1037efa8: 5479 a0ff | ba97 ffff | ff48 8b6c | 2428 4c8b | 5424 504c | 8954 2448 | 448b 5424 | 3c44 8954 
  0x000001cf1037efc8: 2438 448b | 5c24 5844 | 895c 243c 

  0x000001cf1037efd4: ;   {runtime_call UncommonTrapBlob}
  0x000001cf1037efd4: c5f8 77e8 

  0x000001cf1037efd8: ; ImmutableOopMap {rbp=Oop [48]=Oop [64]=Oop [72]=Oop [104]=Oop [112]=Oop [136]=Oop }
                      ;*invokevirtual clone {reexecute=1 rethrow=0 return_oop=0}
                      ; - (reexecute) java.security.CodeSource::getCertificates@89 (line 215)
                      ; - java.lang.ClassLoader::checkCerts@34 (line 1158)
                      ; - java.lang.ClassLoader::preDefineClass@113 (line 907)
                      ; - java.lang.ClassLoader::defineClass@4 (line 1015)
                      ; - java.security.SecureClassLoader::defineClass@12 (line 150)
  0x000001cf1037efd8: 2479 a0ff | ba97 ffff | ff66 6690 

  0x000001cf1037efe4: ;   {runtime_call UncommonTrapBlob}
  0x000001cf1037efe4: c5f8 77e8 

  0x000001cf1037efe8: ; ImmutableOopMap {[32]=Oop [40]=Oop [56]=Oop }
                      ;*invokevirtual clone {reexecute=1 rethrow=0 return_oop=0}
                      ; - (reexecute) java.security.CodeSource::getCertificates@89 (line 215)
                      ; - java.lang.ClassLoader::postDefineClass@24 (line 927)
                      ; - java.lang.ClassLoader::defineClass@37 (line 1018)
                      ; - java.security.SecureClassLoader::defineClass@12 (line 150)
  0x000001cf1037efe8: 1479 a0ff | e972 0000 | 00e9 6d00 | 0000 e968 | 0000 000f | 1f44 0000 | e95e 0000 | 00e9 5900 
  0x000001cf1037f008: 0000 e954 | 0000 00e9 | 4f00 0000 | e94a 0000 | 00e9 4500 | 0000 6690 | e93e 0000 | 00e9 3400 
  0x000001cf1037f028: 0000 e92f | 0000 00e9 | 2f00 0000 | e92a 0000 | 00e9 2500 | 0000 6690 | e91e 0000 | 00e9 1900 
  0x000001cf1037f048: 0000 e914 | 0000 00e9 | 0f00 0000 | eb0d eb0b | eb09 eb07 | eb05 488b | d0eb 0348 | 8bd0 c5f8 
  0x000001cf1037f068: 7748 81c4 | c000 0000 

  0x000001cf1037f070: ;   {runtime_call _rethrow_Java}
  0x000001cf1037f070: 5de9 0ad2 

  0x000001cf1037f074: ;   {internal_word}
  0x000001cf1037f074: aaff 49ba | 67c5 3710 | cf01 0000 | 4d89 9760 

  0x000001cf1037f084: ;   {runtime_call SafepointBlob}
  0x000001cf1037f084: 0300 00e9 | 7489 a0ff | f4f4 f4f4 | f4f4 f4f4 | f4f4 f4f4 | f4f4 f4f4 | f4f4 f4f4 
[Stub Code]
  0x000001cf1037f0a0: ;   {no_reloc}
  0x000001cf1037f0a0: 48bb 50ca | 427b cf01 

  0x000001cf1037f0a8: ;   {runtime_call I2C/C2I adapters}
  0x000001cf1037f0a8: 0000 e932 

  0x000001cf1037f0ac: ;   {static_stub}
  0x000001cf1037f0ac: e99f ff48 | bb38 da42 | 7bcf 0100 

  0x000001cf1037f0b8: ;   {runtime_call I2C/C2I adapters}
  0x000001cf1037f0b8: 00e9 26b2 

  0x000001cf1037f0bc: ;   {static_stub}
  0x000001cf1037f0bc: 9dff 48bb | 0000 0000 | 0000 0000 

  0x000001cf1037f0c8: ;   {runtime_call}
  0x000001cf1037f0c8: e9fb ffff 

  0x000001cf1037f0cc: ;   {static_stub}
  0x000001cf1037f0cc: ff48 bb00 | 0000 0000 

  0x000001cf1037f0d4: ;   {runtime_call}
  0x000001cf1037f0d4: 0000 00e9 | fbff ffff 

  0x000001cf1037f0dc: ;   {static_stub}
  0x000001cf1037f0dc: 48bb 0000 | 0000 0000 

  0x000001cf1037f0e4: ;   {runtime_call}
  0x000001cf1037f0e4: 0000 e9fb 

  0x000001cf1037f0e8: ;   {static_stub}
  0x000001cf1037f0e8: ffff ff48 | bb00 0000 | 0000 0000 

  0x000001cf1037f0f4: ;   {runtime_call}
  0x000001cf1037f0f4: 00e9 fbff 

  0x000001cf1037f0f8: ;   {static_stub}
  0x000001cf1037f0f8: ffff 48bb | 0000 0000 | 0000 0000 

  0x000001cf1037f104: ;   {runtime_call}
  0x000001cf1037f104: e9fb ffff 

  0x000001cf1037f108: ;   {static_stub}
  0x000001cf1037f108: ff48 bb00 | 0000 0000 

  0x000001cf1037f110: ;   {runtime_call}
  0x000001cf1037f110: 0000 00e9 | fbff ffff 

  0x000001cf1037f118: ;   {static_stub}
  0x000001cf1037f118: 48bb 0000 | 0000 0000 

  0x000001cf1037f120: ;   {runtime_call}
  0x000001cf1037f120: 0000 e9fb 

  0x000001cf1037f124: ;   {static_stub}
  0x000001cf1037f124: ffff ff48 | bbb8 b743 | 7bcf 0100 

  0x000001cf1037f130: ;   {runtime_call I2C/C2I adapters}
  0x000001cf1037f130: 00e9 2775 

  0x000001cf1037f134: ;   {static_stub}
  0x000001cf1037f134: a0ff 48bb | 0000 0000 | 0000 0000 

  0x000001cf1037f140: ;   {runtime_call}
  0x000001cf1037f140: e9fb ffff 

  0x000001cf1037f144: ;   {static_stub}
  0x000001cf1037f144: ff48 bb00 | 0000 0000 

  0x000001cf1037f14c: ;   {runtime_call}
  0x000001cf1037f14c: 0000 00e9 | fbff ffff 

  0x000001cf1037f154: ;   {static_stub}
  0x000001cf1037f154: 48bb 0000 | 0000 0000 

  0x000001cf1037f15c: ;   {runtime_call}
  0x000001cf1037f15c: 0000 e9fb 

  0x000001cf1037f160: ;   {static_stub}
  0x000001cf1037f160: ffff ff48 | bb00 0000 | 0000 0000 

  0x000001cf1037f16c: ;   {runtime_call}
  0x000001cf1037f16c: 00e9 fbff 

  0x000001cf1037f170: ;   {static_stub}
  0x000001cf1037f170: ffff 48bb | 0000 0000 | 0000 0000 

  0x000001cf1037f17c: ;   {runtime_call}
  0x000001cf1037f17c: e9fb ffff 

  0x000001cf1037f180: ;   {runtime_call ExceptionBlob}
  0x000001cf1037f180: ffe9 fa39 | aaff e800 | 0000 0048 | 832c 2405 

  0x000001cf1037f190: ;   {runtime_call DeoptimizationBlob}
  0x000001cf1037f190: e90b 7ba0 | fff4 f4f4 
[/MachCode]


Compiled method (c2) 150993 8723       4       java.net.URLClassLoader$1::run (5 bytes)
 total in heap  [0x000001cf10814990,0x000001cf10822ef0] = 58720
 relocation     [0x000001cf10814af0,0x000001cf10815220] = 1840
 main code      [0x000001cf10815220,0x000001cf1081cf20] = 32000
 stub code      [0x000001cf1081cf20,0x000001cf1081d3a0] = 1152
 oops           [0x000001cf1081d3a0,0x000001cf1081d408] = 104
 metadata       [0x000001cf1081d408,0x000001cf1081d738] = 816
 scopes data    [0x000001cf1081d738,0x000001cf10821260] = 15144
 scopes pcs     [0x000001cf10821260,0x000001cf10822420] = 4544
 dependencies   [0x000001cf10822420,0x000001cf108224c8] = 168
 handler table  [0x000001cf108224c8,0x000001cf10822df8] = 2352
 nul chk table  [0x000001cf10822df8,0x000001cf10822ef0] = 248

[Constant Pool (empty)]

[MachCode]
[Entry Point]
  # {method} {0x000001cfbc09a798} 'run' '()Ljava/lang/Object;' in 'java/net/URLClassLoader$1'
  #           [sp+0x110]  (sp of caller)
  0x000001cf10815220: 448b 5208 | 49bb 0000 | 007b cf01 | 0000 4d03 | d349 3bc2 

  0x000001cf10815234: ;   {runtime_call ic_miss_stub}
  0x000001cf10815234: 0f85 46be | 56ff 6690 | 0f1f 4000 
[Verified Entry Point]
  0x000001cf10815240: 8984 2400 | 90ff ff55 | 4881 ec00 | 0100 0048 | 8954 2458 | 8b4a 0c66 | 0f1f 8400 | 0000 0000 
  0x000001cf10815260: ; implicit exception: dispatches to 0x000001cf1081c40c
  0x000001cf10815260: 450f be5c | cc10 4585 | db0f 8549 | 4f00 0045 | 8b44 cc14 

  0x000001cf10815274: ; implicit exception: dispatches to 0x000001cf1081c420
  0x000001cf10815274: 438b 7cc4 | 0c4d 8d2c | cc66 6690 | 85ff 0f86 | fc03 0000 | 8bd7 ffca | 3bd7 0f83 | 8c4e 0000 
  0x000001cf10815294: 8bf7 83c6 | fd4b 8d04 | c466 6690 | 4380 7cc4 | 102e 0f84 | 223a 0000 | 83fe 010f | 8e8b 4e00 
  0x000001cf108152b4: 0041 ba01 | 0000 00bb | 0100 0000 | 448b cf45 | 2bca 4183 | c1fd 4533 | db41 3bf2 | 450f 4ccb 
  0x000001cf108152d4: 4181 f9a0 | 0f00 00bd | a00f 0000 | 440f 47cd | 4503 ca4c | 8bf0 660f | 1f44 0000 | 4d63 da43 
  0x000001cf108152f4: 0fbe 441e | 1083 f82e | 0f1f 4000 | 0f84 6300 | 0000 430f | be6c 1e11 | 83fd 2e0f | 8459 0000 
  0x000001cf10815314: 0043 0fbe | 441e 120f | 1f44 0000 | 83f8 2e0f | 843c 0000 | 0043 0fbe | 441e 1341 | 8bea 83c5 
  0x000001cf10815334: 0383 f82e | 0f84 3500 | 0000 4183 | c204 453b | d17c a94d | 8b9f 5003 

  0x000001cf1081534c: ; ImmutableOopMap {r8=NarrowOop rcx=NarrowOop r13=Oop r14=Oop [88]=Oop }
                      ;*if_icmpne {reexecute=1 rethrow=0 return_oop=0}
                      ; - (reexecute) java.lang.StringLatin1::replace@28 (line 307)
                      ; - java.lang.String::replace@18 (line 2808)
                      ; - java.net.URLClassLoader$1::run@8 (line 423)
                      ; - java.net.URLClassLoader$1::run@1 (line 421)
                      ;   {poll}
  0x000001cf1081534c: 0000 4185 | 0344 3bd6 | 0f8d e241 | 0000 498b | c666 6690 | e95b ffff | ff41 83c2 | 0241 8bea 
  0x000001cf1081536c: eb05 418b | eaff c549 | 8bc6 3bef | 0f8d 0b03 | 0000 6690 | 81ff 0000 | 1000 0f87 | ca46 0000 
  0x000001cf1081538c: 4d8b 8f08 | 0100 004c | 63d7 4983 | c217 4983 | e2f8 4d8b | d94d 03da | 4d3b 9f18 | 0100 000f 
  0x000001cf108153ac: 83a5 4600 | 004d 899f | 0801 0000 | 410f 0d8b | c000 0000 | 49c7 0101 | 0000 0041 | 0f0d 8b00 
  0x000001cf108153cc: ;   {metadata({type array byte})}
  0x000001cf108153cc: 0100 0041 | c741 0828 | 6700 0041 | 8979 0c41 | 0f0d 8b40 | 0100 0041 | 0f0d 8b80 | 0100 0085 
  0x000001cf108153ec: ed0f 8ef5 | 0000 0044 | 8bd5 41ff | ca44 3bd7 | 0f1f 4000 | 0f83 224e | 0000 85ff | 0f86 1a4e 
  0x000001cf1081540c: 0000 470f | be5c c410 | 4588 5910 | 0f1f 8400 | 0000 0000 | 4183 fa01 | 0f8e 1e4e | 0000 41bb 
  0x000001cf1081542c: 0100 0000 | 458b f0c5 | f96e c6c4 | e1f9 6ec8 | c4c1 f96e | d18b c541 | 2bc3 ffc8 | 4533 c045 
  0x000001cf1081544c: 3bd3 410f | 4cc0 81f8 | d007 0000 | 41b9 d007 | 0000 410f | 47c1 4103 | c366 6666 | 0f1f 8400 
  0x000001cf1081546c: 0000 0000 | 4963 f3c4 | c1f9 7ec8 | 450f be4c | 3010 c4c1 | f97e d045 | 884c 3010 | c4c1 f97e 
  0x000001cf1081548c: c845 0fbe | 4430 11c4 | c1f9 7ed1 | 4588 4431 | 1141 83c3 | 0244 3bd8 | 7cca 4d8b | 8750 0300 
  0x000001cf108154ac: ; ImmutableOopMap {r9=Oop rcx=NarrowOop r13=Oop r14=NarrowOop xmm1=Oop xmm2=Oop [88]=Oop }
                      ;*goto {reexecute=1 rethrow=0 return_oop=0}
                      ; - (reexecute) java.lang.StringLatin1::replace@76 (line 314)
                      ; - java.lang.String::replace@18 (line 2808)
                      ; - java.net.URLClassLoader$1::run@8 (line 423)
                      ; - java.net.URLClassLoader$1::run@1 (line 421)
                      ;   {poll}
  0x000001cf108154ac: 0041 8500 | 453b da7c | 8c45 8bc6 | c5f9 7ec6 | c4e1 f97e | c844 3bdd | 7d22 4d8b | d14d 63f3 
  0x000001cf108154cc: 460f be4c | 3010 4788 | 4c32 1041 | ffc3 660f | 1f44 0000 | 443b dd7c | e44d 8bca | 3bef 0f8d 
  0x000001cf108154ec: 4601 0000 | 3bef 0f83 | a04c 0000 | 3bd7 660f | 1f44 0000 | 0f83 924c | 0000 448b | c541 ffc0 
  0x000001cf1081550c: 4c63 d546 | 0fbe 5c10 | 1041 83fb | 2e0f 841e | 1d00 0047 | 885c 1110 | ffc5 413b | e87c e13b 
  0x000001cf1081552c: ee0f 8de1 | 0000 00e9 | 9000 0000 | 41ba 2f00 | 0000 6690 | 4588 5409 | 1044 0fbe | 5408 1141 
  0x000001cf1081554c: 83fa 2e0f | 845d 0000 | 0045 8854 | 0911 440f | be5c 0812 | 4183 fb2e | 0f84 4000 | 0000 4588 
  0x000001cf1081556c: 5c09 1244 | 0fbe 5408 | 1341 83fa | 2e74 2745 | 8854 0913 | 83c5 0441 | 3be8 0f8d | 2e00 0000 
  0x000001cf1081558c: 4863 cd44 | 0fbe 5408 | 1041 83fa | 2e75 a50f | 1f44 0000 | eb96 41ba | 2f00 0000 | ebd1 41bb 
  0x000001cf108155ac: 2f00 0000 | ebb8 41ba | 2f00 0000 | eb9b 4d8b | 9f50 0300 

  0x000001cf108155c0: ; ImmutableOopMap {r9=Oop rax=Oop r13=Oop [88]=Oop }
                      ;*goto {reexecute=1 rethrow=0 return_oop=0}
                      ; - (reexecute) java.lang.StringLatin1::replace@113 (line 321)
                      ; - java.lang.String::replace@18 (line 2808)
                      ; - java.net.URLClassLoader$1::run@8 (line 423)
                      ; - java.net.URLClassLoader$1::run@1 (line 421)
                      ;   {poll}
  0x000001cf108155c0: 0041 8503 | 3bee 7d4c | 448b c744 | 2bc5 4183 | c0fd 4533 | d23b f545 | 0f4c c241 | 81f8 a00f 
  0x000001cf108155e0: 0000 41bb | a00f 0000 | 450f 47c3 | 4403 c5eb | 9bc6 440f | 102e c644 | 0f11 63c6 | 440f 126c 
  0x000001cf10815600: c644 0f13 | 61c6 440f | 1473 c644 | 0f15 73e9 | 9001 0000 | 3bef 7d1e | 4c63 d546 | 0fbe 4410 
  0x000001cf10815620: 1041 83f8 | 2e0f 841a | 3100 0047 | 8844 1110 | ffc5 3bef | 7ce2 4d8b | 8708 0100 | 004d 8bd0 
  0x000001cf10815640: 4983 c218 | 4d3b 9718 | 0100 000f | 8375 4400 | 004d 8997 | 0801 0000 | 410f 0d8a | c000 0000 
  0x000001cf10815660: 49c7 0001 

  0x000001cf10815664: ;   {metadata('java/lang/String')}
  0x000001cf10815664: 0000 0041 | c740 08e0 | e900 0045 | 8960 0c4d | 8960 104d | 8bd9 49c1 | eb03 4589 | 5814 eb0f 
  0x000001cf10815684: bb01 0000 | 004d 8bc8 | 49c1 e103 | 4d8b c541 | 8b71 0c85 | f60f 8641 | 3000 0045 | 0fbe 7010 
  0x000001cf108156a4: 448b de41 | 8bce 41d3 | fb49 63c3 | 4183 fe01 | 0f84 124c | 0000 660f | 1f44 0000 | 4585 db0f 
  0x000001cf108156c4: 8c0f 4b00 | 0048 8be8 | 4883 c506 | 448b d545 | 85d2 0f8c | 184b 0000 | 488b cd48 | c1f9 208b 
  0x000001cf108156e4: c941 d3e2 | 4585 d20f | 8cf7 4b00 | 0041 81fa | 0000 1000 | 0f87 524a | 0000 4963 | ca41 81fa 
  0x000001cf10815704: 0000 1000 | 0f87 9f42 | 0000 498b | bf08 0100 | 0048 83c1 | 1748 83e1 | f848 8bd7 | 4803 d149 
  0x000001cf10815724: 3b97 1801 | 0000 0f83 | 7d42 0000 | 4989 9708 | 0100 000f | 0d8a c000 | 0000 48c7 | 0701 0000 
  0x000001cf10815744: 000f 0d8a | 0001 0000 

  0x000001cf1081574c: ;   {metadata({type array byte})}
  0x000001cf1081574c: c747 0828 | 6700 0044 | 8957 0c0f | 0d8a 4001 | 0000 0f0d | 8a80 0100 | 0041 8bd3 | 83c2 0644 
  0x000001cf1081576c: 3bd2 0f82 | e449 0000 | 4963 cb45 | 85db 660f | 1f44 0000 | 0f8e 6bfe | ffff c644 | 0f15 73c6 
  0x000001cf1081578c: 440f 1473 | c644 0f13 | 61c6 440f | 126c c644 | 0f11 63c6 | 440f 102e | 4585 f60f | 855f 4a00 
  0x000001cf108157ac: 0044 3bd6 | 0f82 c649 | 0000 85f6 | 7621 4983 | c110 488b | d748 83c2 | 104c 63c6 | 498b c9c5 
  0x000001cf108157cc: f877 49ba | 607f d60f | cf01 0000 | 41ff d24d | 8b87 0801 | 0000 4d8b | d049 83c2 | 184d 3b97 
  0x000001cf108157ec: 1801 0000 | 0f83 2342 | 0000 4d89 | 9708 0100 | 0041 0f0d | 8ac0 0000 | 0049 c700 | 0100 0000 
  0x000001cf1081580c: ;   {metadata('java/lang/String')}
  0x000001cf1081580c: 41c7 4008 | e0e9 0000 | 4589 600c | 4589 6010 | 4c8b d749 | c1ea 0345 | 8950 144c | 8b54 2458 
  0x000001cf1081582c: 458b 5210 

  0x000001cf10815830: ; implicit exception: dispatches to 0x000001cf1081c434
  0x000001cf10815830: 478b 5cd4 | 5445 85db | 0f84 cf48 | 0000 895c | 2428 4b8d | 14dc 4533 | c966 6690 

  0x000001cf1081584c: ;   {optimized virtual_call}
  0x000001cf1081584c: c5f8 77e8 

  0x000001cf10815850: ; ImmutableOopMap {[88]=Oop }
                      ;*invokevirtual getResource {reexecute=0 rethrow=0 return_oop=1}
                      ; - java.net.URLClassLoader$1::run@26 (line 424)
                      ; - java.net.URLClassLoader$1::run@1 (line 421)
  0x000001cf10815850: ec41 ccff | 488b d848 | 85c0 660f | 1f44 0000 | 0f84 e310 | 0000 488b | 7c24 5844 | 8b6f 1044 
  0x000001cf10815870: 8b77 0c45 | 85ed 0f84 | d749 0000 | 0f1f 4000 | c5f8 7749 | ba50 ff98 | 70f9 7f00 | 0041 ffd2 
  0x000001cf10815890: 4889 4424 | 3843 8b74 | f414 660f | 1f44 0000 

  0x000001cf108158a0: ; implicit exception: dispatches to 0x000001cf1081c464
  0x000001cf108158a0: 418b 6cf4 | 0c43 0fbe | 4cf4 1044 | 8bdd 41d3 | fb41 ffcb | 85c9 0f85 | 204e 0000 | 448b d541 
  0x000001cf108158c0: ffca 453b | da45 0f4c | d34f 8d04 | f44f 8d0c | ec45 85d2 | 7c2f 4d8d | 1cf4 660f | 1f44 0000 
  0x000001cf108158e0: 443b d50f | 8324 4600 | 0043 807c | 1310 2e74 | 1a49 8b8f | 5003 0000 

  0x000001cf108158f8: ; ImmutableOopMap {r11=Oop r8=Oop r9=Oop rbx=Oop rdi=Oop rsi=NarrowOop r13=NarrowOop r14=NarrowOop }
                      ;*goto {reexecute=1 rethrow=0 return_oop=0}
                      ; - (reexecute) java.lang.StringLatin1::lastIndexOf@35 (line 294)
                      ; - java.lang.String::lastIndexOf@13 (line 2489)
                      ; - java.lang.String::lastIndexOf@8 (line 2451)
                      ; - java.net.URLClassLoader::defineClass@7 (line 486)
                      ; - java.net.URLClassLoader$1::run@43 (line 427)
                      ; - java.net.URLClassLoader$1::run@1 (line 421)
                      ;   {poll}
  0x000001cf108158f8: 41ff ca85 | 0166 6690 | 4585 d27d | db41 baff | ffff ff44 

  0x000001cf1081590c: ;   {metadata('jdk/internal/loader/URLClassPath$JarLoader$2')}
  0x000001cf1081590c: 8b5b 0841 | 81fb 6052 | 1900 0f85 | 5839 0000 | 488b eb8b | 7520 418b | 74f4 1c48 | 8bce 48c1 
  0x000001cf1081592c: e103 4889 | 8c24 9000 | 0000 4183 | faff 660f | 1f44 0000 | 0f84 9f39 | 0000 438b | 74f4 1441 
  0x000001cf1081594c: 8b6c f40c | 896c 245c | 430f be4c | f410 d3fd | 0f1f 4000 | 4585 d20f | 8ca3 4d00 | 0044 3bd5 
  0x000001cf1081596c: 0f8f 064e | 0000 443b | d50f 84bb | 3200 0085 | c966 6690 | 0f85 524e | 0000 4585 | d20f 840f 
  0x000001cf1081598c: 4000 0049 | 8b87 0801 | 0000 488b | c848 83c1 | 1866 6690 | 493b 8f18 | 0100 000f | 8378 4100 
  0x000001cf108159ac: 0049 898f | 0801 0000 | 0f0d 89c0 | 0000 0048 | c700 0100 

  0x000001cf108159c0: ;   {metadata('java/lang/String')}
  0x000001cf108159c0: 0000 c740 | 08e0 e900 | 0044 8960 | 0c4c 8960 | 1041 81fa | 0000 1000 | 0f87 da49 | 0000 4963 
  0x000001cf108159e0: d28b 6c24 | 5c41 3bea | 418b ea0f | 4c6c 245c | 8b4c 245c | 3bcd 0f82 | 384a 0000 | 0f1f 4000 
  0x000001cf10815a00: 443b d50f | 822b 4a00 | 0048 83c2 | 1748 8bca | 4883 e1f8 | 0f1f 8400 | 0000 0000 | 6666 6690 
  0x000001cf10815a20: 4181 fa00 | 0010 000f | 8766 4100 | 0048 894c | 2470 4889 | 5424 6848 | 8944 2460 | 8974 245c 
  0x000001cf10815a40: 4489 5c24 | 584c 894c | 2450 4c89 | 4424 3044 | 8954 242c | 4489 7424 | 2444 896c | 2420 4889 
  0x000001cf10815a60: 5c24 4848 | 897c 2440 | 498b 9f08 | 0100 004c | 8bd3 4c03 | d166 6666 | 0f1f 8400 | 0000 0000 
  0x000001cf10815a80: 4d3b 9718 | 0100 000f | 8341 4100 | 004d 8997 | 0801 0000 | 410f 0d8a | c000 0000 | 48c7 0301 
  0x000001cf10815aa0: 0000 0041 | 0f0d 8a00 

  0x000001cf10815aa8: ;   {metadata({type array byte})}
  0x000001cf10815aa8: 0100 00c7 | 4308 2867 | 0000 448b | 5c24 2c44 | 895b 0c41 | 0f0d 8a40 | 0100 0041 | 0f0d 8a80 
  0x000001cf10815ac8: 0100 004c | 8bd3 4983 | c210 498b | d24c 8b4c | 2468 49c1 | e903 488b | f348 c1ee | 0385 ed0f 
  0x000001cf10815ae8: 84d8 4800 | 0044 8b54 | 245c 49c1 | e203 448b | 5c24 5c4f | 8d54 dc10 | 3b6c 242c | 0f8c 4e3d 
  0x000001cf10815b08: 0000 4c8b | 4424 7049 | 83c0 f049 | c1e8 0349 | 8bca 660f | 1f44 0000 | c5f8 7749 | ba60 86d6 
  0x000001cf10815b28: 0fcf 0100 | 0041 ffd2 | 4180 7f38 | 0075 0048 | 8b6c 2460 | 8975 144c | 8bd3 4c8b | dd4d 33d3 
  0x000001cf10815b48: 49c1 ea16 | 4d85 d274 | 1a49 c1eb | 0948 b900 | 0015 6bcf | 0100 0049 | 03cb 8039 | 040f 858a 
  0x000001cf10815b68: 3d00 0044 | 8865 1048 | 8b7c 2440 | 488b 5c24 | 4844 8b6c | 2420 448b | 7424 244c | 8b44 2430 
  0x000001cf10815b88: 4c8b 4c24 | 5044 8b5c | 2458 4889 | 6c24 7866 | 0f1f 8400 | 0000 0000 

  0x000001cf10815ba0: ;   {metadata('jdk/internal/loader/URLClassPath$JarLoader$2')}
  0x000001cf10815ba0: 4181 fb60 | 5219 000f | 859a 3d00 | 0048 8bcb 

  0x000001cf10815bb0: ;   {oop(a 'java/lang/Class'{0x00000006004001e8} = 'jdk/internal/access/SharedSecrets')}
  0x000001cf10815bb0: 49ba e801 | 4000 0600 | 0000 418b | b2c8 0000 | 0085 f60f | 84db 4b00 | 008b 6920 

  0x000001cf10815bcc: ; implicit exception: dispatches to 0x000001cf1081c4e4
  0x000001cf10815bcc: 418b 6cec | 1845 8b54 | f408 6666 | 0f1f 8400 | 0000 0000 

  0x000001cf10815be0: ;   {metadata('java/util/jar/JavaUtilJarAccessImpl')}
  0x000001cf10815be0: 4181 fad8 | 0d19 000f | 8513 4700 | 0085 ed0f | 84a7 4600 | 0048 894c | 2458 4489 | 5c24 2c4c 
  0x000001cf10815c00: 894c 2430 | 4c89 4424 | 2044 8974 | 2454 4489 | 6c24 5048 | 895c 2448 | 4889 7c24 | 404d 8d14 
  0x000001cf10815c20: ec4c 8954 | 2468 896c | 2460 488b | 6c24 6848 | 8d9c 24f0 | 0000 0048 | 8b45 0048 | f7c0 0200 
  0x000001cf10815c40: 0000 7525 | 4883 c801 | 4889 03f0 | 480f b15d | 000f 843e | 0000 0048 | 2bc4 4881 | e007 f0ff 
  0x000001cf10815c60: ff48 8903 | e92c 0000 | 004c 8bd8 | 4833 c0f0 | 4d0f b17b | 3e48 c703 | 0300 0000 | 0f84 1300 
  0x000001cf10815c80: 0000 4c3b | f80f 850a | 0000 0049 | ff83 8600 | 0000 4833 | c00f 8599 | 4600 0048 | 8b54 2468 
  0x000001cf10815ca0: 488b ea90 

  0x000001cf10815ca4: ;   {optimized virtual_call}
  0x000001cf10815ca4: c5f8 77e8 

  0x000001cf10815ca8: ; ImmutableOopMap {rbp=Oop [32]=Oop [48]=Oop [64]=Oop [72]=Oop [80]=NarrowOop [84]=NarrowOop [88]=Oop [96]=NarrowOop [104]=Oop [120]=Oop [144]=Oop }
                      ;*invokevirtual maybeInstantiateVerifier {reexecute=0 rethrow=0 return_oop=0}
                      ; - java.util.jar.JarFile::ensureInitialization@1 (line 1031)
                      ; - java.util.jar.JavaUtilJarAccessImpl::ensureInitialization@1 (line 72)
                      ; - jdk.internal.loader.URLClassPath$JarLoader$2::getManifest@10 (line 885)
                      ; - java.net.URLClassLoader::defineClass@34 (line 491)
                      ; - java.net.URLClassLoader$1::run@43 (line 427)
                      ; - java.net.URLClassLoader$1::run@1 (line 421)
  0x000001cf10815ca8: 9462 c3ff | 448b 5424 | 6047 3b64 | d430 0f85 | 3733 0000 | 4c8b 5c24 | 6848 8d84 | 24f0 0000 
  0x000001cf10815cc8: 0048 8138 | 0000 0000 | 0f84 8300 | 0000 4d8b | 1349 f7c2 | 0200 0000 | 746f 4981 | ba86 0000 
  0x000001cf10815ce8: 0000 0000 | 0074 0949 | ff8a 8600 | 0000 eb51 | 498b 8296 | 0000 0049 | 0b82 8e00 | 0000 750a 
  0x000001cf10815d08: 49c7 423e | 0000 0000 | eb47 4981 | ba9e 0000 | 0000 0000 | 0074 2548 | 33c0 49c7 | 423e 0000 
  0x000001cf10815d28: 0000 f083 | 0424 0049 | 81ba 9e00 | 0000 0000 | 0000 750d | f04d 0fb1 | 7a3e 7505 | 83c8 01eb 
  0x000001cf10815d48: 10f7 c000 | 0000 00eb | 084c 8b10 | f04d 0fb1 | 130f 85f2 | 4500 004c | 8b44 2458 | 458b 5020 
  0x000001cf10815d68: ; implicit exception: dispatches to 0x000001cf1081c514
  0x000001cf10815d68: 438b 6cd4 | 1845 8b5c | ec08 6666 | 0f1f 8400 | 0000 0000 | 6666 6690 

  0x000001cf10815d80: ;   {metadata('java/util/jar/JarFile')}
  0x000001cf10815d80: 4181 fb88 | 8018 000f | 85ea 4500 | 0049 8d14 | ec49 8be8 

  0x000001cf10815d94: ;   {optimized virtual_call}
  0x000001cf10815d94: c5f8 77e8 

  0x000001cf10815d98: ; ImmutableOopMap {rbp=Oop [32]=Oop [48]=Oop [64]=Oop [72]=Oop [80]=NarrowOop [84]=NarrowOop [120]=Oop [144]=Oop }
                      ;*invokevirtual getManifest {reexecute=0 rethrow=0 return_oop=1}
                      ; - jdk.internal.loader.URLClassPath$JarLoader$2::getManifest@22 (line 886)
                      ; - java.net.URLClassLoader::defineClass@34 (line 491)
                      ; - java.net.URLClassLoader$1::run@43 (line 427)
                      ; - java.net.URLClassLoader$1::run@1 (line 421)
  0x000001cf10815d98: 441e a1f0 | 488b 7c24 | 4048 8b5c | 2448 448b | 6c24 5044 | 8b74 2454 | 4c8b 4424 | 204c 8b4c 
  0x000001cf10815db8: 2430 448b | 5c24 2c4c | 8bd0 438b | 74ec 3885 | f60f 849d | 4400 0048 | 8b54 2478 | 8b42 0c85 
  0x000001cf10815dd8: c00f 8497 | 1f00 0048 | 897c 2440 | 4889 5c24 | 4844 89ac | 249c 0000 | 0044 89b4 | 24a0 0000 
  0x000001cf10815df8: 004c 8944 | 2430 4c89 | 4c24 5044 | 895c 242c | 48ff 7424 | 7848 8f84 | 24c0 0000 | 004c 8954 
  0x000001cf10815e18: 2460 458b | 44f4 2890 | 4585 c00f | 8404 1500 | 0043 8b6c | c40c 448b | c841 c1e9 | 1044 33c8 
  0x000001cf10815e38: 4181 e1ff | ffff 7f90 | 85ed 0f86 | f048 0000 | 4f8d 14c4 | ffcd 4123 | e94c 63dd | 478b 6c9a 
  0x000001cf10815e58: 1045 85ed | 0f1f 4000 | 0f84 c714 | 0000 478b | 5cec 0c45 | 3bd9 0f85 | 9101 0000 | 478b 54ec 
  0x000001cf10815e78: 104d 8bda | 49c1 e303 | 4c8b 8424 | c000 0000 | 4d3b d80f | 844b 0100 | 0045 85d2 | 0f84 7e56 
  0x000001cf10815e98: 0000 4f8d | 1cd4 6690 | 4d3b c30f | 8433 0100 | 0047 8b54 

  0x000001cf10815eac: ;   {metadata('java/lang/String')}
  0x000001cf10815eac: d408 4181 | fae0 e900 | 000f 8553 | 0100 004d | 8bd3 4d8b | c24c 8b94 | 24c0 0000 | 0045 0fbe 
  0x000001cf10815ecc: 5210 418b | da4d 8bd0 | 410f be6a | 103b dd0f | 1f44 0000 | 0f85 ca56 | 0000 458b | 5a14 4c8b 
  0x000001cf10815eec: 9424 c000 | 0000 458b | 5214 438b | 5cdc 0c43 | 8b4c d40c | 3bcb 0f85 | 0601 0000 | 4f8d 04dc 
  0x000001cf10815f0c: 4b8d 74dc | 104f 8d1c | d44b 8d7c | d410 85c9 | 0f84 a500 | 0000 8bc1 | 83e0 1f83 | e1e0 0f84 
  0x000001cf10815f2c: 4b00 0000 | 488d 3c0f | 488d 340e | 48f7 d9c5 | fe6f 0c0f | c5fe 6f04 | 0ec5 f5ef | c8c4 e27d 
  0x000001cf10815f4c: 17c9 0f85 | 7a00 0000 | 4883 c120 | 75e1 85c0 | 0f84 6500 | 0000 c5fe | 6f4c 07e0 | c5fe 6f44 
  0x000001cf10815f6c: 06e0 c5f5 | efc8 c4e2 | 7d17 c975 | 55eb 4c8b | c883 e1fc | 7419 488d | 3c0f 488d | 340e 48f7 
  0x000001cf10815f8c: d98b 1c0f | 3b1c 0e75 | 3948 83c1 | 0475 f2f7 | c002 0000 | 0074 120f | b71f 0fb7 | 0e3b d975 
  0x000001cf10815fac: 2148 8d7f | 0248 8d76 | 02f7 c001 | 0000 0074 | 0a0f b61f | 0fb6 0e3b | d975 07b8 | 0100 0000 
  0x000001cf10815fcc: eb02 33c0 | c5f5 efc9 | c5fd efc0 | 85c0 7432 | 478b 44ec | 1445 85c0 | 0f84 4313 | 0000 4c8b 
  0x000001cf10815fec: 9424 c000 | 0000 418b | 420c 410f | b67a 110f | 1f44 0000 | e905 0200 | 0045 85db | 0f8c ff12 
  0x000001cf1081600c: 0000 478b | 5cec 1845 | 85db 0f84 | 1113 0000 | 4f8d 2cdc | 458b 550c | 4d8b 9f50 

  0x000001cf10816028: ; ImmutableOopMap {r13=Oop [48]=Oop [64]=Oop [72]=Oop [80]=Oop [96]=Oop [144]=Oop [156]=NarrowOop [160]=NarrowOop [192]=Oop }
                      ;*if_icmpne {reexecute=1 rethrow=0 return_oop=0}
                      ; - (reexecute) java.util.concurrent.ConcurrentHashMap::get@127 (line 946)
                      ; - java.lang.ClassLoader::getDefinedPackage@13 (line 2239)
                      ; - java.net.URLClassLoader::getAndVerifyPackage@2 (line 457)
                      ; - java.net.URLClassLoader::defineClass@46 (line 492)
                      ; - java.net.URLClassLoader$1::run@43 (line 427)
                      ; - java.net.URLClassLoader$1::run@1 (line 421)
                      ;   {poll}
  0x000001cf10816028: 0300 0041 | 8503 453b | d10f 850e | 2c00 0045 | 8b55 104d | 8bda 49c1 | e303 4c8b | 8424 c000 
  0x000001cf10816048: 0000 4d3b | d80f 8499 | 0100 0045 | 85d2 0f84 | 405a 0000 | 4f8d 1cd4 | 4d3b c30f | 8483 0100 
  0x000001cf10816068: 0047 8b54 

  0x000001cf1081606c: ;   {metadata('java/lang/String')}
  0x000001cf1081606c: d408 4181 | fae0 e900 | 000f 8524 | 0100 004d | 8bd3 4d8b | c24c 8b94 | 24c0 0000 | 0045 0fbe 
  0x000001cf1081608c: 5a10 418b | db4d 8bd0 | 410f be6a | 1044 3bdd | 0f1f 4000 | 0f85 765a | 0000 4d8b | d045 8b5a 
  0x000001cf108160ac: 144c 8b94 | 24c0 0000 | 0045 8b52 | 1443 8b5c | dc0c 438b | 4cd4 0c3b | cb0f 85d4 | 0000 004f 
  0x000001cf108160cc: 8d04 dc4b | 8d74 dc10 | 4f8d 1cd4 | 4b8d 7cd4 | 1085 c90f | 84a5 0000 | 008b c183 | e01f 83e1 
  0x000001cf108160ec: e00f 844b | 0000 0048 | 8d3c 0f48 | 8d34 0e48 | f7d9 c5fe | 6f0c 0fc5 | fe6f 040e | c5f5 efc8 
  0x000001cf1081610c: c4e2 7d17 | c90f 857a | 0000 0048 | 83c1 2075 | e185 c00f | 8465 0000 | 00c5 fe6f | 4c07 e0c5 
  0x000001cf1081612c: fe6f 4406 | e0c5 f5ef | c8c4 e27d | 17c9 7555 | eb4c 8bc8 | 83e1 fc74 | 1948 8d3c | 0f48 8d34 
  0x000001cf1081614c: 0e48 f7d9 | 8b1c 0f3b | 1c0e 7539 | 4883 c104 | 75f2 f7c0 | 0200 0000 | 7412 0fb7 | 1f0f b70e 
  0x000001cf1081616c: 3bd9 7521 | 488d 7f02 | 488d 7602 | f7c0 0100 | 0000 740a | 0fb6 1f0f | b60e 3bd9 | 7507 b801 
  0x000001cf1081618c: 0000 00eb | 0233 c0c5 | f5ef c9c5 | fdef c085 | c075 4dba | 45ff ffff | 488b 6c24 | 404c 8b54 
  0x000001cf108161ac: 2448 4c89 | 5424 284c | 8b54 2438 | 4c89 5424 | 304c 8b54 | 2460 4c89 | 5424 584c | 8b94 2490 
  0x000001cf108161cc: 0000 004c | 8954 2460 | 4c89 ac24 | 8800 0000 | 4489 8c24 | 9000 0000 

  0x000001cf108161e4: ;   {runtime_call UncommonTrapBlob}
  0x000001cf108161e4: c5f8 77e8 

  0x000001cf108161e8: ; ImmutableOopMap {rbp=Oop [40]=Oop [88]=Oop [96]=Oop [136]=Oop [156]=NarrowOop [160]=NarrowOop [192]=Oop }
                      ;*ifeq {reexecute=1 rethrow=0 return_oop=0}
                      ; - (reexecute) java.util.concurrent.ConcurrentHashMap::get@152 (line 947)
                      ; - java.lang.ClassLoader::getDefinedPackage@13 (line 2239)
                      ; - java.net.URLClassLoader::getAndVerifyPackage@2 (line 457)
                      ; - java.net.URLClassLoader::defineClass@46 (line 492)
                      ; - java.net.URLClassLoader$1::run@43 (line 427)
                      ; - java.net.URLClassLoader$1::run@1 (line 421)
  0x000001cf108161e8: 1407 57ff | 458b 4514 | 4585 c00f | 8434 1100 | 004c 8b94 | 24c0 0000 | 0041 0fb6 | 7a11 418b 
  0x000001cf10816208: 420c 478b 

  0x000001cf1081620c: ;   {metadata('java/lang/Package')}
  0x000001cf1081620c: 5cc4 0841 | 81fb 48ee | 0100 0f85 | f85f 0000 | 4c8b 9424 | c000 0000 | 458b 4a14 

  0x000001cf10816228: ; implicit exception: dispatches to 0x000001cf1081c578
  0x000001cf10816228: 438b 5ccc | 0c4f 8d14 | c445 8b5a | 1044 895c | 2478 85db | 0f1f 4000 | 0f86 9242 | 0000 448b 
  0x000001cf10816248: 9424 9c00 | 0000 438b | 6cd4 3885 | ed0f 8411 | 4200 0085 | c066 6690 | 0f84 0b25 | 0000 458b 
  0x000001cf10816268: 54ec 2845 | 85d2 0f84 | 3904 0000 | 438b 6cd4 | 0c44 8bc8 | 41c1 e910 | 4433 c841 | 81e1 ffff 
  0x000001cf10816288: ff7f 85ed | 0f86 7e48 | 0000 49c1 | e203 ffcd | 4123 e94c | 63dd 478b | 6c9a 1045 | 85ed 0f84 
  0x000001cf108162a8: 0104 0000 | 478b 54ec | 0c45 3bd1 | 0f85 7601 | 0000 478b | 44ec 104d | 8bd0 49c1 | e203 4c8b 
  0x000001cf108162c8: 9c24 c000 | 0000 4d3b | d30f 8447 | 0100 0045 | 85c0 660f | 1f44 0000 | 0f84 1a54 | 0000 4f8d 
  0x000001cf108162e8: 14c4 4d3b | da0f 842b | 0100 0047 | 8b44 c408 | 0f1f 8400 | 0000 0000 

  0x000001cf10816300: ;   {metadata('java/lang/String')}
  0x000001cf10816300: 4181 f8e0 | e900 000f | 852c 0100 | 004d 8bc2 | 450f be53 | 1041 8bca | 4d8b d041 | 0fbe 6a10 
  0x000001cf10816320: 448b d144 | 3bd5 0f85 | 6056 0000 | 4d8b d045 | 8b52 1445 | 8b43 1447 | 8b5c d40c | 438b 4cc4 
  0x000001cf10816340: 0c41 3bcb | 0f85 ef00 | 0000 4f8d | 1cd4 4b8d | 74d4 104f | 8d14 c44b | 8d7c c410 | 85c9 0f84 
  0x000001cf10816360: a500 0000 | 8bc1 83e0 | 1f83 e1e0 | 0f84 4b00 | 0000 488d | 3c0f 488d | 340e 48f7 | d9c5 fe6f 
  0x000001cf10816380: 040f c5fe | 6f0c 0ec5 | fdef c1c4 | e27d 17c0 | 0f85 7a00 | 0000 4883 | c120 75e1 | 85c0 0f84 
  0x000001cf108163a0: 6500 0000 | c5fe 6f44 | 07e0 c5fe | 6f4c 06e0 | c5fd efc1 | c4e2 7d17 | c075 55eb | 4c8b c883 
  0x000001cf108163c0: e1fc 7419 | 488d 3c0f | 488d 340e | 48f7 d98b | 1c0f 3b1c | 0e75 3948 | 83c1 0475 | f2f7 c002 
  0x000001cf108163e0: 0000 0074 | 120f b71f | 0fb7 0e3b | d975 2148 | 8d7f 0248 | 8d76 02f7 | c001 0000 | 0074 0a0f 
  0x000001cf10816400: b61f 0fb6 | 0e3b d975 | 07b8 0100 | 0000 eb02 | 33c0 c5fd | efc0 c5f5 | efc9 85c0 | 741b 438b 
  0x000001cf10816420: 6cec 1485 | ed0f 851b | 0200 00e9 | 7d02 0000 | 4585 d20f | 8c55 0200 | 0047 8b54 | ec18 6690 
  0x000001cf10816440: 4585 d20f | 8464 0200 | 0049 c1e2 | 034d 8bc2 | 458b 5a0c | 4d8b 9750 

  0x000001cf10816458: ; ImmutableOopMap {r8=Oop [48]=Oop [64]=Oop [72]=Oop [80]=Oop [96]=Oop [120]=NarrowOop [144]=Oop [156]=NarrowOop [160]=NarrowOop [192]=Oop }
                      ;*if_icmpne {reexecute=1 rethrow=0 return_oop=0}
                      ; - (reexecute) java.util.concurrent.ConcurrentHashMap::get@127 (line 946)
                      ; - java.lang.ClassLoader::definePackage@47 (line 2101)
                      ; - java.lang.ClassLoader::getDefinedPackage@32 (line 2243)
                      ; - java.net.URLClassLoader::getAndVerifyPackage@2 (line 457)
                      ; - java.net.URLClassLoader::defineClass@46 (line 492)
                      ; - java.net.URLClassLoader$1::run@43 (line 427)
                      ; - java.net.URLClassLoader$1::run@1 (line 421)
                      ;   {poll}
  0x000001cf10816458: 0300 0041 | 8502 6690 | 453b d90f | 851c 2a00 | 004d 8bd0 | 458b 5a10 | 418b cb4d | 8bd3 49c1 
  0x000001cf10816478: e203 4c8b | 9c24 c000 | 0000 4d3b | d30f 84a9 | 0100 0085 | c90f 84c5 | 5700 0044 | 8bd9 4f8d 
  0x000001cf10816498: 14dc 4c8b | 9c24 c000 | 0000 4d3b | da0f 8489 | 0100 0044 | 8bd9 438b 

  0x000001cf108164b0: ;   {metadata('java/lang/String')}
  0x000001cf108164b0: 4cdc 0881 | f9e0 e900 | 000f 851e | 0100 0049 | 8bca 4c8b | 9424 c000 | 0000 450f | be52 1041 
  0x000001cf108164d0: 8bfa 4c8b | d141 0fbe | 6a10 3bfd | 0f1f 4000 | 0f85 ea57 | 0000 458b | 5214 4c8b | 9c24 c000 
  0x000001cf108164f0: 0000 418b | 5b14 478b | 5cd4 0c41 | 8b4c dc0c | 413b cb0f | 85d4 0000 | 004f 8d1c | d44b 8d74 
  0x000001cf10816510: d410 4d8d | 14dc 498d | 7cdc 1085 | c90f 84a5 | 0000 008b | c183 e01f | 83e1 e00f | 844b 0000 
  0x000001cf10816530: 0048 8d3c | 0f48 8d34 | 0e48 f7d9 | c5fe 6f0c | 0fc5 fe6f | 040e c5f5 | efc8 c4e2 | 7d17 c90f 
  0x000001cf10816550: 857a 0000 | 0048 83c1 | 2075 e185 | c00f 8465 | 0000 00c5 | fe6f 4c07 | e0c5 fe6f | 4406 e0c5 
  0x000001cf10816570: f5ef c8c4 | e27d 17c9 | 7555 eb4c | 8bc8 83e1 | fc74 1948 | 8d3c 0f48 | 8d34 0e48 | f7d9 8b1c 
  0x000001cf10816590: 0f3b 1c0e | 7539 4883 | c104 75f2 | f7c0 0200 | 0000 7412 | 0fb7 1f0f | b70e 3bd9 | 7521 488d 
  0x000001cf108165b0: 7f02 488d | 7602 f7c0 | 0100 0000 | 740a 0fb6 | 1f0f b60e | 3bd9 7507 | b801 0000 | 00eb 0233 
  0x000001cf108165d0: c0c5 f5ef | c9c5 fdef | c085 c075 | 57ba 45ff | ffff 488b | 6c24 404c | 8b54 2448 | 4c89 5424 
  0x000001cf108165f0: 284c 8b54 | 2438 4c89 | 5424 304c | 8b54 2460 | 4c89 5424 | 584c 8b94 | 2490 0000 | 004c 8954 
  0x000001cf10816610: 2460 448b | 5424 7844 | 8954 2470 | 4c89 8424 | 9000 0000 | 4489 8c24 | 8c00 0000 

  0x000001cf1081662c: ;   {runtime_call UncommonTrapBlob}
  0x000001cf1081662c: c5f8 77e8 

  0x000001cf10816630: ; ImmutableOopMap {rbp=Oop [40]=Oop [88]=Oop [96]=Oop [112]=NarrowOop [144]=Oop [156]=NarrowOop [160]=NarrowOop [192]=Oop }
                      ;*ifeq {reexecute=1 rethrow=0 return_oop=0}
                      ; - (reexecute) java.util.concurrent.ConcurrentHashMap::get@152 (line 947)
                      ; - java.lang.ClassLoader::definePackage@47 (line 2101)
                      ; - java.lang.ClassLoader::getDefinedPackage@32 (line 2243)
                      ; - java.net.URLClassLoader::getAndVerifyPackage@2 (line 457)
                      ; - java.net.URLClassLoader::defineClass@46 (line 492)
                      ; - java.net.URLClassLoader$1::run@43 (line 427)
                      ; - java.net.URLClassLoader$1::run@1 (line 421)
  0x000001cf10816630: cc02 57ff | 4d8b d041 | 8b6a 1485 | ed66 6690 | 0f84 6700 | 0000 458b 

  0x000001cf10816648: ;   {metadata('java/lang/NamedPackage')}
  0x000001cf10816648: 54ec 0849 | bb40 f101 | 7bcf 0100 | 0049 b800 | 0000 7bcf | 0100 004d | 03c2 4d8b | 5038 4d3b 
  0x000001cf10816668: d30f 85fd | 4300 004d | 8d0c ec45 | 8b51 0866 | 0f1f 8400 | 0000 0000 

  0x000001cf10816680: ;   {metadata('java/lang/Package')}
  0x000001cf10816680: 4181 fa48 | ee01 0075 | 24e9 b200 | 0000 478b | 54ec 0866 | 0f1f 8400 | 0000 0000 | 6666 6690 
  0x000001cf108166a0: ;   {metadata('java/util/concurrent/ConcurrentHashMap$ReservationNode')}
  0x000001cf108166a0: 4181 fa30 | 8519 000f | 8593 3800 | 0044 8b94 | 249c 0000 | 0043 8b6c | d438 4d8b | 8f08 0100 
  0x000001cf108166c0: 004d 8bd1 | 4983 c218 | 4d3b 9718 | 0100 000f | 83b0 3800 | 004d 8997 | 0801 0000 | 410f 0d8a 
  0x000001cf108166e0: c000 0000 | 49c7 0101 

  0x000001cf108166e8: ;   {metadata('java/lang/ClassLoader$$Lambda$52+0x000001cf7c067f90')}
  0x000001cf108166e8: 0000 0041 | c741 0890 | 7f06 0145 | 8961 0c4d | 8961 1044 | 8b94 249c | 0000 0045 | 8951 0c44 
  0x000001cf10816708: 8b44 2478 | 4589 4110 | 85ed 0f84 | 4e46 0000 | 498d 14ec | 4c8b 8424 | c000 0000 

  0x000001cf10816724: ;   {optimized virtual_call}
  0x000001cf10816724: c5f8 77e8 

  0x000001cf10816728: ; ImmutableOopMap {[48]=Oop [64]=Oop [72]=Oop [80]=Oop [96]=Oop [144]=Oop [156]=NarrowOop [160]=NarrowOop [192]=Oop }
                      ;*invokevirtual compute {reexecute=0 rethrow=0 return_oop=1}
                      ; - java.lang.ClassLoader::definePackage@78 (line 2105)
                      ; - java.lang.ClassLoader::getDefinedPackage@32 (line 2243)
                      ; - java.net.URLClassLoader::getAndVerifyPackage@2 (line 457)
                      ; - java.net.URLClassLoader::defineClass@46 (line 492)
                      ; - java.net.URLClassLoader$1::run@43 (line 427)
                      ; - java.net.URLClassLoader$1::run@1 (line 421)
  0x000001cf10816728: 54ac 56ff 

  0x000001cf1081672c: ; implicit exception: dispatches to 0x000001cf1081c6e8
  0x000001cf1081672c: 448b 5008 

  0x000001cf10816730: ;   {metadata('java/lang/Package')}
  0x000001cf10816730: 4181 fa48 | ee01 000f | 850f 5b00 | 004c 8bc8 | 458b 5110 

  0x000001cf10816744: ; implicit exception: dispatches to 0x000001cf1081c5a0
  0x000001cf10816744: 478b 5cd4 | 1c45 85db | 0f85 3e43 | 0000 458b | 5914 6666 | 0f1f 8400 | 0000 0000 

  0x000001cf10816760: ; implicit exception: dispatches to 0x000001cf1081c5c8
  0x000001cf10816760: 438b 6cdc | 2485 ed0f | 85e3 4300 | 004c 8b5c | 2460 4d85 | db0f 84dd 

  0x000001cf10816778: ;   {oop(a 'java/lang/Class'{0x00000006004001e8} = 'jdk/internal/access/SharedSecrets')}
  0x000001cf10816778: 0600 0049 | bae8 0140 | 0006 0000 | 0045 8b92 | c800 0000 | 4585 d20f | 84e3 4300 | 004c 8b84 
  0x000001cf10816798: 24c0 0000 | 0041 0fbe | 5810 85db | 0f85 1e43 | 0000 418b | 5814 418b | 4cdc 0c89 | 8c24 8000 
  0x000001cf108167b8: 0000 899c | 24a4 0000 | 0044 8994 | 2498 0000 | 004c 894c | 2460 4c89 | 5c24 6848 | ffb4 24c0 
  0x000001cf108167d8: 0000 0048 | 8f44 2478 | 49c1 e203 | 4c89 5424 | 2085 c90f | 8639 0100 | 0044 8bd1 | 41ff ca44 
  0x000001cf108167f8: 8954 2458 | 0f1f 4000 | 443b d10f | 838b 3c00 | 0044 8bd1 | 4183 c2fd | 4489 5424 | 5c4d 8d14 
  0x000001cf10816818: dc4c 8954 | 2470 6690 | 4180 7cdc | 102e 0f84 | 3928 0000 | 448b 5424 | 5c41 83fa | 010f 8e5d 
  0x000001cf10816838: 3d00 0041 | b801 0000 | 008b 8c24 | 8000 0000 | 412b c883 | c1fd 448b | 5424 5c45 | 33c9 453b 
  0x000001cf10816858: d041 0f4c | c981 f9a0 | 0f00 0041 | baa0 0f00 | 0041 0f47 | ca41 03c8 | 4d63 c84c | 8b54 2470 
  0x000001cf10816878: 470f be5c | 0a10 6690 | 4183 fb2e | 0f84 6c16 | 0000 470f | be54 0a11 | 4183 fa2e | 0f84 6116 
  0x000001cf10816898: 0000 4c8b | 5424 7047 | 0fbe 5c0a | 1241 83fb | 2e0f 8443 | 1600 0047 | 0fbe 540a | 1341 8be8 
  0x000001cf108168b8: 83c5 030f | 1f44 0000 | 4183 fa2e | 0f84 3616 | 0000 4183 | c004 443b | c17c 9d4d | 8b9f 5003 
  0x000001cf108168d8: ; ImmutableOopMap {[32]=Oop [48]=Oop [64]=Oop [72]=Oop [80]=Oop [96]=Oop [104]=Oop [112]=Oop [120]=Oop [144]=Oop [152]=NarrowOop [156]=NarrowOop [160]=NarrowOop [164]=NarrowOop }
                      ;*if_icmpne {reexecute=1 rethrow=0 return_oop=0}
                      ; - (reexecute) java.lang.StringLatin1::replace@28 (line 307)
                      ; - java.lang.String::replace@18 (line 2808)
                      ; - java.net.URLClassLoader::isSealed@9 (line 601)
                      ; - java.net.URLClassLoader::getAndVerifyPackage@68 (line 469)
                      ; - java.net.URLClassLoader::defineClass@46 (line 492)
                      ; - java.net.URLClassLoader$1::run@43 (line 427)
                      ; - java.net.URLClassLoader$1::run@1 (line 421)
                      ;   {poll}
  0x000001cf108168d8: 0000 4185 | 0366 6690 | 443b 4424 | 5c0f 8c56 | ffff ff44 | 3b84 2480 | 0000 007d | 3566 6690 
  0x000001cf108168f8: 4c8b 5424 | 7047 0fbe | 5402 1041 | 83fa 2e0f | 84c8 3700 | 0041 ffc0 | 6666 660f | 1f84 0000 
  0x000001cf10816918: 0000 0066 | 6666 9090 | 443b 8424 | 8000 0000 | 7cce 448b | 9424 a400 | 0000 4d8b | da49 c1e3 
  0x000001cf10816938: 034c 8b54 | 2478 4d8b | c34d 8bca | e93d 1900 | 0033 c0e9 | d408 0000 | 4c3b c10f | 84e2 1b00 
  0x000001cf10816958: 0085 f60f | 1f44 0000 | 0f84 3901 | 0000 418b 

  0x000001cf10816968: ;   {metadata('java/lang/String')}
  0x000001cf10816968: 4cf4 0881 | f9e0 e900 | 000f 8528 | 0100 0049 | 8d3c f40f | be6f 1090 | 443b d50f | 853b 5200 
  0x000001cf10816988: 00c4 c1f9 | 6ec5 458b | ea44 8bf3 | 418b eb4d | 8bd8 4d8b | d141 8b4c | d40c 8b5f | 1445 8b4c 
  0x000001cf108169a8: dc0c 413b | c90f 8562 | 3200 004d | 8d04 dc49 | 8d74 dc10 | 4d8d 04d4 | 498d 7cd4 | 1085 c90f 
  0x000001cf108169c8: 84a5 0000 | 008b c183 | e01f 83e1 | e00f 844b | 0000 0048 | 8d3c 0f48 | 8d34 0e48 | f7d9 c5fe 
  0x000001cf108169e8: 6f14 0fc5 | fe6f 0c0e | c5ed efd1 | c4e2 7d17 | d20f 857a | 0000 0048 | 83c1 2075 | e185 c00f 
  0x000001cf10816a08: 8465 0000 | 00c5 fe6f | 5407 e0c5 | fe6f 4c06 | e0c5 edef | d1c4 e27d | 17d2 7555 | eb4c 8bc8 
  0x000001cf10816a28: 83e1 fc74 | 1948 8d3c | 0f48 8d34 | 0e48 f7d9 | 8b1c 0f3b | 1c0e 7539 | 4883 c104 | 75f2 f7c0 
  0x000001cf10816a48: 0200 0000 | 7412 0fb7 | 1f0f b70e | 3bd9 7521 | 488d 7f02 | 488d 7602 | f7c0 0100 | 0000 740a 
  0x000001cf10816a68: 0fb6 1f0f | b60e 3bd9 | 7507 b801 | 0000 00eb | 0233 c0c5 | edef d2c5 | f5ef c985 | c00f 85a1 
  0x000001cf10816a88: 2a00 004d | 8bca 4d8b | c344 8bdd | 418b de45 | 8bd5 c4c1 | f97e c541 | 8b7c dc18 | 85ff 0f84 
  0x000001cf10816aa8: 8600 0000 | 418b 5cdc 

  0x000001cf10816ab0: ;   {metadata('java/util/HashMap$TreeNode')}
  0x000001cf10816ab0: 0881 fbe0 | f512 000f | 85d1 2500 | 0041 8b4d | 2885 c974 | 3644 895c | 2470 4c89 | 4424 684c 
  0x000001cf10816ad0: 894c 2458 | 498b d590 

  0x000001cf10816ad8: ;   {optimized virtual_call}
  0x000001cf10816ad8: c5f8 77e8 

  0x000001cf10816adc: ; ImmutableOopMap {[48]=Oop [64]=Oop [72]=Oop [80]=Oop [88]=Oop [96]=Oop [104]=Oop [120]=Oop [144]=Oop [156]=NarrowOop [160]=NarrowOop }
                      ;*invokevirtual root {reexecute=0 rethrow=0 return_oop=1}
                      ; - java.util.HashMap$TreeNode::getTreeNode@8 (line 2040)
                      ; - java.util.HashMap::getNode@95 (line 574)
                      ; - java.util.HashMap::get@2 (line 556)
                      ; - java.util.jar.Manifest::getAttributes@5 (line 159)
                      ; - java.util.jar.Manifest::getTrustedAttributes@2 (line 176)
                      ; - java.util.jar.JavaUtilJarAccessImpl::getTrustedAttributes@2 (line 68)
                      ; - java.net.URLClassLoader::isSealed@18 (line 601)
                      ; - java.net.URLClassLoader::getAndVerifyPackage@68 (line 469)
                      ; - java.net.URLClassLoader::defineClass@46 (line 492)
                      ; - java.net.URLClassLoader$1::run@43 (line 427)
                      ; - java.net.URLClassLoader$1::run@1 (line 421)
  0x000001cf10816adc: a0a8 56ff | 4885 c00f | 84b3 4b00 | 004c 8b4c | 2458 4c8b | 4424 6844 | 8b5c 2470 | 4c8b e84c 
  0x000001cf10816afc: 8944 2420 | 498b e949 | 8bd5 458b | c34c 8b4c | 2420 33ff 

  0x000001cf10816b10: ;   {optimized virtual_call}
  0x000001cf10816b10: c5f8 77e8 

  0x000001cf10816b14: ; ImmutableOopMap {rbp=Oop [32]=Oop [48]=Oop [64]=Oop [72]=Oop [80]=Oop [96]=Oop [120]=Oop [144]=Oop [156]=NarrowOop [160]=NarrowOop }
                      ;*invokevirtual find {reexecute=0 rethrow=0 return_oop=1}
                      ; - java.util.HashMap$TreeNode::getTreeNode@18 (line 2040)
                      ; - java.util.HashMap::getNode@95 (line 574)
                      ; - java.util.HashMap::get@2 (line 556)
                      ; - java.util.jar.Manifest::getAttributes@5 (line 159)
                      ; - java.util.jar.Manifest::getTrustedAttributes@2 (line 176)
                      ; - java.util.jar.JavaUtilJarAccessImpl::getTrustedAttributes@2 (line 68)
                      ; - java.net.URLClassLoader::isSealed@18 (line 601)
                      ; - java.net.URLClassLoader::getAndVerifyPackage@68 (line 469)
                      ; - java.net.URLClassLoader::defineClass@46 (line 492)
                      ; - java.net.URLClassLoader$1::run@43 (line 427)
                      ; - java.net.URLClassLoader$1::run@1 (line 421)
  0x000001cf10816b14: 68a8 56ff | 4885 c075 | 054c 8bcd | eb10 4c8b | cd4c 8b44 | 2420 4c8b | e8e9 091a | 0000 418b 
  0x000001cf10816b34: 690c 85ed | 0f84 1243 | 0000 418b | 6cec 0c45 | 8b54 ec08 

  0x000001cf10816b48: ;   {metadata('java/util/LinkedHashMap')}
  0x000001cf10816b48: 4181 fa20 | 3a0b 000f | 8557 3b00 | 0049 8d0c | ec44 8b51 | 2466 6690 | 4585 d20f | 84ef 0200 
  0x000001cf10816b68: 0043 8b6c | d40c 85ed | 0f86 0a43 

  0x000001cf10816b74: ;   {oop(a 'java/util/jar/Attributes$Name'{0x000000060059d500})}
  0x000001cf10816b74: 0000 49bb | 00d5 5900 | 0600 0000 | 458b 5b0c | 4b8d 1cd4 | 458b c341 | c1e8 1045 | 33c3 ffcd 
  0x000001cf10816b94: 4123 e88b | 6cab 1085 | ed66 6690 | 0f84 b202 | 0000 418b | 5cec 0c49 | 8d3c ec41 | 3bd8 0f85 
  0x000001cf10816bb4: 511e 0000 | 458b 5cec | 1066 6690 

  0x000001cf10816bc0: ;   {oop(a 'java/util/jar/Attributes$Name'{0x000000060059d500})}
  0x000001cf10816bc0: 4181 fba0 | 3a0b c074 | 4c48 897c | 2470 4489 | 4424 6848 | 894c 2458 | 4c89 4c24 | 204d 8bc3 
  0x000001cf10816be0: 49c1 e003 

  0x000001cf10816be4: ;   {oop(a 'java/util/jar/Attributes$Name'{0x000000060059d500})}
  0x000001cf10816be4: 48ba 00d5 | 5900 0600 | 0000 6690 

  0x000001cf10816bf0: ;   {optimized virtual_call}
  0x000001cf10816bf0: c5f8 77e8 

  0x000001cf10816bf4: ; ImmutableOopMap {rbp=NarrowOop [32]=Oop [48]=Oop [64]=Oop [72]=Oop [80]=Oop [88]=Oop [96]=Oop [112]=Oop [120]=Oop [144]=Oop [156]=NarrowOop [160]=NarrowOop }
                      ;*invokevirtual equals {reexecute=0 rethrow=0 return_oop=0}
                      ; - java.util.HashMap::getNode@63 (line 570)
                      ; - java.util.LinkedHashMap::get@2 (line 441)
                      ; - java.util.jar.Attributes::get@5 (line 105)
                      ; - java.util.jar.Attributes::getValue@2 (line 141)
                      ; - java.net.URLClassLoader::isSealed@58 (line 608)
                      ; - java.net.URLClassLoader::getAndVerifyPackage@68 (line 469)
                      ; - java.net.URLClassLoader::defineClass@46 (line 492)
                      ; - java.net.URLClassLoader$1::run@43 (line 427)
                      ; - java.net.URLClassLoader$1::run@1 (line 421)
  0x000001cf10816bf4: 88a7 56ff | 85c0 660f | 1f44 0000 | 0f84 ef1d | 0000 4c8b | 4c24 2048 | 8b4c 2458 | 488b 7c24 
  0x000001cf10816c14: 7044 0fb6 | 592c 660f | 1f44 0000 | 4585 db0f | 85c7 2f00 | 008b 6f14 | 85ed 0f84 | 2402 0000 
  0x000001cf10816c34: 458b 54ec | 080f 1f80 | 0000 0000 

  0x000001cf10816c40: ;   {metadata('java/lang/String')}
  0x000001cf10816c40: 4181 fae0 | e900 000f | 85b3 5600 | 004d 8d14 

  0x000001cf10816c50: ;   {oop("true"{0x000000060050c5a8})}
  0x000001cf10816c50: ec49 bba8 | c550 0006 | 0000 000f | 1f44 0000 | 4d3b d30f | 8453 4200 | 0045 8b42 | 1447 8b5c 
  0x000001cf10816c70: c40c 410f | be4a 1041 | 8bfb d3ff | 0f1f 4000 | 83ff 040f | 85cf 0100 | 0048 63df | 4883 c3fc 
  0x000001cf10816c90: 4885 db0f | 8c0f 4b00 | 0085 c90f | 1f44 0000 | 0f85 ba4a | 0000 4585 | db0f 86f5 | 4500 0041 
  0x000001cf10816cb0: 83fb 030f | 86eb 4500 | 0043 0fb6 | 4cc4 1090 | 83f9 740f | 8552 0000 | 0043 0fb6 | 4cc4 1183 
  0x000001cf10816cd0: f972 0f85 | 3700 0000 | 430f b64c | c412 6690 | 83f9 7575 | 1d43 0fb6 | 4cc4 1383 | f965 0f84 
  0x000001cf10816cf0: c841 0000 | 41bb 0300 | 0000 bf65 | 0000 0090 | eb21 41bb | 0200 0000 | bf75 0000 | 00eb 14bf 
  0x000001cf10816d10: 7200 0000 | 448b 5c24 | 28eb 0845 | 33db bf74 | 0000 0041 

  0x000001cf10816d24: ;   {oop([I{0x000000060060b300})}
  0x000001cf10816d24: ffc3 48ba | 00b3 6000 | 0600 0000 | 8b5c ba10 | 0f1f 8400 | 0000 0000 | 6666 6690 | f7c3 0000 
  0x000001cf10816d44: 0100 741c | 8beb 81e5 | 0000 fc07 | 81fd 0000 | fc07 0f84 | a84c 0000 | c1e3 05c1 | fb17 2bfb 
  0x000001cf10816d64: 8b74 8a10 | f7c6 0000 | 0100 7424 | 8bee 81e5 | 0000 fc07 | 0f1f 8400 | 0000 0000 | 81fd 0000 
  0x000001cf10816d84: fc07 0f84 | c44c 0000 | c1e6 05c1 | fe17 2bce | 3bf9 0f84 | 584a 0000 | 8bdf c1eb | 0885 db0f 
  0x000001cf10816da4: 85ec 3200 

  0x000001cf10816da8: ;   {oop(a 'java/lang/CharacterDataLatin1'{0x000000060060b758})}
  0x000001cf10816da8: 0048 bd58 | b760 0006 | 0000 008b | f141 8bd8 | 498b c945 | 8bcb 448b 

  0x000001cf10816dc0: ;   {metadata('java/lang/CharacterDataLatin1')}
  0x000001cf10816dc0: 5508 4181 | fa28 9e03 | 000f 8519 | 4500 008b | ef0f b7ed | 0f1f 8400 | 0000 0000 | 6666 6690 
  0x000001cf10816de0: 81fd 0001 | 0000 0f83 | 2e44 0000 | 448b 5caa | 1041 f7c3 | 0000 0200 | 0f85 da23 | 0000 448b 
  0x000001cf10816e00: de41 c1eb | 0845 85db | 0f85 a732 

  0x000001cf10816e0c: ;   {oop(a 'java/lang/CharacterDataLatin1'{0x000000060060b758})}
  0x000001cf10816e0c: 0000 49b8 | 58b7 6000 | 0600 0000 | 458b 5008 | 0f1f 4000 

  0x000001cf10816e20: ;   {metadata('java/lang/CharacterDataLatin1')}
  0x000001cf10816e20: 4181 fa28 | 9e03 000f | 8503 4500 | 008b ee0f | b7ed 81fd | 0001 0000 | 0f83 2244 | 0000 448b 
  0x000001cf10816e40: 54aa 1041 | f7c2 0000 | 0200 0f85 | b623 0000 | 3bfe 0f84 | f049 0000 | 488b 7c24 | 4048 8b5c 
  0x000001cf10816e60: 2448 4c8b | 4424 304c | 8b4c 2450 | e98b 0200 | 004c 8b4c | 2470 4c89 | 4c24 7045 | 33d2 4533 
  0x000001cf10816e80: db45 33c0 | 4533 c933 | c933 db33 | ff4c 8994 | 2480 0000 | 004c 899c | 2488 0000 | 004c 8984 
  0x000001cf10816ea0: 24d8 0000 | 004c 894c | 2420 4889 | 8c24 d000 | 0000 4889 | 9c24 e000 | 0000 4889 | bc24 c800 
  0x000001cf10816ec0: 0000 e902 | 0100 004d | 8bc2 49c1 

  0x000001cf10816ecc: ;   {oop(a 'java/util/jar/Attributes$Name'{0x00000006004c1368})}
  0x000001cf10816ecc: e003 48ba | 6813 4c00 | 0600 0000 

  0x000001cf10816ed8: ;   {optimized virtual_call}
  0x000001cf10816ed8: c5f8 77e8 

  0x000001cf10816edc: ; ImmutableOopMap {rbp=NarrowOop [32]=Oop [48]=Oop [64]=Oop [72]=Oop [80]=Oop [96]=Oop [112]=Oop [120]=Oop [128]=Oop [136]=Oop [144]=Oop [156]=NarrowOop [160]=NarrowOop [192]=Oop [216]=Oop }
                      ;*invokevirtual equals {reexecute=0 rethrow=0 return_oop=0}
                      ; - java.util.HashMap::getNode@63 (line 570)
                      ; - java.util.LinkedHashMap::get@2 (line 441)
                      ; - java.util.jar.Attributes::get@5 (line 105)
                      ; - java.util.jar.Attributes::getValue@2 (line 141)
                      ; - java.net.URLClassLoader::definePackage@89 (line 557)
                      ; - java.net.URLClassLoader::defineClass@64 (line 495)
                      ; - java.net.URLClassLoader$1::run@43 (line 427)
                      ; - java.net.URLClassLoader$1::run@1 (line 421)
  0x000001cf10816edc: a0a4 56ff | 85c0 0f85 | f30c 0000 | 458b 5cec | 1845 85db | 0f84 5f00 | 0000 458b | 44ec 080f 
  0x000001cf10816efc: 1f44 0000 

  0x000001cf10816f00: ;   {metadata('java/util/HashMap$TreeNode')}
  0x000001cf10816f00: 4181 f8e0 | f512 000f | 85cf 2800 | 0048 8b54 | 2460 443b | 6228 7414 

  0x000001cf10816f18: ;   {optimized virtual_call}
  0x000001cf10816f18: c5f8 77e8 

  0x000001cf10816f1c: ; ImmutableOopMap {[32]=Oop [48]=Oop [64]=Oop [72]=Oop [80]=Oop [112]=Oop [120]=Oop [128]=Oop [136]=Oop [144]=Oop [156]=NarrowOop [160]=NarrowOop [192]=Oop [216]=Oop }
                      ;*invokevirtual root {reexecute=0 rethrow=0 return_oop=1}
                      ; - java.util.HashMap$TreeNode::getTreeNode@8 (line 2040)
                      ; - java.util.HashMap::getNode@95 (line 574)
                      ; - java.util.LinkedHashMap::get@2 (line 441)
                      ; - java.util.jar.Attributes::get@5 (line 105)
                      ; - java.util.jar.Attributes::getValue@2 (line 141)
                      ; - java.net.URLClassLoader::definePackage@89 (line 557)
                      ; - java.net.URLClassLoader::defineClass@64 (line 495)
                      ; - java.net.URLClassLoader$1::run@43 (line 427)
                      ; - java.net.URLClassLoader$1::run@1 (line 421)
  0x000001cf10816f1c: 60a4 56ff | 4885 c00f | 8457 4f00 | 0048 8bd0 | 448b 4424 

  0x000001cf10816f30: ;   {oop(a 'java/util/jar/Attributes$Name'{0x00000006004c1368})}
  0x000001cf10816f30: 5849 b968 | 134c 0006 | 0000 0033 | ff66 6690 

  0x000001cf10816f40: ;   {optimized virtual_call}
  0x000001cf10816f40: c5f8 77e8 

  0x000001cf10816f44: ; ImmutableOopMap {[32]=Oop [48]=Oop [64]=Oop [72]=Oop [80]=Oop [112]=Oop [120]=Oop [128]=Oop [136]=Oop [144]=Oop [156]=NarrowOop [160]=NarrowOop [192]=Oop [216]=Oop }
                      ;*invokevirtual find {reexecute=0 rethrow=0 return_oop=1}
                      ; - java.util.HashMap$TreeNode::getTreeNode@18 (line 2040)
                      ; - java.util.HashMap::getNode@95 (line 574)
                      ; - java.util.LinkedHashMap::get@2 (line 441)
                      ; - java.util.jar.Attributes::get@5 (line 105)
                      ; - java.util.jar.Attributes::getValue@2 (line 141)
                      ; - java.net.URLClassLoader::definePackage@89 (line 557)
                      ; - java.net.URLClassLoader::defineClass@64 (line 495)
                      ; - java.net.URLClassLoader$1::run@43 (line 427)
                      ; - java.net.URLClassLoader$1::run@1 (line 421)
  0x000001cf10816f44: 38a4 56ff | 4885 c074 | 084c 8bc0 | e98b 0c00 | 0045 33d2 | 4c89 5424 | 2048 8b54 

  0x000001cf10816f60: ;   {oop(a 'java/util/jar/Attributes$Name'{0x00000006004c2538})}
  0x000001cf10816f60: 2478 49b8 | 3825 4c00 | 0600 0000 

  0x000001cf10816f6c: ;   {optimized virtual_call}
  0x000001cf10816f6c: c5f8 77e8 

  0x000001cf10816f70: ; ImmutableOopMap {[32]=Oop [48]=Oop [64]=Oop [72]=Oop [80]=Oop [112]=Oop [120]=Oop [128]=Oop [136]=Oop [144]=Oop [156]=NarrowOop [160]=NarrowOop [192]=Oop [216]=Oop }
                      ;*invokevirtual getValue {reexecute=0 rethrow=0 return_oop=1}
                      ; - java.net.URLClassLoader::definePackage@99 (line 558)
                      ; - java.net.URLClassLoader::defineClass@64 (line 495)
                      ; - java.net.URLClassLoader$1::run@43 (line 427)
                      ; - java.net.URLClassLoader$1::run@1 (line 421)
  0x000001cf10816f70: 0ca4 56ff | 488b e848 | 8b54 2478 

  0x000001cf10816f7c: ;   {oop(a 'java/util/jar/Attributes$Name'{0x0000000600605ac0})}
  0x000001cf10816f7c: 49b8 c05a | 6000 0600 | 0000 6690 

  0x000001cf10816f88: ;   {optimized virtual_call}
  0x000001cf10816f88: c5f8 77e8 

  0x000001cf10816f8c: ; ImmutableOopMap {rbp=Oop [32]=Oop [48]=Oop [64]=Oop [72]=Oop [80]=Oop [112]=Oop [120]=Oop [128]=Oop [136]=Oop [144]=Oop [156]=NarrowOop [160]=NarrowOop [192]=Oop [216]=Oop }
                      ;*invokevirtual getValue {reexecute=0 rethrow=0 return_oop=1}
                      ; - java.net.URLClassLoader::definePackage@109 (line 559)
                      ; - java.net.URLClassLoader::defineClass@64 (line 495)
                      ; - java.net.URLClassLoader$1::run@43 (line 427)
                      ; - java.net.URLClassLoader$1::run@1 (line 421)
  0x000001cf10816f8c: f0a3 56ff | 4889 4424 | 5848 8b54 

  0x000001cf10816f98: ;   {oop(a 'java/util/jar/Attributes$Name'{0x000000060059d500})}
  0x000001cf10816f98: 2478 49b8 | 00d5 5900 | 0600 0000 

  0x000001cf10816fa4: ;   {optimized virtual_call}
  0x000001cf10816fa4: c5f8 77e8 

  0x000001cf10816fa8: ; ImmutableOopMap {rbp=Oop [32]=Oop [48]=Oop [64]=Oop [72]=Oop [80]=Oop [88]=Oop [112]=Oop [128]=Oop [136]=Oop [144]=Oop [156]=NarrowOop [160]=NarrowOop [192]=Oop [216]=Oop }
                      ;*invokevirtual getValue {reexecute=0 rethrow=0 return_oop=1}
                      ; - java.net.URLClassLoader::definePackage@119 (line 560)
                      ; - java.net.URLClassLoader::defineClass@64 (line 495)
                      ; - java.net.URLClassLoader$1::run@43 (line 427)
                      ; - java.net.URLClassLoader$1::run@1 (line 421)
  0x000001cf10816fa8: d4a3 56ff | 4889 8424 | c800 0000 | 4c8b 5424 | 584c 8994 | 24e0 0000 | 0048 89ac | 24d0 0000 
  0x000001cf10816fc8: 004c 8b54 | 2470 458b | 520c 4489 | 5424 2845 | 85d2 660f | 1f44 0000 | 0f84 d31c | 0000 49c1 
  0x000001cf10816fe8: e203 4c89 | 5424 584c | 8b94 2480 | 0000 004d | 85d2 660f | 1f44 0000 | 0f84 df1c | 0000 4c8b 
  0x000001cf10817008: 9424 8800 | 0000 4d85 | d20f 84f2 | 1c00 004c | 8b94 24d8 | 0000 0090 | 4d85 d20f | 8404 1d00 
  0x000001cf10817028: 004c 8b54 | 2420 4d85 | d20f 841a | 1d00 004c | 8b94 24d0 | 0000 0090 | 4d85 d20f | 8429 1d00 
  0x000001cf10817048: 004c 8b94 | 24e0 0000 | 004d 85d2 | 0f84 3f1d | 0000 4c8b | 9424 c800 | 0000 4d85 | d20f 8452 
  0x000001cf10817068: 1d00 004c | 8b84 24c8 

  0x000001cf10817070: ;   {oop("true"{0x000000060050c5a8})}
  0x000001cf10817070: 0000 0048 | baa8 c550 | 0006 0000 | 0066 6690 

  0x000001cf10817080: ;   {optimized virtual_call}
  0x000001cf10817080: c5f8 77e8 

  0x000001cf10817084: ; ImmutableOopMap {[32]=Oop [48]=Oop [64]=Oop [72]=Oop [80]=Oop [112]=Oop [128]=Oop [136]=Oop [144]=Oop [156]=NarrowOop [160]=NarrowOop [192]=Oop [208]=Oop [216]=Oop [224]=Oop }
                      ;*invokevirtual equalsIgnoreCase {reexecute=0 rethrow=0 return_oop=0}
                      ; - java.net.URLClassLoader::definePackage@245 (line 586)
                      ; - java.net.URLClassLoader::defineClass@64 (line 495)
                      ; - java.net.URLClassLoader$1::run@43 (line 427)
                      ; - java.net.URLClassLoader$1::run@1 (line 421)
  0x000001cf10817084: 5897 caff | 85c0 0f84 | 361c 0000 | 4c8b 9424 | 9000 0000 | 488b 5424 | 504c 8b84 | 24c0 0000 
  0x000001cf108170a4: 004c 8b8c | 2480 0000 | 0048 8bbc | 2488 0000 | 0048 8bb4 | 24d8 0000 | 0048 8b4c | 2420 4c8b 
  0x000001cf108170c4: 9c24 d000 | 0000 4c89 | 1c24 4c8b | 9c24 e000 | 0000 4c89 | 5c24 084c | 8954 2410 

  0x000001cf108170e0: ;   {optimized virtual_call}
  0x000001cf108170e0: c5f8 77e8 

  0x000001cf108170e4: ; ImmutableOopMap {[48]=Oop [64]=Oop [72]=Oop [80]=Oop [112]=Oop [144]=Oop [156]=NarrowOop [160]=NarrowOop [192]=Oop }
                      ;*invokevirtual definePackage {reexecute=0 rethrow=0 return_oop=1}
                      ; - java.net.URLClassLoader::definePackage@270 (line 589)
                      ; - java.net.URLClassLoader::defineClass@64 (line 495)
                      ; - java.net.URLClassLoader$1::run@43 (line 427)
                      ; - java.net.URLClassLoader$1::run@1 (line 421)
  0x000001cf108170e4: 3841 acef | 488b 7c24 | 4048 8b5c | 2448 4c8b | 4424 304c | 8b4c 2450 | 4c89 4c24 | 304c 8944 
  0x000001cf10817104: 2420 4889 | 5c24 4848 | 897c 2440 | 488b d390 

  0x000001cf10817114: ;   {optimized virtual_call}
  0x000001cf10817114: c5f8 77e8 

  0x000001cf10817118: ; ImmutableOopMap {[32]=Oop [48]=Oop [64]=Oop [72]=Oop [144]=Oop [156]=NarrowOop [160]=NarrowOop }
                      ;*invokevirtual getByteBuffer {reexecute=0 rethrow=0 return_oop=1}
                      ; - java.net.URLClassLoader::defineClass@132 (line 511)
                      ; - java.net.URLClassLoader$1::run@43 (line 427)
                      ; - java.net.URLClassLoader$1::run@1 (line 421)
  0x000001cf10817118: 2432 edff | 488b e890 | 4885 c00f | 85e3 3600 | 0044 8b5c 

  0x000001cf1081712c: ;   {metadata('jdk/internal/loader/URLClassPath$JarLoader$2')}
  0x000001cf1081712c: 242c 4181 | fb60 5219 | 000f 85fa | 2000 0048 | 8b54 2448 | 488b ea90 

  0x000001cf10817144: ;   {optimized virtual_call}
  0x000001cf10817144: c5f8 77e8 

  0x000001cf10817148: ; ImmutableOopMap {rbp=Oop [32]=Oop [48]=Oop [64]=Oop [72]=Oop [144]=Oop [156]=NarrowOop [160]=NarrowOop }
                      ;*invokevirtual getBytes {reexecute=0 rethrow=0 return_oop=1}
                      ; - java.net.URLClassLoader::defineClass@179 (line 519)
                      ; - java.net.URLClassLoader$1::run@43 (line 427)
                      ; - java.net.URLClassLoader$1::run@1 (line 421)
  0x000001cf10817148: 749f c4ff | 4889 4424 | 504c 8b5c | 2448 458b | 5308 660f | 1f44 0000 

  0x000001cf10817160: ;   {metadata('jdk/internal/loader/URLClassPath$JarLoader$2')}
  0x000001cf10817160: 4181 fa60 | 5219 000f | 85f1 2000 | 0049 8bd3 

  0x000001cf10817170: ;   {optimized virtual_call}
  0x000001cf10817170: c5f8 77e8 

  0x000001cf10817174: ; ImmutableOopMap {[32]=Oop [48]=Oop [64]=Oop [72]=Oop [80]=Oop [144]=Oop [156]=NarrowOop [160]=NarrowOop }
                      ;*invokevirtual getCodeSigners {reexecute=0 rethrow=0 return_oop=1}
                      ; - java.net.URLClassLoader::defineClass@185 (line 521)
                      ; - java.net.URLClassLoader$1::run@43 (line 427)
                      ; - java.net.URLClassLoader$1::run@1 (line 421)
  0x000001cf10817174: 68ae abf0 | 4c8b 5c24 | 4848 8be8 | 498b 8708 | 0100 004c | 8bd0 4983 | c228 4d3b | 9718 0100 
  0x000001cf10817194: 000f 836d | 2900 004d | 8997 0801 | 0000 410f | 0d8a c000 | 0000 48c7 | 0001 0000 

  0x000001cf108171b0: ;   {metadata('java/security/CodeSource')}
  0x000001cf108171b0: 00c7 4008 | a0ee 0000 | 4489 600c | 4c89 6010 | 4c89 6018 | 4c89 6020 | 4c89 5c24 | 4848 8944 
  0x000001cf108171d0: 2428 488b | d04c 8b84 | 2490 0000 | 004c 8bcd 

  0x000001cf108171e0: ;   {optimized virtual_call}
  0x000001cf108171e0: c5f8 77e8 

  0x000001cf108171e4: ; ImmutableOopMap {[32]=Oop [40]=Oop [48]=Oop [64]=Oop [72]=Oop [80]=Oop [156]=NarrowOop [160]=NarrowOop }
                      ;*invokespecial <init> {reexecute=0 rethrow=0 return_oop=0}
                      ; - java.net.URLClassLoader::defineClass@198 (line 522)
                      ; - java.net.URLClassLoader$1::run@43 (line 427)
                      ; - java.net.URLClassLoader$1::run@1 (line 421)
  0x000001cf108171e4: d887 d0ff 

  0x000001cf108171e8: ;   {oop(a 'jdk/internal/perf/PerfCounter'{0x00000006004003a0})}
  0x000001cf108171e8: 48ba a003 | 4000 0600 | 0000 4c8b | 4424 3890 

  0x000001cf108171f8: ;   {optimized virtual_call}
  0x000001cf108171f8: c5f8 77e8 

  0x000001cf108171fc: ; ImmutableOopMap {[32]=Oop [40]=Oop [48]=Oop [64]=Oop [72]=Oop [80]=Oop [156]=NarrowOop [160]=NarrowOop }
                      ;*invokevirtual addElapsedTimeFrom {reexecute=0 rethrow=0 return_oop=0}
                      ; - java.net.URLClassLoader::defineClass@207 (line 523)
                      ; - java.net.URLClassLoader$1::run@43 (line 427)
                      ; - java.net.URLClassLoader$1::run@1 (line 421)
  0x000001cf108171fc: c0be bfff | 4c8b 4c24 | 5041 8b71 | 0c48 8b54 | 2430 4c8b | 4424 2033 | ff48 8b4c | 2428 6690 
  0x000001cf1081721c: ;   {optimized virtual_call}
  0x000001cf1081721c: c5f8 77e8 

  0x000001cf10817220: ; ImmutableOopMap {[64]=Oop [72]=Oop }
                      ;*invokevirtual defineClass {reexecute=0 rethrow=0 return_oop=1}
                      ; - java.net.URLClassLoader::defineClass@220 (line 524)
                      ; - java.net.URLClassLoader$1::run@43 (line 427)
                      ; - java.net.URLClassLoader$1::run@1 (line 421)
  0x000001cf10817220: 1c43 b6ff | c5f8 7748 | 81c4 0001 

  0x000001cf1081722c: ;   {poll_return}
  0x000001cf1081722c: 0000 5d49 | 3ba7 4803 | 0000 0f87 | b95c 0000 | c341 bb2f | 0000 00e9 | d7e2 ffff | 4c8b 4424 
  0x000001cf1081724c: 704c 8b4c | 2420 488b | 4c24 588b | 7c24 2848 | 8b54 2460 | 458b 5cec | 1845 85db | 0f84 9800 
  0x000001cf1081726c: 0000 418b 

  0x000001cf10817270: ;   {metadata('java/util/HashMap$TreeNode')}
  0x000001cf10817270: 5cec 0881 | fbe0 f512 | 000f 85ae | 2300 0090 | 443b 6228 | 7437 897c | 2458 4889 | 4c24 2049 
  0x000001cf10817290: 8be9 4c89 | 4424 7090 

  0x000001cf10817298: ;   {optimized virtual_call}
  0x000001cf10817298: c5f8 77e8 

  0x000001cf1081729c: ; ImmutableOopMap {rbp=Oop [32]=Oop [48]=Oop [64]=Oop [72]=Oop [80]=Oop [112]=Oop [144]=Oop [156]=NarrowOop [160]=NarrowOop [192]=Oop }
                      ;*invokevirtual root {reexecute=0 rethrow=0 return_oop=1}
                      ; - java.util.HashMap$TreeNode::getTreeNode@8 (line 2040)
                      ; - java.util.HashMap::getNode@95 (line 574)
                      ; - java.util.LinkedHashMap::get@2 (line 441)
                      ; - java.util.jar.Attributes::get@5 (line 105)
                      ; - java.util.jar.Attributes::getValue@2 (line 141)
                      ; - java.net.URLClassLoader::definePackage@59 (line 554)
                      ; - java.net.URLClassLoader::defineClass@64 (line 495)
                      ; - java.net.URLClassLoader$1::run@43 (line 427)
                      ; - java.net.URLClassLoader$1::run@1 (line 421)
  0x000001cf1081729c: e0a0 56ff | 4885 c00f | 845f 4b00 | 0048 8bd0 | 4c8b 4424 | 704c 8bcd | 488b 4c24 | 208b 7c24 
  0x000001cf108172bc: 5848 894c | 2420 498b | e94c 8944 | 2470 448b 

  0x000001cf108172cc: ;   {oop(a 'java/util/jar/Attributes$Name'{0x0000000600605a10})}
  0x000001cf108172cc: c749 b910 | 5a60 0006 | 0000 0033 | ff66 6690 

  0x000001cf108172dc: ;   {optimized virtual_call}
  0x000001cf108172dc: c5f8 77e8 

  0x000001cf108172e0: ; ImmutableOopMap {rbp=Oop [32]=Oop [48]=Oop [64]=Oop [72]=Oop [80]=Oop [112]=Oop [144]=Oop [156]=NarrowOop [160]=NarrowOop [192]=Oop }
                      ;*invokevirtual find {reexecute=0 rethrow=0 return_oop=1}
                      ; - java.util.HashMap$TreeNode::getTreeNode@18 (line 2040)
                      ; - java.util.HashMap::getNode@95 (line 574)
                      ; - java.util.LinkedHashMap::get@2 (line 441)
                      ; - java.util.jar.Attributes::get@5 (line 105)
                      ; - java.util.jar.Attributes::getValue@2 (line 141)
                      ; - java.net.URLClassLoader::definePackage@59 (line 554)
                      ; - java.net.URLClassLoader::defineClass@64 (line 495)
                      ; - java.net.URLClassLoader$1::run@43 (line 427)
                      ; - java.net.URLClassLoader$1::run@1 (line 421)
  0x000001cf108172e0: 9ca0 56ff | 4885 c074 | 154c 8b44 | 2470 4c8b | cd48 8b4c | 2420 488b | d0e9 aa06 | 0000 4c8b 
  0x000001cf10817300: 4424 704c | 8bcd 33c9 | e9cf 0600 | 0047 8b5c | ec08 6666 | 0f1f 8400 | 0000 0000 | 6666 6690 
  0x000001cf10817320: ;   {metadata('java/util/concurrent/ConcurrentHashMap$ReservationNode')}
  0x000001cf10817320: 4181 fb30 | 8519 000f | 8538 2a00 | 004c 8b5c | 2460 4d85 | db0f 84bb 

  0x000001cf10817338: ;   {oop(a 'java/lang/Class'{0x00000006004001e8} = 'jdk/internal/access/SharedSecrets')}
  0x000001cf10817338: 2200 0049 | bae8 0140 | 0006 0000 | 0045 8b82 | c800 0000 | 4585 c00f | 84d0 3c00 | 0048 ff74 
  0x000001cf10817358: 2460 488f | 4424 704f | 8d14 c44c | 8954 2420 | 4489 4424 | 7841 b82e | 0000 0048 | 8b94 24c0 
  0x000001cf10817378: 0000 0041 | b92f 0000 | 0049 8beb 

  0x000001cf10817384: ;   {optimized virtual_call}
  0x000001cf10817384: c5f8 77e8 

  0x000001cf10817388: ; ImmutableOopMap {rbp=Oop [32]=Oop [48]=Oop [64]=Oop [72]=Oop [80]=Oop [112]=Oop [120]=NarrowOop [144]=Oop [156]=NarrowOop [160]=NarrowOop [192]=Oop }
                      ;*invokevirtual replace {reexecute=0 rethrow=0 return_oop=1}
                      ; - java.net.URLClassLoader::definePackage@33 (line 552)
                      ; - java.net.URLClassLoader::defineClass@64 (line 495)
                      ; - java.net.URLClassLoader$1::run@43 (line 427)
                      ; - java.net.URLClassLoader$1::run@1 (line 421)
  0x000001cf10817388: 54e4 b7ff 

  0x000001cf1081738c: ; implicit exception: dispatches to 0x000001cf1081c670
  0x000001cf1081738c: 448b 5014 | 4489 5424 | 7c48 8984 | 2480 0000 | 0066 6690 

  0x000001cf108173a0: ; implicit exception: dispatches to 0x000001cf1081c698
  0x000001cf108173a0: 478b 5cd4 | 0c44 899c | 2488 0000 | 0045 85db | 0f86 3c29 | 0000 440f | be50 1044 | 8994 248c 
  0x000001cf108173c0: 0000 0041 | 8bca 41d3 | fb44 899c | 2498 0000 | 004d 63d3 | 4c89 9424 | a800 0000 | 0f1f 4000 
  0x000001cf108173e0: 83f9 010f | 8473 3c00 | 0044 8b94 | 2498 0000 | 0045 85d2 | 0f8c 023b | 0000 488b | ac24 a800 
  0x000001cf10817400: 0000 4883 | c501 448b | dd45 85db | 0f8c 2a3b | 0000 4c8b | d549 c1fa | 2041 8bca | 41d3 e344 
  0x000001cf10817420: 899c 24a4 | 0000 0045 | 85db 0f8c | 6c3c 0000 | 4181 fb00 | 0010 000f | 87ff 3400 | 004d 63d3 
  0x000001cf10817440: 4181 fb00 | 0010 000f | 8783 2a00 | 004d 8b87 | 0801 0000 | 4983 c217 | 4983 e2f8 | 4d8b d84d 
  0x000001cf10817460: 03da 4d3b | 9f18 0100 | 000f 8361 | 2a00 004d | 899f 0801 | 0000 410f | 0d8b c000 | 0000 49c7 
  0x000001cf10817480: 0001 0000 | 0041 0f0d | 8b00 0100 

  0x000001cf1081748c: ;   {metadata({type array byte})}
  0x000001cf1081748c: 0041 c740 | 0828 6700 | 0044 8b94 | 24a4 0000 | 0045 8950 | 0c41 0f0d | 8b40 0100 | 0041 0f0d 
  0x000001cf108174ac: 8b80 0100 | 004c 8984 | 24b0 0000 | 0044 8b9c | 2498 0000 | 0041 ffc3 | 448b 8424 | a400 0000 
  0x000001cf108174cc: 453b c30f | 82db 3400 | 004c 8b94 | 24b0 0000 | 0044 8b9c | 2498 0000 | 0043 c644 | 1a10 2f44 
  0x000001cf108174ec: 8b9c 248c | 0000 0045 | 85db 0f85 | 8c3a 0000 | 0f1f 4000 | 443b 8424 | 8800 0000 | 0f82 fe34 
  0x000001cf1081750c: 0000 448b | 9424 8800 | 0000 4585 | d276 3548 | 8b94 24b0 | 0000 0048 | 83c2 104d | 63c2 448b 
  0x000001cf1081752c: 5c24 7c4f | 8d14 dc4b | 8d4c dc10 | 0f1f 8400 | 0000 0000 | c5f8 7749 | ba60 7fd6 | 0fcf 0100 
  0x000001cf1081754c: 0041 ffd2 | 498b 8708 | 0100 004c | 8bd0 4983 | c218 6690 | 4d3b 9718 | 0100 000f | 8387 2900 
  0x000001cf1081756c: 004d 8997 | 0801 0000 | 410f 0d8a | c000 0000 | 48c7 0001 

  0x000001cf10817580: ;   {metadata('java/lang/String')}
  0x000001cf10817580: 0000 00c7 | 4008 e0e9 | 0000 4489 | 600c 4489 | 6010 4c8b | 9424 b000 | 0000 4d8b | da49 c1eb 
  0x000001cf108175a0: 0344 8958 | 1448 8984 | 24b8 0000 | 0044 8b54 | 2478 478b | 5cd4 0866 | 0f1f 8400 | 0000 0000 
  0x000001cf108175c0: ;   {metadata('java/util/jar/JavaUtilJarAccessImpl')}
  0x000001cf108175c0: 4181 fbd8 | 0d19 000f | 8578 3300 | 004c 8b4c | 2470 418b | 6910 6666 | 0f1f 8400 | 0000 0000 
  0x000001cf108175e0: ; implicit exception: dispatches to 0x000001cf1081c6c0
  0x000001cf108175e0: 458b 54ec 

  0x000001cf108175e4: ;   {metadata('java/util/HashMap')}
  0x000001cf108175e4: 0841 81fa | 2036 0b00 | 0f85 8a33 | 0000 4d8d | 14ec 458b | 5a24 660f | 1f44 0000 | 4585 db0f 
  0x000001cf10817604: 846d f8ff | ff47 8b54 | dc0c 4585 | d20f 86dd | 3a00 0045 | 8bc3 4c8b | 9c24 b800 | 0000 458b 
  0x000001cf10817624: 4b0c 4f8d | 1cc4 4c89 | 5c24 2041 | ffca 4489 | 5424 7845 | 85c9 660f | 1f44 0000 | 0f84 8f14 
  0x000001cf10817644: 0000 458b | d941 c1eb | 1045 33d9 | 458b c245 | 23c3 488b | 8c24 b800 | 0000 458b | cb4c 8b54 
  0x000001cf10817664: 2420 438b | 5c82 1085 | db0f 84fe | f7ff ff41 | 8b7c dc0c | 440f be41 | 1044 8b59 | 144d 8d14 
  0x000001cf10817684: dc41 3bf9 | 0f85 4e01 | 0000 458b | e84c 8bc1 | 418b 54dc | 1044 8bf3 | 488b ca48 | c1e1 0349 
  0x000001cf108176a4: 3bc8 0f84 | c101 0000 | 4c3b c10f | 84b8 0100 | 0085 d20f | 849b 2600 | 0041 8b4c 

  0x000001cf108176c0: ;   {metadata('java/lang/String')}
  0x000001cf108176c0: d408 81f9 | e0e9 0000 | 0f85 b01d | 0000 498d | 0cd4 488b | d90f be69 | 1044 3bed | 0f1f 4000 
  0x000001cf108176e0: 0f85 6246 | 0000 438b | 4cdc 0c8b | 7b14 418b | 5cfc 0c3b | cb0f 85c4 | 2600 0049 | 8d1c fc49 
  0x000001cf10817700: 8d74 fc10 | 4b8d 1cdc | 4b8d 7cdc | 1085 c90f | 84a5 0000 | 008b c183 | e01f 83e1 | e00f 844b 
  0x000001cf10817720: 0000 0048 | 8d3c 0f48 | 8d34 0e48 | f7d9 c5fe | 6f0c 0fc5 | fe6f 040e | c5f5 efc8 | c4e2 7d17 
  0x000001cf10817740: c90f 857a | 0000 0048 | 83c1 2075 | e185 c00f | 8465 0000 | 00c5 fe6f | 4c07 e0c5 | fe6f 4406 
  0x000001cf10817760: e0c5 f5ef | c8c4 e27d | 17c9 7555 | eb4c 8bc8 | 83e1 fc74 | 1948 8d3c | 0f48 8d34 | 0e48 f7d9 
  0x000001cf10817780: 8b1c 0f3b | 1c0e 7539 | 4883 c104 | 75f2 f7c0 | 0200 0000 | 7412 0fb7 | 1f0f b70e | 3bd9 7521 
  0x000001cf108177a0: 488d 7f02 | 488d 7602 | f7c0 0100 | 0000 740a | 0fb6 1f0f | b60e 3bd9 | 7507 b801 | 0000 00eb 
  0x000001cf108177c0: 0233 c0c5 | f5ef c9c5 | fdef c085 | c00f 859a | 0000 0049 | 8bc8 418b | de45 8bc5 | 418b 7cdc 
  0x000001cf108177e0: 1885 ff0f | 847a 0000 | 0041 8b5c 

  0x000001cf108177ec: ;   {metadata('java/util/HashMap$TreeNode')}
  0x000001cf108177ec: dc08 81fb | e0f5 1200 | 0f85 321b | 0000 458b | 5a28 6690 | 4585 db74 | 3144 894c | 2460 4889 
  0x000001cf1081780c: 4c24 5849 | 8bd2 6690 

  0x000001cf10817814: ;   {optimized virtual_call}
  0x000001cf10817814: c5f8 77e8 

  0x000001cf10817818: ; ImmutableOopMap {[48]=Oop [64]=Oop [72]=Oop [80]=Oop [88]=Oop [112]=Oop [144]=Oop [156]=NarrowOop [160]=NarrowOop [192]=Oop }
                      ;*invokevirtual root {reexecute=0 rethrow=0 return_oop=1}
                      ; - java.util.HashMap$TreeNode::getTreeNode@8 (line 2040)
                      ; - java.util.HashMap::getNode@95 (line 574)
                      ; - java.util.HashMap::get@2 (line 556)
                      ; - java.util.jar.Manifest::getAttributes@5 (line 159)
                      ; - java.util.jar.Manifest::getTrustedAttributes@2 (line 176)
                      ; - java.util.jar.JavaUtilJarAccessImpl::getTrustedAttributes@2 (line 68)
                      ; - java.net.URLClassLoader::definePackage@42 (line 552)
                      ; - java.net.URLClassLoader::defineClass@64 (line 495)
                      ; - java.net.URLClassLoader$1::run@43 (line 427)
                      ; - java.net.URLClassLoader$1::run@1 (line 421)
  0x000001cf10817818: 649b 56ff | 0f1f 4000 | 4885 c00f | 84cb 4200 | 0048 8b4c | 2458 448b | 4c24 604c | 8bd0 488b 
  0x000001cf10817838: e949 8bd2 | 458b c14c | 8bc9 33ff 

  0x000001cf10817844: ;   {optimized virtual_call}
  0x000001cf10817844: c5f8 77e8 

  0x000001cf10817848: ; ImmutableOopMap {rbp=Oop [48]=Oop [64]=Oop [72]=Oop [80]=Oop [112]=Oop [144]=Oop [156]=NarrowOop [160]=NarrowOop [192]=Oop }
                      ;*invokevirtual find {reexecute=0 rethrow=0 return_oop=1}
                      ; - java.util.HashMap$TreeNode::getTreeNode@18 (line 2040)
                      ; - java.util.HashMap::getNode@95 (line 574)
                      ; - java.util.HashMap::get@2 (line 556)
                      ; - java.util.jar.Manifest::getAttributes@5 (line 159)
                      ; - java.util.jar.Manifest::getTrustedAttributes@2 (line 176)
                      ; - java.util.jar.JavaUtilJarAccessImpl::getTrustedAttributes@2 (line 68)
                      ; - java.net.URLClassLoader::definePackage@42 (line 552)
                      ; - java.net.URLClassLoader::defineClass@64 (line 495)
                      ; - java.net.URLClassLoader$1::run@43 (line 427)
                      ; - java.net.URLClassLoader$1::run@1 (line 421)
  0x000001cf10817848: 349b 56ff | 4885 c075 | 0a4c 8b4c | 2470 e91b | f6ff ff48 | 8bcd 488b | f8eb 104c | 8b4c 2470 
  0x000001cf10817868: e909 f6ff | ff49 8bc8 | 498b fa8b | 6f14 85ed | 0f84 fdf5 | ffff 458b 

  0x000001cf10817880: ;   {metadata('java/util/jar/Attributes')}
  0x000001cf10817880: 5cec 0841 | 81fb f84c | 1800 0f85 | f449 0000 | 4c8b 4424 | 7045 8b50 | 144d 8d1c | ec4d 8bcb 
  0x000001cf108178a0: 4585 d274 | 2b49 8be9 | 4889 4c24 | 684b 8d14 | d44c 8bc1 

  0x000001cf108178b4: ;   {optimized virtual_call}
  0x000001cf108178b4: c5f8 77e8 

  0x000001cf108178b8: ; ImmutableOopMap {rbp=Oop [48]=Oop [64]=Oop [72]=Oop [80]=Oop [104]=Oop [112]=Oop [144]=Oop [156]=NarrowOop [160]=NarrowOop [192]=Oop }
                      ;*invokevirtual isTrustedManifestEntry {reexecute=0 rethrow=0 return_oop=0}
                      ; - java.util.jar.Manifest::getTrustedAttributes@22 (line 177)
                      ; - java.util.jar.JavaUtilJarAccessImpl::getTrustedAttributes@2 (line 68)
                      ; - java.net.URLClassLoader::definePackage@42 (line 552)
                      ; - java.net.URLClassLoader::defineClass@64 (line 495)
                      ; - java.net.URLClassLoader$1::run@43 (line 427)
                      ; - java.net.URLClassLoader$1::run@1 (line 421)
  0x000001cf108178b8: c49a 56ff | 0f1f 4000 | 85c0 0f84 | 1d3c 0000 | 4c8b 4424 | 704c 8bcd | 418b 690c 

  0x000001cf108178d4: ; implicit exception: dispatches to 0x000001cf1081c790
  0x000001cf108178d4: 458b 5cec | 080f 1f80 | 0000 0000 

  0x000001cf108178e0: ;   {metadata('java/util/LinkedHashMap')}
  0x000001cf108178e0: 4181 fb20 | 3a0b 000f | 859b 3a00 | 0049 8d0c | ec44 8b51 | 2445 85d2 | 0f84 08fa | ffff 438b 
  0x000001cf10817900: 6cd4 0c85 | ed0f 868d 

  0x000001cf10817908: ;   {oop(a 'java/util/jar/Attributes$Name'{0x0000000600605a10})}
  0x000001cf10817908: 3f00 0049 | bb10 5a60 | 0006 0000 | 0041 8b53 | 0c4f 8d1c | d444 8bd2 | 41c1 ea10 | 418b fa33 
  0x000001cf10817928: faff cd23 | ef41 8b6c | ab10 85ed | 0f84 ccf9 | ffff 458b | 54ec 0c49 | 8d14 ec44 | 3bd7 0f85 
  0x000001cf10817948: 14f9 ffff | 458b 5cec 

  0x000001cf10817950: ;   {oop(a 'java/util/jar/Attributes$Name'{0x0000000600605a10})}
  0x000001cf10817950: 1041 81fb | 420b 0cc0 | 744e 4889 | 5424 6089 | 7c24 2848 | 894c 2458 | 4c89 4c24 | 204c 8944 
  0x000001cf10817970: 2470 4d8b | c349 c1e0 

  0x000001cf10817978: ;   {oop(a 'java/util/jar/Attributes$Name'{0x0000000600605a10})}
  0x000001cf10817978: 0348 ba10 | 5a60 0006 | 0000 0090 

  0x000001cf10817984: ;   {optimized virtual_call}
  0x000001cf10817984: c5f8 77e8 

  0x000001cf10817988: ; ImmutableOopMap {rbp=NarrowOop [32]=Oop [48]=Oop [64]=Oop [72]=Oop [80]=Oop [88]=Oop [96]=Oop [112]=Oop [144]=Oop [156]=NarrowOop [160]=NarrowOop [192]=Oop }
                      ;*invokevirtual equals {reexecute=0 rethrow=0 return_oop=0}
                      ; - java.util.HashMap::getNode@63 (line 570)
                      ; - java.util.LinkedHashMap::get@2 (line 441)
                      ; - java.util.jar.Attributes::get@5 (line 105)
                      ; - java.util.jar.Attributes::getValue@2 (line 141)
                      ; - java.net.URLClassLoader::definePackage@59 (line 554)
                      ; - java.net.URLClassLoader::defineClass@64 (line 495)
                      ; - java.net.URLClassLoader$1::run@43 (line 427)
                      ; - java.net.URLClassLoader$1::run@1 (line 421)
  0x000001cf10817988: f499 56ff | 85c0 0f84 | b4f8 ffff | 4c8b 4424 | 704c 8b4c | 2420 488b | 4c24 5848 | 8b54 2460 
  0x000001cf108179a8: 440f b659 | 2c45 85db | 0f85 4326 | 0000 8b6a | 1485 ed0f | 1f44 0000 | 0f84 40f9 | ffff 458b 
  0x000001cf108179c8: ;   {metadata('java/lang/String')}
  0x000001cf108179c8: 54ec 0841 | 81fa e0e9 | 0000 0f85 | bc49 0000 | 498d 0cec | 418b 690c 

  0x000001cf108179e0: ; implicit exception: dispatches to 0x000001cf1081c7bc
  0x000001cf108179e0: 458b 54ec 

  0x000001cf108179e4: ;   {metadata('java/util/LinkedHashMap')}
  0x000001cf108179e4: 0841 81fa | 203a 0b00 | 0f85 c639 | 0000 498d | 1cec 448b | 5324 660f | 1f44 0000 | 4585 d20f 
  0x000001cf10817a04: 8462 0000 | 0043 8b6c | d40c 85ed | 0f86 be3e | 0000 4889 | 5c24 2048 | 898c 2480 | 0000 004c 
  0x000001cf10817a24: 894c 2478 | 4c89 4424 

  0x000001cf10817a2c: ;   {oop(a 'java/util/jar/Attributes$Name'{0x0000000600605d58})}
  0x000001cf10817a2c: 7049 bb58 | 5d60 0006 | 0000 0045 | 8b4b 0c49 | c1e2 0345 | 8bd9 41c1 | eb10 4533 | d944 895c 
  0x000001cf10817a4c: 2458 ffcd | 4123 eb41 | 8b6c aa10 | 85ed 660f | 1f44 0000 | 0f85 4c02 | 0000 4c8b | 4c24 7833 
  0x000001cf10817a6c: db41 8b69 | 0c45 8b5c | ec08 6666 | 0f1f 8400 | 0000 0000 

  0x000001cf10817a80: ;   {metadata('java/util/LinkedHashMap')}
  0x000001cf10817a80: 4181 fb20 | 3a0b 000f | 8563 3900 | 0049 8d3c | ec44 8b57 | 2445 85d2 | 0f84 7200 | 0000 438b 
  0x000001cf10817aa0: 6cd4 0c85 | ed0f 8679 | 3e00 0048 | 897c 2420 | 4889 9c24 | 8800 0000 | 4889 8c24 | 8000 0000 
  0x000001cf10817ac0: 4c89 4c24 | 784c 8944 

  0x000001cf10817ac8: ;   {oop(a 'java/util/jar/Attributes$Name'{0x0000000600602720})}
  0x000001cf10817ac8: 2470 49bb | 2027 6000 | 0600 0000 | 458b 5b0c | 4f8d 04d4 | 458b d341 | c1ea 1045 | 8bca 4533 
  0x000001cf10817ae8: cb44 894c | 2458 ffcd | 4123 e941 | 8b6c a810 | 85ed 660f | 1f44 0000 | 0f85 1401 | 0000 4c8b 
  0x000001cf10817b08: 4424 704c | 8b4c 2478 | 4533 d24c | 8944 2470 | 4889 8c24 | 8000 0000 | 4889 9c24 | 8800 0000 
  0x000001cf10817b28: 4c89 9424 | d800 0000 | 418b 690c | 4c89 4c24 | 780f 1f80 | 0000 0000 

  0x000001cf10817b40: ; implicit exception: dispatches to 0x000001cf1081c814
  0x000001cf10817b40: 458b 5cec 

  0x000001cf10817b44: ;   {metadata('java/util/LinkedHashMap')}
  0x000001cf10817b44: 0841 81fb | 203a 0b00 | 0f85 ea38 | 0000 4d8d | 1cec 458b | 5324 660f | 1f44 0000 | 4585 d20f 
  0x000001cf10817b64: 84ec f3ff | ff4c 895c | 2420 478b | 5cd4 0c45 | 85db 0f86 | d9f3 ffff 

  0x000001cf10817b7c: ;   {oop(a 'java/util/jar/Attributes$Name'{0x00000006004c1368})}
  0x000001cf10817b7c: 49b8 6813 | 4c00 0600 | 0000 418b | 480c 49c1 | e203 448b | c941 c1e9 | 1044 33c9 | 4489 4c24 
  0x000001cf10817b9c: 5841 ffcb | 4523 d943 | 8b6c 9a10 | 85ed 0f84 | a5f3 ffff | 458b 5cec | 0c4d 8d14 | ec4c 8954 
  0x000001cf10817bbc: 2460 6690 | 453b d90f | 851f f3ff | ff45 8b54 

  0x000001cf10817bcc: ;   {oop(a 'java/util/jar/Attributes$Name'{0x00000006004c1368})}
  0x000001cf10817bcc: ec10 4181 | fa6d 8209 | c00f 85ec | f2ff ff4c | 8b44 2460 | 4c8b 5c24 | 2045 0fb6 | 532c 4585 
  0x000001cf10817bec: d20f 8569 | 2400 0041 | 8b68 1485 | ed0f 8456 | f3ff ff45 | 8b5c ec08 

  0x000001cf10817c04: ;   {metadata('java/lang/String')}
  0x000001cf10817c04: 4181 fbe0 | e900 000f | 85b3 4700 | 004d 8d14 | ece9 3ef3 | ffff 458b | 54ec 0c4d | 8d04 ec45 
  0x000001cf10817c24: 3bd1 0f85 | 1e13 0000 | 458b 5cec 

  0x000001cf10817c30: ;   {oop(a 'java/util/jar/Attributes$Name'{0x0000000600602720})}
  0x000001cf10817c30: 1041 81fb | e404 0cc0 | 7431 4c89 | 4424 604d | 8bc3 49c1 

  0x000001cf10817c44: ;   {oop(a 'java/util/jar/Attributes$Name'{0x0000000600602720})}
  0x000001cf10817c44: e003 48ba | 2027 6000 | 0600 0000 

  0x000001cf10817c50: ;   {optimized virtual_call}
  0x000001cf10817c50: c5f8 77e8 

  0x000001cf10817c54: ; ImmutableOopMap {rbp=NarrowOop [32]=Oop [48]=Oop [64]=Oop [72]=Oop [80]=Oop [96]=Oop [112]=Oop [120]=Oop [128]=Oop [136]=Oop [144]=Oop [156]=NarrowOop [160]=NarrowOop [192]=Oop }
                      ;*invokevirtual equals {reexecute=0 rethrow=0 return_oop=0}
                      ; - java.util.HashMap::getNode@63 (line 570)
                      ; - java.util.LinkedHashMap::get@2 (line 441)
                      ; - java.util.jar.Attributes::get@5 (line 105)
                      ; - java.util.jar.Attributes::getValue@2 (line 141)
                      ; - java.net.URLClassLoader::definePackage@79 (line 556)
                      ; - java.net.URLClassLoader::defineClass@64 (line 495)
                      ; - java.net.URLClassLoader$1::run@43 (line 427)
                      ; - java.net.URLClassLoader$1::run@1 (line 421)
  0x000001cf10817c54: 2897 56ff | 85c0 660f | 1f44 0000 | 0f84 df12 | 0000 4c8b | 4424 604c | 8b54 2420 | 450f b65a 
  0x000001cf10817c74: 2c45 85db | 0f85 c723 | 0000 418b | 6814 85ed | 0f84 9221 | 0000 458b 

  0x000001cf10817c8c: ;   {metadata('java/lang/String')}
  0x000001cf10817c8c: 54ec 0841 | 81fa e0e9 | 0000 0f85 | c046 0000 | 4d8d 14ec | 4c8b 4c24 | 784c 8994 | 24d8 0000 
  0x000001cf10817cac: 00e9 7efe | ffff 458b | 54ec 0c4d | 8d04 ec0f | 1f44 0000 | 453b d30f | 85da 1100 | 0045 8b5c 
  0x000001cf10817ccc: ;   {oop(a 'java/util/jar/Attributes$Name'{0x0000000600605d58})}
  0x000001cf10817ccc: ec10 4181 | fbab 0b0c | c074 344c | 8944 2460 | 4d8b c349 

  0x000001cf10817ce0: ;   {oop(a 'java/util/jar/Attributes$Name'{0x0000000600605d58})}
  0x000001cf10817ce0: c1e0 0348 | ba58 5d60 | 0006 0000 | 0066 6690 

  0x000001cf10817cf0: ;   {optimized virtual_call}
  0x000001cf10817cf0: c5f8 77e8 

  0x000001cf10817cf4: ; ImmutableOopMap {rbp=NarrowOop [32]=Oop [48]=Oop [64]=Oop [72]=Oop [80]=Oop [96]=Oop [112]=Oop [120]=Oop [128]=Oop [144]=Oop [156]=NarrowOop [160]=NarrowOop [192]=Oop }
                      ;*invokevirtual equals {reexecute=0 rethrow=0 return_oop=0}
                      ; - java.util.HashMap::getNode@63 (line 570)
                      ; - java.util.LinkedHashMap::get@2 (line 441)
                      ; - java.util.jar.Attributes::get@5 (line 105)
                      ; - java.util.jar.Attributes::getValue@2 (line 141)
                      ; - java.net.URLClassLoader::definePackage@69 (line 555)
                      ; - java.net.URLClassLoader::defineClass@64 (line 495)
                      ; - java.net.URLClassLoader$1::run@43 (line 427)
                      ; - java.net.URLClassLoader$1::run@1 (line 421)
  0x000001cf10817cf4: 8896 56ff | 85c0 660f | 1f44 0000 | 0f84 9811 | 0000 4c8b | 4424 604c | 8b54 2420 | 450f b65a 
  0x000001cf10817d14: 2c45 85db | 0f85 0c23 | 0000 418b | 6814 85ed | 0f84 db20 | 0000 458b 

  0x000001cf10817d2c: ;   {metadata('java/lang/String')}
  0x000001cf10817d2c: 54ec 0841 | 81fa e0e9 | 0000 0f85 | f445 0000 | 498d 1cec | 4c8b 4424 | 704c 8b4c | 2478 488b 
  0x000001cf10817d4c: 8c24 8000 | 0000 e916 | fdff ff44 | 0fb6 4416 | 108b c3c1 | e005 2bc3 | 4103 c0ff | c241 3bd2 
  0x000001cf10817d6c: 0f8d 5601 | 0000 8bd8 | ebe1 0fb6 | 4a11 85c9 | 0f1f 4000 | 0f85 d61b | 0000 8b6a | 1449 8d0c 
  0x000001cf10817d8c: f480 7a10 | 000f 85b9 | 1e00 0089 | b424 9800 | 0000 4c89 | 5424 6048 | ff74 2478 | 488f 4424 
  0x000001cf10817dac: 5844 895c | 242c 4c89 | 4c24 504c | 8944 2430 | 4489 b424 | a000 0000 | 4489 ac24 | 9c00 0000 
  0x000001cf10817dcc: 4889 5c24 | 4848 897c | 2440 6666 | 0f1f 8400 | 0000 0000 

  0x000001cf10817de0: ; implicit exception: dispatches to 0x000001cf1081c744
  0x000001cf10817de0: 458b 54ec | 0c45 85d2 | 0f86 4014 | 0000 458b | da41 ffcb | 453b da0f | 83e7 3100 | 0041 0fb6 
  0x000001cf10817e00: 5cec 1045 | 8bda 4183 | c3fd 498d | 34ec 4183 | fb01 0f8e | 0032 0000 | 448b cb41 | c1e1 0544 
  0x000001cf10817e20: 2bcb ba01 | 0000 0045 | 8bc2 442b | c241 83c0 | fd33 db44 | 3bda 440f | 4cc3 4181 | f8a0 0f00 
  0x000001cf10817e40: 00bb a00f | 0000 440f | 47c3 4403 | c266 6690 | 4863 c20f | b67c 0610 | 0fb6 6c06 | 130f b65c 
  0x000001cf10817e60: 0611 0fb6 | 4406 1244 | 03cf 458b | e941 c1e5 | 0545 2be9 | 4403 eb45 | 8bcd 41c1 | e105 452b 
  0x000001cf10817e80: cd44 03c8 | 418b d9c1 | e305 412b | d903 dd44 | 8bcb 41c1 | e105 442b | cb83 c204 | 0f1f 4000 
  0x000001cf10817ea0: 413b d07c | ab4d 8b87 

  0x000001cf10817ea8: ; ImmutableOopMap {rcx=Oop rsi=Oop [48]=Oop [64]=Oop [72]=Oop [80]=Oop [88]=Oop [96]=Oop [144]=Oop [152]=NarrowOop [156]=NarrowOop [160]=NarrowOop }
                      ;*goto {reexecute=1 rethrow=0 return_oop=0}
                      ; - (reexecute) java.lang.StringLatin1::hashCode@37 (line 196)
                      ; - java.lang.String::hashCode@27 (line 2344)
                      ; - java.util.concurrent.ConcurrentHashMap::get@1 (line 936)
                      ; - java.lang.ClassLoader::getDefinedPackage@13 (line 2239)
                      ; - java.net.URLClassLoader::getAndVerifyPackage@2 (line 457)
                      ; - java.net.URLClassLoader::defineClass@46 (line 492)
                      ; - java.net.URLClassLoader$1::run@43 (line 427)
                      ; - java.net.URLClassLoader$1::run@1 (line 421)
  0x000001cf10817ea8: 5003 0000 

  0x000001cf10817eac: ;   {poll}
  0x000001cf10817eac: 4185 0041 | 3bd3 0f8c | 6fff ffff | 413b d20f | 1f44 0000 | 0f8c 91fe | ffff 8bc3 | 85c0 0f84 
  0x000001cf10817ecc: 5b1d 0000 | 4c8b 5424 | 5841 8942 | 0c48 ff74 | 2458 488f | 8424 c000 | 0000 8bb4 | 2498 0000 
  0x000001cf10817eec: 00e9 28df | ffff 4183 | c002 418b | e8eb 0541 | 8be8 ffc5 | 3bac 2480 | 0000 000f | 8d1d eaff 
  0x000001cf10817f0c: ff44 8b94 | 2480 0000 | 0066 6666 | 0f1f 8400 | 0000 0000 | 4181 fa00 | 0010 000f | 8758 1f00 
  0x000001cf10817f2c: 004d 8b87 | 0801 0000 | 4d63 da49 | 83c3 1749 | 83e3 f84d | 8bd0 4d03 | d34d 3b97 | 1801 0000 
  0x000001cf10817f4c: 0f83 331f | 0000 4d89 | 9708 0100 | 0041 0f0d | 8ac0 0000 | 0049 c700 | 0100 0000 | 410f 0d8a 
  0x000001cf10817f6c: 0001 0000 

  0x000001cf10817f70: ;   {metadata({type array byte})}
  0x000001cf10817f70: 41c7 4008 | 2867 0000 | 448b 9c24 | 8000 0000 | 4589 580c | 410f 0d8a | 4001 0000 | 410f 0d8a 
  0x000001cf10817f90: 8001 0000 | 4c89 8424 | 8800 0000 | 0f1f 4000 | 85ed 0f8e | dc00 0000 | 448b cd41 | ffc9 443b 
  0x000001cf10817fb0: 8c24 8000 | 0000 0f83 | 4c2d 0000 | 448b 9424 | 8000 0000 | 4585 d20f | 863b 2d00 | 0044 8b9c 
  0x000001cf10817fd0: 24a4 0000 | 0047 0fbe | 54dc 1045 | 8850 1090 | 4183 f901 | 0f8e 722d | 0000 b901 | 0000 008b 
  0x000001cf10817ff0: fd2b f9ff | cf45 33db | 443b c941 | 0f4c fb81 | ffd0 0700 | 0041 bad0 | 0700 0041 | 0f47 fa03 
  0x000001cf10818010: f94c 63d1 | 4c8b 5c24 | 7047 0fbe | 5c13 104c | 8b84 2488 | 0000 0047 | 885c 1010 | 4c8b 5c24 
  0x000001cf10818030: 7047 0fbe | 4413 114c | 8b9c 2488 | 0000 0047 | 8844 1311 | 83c1 023b | cf7c c64d | 8b97 5003 
  0x000001cf10818050: ; ImmutableOopMap {r11=Oop [32]=Oop [48]=Oop [64]=Oop [72]=Oop [80]=Oop [96]=Oop [104]=Oop [112]=Oop [120]=Oop [136]=Oop [144]=Oop [152]=NarrowOop [156]=NarrowOop [160]=NarrowOop [164]=NarrowOop }
                      ;*goto {reexecute=1 rethrow=0 return_oop=0}
                      ; - (reexecute) java.lang.StringLatin1::replace@76 (line 314)
                      ; - java.lang.String::replace@18 (line 2808)
                      ; - java.net.URLClassLoader::isSealed@9 (line 601)
                      ; - java.net.URLClassLoader::getAndVerifyPackage@68 (line 469)
                      ; - java.net.URLClassLoader::defineClass@46 (line 492)
                      ; - java.net.URLClassLoader$1::run@43 (line 427)
                      ; - java.net.URLClassLoader$1::run@1 (line 421)
                      ;   {poll}
  0x000001cf10818050: 0000 4185 | 0241 3bc9 | 7c95 3bcd | 7d26 6690 | 4c63 d14c | 8b5c 2470 | 470f be44 | 1310 4c8b 
  0x000001cf10818070: 9c24 8800 | 0000 4788 | 4413 10ff | c166 6690 | 3bcd 7cdc | 3bac 2480 | 0000 000f | 8d9b 0100 
  0x000001cf10818090: 003b ac24 | 8000 0000 | 0f83 3b28 | 0000 448b | 5424 5844 | 3b94 2480 | 0000 000f | 8328 2800 
  0x000001cf108180b0: 0044 8bdd | 41ff c34c | 63d5 4c8b | 4424 7047 | 0fbe 4c10 | 1041 83f9 | 2e0f 845c | 0b00 004c 
  0x000001cf108180d0: 8b84 2488 | 0000 0047 | 884c 1010 | ffc5 6690 | 413b eb7c | d23b 6c24 | 5c0f 8d02 | 0100 00e9 
  0x000001cf108180f0: c600 0000 | 41ba 2f00 | 0000 660f | 1f44 0000 | 4788 5403 | 114c 8b54 | 2470 470f | be54 0212 
  0x000001cf10818110: 4183 fa2e | 0f84 7500 | 0000 4788 | 5403 124c | 8b54 2470 | 470f be54 | 0213 4183 | fa2e 0f84 
  0x000001cf10818130: 6300 0000 | 4788 5403 | 1383 c504 | 0f1f 4000 | 413b e90f | 8d61 0000 | 004c 63c5 | 4c8b 5424 
  0x000001cf10818150: 7047 0fbe | 5402 1041 | 83fa 2e0f | 1f44 0000 | 0f84 3c00 | 0000 4c8b | 9c24 8800 | 0000 4788 
  0x000001cf10818170: 5403 104c | 8b54 2470 | 470f be54 | 0211 6690 | 4183 fa2e | 0f85 76ff | ffff e965 | ffff ff41 
  0x000001cf10818190: ba2f 0000 | 00eb 8341 | ba2f 0000 | 0066 6690 | eb92 41ba | 2f00 0000 | ebbc 4d8b | 9750 0300 
  0x000001cf108181b0: ; ImmutableOopMap {r11=Oop [32]=Oop [48]=Oop [64]=Oop [72]=Oop [80]=Oop [96]=Oop [104]=Oop [112]=Oop [120]=Oop [136]=Oop [144]=Oop [152]=NarrowOop [156]=NarrowOop [160]=NarrowOop }
                      ;*goto {reexecute=1 rethrow=0 return_oop=0}
                      ; - (reexecute) java.lang.StringLatin1::replace@113 (line 321)
                      ; - java.lang.String::replace@18 (line 2808)
                      ; - java.net.URLClassLoader::isSealed@9 (line 601)
                      ; - java.net.URLClassLoader::getAndVerifyPackage@68 (line 469)
                      ; - java.net.URLClassLoader::defineClass@46 (line 492)
                      ; - java.net.URLClassLoader$1::run@43 (line 427)
                      ; - java.net.URLClassLoader$1::run@1 (line 421)
                      ;   {poll}
  0x000001cf108181b0: 0041 8502 | 3b6c 245c | 7d37 448b | 8c24 8000 | 0000 442b | cd41 83c1 | fd44 8b5c | 245c 4533 
  0x000001cf108181d0: d244 3bdd | 450f 4cca | 4181 f9a0 | 0f00 0041 | baa0 0f00 | 0045 0f47 | ca44 03cd | e958 ffff 
  0x000001cf108181f0: ff3b ac24 | 8000 0000 | 7d32 6690 | 4c63 d54c | 8b5c 2470 | 470f be44 | 1310 4183 | f82e 0f84 
  0x000001cf10818210: c60a 0000 | 4c8b 9c24 | 8800 0000 | 4788 4413 | 10ff c53b | ac24 8000 | 0000 7cd0 | 4d8b 8f08 
  0x000001cf10818230: 0100 004d | 8bd1 4983 | c218 660f | 1f44 0000 | 4d3b 9718 | 0100 000f | 8367 1c00 | 004d 8997 
  0x000001cf10818250: 0801 0000 | 410f 0d8a | c000 0000 | 49c7 0101 

  0x000001cf10818260: ;   {metadata('java/lang/String')}
  0x000001cf10818260: 0000 0041 | c741 08e0 | e900 0045 | 8961 0c4d | 8961 104c | 8b84 2488 | 0000 004d | 8bd8 49c1 
  0x000001cf10818280: eb03 4589 | 5914 458b | 580c 4585 | db0f 86c8 | 0900 004c | 8944 2470 | 410f be49 | 104c 898c 
  0x000001cf108182a0: 2480 0000 | 0044 899c | 2488 0000 | 0089 8c24 | 8c00 0000 | 41d3 fb44 | 899c 24a4 | 0000 004d 
  0x000001cf108182c0: 63d3 4c89 | 9424 a800 | 0000 83f9 | 010f 84c9 | 2a00 0045 | 85db 0f8c | 3429 0000 | 488b ac24 
  0x000001cf108182e0: a800 0000 | 4883 c501 | 448b dd45 | 85db 0f8c | 6c29 0000 | 4c8b d549 | c1fa 2041 | 8bca 41d3 
  0x000001cf10818300: e344 899c | 24b0 0000 | 0045 85db | 0f8c e62a | 0000 6666 | 0f1f 8400 | 0000 0000 | 6666 6690 
  0x000001cf10818320: 4181 fb00 | 0010 000f | 8778 2200 | 004d 63d3 | 4181 fb00 | 0010 000f | 876c 1900 | 004d 8b87 
  0x000001cf10818340: 0801 0000 | 4983 c217 | 4983 e2f8 | 4d8b d84d | 03da 6666 | 0f1f 8400 | 0000 0000 | 6666 6690 
  0x000001cf10818360: 4d3b 9f18 | 0100 000f | 833c 1900 | 004d 899f | 0801 0000 | 410f 0d8b | c000 0000 | 49c7 0001 
  0x000001cf10818380: 0000 0041 | 0f0d 8b00 

  0x000001cf10818388: ;   {metadata({type array byte})}
  0x000001cf10818388: 0100 0041 | c740 0828 | 6700 008b | ac24 b000 | 0000 4189 | 680c 410f | 0d8b 4001 | 0000 410f 
  0x000001cf108183a8: 0d8b 8001 | 0000 448b | 9424 a400 | 0000 41ff | c244 8b9c | 24b0 0000 | 0045 3bda | 0f82 e321 
  0x000001cf108183c8: 0000 448b | 8c24 a400 | 0000 43c6 | 4408 102f | 448b 8c24 | 8c00 0000 | 4585 c90f | 85b7 2800 
  0x000001cf108183e8: 0044 3b9c | 2488 0000 | 000f 8235 | 2200 0044 | 8b94 2488 | 0000 0090 | 4585 d276 | 2e49 8bd8 
  0x000001cf10818408: 498b d048 | 83c2 1048 | 8b4c 2470 | 4883 c110 | 4d63 c20f | 1f44 0000 | c5f8 7749 | ba60 7fd6 
  0x000001cf10818428: 0fcf 0100 | 0041 ffd2 | 4c8b c349 | 8b87 0801 | 0000 4c8b | d049 83c2 | 184d 3b97 | 1801 0000 
  0x000001cf10818448: 0f83 7e18 | 0000 4d89 | 9708 0100 | 0041 0f0d | 8ac0 0000 | 0048 c700 | 0100 0000 

  0x000001cf10818464: ;   {metadata('java/lang/String')}
  0x000001cf10818464: c740 08e0 | e900 0044 | 8960 0c44 | 8960 104d | 8bd0 49c1 | ea03 4489 | 5014 448b | 8424 9800 
  0x000001cf10818484: 0000 478b 

  0x000001cf10818488: ;   {metadata('java/util/jar/JavaUtilJarAccessImpl')}
  0x000001cf10818488: 5cc4 0841 | 81fb d80d | 1900 0f85 | 7820 0000 | 4c8b 4c24 | 6841 8b69 | 1045 8b5c 

  0x000001cf108184a4: ;   {metadata('java/util/HashMap')}
  0x000001cf108184a4: ec08 4181 | fb20 360b | 000f 85b1 | 2000 004d | 8d14 ec41 | 8b5a 2485 | db66 6690 | 0f84 6ce6 
  0x000001cf108184c4: ffff 418b | 4cdc 0c85 | c90f 86dd | 2600 004c | 8bc0 448b | 500c ffc9 | 498d 3cdc | 4585 d20f 
  0x000001cf108184e4: 84c1 0300 | 0045 8bda | 41c1 eb10 | 4533 da41 | 23cb 8b5c | 8f10 85db | 0f1f 4000 | 0f84 2ce6 
  0x000001cf10818504: ffff 418b | 4cdc 0c41 | 8b50 1445 | 0fbe 5010 | 4d8d 2cdc | 413b cb0f | 1f44 0000 | 0f85 79e5 
  0x000001cf10818524: ffff 418b | 74dc 1048 | 8bce 48c1 | e103 493b | c80f 8515 | e4ff ff41 | 8b6d 1490 | 85ed 0f84 
  0x000001cf10818544: eae5 ffff | 458b 5cec 

  0x000001cf1081854c: ;   {metadata('java/util/jar/Attributes')}
  0x000001cf1081854c: 0841 81fb | f84c 1800 | 0f85 6a3d | 0000 458b | 5914 48c1 | e503 4585 | db74 264c | 8944 2470 
  0x000001cf1081856c: 4c89 4c24 | 684b 8d14 | dc66 6690 

  0x000001cf10818578: ;   {optimized virtual_call}
  0x000001cf10818578: c5f8 77e8 

  0x000001cf1081857c: ; ImmutableOopMap {rbp=Oop [48]=Oop [64]=Oop [72]=Oop [80]=Oop [96]=Oop [104]=Oop [112]=Oop [120]=Oop [144]=Oop [156]=NarrowOop [160]=NarrowOop }
                      ;*invokevirtual isTrustedManifestEntry {reexecute=0 rethrow=0 return_oop=0}
                      ; - java.util.jar.Manifest::getTrustedAttributes@22 (line 177)
                      ; - java.util.jar.JavaUtilJarAccessImpl::getTrustedAttributes@2 (line 68)
                      ; - java.net.URLClassLoader::isSealed@18 (line 601)
                      ; - java.net.URLClassLoader::getAndVerifyPackage@68 (line 469)
                      ; - java.net.URLClassLoader::defineClass@46 (line 492)
                      ; - java.net.URLClassLoader$1::run@43 (line 427)
                      ; - java.net.URLClassLoader$1::run@1 (line 421)
  0x000001cf1081857c: 008e 56ff | 85c0 0f84 | e82b 0000 | 4c8b 4c24 | 688b 6d0c 

  0x000001cf10818590: ; implicit exception: dispatches to 0x000001cf1081c764
  0x000001cf10818590: 458b 5cec | 0866 6666 | 0f1f 8400 | 0000 0000 

  0x000001cf108185a0: ;   {metadata('java/util/LinkedHashMap')}
  0x000001cf108185a0: 4181 fb20 | 3a0b 000f | 8593 2b00 | 0049 8d0c | ec44 8b51 | 2445 85d2 | 0f84 74e5 | ffff 438b 
  0x000001cf108185c0: 6cd4 0c85 | ed0f 86a5 

  0x000001cf108185c8: ;   {oop(a 'java/util/jar/Attributes$Name'{0x000000060059d500})}
  0x000001cf108185c8: 2f00 0049 | bb00 d559 | 0006 0000 | 0045 8b5b | 0c4f 8d04 | d445 8bd3 | 41c1 ea10 | 418b da41 
  0x000001cf108185e8: 33db ffcd | 23eb 418b | 6ca8 1085 | ed0f 8437 | e5ff ff45 | 8b54 ec0c | 498d 3cec | 443b d30f 
  0x000001cf10818608: 85e2 0700 | 0045 8b54 | ec10 6666 | 0f1f 8400 | 0000 0000 | 6666 6690 

  0x000001cf10818620: ;   {oop(a 'java/util/jar/Attributes$Name'{0x000000060059d500})}
  0x000001cf10818620: 4181 faa0 | 3a0b c074 | 4c48 897c | 2470 895c | 2468 4889 | 4c24 584c | 894c 2420 | 4d8b c249 
  0x000001cf10818640: ;   {oop(a 'java/util/jar/Attributes$Name'{0x000000060059d500})}
  0x000001cf10818640: c1e0 0348 | ba00 d559 | 0006 0000 | 0066 6690 

  0x000001cf10818650: ;   {optimized virtual_call}
  0x000001cf10818650: c5f8 77e8 

  0x000001cf10818654: ; ImmutableOopMap {rbp=NarrowOop [32]=Oop [48]=Oop [64]=Oop [72]=Oop [80]=Oop [88]=Oop [96]=Oop [112]=Oop [120]=Oop [144]=Oop [156]=NarrowOop [160]=NarrowOop }
                      ;*invokevirtual equals {reexecute=0 rethrow=0 return_oop=0}
                      ; - java.util.HashMap::getNode@63 (line 570)
                      ; - java.util.LinkedHashMap::get@2 (line 441)
                      ; - java.util.jar.Attributes::get@5 (line 105)
                      ; - java.util.jar.Attributes::getValue@2 (line 141)
                      ; - java.net.URLClassLoader::isSealed@35 (line 604)
                      ; - java.net.URLClassLoader::getAndVerifyPackage@68 (line 469)
                      ; - java.net.URLClassLoader::defineClass@46 (line 492)
                      ; - java.net.URLClassLoader$1::run@43 (line 427)
                      ; - java.net.URLClassLoader$1::run@1 (line 421)
  0x000001cf10818654: 288d 56ff | 85c0 660f | 1f44 0000 | 0f84 7607 | 0000 4c8b | 4c24 2048 | 8b4c 2458 | 488b 7c24 
  0x000001cf10818674: 7044 0fb6 | 512c 660f | 1f44 0000 | 4585 d20f | 851c 1900 | 008b 6f14 | 85ed 0f84 | 9ee4 ffff 
  0x000001cf10818694: 458b 5cec | 080f 1f80 | 0000 0000 

  0x000001cf108186a0: ;   {metadata('java/lang/String')}
  0x000001cf108186a0: 4181 fbe0 | e900 000f | 841f 3000 | 00ba deff | ffff 4c8b | 5424 404c | 8954 2420 | 4c8b 5424 
  0x000001cf108186c0: 484c 8954 | 2430 4c8b | 5424 784c | 8954 2458 | 4c89 4c24 | 6866 6690 

  0x000001cf108186d8: ;   {runtime_call UncommonTrapBlob}
  0x000001cf108186d8: c5f8 77e8 

  0x000001cf108186dc: ; ImmutableOopMap {rbp=NarrowOop [32]=Oop [48]=Oop [88]=Oop [96]=Oop [104]=Oop [120]=Oop [144]=Oop [156]=NarrowOop [160]=NarrowOop }
                      ;*checkcast {reexecute=0 rethrow=0 return_oop=0}
                      ; - java.util.jar.Attributes::getValue@5 (line 141)
                      ; - java.net.URLClassLoader::isSealed@35 (line 604)
                      ; - java.net.URLClassLoader::getAndVerifyPackage@68 (line 469)
                      ; - java.net.URLClassLoader::defineClass@46 (line 492)
                      ; - java.net.URLClassLoader$1::run@43 (line 427)
                      ; - java.net.URLClassLoader$1::run@1 (line 421)
  0x000001cf108186dc: 20e2 56ff | 498b 8708 | 0100 004c | 8bd0 4983 | c218 4d3b | 9718 0100 | 000f 8379 | 1900 004d 
  0x000001cf108186fc: 8997 0801 | 0000 410f | 0d8a c000 | 0000 48c7 | 0001 0000 

  0x000001cf10818710: ;   {metadata('java/lang/String')}
  0x000001cf10818710: 00c7 4008 | e0e9 0000 | 4489 600c | 4489 6010 

  0x000001cf10818720: ;   {oop([B{0x0000000600af4628})}
  0x000001cf10818720: c740 14c5 

  0x000001cf10818724: ;   {oop(".class"{0x00000006004003b8})}
  0x000001cf10818724: e815 c049 | bab8 0340 | 0006 0000 | 0045 8b5a | 0c44 8958 | 0c4c 8bc0 | 0f1f 4000 | e9e2 d0ff 
  0x000001cf10818744: ff41 b82f | 0000 00e9 | dbce ffff | 450f b64c | 3810 418b | c2c1 e005 | 412b c241 | 03c1 ffc7 
  0x000001cf10818764: 3bfb 0f8d | fd00 0000 | 448b d0eb | df85 ff0f | 85cc 1200 | 0049 8d04 | ec4c 8b94 | 24c0 0000 
  0x000001cf10818784: 0041 807a | 1000 0f85 | 5516 0000 | 448b d341 | ffca 443b | d30f 8321 | 2a00 0047 | 0fb6 54cc 
  0x000001cf108187a4: 104f 8d04 | cc8b cb83 | c1fd 83f9 | 010f 8e59 | 2a00 0045 | 8bca 41c1 | e105 452b | cabf 0100 
  0x000001cf108187c4: 0000 8bf3 | 2bf7 83c6 | fd45 33d2 | 3bcf 410f | 4cf2 81fe | a00f 0000 | 41ba a00f | 0000 410f 
  0x000001cf108187e4: 47f2 03f7 | 0f1f 8400 | 0000 0000 | 4c63 ef47 | 0fb6 5428 | 1043 0fb6 | 5428 1347 | 0fb6 5c28 
  0x000001cf10818804: 1147 0fb6 | 6c28 1245 | 03ca 458b | d141 c1e2 | 0545 2bd1 | 4503 d345 | 8bda 41c1 | e305 452b 
  0x000001cf10818824: da45 03dd | 458b d341 | c1e2 0545 | 2bd3 4403 | d245 8bca | 41c1 e105 | 452b ca83 | c704 3bfe 
  0x000001cf10818844: 7caa 4d8b | 9f50 0300 

  0x000001cf1081884c: ; ImmutableOopMap {r8=Oop rax=Oop rbp=NarrowOop [48]=Oop [64]=Oop [72]=Oop [80]=Oop [96]=Oop [120]=NarrowOop [144]=Oop [156]=NarrowOop [160]=NarrowOop [192]=Oop }
                      ;*goto {reexecute=1 rethrow=0 return_oop=0}
                      ; - (reexecute) java.lang.StringLatin1::hashCode@37 (line 196)
                      ; - java.lang.String::hashCode@27 (line 2344)
                      ; - java.util.concurrent.ConcurrentHashMap::get@1 (line 936)
                      ; - java.lang.ClassLoader::definePackage@47 (line 2101)
                      ; - java.lang.ClassLoader::getDefinedPackage@32 (line 2243)
                      ; - java.net.URLClassLoader::getAndVerifyPackage@2 (line 457)
                      ; - java.net.URLClassLoader::defineClass@46 (line 492)
                      ; - java.net.URLClassLoader$1::run@43 (line 427)
                      ; - java.net.URLClassLoader$1::run@1 (line 421)
                      ;   {poll}
  0x000001cf1081884c: 0041 8503 | 3bf9 0f8c | 6eff ffff | 3bfb 660f | 1f44 0000 | 0f8c eafe | ffff 418b | c285 c00f 
  0x000001cf1081886c: 845c 1500 | 004c 8b94 | 24c0 0000 | 0041 8942 | 0c66 6690 | e9e1 d9ff | ff45 0fb6 | 5439 108b 
  0x000001cf1081888c: c2c1 e005 | 2bc2 4103 | c2ff c741 | 3bf8 660f | 1f44 0000 | 0f8d 1401 | 0000 8bd0 | ebdb 440f 
  0x000001cf108188ac: b658 1145 | 85db 0f85 | 9411 0000 | 8b68 140f | 1f44 0000 | 8078 1000 | 0f85 9215 | 0000 4889 
  0x000001cf108188cc: 7c24 2089 | 8c24 8800 | 0000 4889 | 8424 8000 | 0000 6690 

  0x000001cf108188e0: ; implicit exception: dispatches to 0x000001cf1081c83c
  0x000001cf108188e0: 458b 44ec | 0c45 85c0 | 0f86 2c0c | 0000 458b | c841 ffc9 | 453b c80f | 8387 2b00 | 0041 0fb6 
  0x000001cf10818900: 54ec 1041 | 8bf0 83c6 | fd4d 8d0c | ec83 fe01 | 0f8e c22b | 0000 8bda | c1e3 052b | dabf 0100 
  0x000001cf10818920: 0000 418b | c82b cf83 | c1fd 4533 | db3b f741 | 0f4c cb81 | f9a0 0f00 | 0041 baa0 | 0f00 0041 
  0x000001cf10818940: 0f47 ca03 | cf66 6666 | 0f1f 8400 | 0000 0000 | 4863 d745 | 0fb6 5c11 | 1041 0fb6 | 4411 1345 
  0x000001cf10818960: 0fb6 5411 | 1141 0fb6 | 6c11 1241 | 03db 448b | db41 c1e3 | 0544 2bdb | 4503 da41 | 8bdb c1e3 
  0x000001cf10818980: 0541 2bdb | 03dd 8bd3 | c1e2 052b | d303 d08b | dac1 e305 | 2bda 83c7 | 043b f97c | b34d 8b97 
  0x000001cf108189a0: ; ImmutableOopMap {r9=Oop [32]=Oop [48]=Oop [64]=Oop [72]=Oop [80]=Oop [96]=Oop [104]=Oop [120]=Oop [128]=Oop [144]=Oop [156]=NarrowOop [160]=NarrowOop }
                      ;*goto {reexecute=1 rethrow=0 return_oop=0}
                      ; - (reexecute) java.lang.StringLatin1::hashCode@37 (line 196)
                      ; - java.lang.String::hashCode@27 (line 2344)
                      ; - java.util.HashMap::hash@9 (line 338)
                      ; - java.util.HashMap::getNode@23 (line 568)
                      ; - java.util.HashMap::get@2 (line 556)
                      ; - java.util.jar.Manifest::getAttributes@5 (line 159)
                      ; - java.util.jar.Manifest::getTrustedAttributes@2 (line 176)
                      ; - java.util.jar.JavaUtilJarAccessImpl::getTrustedAttributes@2 (line 68)
                      ; - java.net.URLClassLoader::isSealed@18 (line 601)
                      ; - java.net.URLClassLoader::getAndVerifyPackage@68 (line 469)
                      ; - java.net.URLClassLoader::defineClass@46 (line 492)
                      ; - java.net.URLClassLoader$1::run@43 (line 427)
                      ; - java.net.URLClassLoader$1::run@1 (line 421)
  0x000001cf108189a0: 5003 0000 

  0x000001cf108189a4: ;   {poll}
  0x000001cf108189a4: 4185 023b | fe0f 8c73 | ffff ff41 | 3bf8 0f8c | cdfe ffff | 8bc2 85c0 | 0f1f 4000 | 0f84 7514 
  0x000001cf108189c4: 0000 4c8b | 8424 8000 | 0000 4189 | 400c 448b | d841 c1eb | 1044 33d8 | 8b8c 2488 | 0000 0041 
  0x000001cf108189e4: 23cb 4c8b | 4c24 6848 | 8b7c 2420 | e901 fbff | ff4c 8b4c | 2420 488b | 4c24 5844 | 8b44 2468 
  0x000001cf10818a04: 488b 7c24 | 7045 8b54 | ec18 4585 | d20f 8441 | e4ff ff45 | 8b5c ec08 | 0f1f 4000 

  0x000001cf10818a20: ;   {metadata('java/util/HashMap$TreeNode')}
  0x000001cf10818a20: 4181 fbe0 | f512 000f | 855c 0a00 | 0048 8bd7 | 443b 6228 | 742f 4489 | 4424 6848 | 8be9 4c89 
  0x000001cf10818a40: 4c24 5890 

  0x000001cf10818a44: ;   {optimized virtual_call}
  0x000001cf10818a44: c5f8 77e8 

  0x000001cf10818a48: ; ImmutableOopMap {rbp=Oop [48]=Oop [64]=Oop [72]=Oop [80]=Oop [88]=Oop [96]=Oop [120]=Oop [144]=Oop [156]=NarrowOop [160]=NarrowOop }
                      ;*invokevirtual root {reexecute=0 rethrow=0 return_oop=1}
                      ; - java.util.HashMap$TreeNode::getTreeNode@8 (line 2040)
                      ; - java.util.HashMap::getNode@95 (line 574)
                      ; - java.util.LinkedHashMap::get@2 (line 441)
                      ; - java.util.jar.Attributes::get@5 (line 105)
                      ; - java.util.jar.Attributes::getValue@2 (line 141)
                      ; - java.net.URLClassLoader::isSealed@58 (line 608)
                      ; - java.net.URLClassLoader::getAndVerifyPackage@68 (line 469)
                      ; - java.net.URLClassLoader::defineClass@46 (line 492)
                      ; - java.net.URLClassLoader$1::run@43 (line 427)
                      ; - java.net.URLClassLoader$1::run@1 (line 421)
  0x000001cf10818a48: 3489 56ff | 4885 c00f | 843f 3100 | 0048 8bd0 | 4c8b 4c24 | 5848 8bcd | 448b 4424 | 6848 894c 
  0x000001cf10818a68: 2420 498b 

  0x000001cf10818a6c: ;   {oop(a 'java/util/jar/Attributes$Name'{0x000000060059d500})}
  0x000001cf10818a6c: e949 b900 | d559 0006 | 0000 0033 | ff66 6690 

  0x000001cf10818a7c: ;   {optimized virtual_call}
  0x000001cf10818a7c: c5f8 77e8 

  0x000001cf10818a80: ; ImmutableOopMap {rbp=Oop [32]=Oop [48]=Oop [64]=Oop [72]=Oop [80]=Oop [96]=Oop [120]=Oop [144]=Oop [156]=NarrowOop [160]=NarrowOop }
                      ;*invokevirtual find {reexecute=0 rethrow=0 return_oop=1}
                      ; - java.util.HashMap$TreeNode::getTreeNode@18 (line 2040)
                      ; - java.util.HashMap::getNode@95 (line 574)
                      ; - java.util.LinkedHashMap::get@2 (line 441)
                      ; - java.util.jar.Attributes::get@5 (line 105)
                      ; - java.util.jar.Attributes::getValue@2 (line 141)
                      ; - java.net.URLClassLoader::isSealed@58 (line 608)
                      ; - java.net.URLClassLoader::getAndVerifyPackage@68 (line 469)
                      ; - java.net.URLClassLoader::defineClass@46 (line 492)
                      ; - java.net.URLClassLoader$1::run@43 (line 427)
                      ; - java.net.URLClassLoader$1::run@1 (line 421)
  0x000001cf10818a80: fc88 56ff | 4885 c00f | 84cb e3ff | ff4c 8bcd | 488b 4c24 | 2048 8bf8 | e978 e1ff | ff44 8b54 
  0x000001cf10818aa0: 2428 458b | da47 0fb6 | 5419 1041 | 03c2 458b | d341 ffc2 | 458b da44 | 3bd5 660f | 1f44 0000 
  0x000001cf10818ac0: 0f8d 3401 | 0000 448b | d041 c1e2 | 0544 2bd0 | 418b c2eb | d04c 8b94 | 24b8 0000 | 0045 0fb6 
  0x000001cf10818ae0: 5a11 4585 | db0f 850a | 1000 0045 | 8b5a 1445 | 8bcb 4180 | 7a10 000f | 85e8 1400 | 0066 6690 
  0x000001cf10818b00: ; implicit exception: dispatches to 0x000001cf1081c864
  0x000001cf10818b00: 438b 6cdc | 0c85 ed0f | 8618 0a00 | 0044 8bdd | 41ff cb44 | 3bdd 0f83 | 0c2b 0000 | 458b d947 
  0x000001cf10818b20: 0fb6 5cdc | 108b cd83 | c1fd 418b | c3c1 e005 | 412b c349 | c1e1 0383 | f901 660f | 1f44 0000 
  0x000001cf10818b40: 0f8e a300 | 0000 8bdd | 2b5c 2428 | 83c3 fd45 | 33db 3b4c | 2428 410f | 4cdb 81fb | a00f 0000 
  0x000001cf10818b60: 41bb a00f | 0000 410f | 47db 035c | 2428 6690 | 4c63 5c24 | 2847 0fb6 | 5419 1043 | 0fb6 5419 
  0x000001cf10818b80: 1347 0fb6 | 4419 1147 | 0fb6 5c19 | 1241 03c2 | 8bf8 c1e7 | 052b f841 | 03f8 448b | d741 c1e2 
  0x000001cf10818ba0: 0544 2bd7 | 4503 d345 | 8bda 41c1 | e305 452b | da44 03da | 418b c3c1 | e005 412b | c344 8b54 
  0x000001cf10818bc0: 2428 4183 | c204 4489 | 5424 2844 | 3bd3 7ca0 | 4d8b 9750 

  0x000001cf10818bd4: ; ImmutableOopMap {r9=Oop [32]=Oop [48]=Oop [64]=Oop [72]=Oop [80]=Oop [112]=Oop [144]=Oop [156]=NarrowOop [160]=NarrowOop [184]=Oop [192]=Oop }
                      ;*goto {reexecute=1 rethrow=0 return_oop=0}
                      ; - (reexecute) java.lang.StringLatin1::hashCode@37 (line 196)
                      ; - java.lang.String::hashCode@27 (line 2344)
                      ; - java.util.HashMap::hash@9 (line 338)
                      ; - java.util.HashMap::getNode@23 (line 568)
                      ; - java.util.HashMap::get@2 (line 556)
                      ; - java.util.jar.Manifest::getAttributes@5 (line 159)
                      ; - java.util.jar.Manifest::getTrustedAttributes@2 (line 176)
                      ; - java.util.jar.JavaUtilJarAccessImpl::getTrustedAttributes@2 (line 68)
                      ; - java.net.URLClassLoader::definePackage@42 (line 552)
                      ; - java.net.URLClassLoader::defineClass@64 (line 495)
                      ; - java.net.URLClassLoader$1::run@43 (line 427)
                      ; - java.net.URLClassLoader$1::run@1 (line 421)
                      ;   {poll}
  0x000001cf10818bd4: 0300 0041 | 8502 448b | 5424 2890 | 443b d10f | 8c5d ffff | ff44 8b44 | 2428 443b | c50f 8ca6 
  0x000001cf10818bf4: feff ff41 | 8bc3 85c0 | 0f1f 4000 | 0f84 c313 | 0000 488b | 8c24 b800 | 0000 8941 | 0c44 8bd8 
  0x000001cf10818c14: 41c1 eb10 | 4433 d844 | 8b44 2478 | 4523 c345 | 8bcb e936 | eaff ff41 | b92f 0000 | 00e9 99f4 
  0x000001cf10818c34: ffff 4c89 | 4424 780f | 1f44 0000 | e952 cfff | ff45 8b55 | 1845 85d2 | 0f84 dbe6 | ffff 4f8d 
  0x000001cf10818c54: 2cd4 e9c5 | d3ff ff49 | 8b87 0801 | 0000 4c8b | d049 83c2 | 184d 3b97 | 1801 0000 | 0f83 7814 
  0x000001cf10818c74: 0000 4d89 | 9708 0100 | 0041 0f0d | 8ac0 0000 | 0048 c700 | 0100 0000 

  0x000001cf10818c8c: ;   {metadata('java/lang/String')}
  0x000001cf10818c8c: c740 08e0 | e900 0044 | 8960 0c44 

  0x000001cf10818c98: ;   {oop([B{0x00000006004fef20})}
  0x000001cf10818c98: 8960 10c7 | 4014 e4fd 

  0x000001cf10818ca0: ;   {oop("/"{0x00000006004fef08})}
  0x000001cf10818ca0: 09c0 49ba | 08ef 4f00 | 0600 0000 | 458b 520c | 4489 500c | e9c5 f7ff | ff4c 8b84 | 24c8 0000 
  0x000001cf10818cc0: 00e9 ade3 | ffff 4533 | d2e9 cae3 | ffff 33ed | bb01 0000 | 00e9 9cc6 | ffff 41b8 | 2f00 0000 
  0x000001cf10818ce0: e92f f5ff | ff48 8b54 

  0x000001cf10818ce8: ;   {oop(a 'java/util/jar/Attributes$Name'{0x0000000600605a10})}
  0x000001cf10818ce8: 2458 49b8 | 105a 6000 | 0600 0000 

  0x000001cf10818cf4: ;   {optimized virtual_call}
  0x000001cf10818cf4: c5f8 77e8 

  0x000001cf10818cf8: ; ImmutableOopMap {[32]=Oop [40]=NarrowOop [48]=Oop [64]=Oop [72]=Oop [80]=Oop [88]=Oop [112]=Oop [136]=Oop [144]=Oop [156]=NarrowOop [160]=NarrowOop [192]=Oop [200]=Oop [208]=Oop [216]=Oop [224]=Oop }
                      ;*invokevirtual getValue {reexecute=0 rethrow=0 return_oop=1}
                      ; - java.net.URLClassLoader::definePackage@145 (line 565)
                      ; - java.net.URLClassLoader::defineClass@64 (line 495)
                      ; - java.net.URLClassLoader$1::run@43 (line 427)
                      ; - java.net.URLClassLoader$1::run@1 (line 421)
  0x000001cf10818cf8: 8465 0e00 | 4889 8424 | 8000 0000 | e9fd e2ff | ff48 8b54 

  0x000001cf10818d0c: ;   {oop(a 'java/util/jar/Attributes$Name'{0x0000000600605d58})}
  0x000001cf10818d0c: 2458 49b8 | 585d 6000 | 0600 0000 

  0x000001cf10818d18: ;   {optimized virtual_call}
  0x000001cf10818d18: c5f8 77e8 

  0x000001cf10818d1c: ; ImmutableOopMap {[32]=Oop [40]=NarrowOop [48]=Oop [64]=Oop [72]=Oop [80]=Oop [88]=Oop [112]=Oop [128]=Oop [144]=Oop [156]=NarrowOop [160]=NarrowOop [192]=Oop [200]=Oop [208]=Oop [216]=Oop [224]=Oop }
                      ;*invokevirtual getValue {reexecute=0 rethrow=0 return_oop=1}
                      ; - java.net.URLClassLoader::definePackage@160 (line 568)
                      ; - java.net.URLClassLoader::defineClass@64 (line 495)
                      ; - java.net.URLClassLoader$1::run@43 (line 427)
                      ; - java.net.URLClassLoader$1::run@1 (line 421)
  0x000001cf10818d1c: 6065 0e00 | 4889 8424 | 8800 0000 | e9ea e2ff | ff48 8b54 

  0x000001cf10818d30: ;   {oop(a 'java/util/jar/Attributes$Name'{0x0000000600602720})}
  0x000001cf10818d30: 2458 49b8 | 2027 6000 | 0600 0000 

  0x000001cf10818d3c: ;   {optimized virtual_call}
  0x000001cf10818d3c: c5f8 77e8 

  0x000001cf10818d40: ; ImmutableOopMap {[32]=Oop [40]=NarrowOop [48]=Oop [64]=Oop [72]=Oop [80]=Oop [88]=Oop [112]=Oop [128]=Oop [136]=Oop [144]=Oop [156]=NarrowOop [160]=NarrowOop [192]=Oop [200]=Oop [208]=Oop [224]=Oop }
                      ;*invokevirtual getValue {reexecute=0 rethrow=0 return_oop=1}
                      ; - java.net.URLClassLoader::definePackage@175 (line 571)
                      ; - java.net.URLClassLoader::defineClass@64 (line 495)
                      ; - java.net.URLClassLoader$1::run@43 (line 427)
                      ; - java.net.URLClassLoader$1::run@1 (line 421)
  0x000001cf10818d40: 3c65 0e00 | 4889 8424 | d800 0000 | e9d8 e2ff | ff48 8b54 

  0x000001cf10818d54: ;   {oop(a 'java/util/jar/Attributes$Name'{0x00000006004c1368})}
  0x000001cf10818d54: 2458 49b8 | 6813 4c00 | 0600 0000 

  0x000001cf10818d60: ;   {optimized virtual_call}
  0x000001cf10818d60: c5f8 77e8 

  0x000001cf10818d64: ; ImmutableOopMap {[40]=NarrowOop [48]=Oop [64]=Oop [72]=Oop [80]=Oop [88]=Oop [112]=Oop [128]=Oop [136]=Oop [144]=Oop [156]=NarrowOop [160]=NarrowOop [192]=Oop [200]=Oop [208]=Oop [216]=Oop [224]=Oop }
                      ;*invokevirtual getValue {reexecute=0 rethrow=0 return_oop=1}
                      ; - java.net.URLClassLoader::definePackage@190 (line 574)
                      ; - java.net.URLClassLoader::defineClass@64 (line 495)
                      ; - java.net.URLClassLoader$1::run@43 (line 427)
                      ; - java.net.URLClassLoader$1::run@1 (line 421)
  0x000001cf10818d64: 1865 0e00 | 4889 4424 | 20e9 c5e2 | ffff 488b 

  0x000001cf10818d74: ;   {oop(a 'java/util/jar/Attributes$Name'{0x00000006004c2538})}
  0x000001cf10818d74: 5424 5849 | b838 254c | 0006 0000 | 0066 6690 

  0x000001cf10818d84: ;   {optimized virtual_call}
  0x000001cf10818d84: c5f8 77e8 

  0x000001cf10818d88: ; ImmutableOopMap {[32]=Oop [40]=NarrowOop [48]=Oop [64]=Oop [72]=Oop [80]=Oop [88]=Oop [112]=Oop [128]=Oop [136]=Oop [144]=Oop [156]=NarrowOop [160]=NarrowOop [192]=Oop [200]=Oop [216]=Oop [224]=Oop }
                      ;*invokevirtual getValue {reexecute=0 rethrow=0 return_oop=1}
                      ; - java.net.URLClassLoader::definePackage@205 (line 577)
                      ; - java.net.URLClassLoader::defineClass@64 (line 495)
                      ; - java.net.URLClassLoader$1::run@43 (line 427)
                      ; - java.net.URLClassLoader$1::run@1 (line 421)
  0x000001cf10818d88: f464 0e00 | 4889 8424 | d000 0000 | e9b0 e2ff | ff48 8b54 

  0x000001cf10818d9c: ;   {oop(a 'java/util/jar/Attributes$Name'{0x0000000600605ac0})}
  0x000001cf10818d9c: 2458 49b8 | c05a 6000 | 0600 0000 

  0x000001cf10818da8: ;   {optimized virtual_call}
  0x000001cf10818da8: c5f8 77e8 

  0x000001cf10818dac: ; ImmutableOopMap {[32]=Oop [40]=NarrowOop [48]=Oop [64]=Oop [72]=Oop [80]=Oop [88]=Oop [112]=Oop [128]=Oop [136]=Oop [144]=Oop [156]=NarrowOop [160]=NarrowOop [192]=Oop [200]=Oop [208]=Oop [216]=Oop }
                      ;*invokevirtual getValue {reexecute=0 rethrow=0 return_oop=1}
                      ; - java.net.URLClassLoader::definePackage@220 (line 580)
                      ; - java.net.URLClassLoader::defineClass@64 (line 495)
                      ; - java.net.URLClassLoader$1::run@43 (line 427)
                      ; - java.net.URLClassLoader$1::run@1 (line 421)
  0x000001cf10818dac: d064 0e00 | 4889 8424 | e000 0000 | e99d e2ff | ff48 8b54 

  0x000001cf10818dc0: ;   {oop(a 'java/util/jar/Attributes$Name'{0x000000060059d500})}
  0x000001cf10818dc0: 2458 49b8 | 00d5 5900 | 0600 0000 

  0x000001cf10818dcc: ;   {optimized virtual_call}
  0x000001cf10818dcc: c5f8 77e8 

  0x000001cf10818dd0: ; ImmutableOopMap {[32]=Oop [48]=Oop [64]=Oop [72]=Oop [80]=Oop [112]=Oop [128]=Oop [136]=Oop [144]=Oop [156]=NarrowOop [160]=NarrowOop [192]=Oop [208]=Oop [216]=Oop [224]=Oop }
                      ;*invokevirtual getValue {reexecute=0 rethrow=0 return_oop=1}
                      ; - java.net.URLClassLoader::definePackage@235 (line 583)
                      ; - java.net.URLClassLoader::defineClass@64 (line 495)
                      ; - java.net.URLClassLoader$1::run@43 (line 427)
                      ; - java.net.URLClassLoader$1::run@1 (line 421)
  0x000001cf10818dd0: ac64 0e00 | 4c8b c0e9 | 97e2 ffff | 4c8b 4c24 | 2048 8b4c | 2458 8b5c | 2468 488b | 7c24 7045 
  0x000001cf10818df0: 8b5c ec18 | 4585 db0f | 8435 ddff | ff45 8b44 

  0x000001cf10818e00: ;   {metadata('java/util/HashMap$TreeNode')}
  0x000001cf10818e00: ec08 4181 | f8e0 f512 | 000f 855b | 0700 0048 | 8bd7 443b | 6228 742c | 895c 2468 | 488b e94c 
  0x000001cf10818e20: 894c 2458 

  0x000001cf10818e24: ;   {optimized virtual_call}
  0x000001cf10818e24: c5f8 77e8 

  0x000001cf10818e28: ; ImmutableOopMap {rbp=Oop [48]=Oop [64]=Oop [72]=Oop [80]=Oop [88]=Oop [96]=Oop [120]=Oop [144]=Oop [156]=NarrowOop [160]=NarrowOop }
                      ;*invokevirtual root {reexecute=0 rethrow=0 return_oop=1}
                      ; - java.util.HashMap$TreeNode::getTreeNode@8 (line 2040)
                      ; - java.util.HashMap::getNode@95 (line 574)
                      ; - java.util.LinkedHashMap::get@2 (line 441)
                      ; - java.util.jar.Attributes::get@5 (line 105)
                      ; - java.util.jar.Attributes::getValue@2 (line 141)
                      ; - java.net.URLClassLoader::isSealed@35 (line 604)
                      ; - java.net.URLClassLoader::getAndVerifyPackage@68 (line 469)
                      ; - java.net.URLClassLoader::defineClass@46 (line 492)
                      ; - java.net.URLClassLoader$1::run@43 (line 427)
                      ; - java.net.URLClassLoader$1::run@1 (line 421)
  0x000001cf10818e28: 5485 56ff | 4885 c00f | 84a3 2f00 | 0048 8bd0 | 4c8b 4c24 | 5848 8bcd | 8b5c 2468 | 4889 4c24 
  0x000001cf10818e48: 2049 8be9 

  0x000001cf10818e4c: ;   {oop(a 'java/util/jar/Attributes$Name'{0x000000060059d500})}
  0x000001cf10818e4c: 448b c349 | b900 d559 | 0006 0000 | 0033 ff90 

  0x000001cf10818e5c: ;   {optimized virtual_call}
  0x000001cf10818e5c: c5f8 77e8 

  0x000001cf10818e60: ; ImmutableOopMap {rbp=Oop [32]=Oop [48]=Oop [64]=Oop [72]=Oop [80]=Oop [96]=Oop [120]=Oop [144]=Oop [156]=NarrowOop [160]=NarrowOop }
                      ;*invokevirtual find {reexecute=0 rethrow=0 return_oop=1}
                      ; - java.util.HashMap$TreeNode::getTreeNode@18 (line 2040)
                      ; - java.util.HashMap::getNode@95 (line 574)
                      ; - java.util.LinkedHashMap::get@2 (line 441)
                      ; - java.util.jar.Attributes::get@5 (line 105)
                      ; - java.util.jar.Attributes::getValue@2 (line 141)
                      ; - java.net.URLClassLoader::isSealed@35 (line 604)
                      ; - java.net.URLClassLoader::getAndVerifyPackage@68 (line 469)
                      ; - java.net.URLClassLoader::defineClass@46 (line 492)
                      ; - java.net.URLClassLoader$1::run@43 (line 427)
                      ; - java.net.URLClassLoader$1::run@1 (line 421)
  0x000001cf10818e60: 1c85 56ff | 4885 c074 | 104c 8bcd | 488b 4c24 | 2048 8bf8 | e9fc f7ff | ff4c 8bcd | 0f1f 4000 
  0x000001cf10818e80: e9ad dcff | ff4d 8bd0 | 458b 5a18 | 4585 db0f | 8418 d8ff | ff4f 8d14 | dce9 afd5 | ffff 4c8b 
  0x000001cf10818ea0: 4424 6045 | 8b54 ec18 | 4585 d20f | 847b 0000 | 0045 8b5c | ec08 6666 | 0f1f 8400 | 0000 0000 
  0x000001cf10818ec0: ;   {metadata('java/util/HashMap$TreeNode')}
  0x000001cf10818ec0: 4181 fbe0 | f512 000f | 85fe 0700 | 0049 8bd0 | 443b 6228 | 7416 6690 

  0x000001cf10818ed8: ;   {optimized virtual_call}
  0x000001cf10818ed8: c5f8 77e8 

  0x000001cf10818edc: ; ImmutableOopMap {[32]=Oop [48]=Oop [64]=Oop [72]=Oop [80]=Oop [112]=Oop [120]=Oop [128]=Oop [144]=Oop [156]=NarrowOop [160]=NarrowOop [192]=Oop }
                      ;*invokevirtual root {reexecute=0 rethrow=0 return_oop=1}
                      ; - java.util.HashMap$TreeNode::getTreeNode@8 (line 2040)
                      ; - java.util.HashMap::getNode@95 (line 574)
                      ; - java.util.LinkedHashMap::get@2 (line 441)
                      ; - java.util.jar.Attributes::get@5 (line 105)
                      ; - java.util.jar.Attributes::getValue@2 (line 141)
                      ; - java.net.URLClassLoader::definePackage@69 (line 555)
                      ; - java.net.URLClassLoader::defineClass@64 (line 495)
                      ; - java.net.URLClassLoader$1::run@43 (line 427)
                      ; - java.net.URLClassLoader$1::run@1 (line 421)
  0x000001cf10818edc: a084 56ff | 4885 c00f | 8447 2f00 | 0048 8bd0 | 448b 4424 

  0x000001cf10818ef0: ;   {oop(a 'java/util/jar/Attributes$Name'{0x0000000600605d58})}
  0x000001cf10818ef0: 5849 b958 | 5d60 0006 | 0000 0033 | ff66 6690 

  0x000001cf10818f00: ;   {optimized virtual_call}
  0x000001cf10818f00: c5f8 77e8 

  0x000001cf10818f04: ; ImmutableOopMap {[32]=Oop [48]=Oop [64]=Oop [72]=Oop [80]=Oop [112]=Oop [120]=Oop [128]=Oop [144]=Oop [156]=NarrowOop [160]=NarrowOop [192]=Oop }
                      ;*invokevirtual find {reexecute=0 rethrow=0 return_oop=1}
                      ; - java.util.HashMap$TreeNode::getTreeNode@18 (line 2040)
                      ; - java.util.HashMap::getNode@95 (line 574)
                      ; - java.util.LinkedHashMap::get@2 (line 441)
                      ; - java.util.jar.Attributes::get@5 (line 105)
                      ; - java.util.jar.Attributes::getValue@2 (line 141)
                      ; - java.net.URLClassLoader::definePackage@69 (line 555)
                      ; - java.net.URLClassLoader::defineClass@64 (line 495)
                      ; - java.net.URLClassLoader$1::run@43 (line 427)
                      ; - java.net.URLClassLoader$1::run@1 (line 421)
  0x000001cf10818f04: 7884 56ff | 4885 c074 | 084c 8bc0 | e9f6 edff | ff4c 8b44 | 2470 4c8b | 4c24 7848 | 8b8c 2480 
  0x000001cf10818f24: 0000 00e9 | 3feb ffff | 4c8b 4424 | 704c 8b4c | 2478 488b | 8c24 8000 | 0000 6690 | e926 ebff 
  0x000001cf10818f44: ff4c 8b44 | 2460 458b | 54ec 1845 | 85d2 0f84 | 7c00 0000 | 458b 5cec | 0866 6690 

  0x000001cf10818f60: ;   {metadata('java/util/HashMap$TreeNode')}
  0x000001cf10818f60: 4181 fbe0 | f512 000f | 85df 0700 | 0049 8bd0 | 443b 6228 | 7416 6690 

  0x000001cf10818f78: ;   {optimized virtual_call}
  0x000001cf10818f78: c5f8 77e8 

  0x000001cf10818f7c: ; ImmutableOopMap {[32]=Oop [48]=Oop [64]=Oop [72]=Oop [80]=Oop [112]=Oop [120]=Oop [128]=Oop [136]=Oop [144]=Oop [156]=NarrowOop [160]=NarrowOop [192]=Oop }
                      ;*invokevirtual root {reexecute=0 rethrow=0 return_oop=1}
                      ; - java.util.HashMap$TreeNode::getTreeNode@8 (line 2040)
                      ; - java.util.HashMap::getNode@95 (line 574)
                      ; - java.util.LinkedHashMap::get@2 (line 441)
                      ; - java.util.jar.Attributes::get@5 (line 105)
                      ; - java.util.jar.Attributes::getValue@2 (line 141)
                      ; - java.net.URLClassLoader::definePackage@79 (line 556)
                      ; - java.net.URLClassLoader::defineClass@64 (line 495)
                      ; - java.net.URLClassLoader$1::run@43 (line 427)
                      ; - java.net.URLClassLoader$1::run@1 (line 421)
  0x000001cf10818f7c: 0084 56ff | 4885 c00f | 84cf 2e00 | 0048 8bd0 | 448b 4424 

  0x000001cf10818f90: ;   {oop(a 'java/util/jar/Attributes$Name'{0x0000000600602720})}
  0x000001cf10818f90: 5849 b920 | 2760 0006 | 0000 0033 | ff66 6690 

  0x000001cf10818fa0: ;   {optimized virtual_call}
  0x000001cf10818fa0: c5f8 77e8 

  0x000001cf10818fa4: ; ImmutableOopMap {[32]=Oop [48]=Oop [64]=Oop [72]=Oop [80]=Oop [112]=Oop [120]=Oop [128]=Oop [136]=Oop [144]=Oop [156]=NarrowOop [160]=NarrowOop [192]=Oop }
                      ;*invokevirtual find {reexecute=0 rethrow=0 return_oop=1}
                      ; - java.util.HashMap$TreeNode::getTreeNode@18 (line 2040)
                      ; - java.util.HashMap::getNode@95 (line 574)
                      ; - java.util.LinkedHashMap::get@2 (line 441)
                      ; - java.util.jar.Attributes::get@5 (line 105)
                      ; - java.util.jar.Attributes::getValue@2 (line 141)
                      ; - java.net.URLClassLoader::definePackage@79 (line 556)
                      ; - java.net.URLClassLoader::defineClass@64 (line 495)
                      ; - java.net.URLClassLoader$1::run@43 (line 427)
                      ; - java.net.URLClassLoader$1::run@1 (line 421)
  0x000001cf10818fa4: d883 56ff | 4885 c074 | 084c 8bc0 | e9b6 ecff | ff4c 8b44 | 2470 4c8b | 4c24 7848 | 8b8c 2480 
  0x000001cf10818fc4: 0000 0048 | 8b9c 2488 | 0000 00e9 | 3ceb ffff | 4c8b 4424 | 704c 8b4c | 2478 488b | 8c24 8000 
  0x000001cf10818fe4: 0000 488b | 9c24 8800 | 0000 e91d | ebff ff47 | 0fb6 5cd4 | 1145 85db | 0f1f 4000 | 0f85 b6cc 
  0x000001cf10819004: ffff 418b 

  0x000001cf10819008: ;   {oop(a 'java/lang/Boolean'{0x000000060040eba8} = true)}
  0x000001cf10819008: ea49 b8a8 | eb40 0006 

  0x000001cf10819010: ;   {oop(a 'java/lang/ThreadLocal'{0x00000006004fdd10})}
  0x000001cf10819010: 0000 0048 | ba10 dd4f | 0006 0000 | 0066 6690 

  0x000001cf10819020: ;   {optimized virtual_call}
  0x000001cf10819020: c5f8 77e8 

  0x000001cf10819024: ; ImmutableOopMap {rbp=NarrowOop [32]=Oop [48]=Oop [64]=Oop [72]=Oop [80]=NarrowOop [84]=NarrowOop [88]=Oop [104]=Oop [120]=Oop [144]=Oop }
                      ;*invokevirtual set {reexecute=0 rethrow=0 return_oop=0}
                      ; - java.util.jar.JarFile::ensureInitialization@37 (line 1036)
                      ; - java.util.jar.JavaUtilJarAccessImpl::ensureInitialization@1 (line 72)
                      ; - jdk.internal.loader.URLClassPath$JarLoader$2::getManifest@10 (line 885)
                      ; - java.net.URLClassLoader::defineClass@34 (line 491)
                      ; - java.net.URLClassLoader$1::run@43 (line 427)
                      ; - java.net.URLClassLoader$1::run@1 (line 421)
  0x000001cf10819024: 580c ebff | 488b 5424 | 6866 6690 

  0x000001cf10819030: ;   {optimized virtual_call}
  0x000001cf10819030: c5f8 77e8 

  0x000001cf10819034: ; ImmutableOopMap {rbp=NarrowOop [32]=Oop [48]=Oop [64]=Oop [72]=Oop [80]=NarrowOop [84]=NarrowOop [88]=Oop [104]=Oop [120]=Oop [144]=Oop }
                      ;*invokevirtual initializeVerifier {reexecute=0 rethrow=0 return_oop=0}
                      ; - java.util.jar.JarFile::ensureInitialization@41 (line 1038)
                      ; - java.util.jar.JavaUtilJarAccessImpl::ensureInitialization@1 (line 72)
                      ; - jdk.internal.loader.URLClassPath$JarLoader$2::getManifest@10 (line 885)
                      ; - java.net.URLClassLoader::defineClass@34 (line 491)
                      ; - java.net.URLClassLoader$1::run@43 (line 427)
                      ; - java.net.URLClassLoader$1::run@1 (line 421)
  0x000001cf10819034: b841 0000 | 41c6 44ec 

  0x000001cf1081903c: ;   {oop(a 'java/lang/ThreadLocal'{0x00000006004fdd10})}
  0x000001cf1081903c: 1101 48ba | 10dd 4f00 | 0600 0000 

  0x000001cf10819048: ;   {oop(a 'java/lang/Boolean'{0x000000060040eb98} = false)}
  0x000001cf10819048: 49b8 98eb | 4000 0600 | 0000 488b | 6c24 4090 

  0x000001cf10819058: ;   {optimized virtual_call}
  0x000001cf10819058: c5f8 77e8 

  0x000001cf1081905c: ; ImmutableOopMap {rbp=Oop [32]=Oop [48]=Oop [64]=Oop [72]=Oop [80]=NarrowOop [84]=NarrowOop [88]=Oop [104]=Oop [120]=Oop [144]=Oop }
                      ;*invokevirtual set {reexecute=0 rethrow=0 return_oop=0}
                      ; - java.util.jar.JarFile::ensureInitialization@55 (line 1041)
                      ; - java.util.jar.JavaUtilJarAccessImpl::ensureInitialization@1 (line 72)
                      ; - jdk.internal.loader.URLClassPath$JarLoader$2::getManifest@10 (line 885)
                      ; - java.net.URLClassLoader::defineClass@34 (line 491)
                      ; - java.net.URLClassLoader$1::run@43 (line 427)
                      ; - java.net.URLClassLoader$1::run@1 (line 421)
  0x000001cf1081905c: 200c ebff | e957 ccff | ff33 ede9 | 94ee ffff | 0f1f 4000 | 498b 8750 | 0300 0041 

  0x000001cf10819078: ; ImmutableOopMap {r8=Oop r9=Oop rcx=NarrowOop rdx=NarrowOop [48]=Oop [64]=Oop [72]=Oop [80]=Oop [96]=Oop [120]=Oop [144]=Oop [156]=NarrowOop [160]=NarrowOop }
                      ;*ifnonnull {reexecute=1 rethrow=0 return_oop=0}
                      ; - (reexecute) java.util.HashMap::getNode@145 (line 579)
                      ; - java.util.HashMap::get@2 (line 556)
                      ; - java.util.jar.Manifest::getAttributes@5 (line 159)
                      ; - java.util.jar.Manifest::getTrustedAttributes@2 (line 176)
                      ; - java.util.jar.JavaUtilJarAccessImpl::getTrustedAttributes@2 (line 68)
                      ; - java.net.URLClassLoader::isSealed@18 (line 601)
                      ; - java.net.URLClassLoader::getAndVerifyPackage@68 (line 469)
                      ; - java.net.URLClassLoader::defineClass@46 (line 492)
                      ; - java.net.URLClassLoader$1::run@43 (line 427)
                      ; - java.net.URLClassLoader$1::run@1 (line 421)
                      ;   {poll}
  0x000001cf10819078: 8b4d 1885 | 0066 6690 | 85c9 0f84 | aada ffff | 4d8d 2ccc | eb04 4d8d | 2cfc 418b | 5d0c 413b 
  0x000001cf10819098: db75 d541 | 8b4d 1048 | 8bd9 48c1 | e303 493b | d80f 848c | f4ff ff4c | 3bc3 0f84 | 83f4 ffff 
  0x000001cf108190b8: 85c9 660f | 1f44 0000 | 74ae 418b 

  0x000001cf108190c4: ;   {metadata('java/lang/String')}
  0x000001cf108190c4: 7ccc 0881 | ffe0 e900 | 0075 a149 | 8d1c cc0f | be6b 1044 | 3bd5 660f | 1f44 0000 | 0f85 9a2e 
  0x000001cf108190e4: 0000 418b | 4cd4 0c8b | 7b14 418b | 74fc 0c3b | ce0f 8575 | ffff ff49 | 8d1c fc49 | 8d74 fc10 
  0x000001cf10819104: 498d 1cd4 | 498d 7cd4 | 1085 c90f | 84a5 0000 | 008b c183 | e01f 83e1 | e00f 844b | 0000 0048 
  0x000001cf10819124: 8d3c 0f48 | 8d34 0e48 | f7d9 c5fe | 6f04 0fc5 | fe6f 0c0e | c5fd efc1 | c4e2 7d17 | c00f 857a 
  0x000001cf10819144: 0000 0048 | 83c1 2075 | e185 c00f | 8465 0000 | 00c5 fe6f | 4407 e0c5 | fe6f 4c06 | e0c5 fdef 
  0x000001cf10819164: c1c4 e27d | 17c0 7555 | eb4c 8bc8 | 83e1 fc74 | 1948 8d3c | 0f48 8d34 | 0e48 f7d9 | 8b1c 0f3b 
  0x000001cf10819184: 1c0e 7539 | 4883 c104 | 75f2 f7c0 | 0200 0000 | 7412 0fb7 | 1f0f b70e | 3bd9 7521 | 488d 7f02 
  0x000001cf108191a4: 488d 7602 | f7c0 0100 | 0000 740a | 0fb6 1f0f | b60e 3bd9 | 7507 b801 | 0000 00eb | 0233 c0c5 
  0x000001cf108191c4: fdef c0c5 | f5ef c985 | c00f 849d | feff ffe9 | 63f3 ffff | 418b c341 | 8beb 81e5 | 0000 fc07 
  0x000001cf108191e4: 81fd 0000 | fc07 0f84 | f52c 0000 | 458b d341 | c1e2 0541 | c1fa 1744 | 03d7 418b | fae9 f8db 
  0x000001cf10819204: ffff 418b | ea81 e500 | 00fc 0781 | fd00 00fc | 070f 8419 | 2d00 0041 | c1e2 0541 | c1fa 1744 
  0x000001cf10819224: 03d6 418b | f2e9 22dc | ffff 33c0 | e993 ecff | ff48 8b54 | 2448 488b | 6c24 4066 | 6690 c5f8 
  0x000001cf10819244: 7748 b898 | f53d 7ccf 

  0x000001cf1081924c: ;   {virtual_call}
  0x000001cf1081924c: 0100 00e8 

  0x000001cf10819250: ; ImmutableOopMap {rbp=Oop [32]=Oop [48]=Oop [64]=Oop [72]=Oop [144]=Oop [156]=NarrowOop [160]=NarrowOop }
                      ;*invokevirtual getBytes {reexecute=0 rethrow=0 return_oop=1}
                      ; - java.net.URLClassLoader::defineClass@179 (line 519)
                      ; - java.net.URLClassLoader$1::run@43 (line 427)
                      ; - java.net.URLClassLoader$1::run@1 (line 421)
  0x000001cf10819250: 6cb2 edff | 4889 4424 | 50e9 f3de | ffff 6690 

  0x000001cf10819260: ;   {metadata('jdk/internal/loader/URLClassPath$FileLoader$1')}
  0x000001cf10819260: 4181 fa98 | f53d 010f | 853b 2c00 | 0033 ede9 | 0cdf ffff | 4489 5c24 | 2c4c 894c | 2450 4c89 
  0x000001cf10819280: 4424 3044 | 8954 2424 | 4489 7424 | 2041 8bed | 4889 5c24 | 4848 897c | 2440 488b | d390 c5f8 
  0x000001cf108192a0: 7748 b810 | 92cd c3cf 

  0x000001cf108192a8: ;   {virtual_call}
  0x000001cf108192a8: 0100 00e8 

  0x000001cf108192ac: ; ImmutableOopMap {rbp=NarrowOop [32]=NarrowOop [48]=Oop [64]=Oop [72]=Oop [80]=Oop }
                      ;*invokevirtual getCodeSourceURL {reexecute=0 rethrow=0 return_oop=1}
                      ; - java.net.URLClassLoader::defineClass@13 (line 487)
                      ; - java.net.URLClassLoader$1::run@43 (line 427)
                      ; - java.net.URLClassLoader$1::run@1 (line 421)
  0x000001cf108192ac: 74ca 56ff | 4889 8424 | 9000 0000 | 488b 7c24 | 4048 8b5c | 2448 448b | ed44 8b74 | 2420 448b 
  0x000001cf108192cc: 5424 244c | 8b44 2430 | 4c8b 4c24 | 5044 8b5c | 242c 6690 | e951 c6ff | ff44 89ac | 249c 0000 
  0x000001cf108192ec: 0044 89b4 | 24a0 0000 | 0044 895c | 242c e9fd | ddff ff90 | 498b ca45 | 8bc8 448b | c548 8bfa 
  0x000001cf1081930c: 498b 9f50 | 0300 008b 

  0x000001cf10819314: ; ImmutableOopMap {r11=NarrowOop rcx=Oop rdi=NarrowOop [48]=Oop [64]=Oop [72]=Oop [80]=Oop [112]=Oop [144]=Oop [156]=NarrowOop [160]=NarrowOop [192]=Oop }
                      ;*ifnonnull {reexecute=1 rethrow=0 return_oop=0}
                      ; - (reexecute) java.util.HashMap::getNode@145 (line 579)
                      ; - java.util.HashMap::get@2 (line 556)
                      ; - java.util.jar.Manifest::getAttributes@5 (line 159)
                      ; - java.util.jar.Manifest::getTrustedAttributes@2 (line 176)
                      ; - java.util.jar.JavaUtilJarAccessImpl::getTrustedAttributes@2 (line 68)
                      ; - java.net.URLClassLoader::definePackage@42 (line 552)
                      ; - java.net.URLClassLoader::defineClass@64 (line 495)
                      ; - java.net.URLClassLoader$1::run@43 (line 427)
                      ; - java.net.URLClassLoader$1::run@1 (line 421)
                      ;   {poll}
  0x000001cf10819314: 7f18 8503 | 85ff 750a | 4c8b 4c24 | 70e9 50db | ffff 48c1 | e703 eb04 | 48c1 e703 | 448b 570c 
  0x000001cf10819334: 453b d175 | d344 8b57 | 1049 8bda | 48c1 e303 | 483b d90f | 8426 e5ff | ff48 3bcb | 0f84 1de5 
  0x000001cf10819354: ffff 4585 | d274 b143 | 8b54 d408 

  0x000001cf10819360: ;   {metadata('java/lang/String')}
  0x000001cf10819360: 81fa e0e9 | 0000 75a4 | 4b8d 1cd4 | 0fbe 6b10 | 443b c50f | 859b 2c00 | 0048 8bd7 | 418b e845 
  0x000001cf10819380: 8bc1 4c8b | d143 8b4c | dc0c 448b | 4b14 438b | 7ccc 0c3b | cf0f 8542 | 0d00 004b | 8d1c cc4b 
  0x000001cf108193a0: 8d74 cc10 | 4f8d 0cdc | 4b8d 7cdc | 1085 c90f | 84a5 0000 | 008b c183 | e01f 83e1 | e00f 844b 
  0x000001cf108193c0: 0000 0048 | 8d3c 0f48 | 8d34 0e48 | f7d9 c5fe | 6f0c 0fc5 | fe6f 040e | c5f5 efc8 | c4e2 7d17 
  0x000001cf108193e0: c90f 857a | 0000 0048 | 83c1 2075 | e185 c00f | 8465 0000 | 00c5 fe6f | 4c07 e0c5 | fe6f 4406 
  0x000001cf10819400: e0c5 f5ef | c8c4 e27d | 17c9 7555 | eb4c 8bc8 | 83e1 fc74 | 1948 8d3c | 0f48 8d34 | 0e48 f7d9 
  0x000001cf10819420: 8b1c 0f3b | 1c0e 7539 | 4883 c104 | 75f2 f7c0 | 0200 0000 | 7412 0fb7 | 1f0f b70e | 3bd9 7521 
  0x000001cf10819440: 488d 7f02 | 488d 7602 | f7c0 0100 | 0000 740a | 0fb6 1f0f | b60e 3bd9 | 7507 b801 | 0000 00eb 
  0x000001cf10819460: 0233 c0c5 | f5ef c9c5 | fdef c085 | c00f 848d | feff ff49 | 8bca 488b | fae9 f5e3 | ffff 498b 
  0x000001cf10819480: c845 8bc5 | e953 e3ff | ff4b 8d3c | d4eb 2a4c | 8bcd 488b | 4c24 2044 | 8b44 2458 | 488b 7c24 
  0x000001cf108194a0: 6849 8b97 | 5003 0000 

  0x000001cf108194a8: ; ImmutableOopMap {r9=Oop rcx=Oop rdi=NarrowOop [48]=Oop [64]=Oop [72]=Oop [80]=Oop [96]=Oop [120]=Oop [144]=Oop [156]=NarrowOop [160]=NarrowOop }
                      ;*ifnonnull {reexecute=1 rethrow=0 return_oop=0}
                      ; - (reexecute) java.util.HashMap::getNode@145 (line 579)
                      ; - java.util.LinkedHashMap::get@2 (line 441)
                      ; - java.util.jar.Attributes::get@5 (line 105)
                      ; - java.util.jar.Attributes::getValue@2 (line 141)
                      ; - java.net.URLClassLoader::isSealed@58 (line 608)
                      ; - java.net.URLClassLoader::getAndVerifyPackage@68 (line 469)
                      ; - java.net.URLClassLoader::defineClass@46 (line 492)
                      ; - java.net.URLClassLoader$1::run@43 (line 427)
                      ; - java.net.URLClassLoader$1::run@1 (line 421)
                      ;   {poll}
  0x000001cf108194a8: 8b7f 1885 | 0285 ff0f | 84a3 d9ff | ff48 c1e7 | 0344 8b57 | 0c66 6690 | 453b d075 | dc44 8b57 
  0x000001cf108194c8: ;   {oop(a 'java/util/jar/Attributes$Name'{0x000000060059d500})}
  0x000001cf108194c8: 1041 81fa | a03a 0bc0 | 0f84 3fd7 | ffff 4889 | 7c24 6844 | 8944 2458 | 4889 4c24 | 2049 8be9 
  0x000001cf108194e8: 4d8b c249 

  0x000001cf108194ec: ;   {oop(a 'java/util/jar/Attributes$Name'{0x000000060059d500})}
  0x000001cf108194ec: c1e0 0348 | ba00 d559 | 0006 0000 | 0066 6690 

  0x000001cf108194fc: ;   {optimized virtual_call}
  0x000001cf108194fc: c5f8 77e8 

  0x000001cf10819500: ; ImmutableOopMap {rbp=Oop [32]=Oop [48]=Oop [64]=Oop [72]=Oop [80]=Oop [96]=Oop [104]=Oop [120]=Oop [144]=Oop [156]=NarrowOop [160]=NarrowOop }
                      ;*invokevirtual equals {reexecute=0 rethrow=0 return_oop=0}
                      ; - java.util.HashMap::getNode@128 (line 577)
                      ; - java.util.LinkedHashMap::get@2 (line 441)
                      ; - java.util.jar.Attributes::get@5 (line 105)
                      ; - java.util.jar.Attributes::getValue@2 (line 141)
                      ; - java.net.URLClassLoader::isSealed@58 (line 608)
                      ; - java.net.URLClassLoader::getAndVerifyPackage@68 (line 469)
                      ; - java.net.URLClassLoader::defineClass@46 (line 492)
                      ; - java.net.URLClassLoader$1::run@43 (line 427)
                      ; - java.net.URLClassLoader$1::run@1 (line 421)
  0x000001cf10819500: 7c7e 56ff | 85c0 7487 | 4c8b cd48 | 8b4c 2420 | 488b 7c24 | 68e9 fbd6 | ffff 33c0 | 0f1f 4000 
  0x000001cf10819520: e995 f4ff | ff33 c0e9 | cef6 ffff | 4d8b ca4d | 8bc3 c4c1 | f97e c5e9 | ffef ffff | 498b c690 
  0x000001cf10819540: 443b d70f | 8d40 c1ff | ff66 6690 | 460f be4c | 1010 4183 | f92e 0f84 | 210a 0000 | 41ff c290 
  0x000001cf10819560: 443b d77c | e7e9 1fc1 | ffff 4b8d | 3cdc eb29 | 4c8b cd48 | 8b4c 2420 | 8b5c 2458 | 488b 7c24 
  0x000001cf10819580: 6849 8b97 | 5003 0000 

  0x000001cf10819588: ; ImmutableOopMap {r9=Oop rcx=Oop rdi=NarrowOop [48]=Oop [64]=Oop [72]=Oop [80]=Oop [96]=Oop [120]=Oop [144]=Oop [156]=NarrowOop [160]=NarrowOop }
                      ;*ifnonnull {reexecute=1 rethrow=0 return_oop=0}
                      ; - (reexecute) java.util.HashMap::getNode@145 (line 579)
                      ; - java.util.LinkedHashMap::get@2 (line 441)
                      ; - java.util.jar.Attributes::get@5 (line 105)
                      ; - java.util.jar.Attributes::getValue@2 (line 141)
                      ; - java.net.URLClassLoader::isSealed@35 (line 604)
                      ; - java.net.URLClassLoader::getAndVerifyPackage@68 (line 469)
                      ; - java.net.URLClassLoader::defineClass@46 (line 492)
                      ; - java.net.URLClassLoader$1::run@43 (line 427)
                      ; - java.net.URLClassLoader$1::run@1 (line 421)
                      ;   {poll}
  0x000001cf10819588: 8b7f 1885 | 0285 ff0f | 849d d5ff | ff48 c1e7 | 0344 8b47 | 0c66 6690 | 443b c375 | dc44 8b5f 
  0x000001cf108195a8: ;   {oop(a 'java/util/jar/Attributes$Name'{0x000000060059d500})}
  0x000001cf108195a8: 1041 81fb | a03a 0bc0 | 0f84 bff0 | ffff 4889 | 7c24 6889 | 5c24 5848 | 894c 2420 | 498b e94d 
  0x000001cf108195c8: 8bc3 49c1 

  0x000001cf108195cc: ;   {oop(a 'java/util/jar/Attributes$Name'{0x000000060059d500})}
  0x000001cf108195cc: e003 48ba | 00d5 5900 | 0600 0000 

  0x000001cf108195d8: ;   {optimized virtual_call}
  0x000001cf108195d8: c5f8 77e8 

  0x000001cf108195dc: ; ImmutableOopMap {rbp=Oop [32]=Oop [48]=Oop [64]=Oop [72]=Oop [80]=Oop [96]=Oop [104]=Oop [120]=Oop [144]=Oop [156]=NarrowOop [160]=NarrowOop }
                      ;*invokevirtual equals {reexecute=0 rethrow=0 return_oop=0}
                      ; - java.util.HashMap::getNode@128 (line 577)
                      ; - java.util.LinkedHashMap::get@2 (line 441)
                      ; - java.util.jar.Attributes::get@5 (line 105)
                      ; - java.util.jar.Attributes::getValue@2 (line 141)
                      ; - java.net.URLClassLoader::isSealed@35 (line 604)
                      ; - java.net.URLClassLoader::getAndVerifyPackage@68 (line 469)
                      ; - java.net.URLClassLoader::defineClass@46 (line 492)
                      ; - java.net.URLClassLoader$1::run@43 (line 427)
                      ; - java.net.URLClassLoader$1::run@1 (line 421)
  0x000001cf108195dc: a07d 56ff | 85c0 748c | 4c8b cd48 | 8b4c 2420 | 488b 7c24 | 68e9 7ff0 | ffff 488b | 5424 504c 
  0x000001cf108195fc: 8b84 24c0 | 0000 0045 | 33c9 33ff | 33f6 33c9 | 4533 d24c | 8914 244c | 8954 2408 | 4c89 5424 
  0x000001cf1081961c: 1066 6690 

  0x000001cf10819620: ;   {optimized virtual_call}
  0x000001cf10819620: c5f8 77e8 

  0x000001cf10819624: ; ImmutableOopMap {[48]=Oop [64]=Oop [72]=Oop [80]=Oop [144]=Oop [156]=NarrowOop [160]=NarrowOop [192]=Oop }
                      ;*invokevirtual definePackage {reexecute=0 rethrow=0 return_oop=1}
                      ; - java.net.URLClassLoader::defineClass@81 (line 497)
                      ; - java.net.URLClassLoader$1::run@43 (line 427)
                      ; - java.net.URLClassLoader$1::run@1 (line 421)
  0x000001cf10819624: 587d 56ff | e9bb daff | ff4b 8d14 | dceb 304c | 8b44 2470 | 4c8b cd48 | 8b4c 2420 | 8b7c 2428 
  0x000001cf10819644: 488b 5424 | 5849 8bb7 | 5003 0000 

  0x000001cf10819650: ; ImmutableOopMap {r10=NarrowOop r8=Oop r9=Oop rcx=Oop [48]=Oop [64]=Oop [72]=Oop [80]=Oop [144]=Oop [156]=NarrowOop [160]=NarrowOop [192]=Oop }
                      ;*ifnonnull {reexecute=1 rethrow=0 return_oop=0}
                      ; - (reexecute) java.util.HashMap::getNode@145 (line 579)
                      ; - java.util.LinkedHashMap::get@2 (line 441)
                      ; - java.util.jar.Attributes::get@5 (line 105)
                      ; - java.util.jar.Attributes::getValue@2 (line 141)
                      ; - java.net.URLClassLoader::definePackage@59 (line 554)
                      ; - java.net.URLClassLoader::defineClass@64 (line 495)
                      ; - java.net.URLClassLoader$1::run@43 (line 427)
                      ; - java.net.URLClassLoader$1::run@1 (line 421)
  0x000001cf10819650: 448b 5218 

  0x000001cf10819654: ;   {poll}
  0x000001cf10819654: 8506 4585 | d20f 84a7 | dcff ff4b | 8d14 d48b | 5a0c 3bdf | 75df 448b 

  0x000001cf1081966c: ;   {oop(a 'java/util/jar/Attributes$Name'{0x0000000600605a10})}
  0x000001cf1081966c: 5a10 4181 | fb42 0b0c | c00f 842d | e3ff ff48 | 8954 2458 | 897c 2428 | 4889 4c24 | 2049 8be9 
  0x000001cf1081968c: 4c89 4424 | 704d 8bc3 | 49c1 e003 

  0x000001cf10819698: ;   {oop(a 'java/util/jar/Attributes$Name'{0x0000000600605a10})}
  0x000001cf10819698: 48ba 105a | 6000 0600 | 0000 6690 

  0x000001cf108196a4: ;   {optimized virtual_call}
  0x000001cf108196a4: c5f8 77e8 

  0x000001cf108196a8: ; ImmutableOopMap {rbp=Oop [32]=Oop [48]=Oop [64]=Oop [72]=Oop [80]=Oop [88]=Oop [112]=Oop [144]=Oop [156]=NarrowOop [160]=NarrowOop [192]=Oop }
                      ;*invokevirtual equals {reexecute=0 rethrow=0 return_oop=0}
                      ; - java.util.HashMap::getNode@128 (line 577)
                      ; - java.util.LinkedHashMap::get@2 (line 441)
                      ; - java.util.jar.Attributes::get@5 (line 105)
                      ; - java.util.jar.Attributes::getValue@2 (line 141)
                      ; - java.net.URLClassLoader::definePackage@59 (line 554)
                      ; - java.net.URLClassLoader::defineClass@64 (line 495)
                      ; - java.net.URLClassLoader$1::run@43 (line 427)
                      ; - java.net.URLClassLoader$1::run@1 (line 421)
  0x000001cf108196a8: d47c 56ff | 85c0 0f84 | 7fff ffff | 4c8b 4424 | 704c 8bcd | 488b 4c24 | 2048 8b54 | 2458 e9dd 
  0x000001cf108196c8: e2ff ff4f | 8d04 d4eb | 314c 8bc5 | 4d8b 9750 | 0300 0045 

  0x000001cf108196dc: ; ImmutableOopMap {r8=NarrowOop [32]=Oop [48]=Oop [64]=Oop [72]=Oop [80]=Oop [112]=Oop [120]=Oop [128]=Oop [144]=Oop [156]=NarrowOop [160]=NarrowOop [192]=Oop }
                      ;*ifnonnull {reexecute=1 rethrow=0 return_oop=0}
                      ; - (reexecute) java.util.HashMap::getNode@145 (line 579)
                      ; - java.util.LinkedHashMap::get@2 (line 441)
                      ; - java.util.jar.Attributes::get@5 (line 105)
                      ; - java.util.jar.Attributes::getValue@2 (line 141)
                      ; - java.net.URLClassLoader::definePackage@69 (line 555)
                      ; - java.net.URLClassLoader::defineClass@64 (line 495)
                      ; - java.net.URLClassLoader$1::run@43 (line 427)
                      ; - java.net.URLClassLoader$1::run@1 (line 421)
                      ;   {poll}
  0x000001cf108196dc: 8b40 1841 | 8502 4585 | c075 174c | 8b44 2470 | 4c8b 4c24 | 7848 8b8c | 2480 0000 | 00e9 6de3 
  0x000001cf108196fc: ffff 49c1 | e003 458b | 500c 443b | 5424 5875 | c745 8b50 

  0x000001cf10819710: ;   {oop(a 'java/util/jar/Attributes$Name'{0x0000000600605d58})}
  0x000001cf10819710: 1041 81fa | ab0b 0cc0 | 0f84 ede5 | ffff 498b | e84d 8bc2 | 49c1 e003 

  0x000001cf10819728: ;   {oop(a 'java/util/jar/Attributes$Name'{0x0000000600605d58})}
  0x000001cf10819728: 48ba 585d | 6000 0600 | 0000 6690 

  0x000001cf10819734: ;   {optimized virtual_call}
  0x000001cf10819734: c5f8 77e8 

  0x000001cf10819738: ; ImmutableOopMap {rbp=Oop [32]=Oop [48]=Oop [64]=Oop [72]=Oop [80]=Oop [112]=Oop [120]=Oop [128]=Oop [144]=Oop [156]=NarrowOop [160]=NarrowOop [192]=Oop }
                      ;*invokevirtual equals {reexecute=0 rethrow=0 return_oop=0}
                      ; - java.util.HashMap::getNode@128 (line 577)
                      ; - java.util.LinkedHashMap::get@2 (line 441)
                      ; - java.util.jar.Attributes::get@5 (line 105)
                      ; - java.util.jar.Attributes::getValue@2 (line 141)
                      ; - java.net.URLClassLoader::definePackage@69 (line 555)
                      ; - java.net.URLClassLoader::defineClass@64 (line 495)
                      ; - java.net.URLClassLoader$1::run@43 (line 427)
                      ; - java.net.URLClassLoader$1::run@1 (line 421)
  0x000001cf10819738: 447c 56ff | 0f1f 4000 | 85c0 748d | 4c8b c5e9 | bfe5 ffff | 4f8d 04d4 | eb39 4c8b | c54d 8b97 
  0x000001cf10819758: 5003 0000 

  0x000001cf1081975c: ; ImmutableOopMap {r8=NarrowOop [32]=Oop [48]=Oop [64]=Oop [72]=Oop [80]=Oop [112]=Oop [120]=Oop [128]=Oop [136]=Oop [144]=Oop [156]=NarrowOop [160]=NarrowOop [192]=Oop }
                      ;*ifnonnull {reexecute=1 rethrow=0 return_oop=0}
                      ; - (reexecute) java.util.HashMap::getNode@145 (line 579)
                      ; - java.util.LinkedHashMap::get@2 (line 441)
                      ; - java.util.jar.Attributes::get@5 (line 105)
                      ; - java.util.jar.Attributes::getValue@2 (line 141)
                      ; - java.net.URLClassLoader::definePackage@79 (line 556)
                      ; - java.net.URLClassLoader::defineClass@64 (line 495)
                      ; - java.net.URLClassLoader$1::run@43 (line 427)
                      ; - java.net.URLClassLoader$1::run@1 (line 421)
  0x000001cf1081975c: 458b 4018 

  0x000001cf10819760: ;   {poll}
  0x000001cf10819760: 4185 0245 | 85c0 751f | 4c8b 4424 | 704c 8b4c | 2478 488b | 8c24 8000 | 0000 488b | 9c24 8800 
  0x000001cf10819780: 0000 e989 | e3ff ff49 | c1e0 0345 | 8b50 0c44 | 3b54 2458 | 75bf 458b | 5010 660f | 1f44 0000 
  0x000001cf108197a0: ;   {oop(a 'java/util/jar/Attributes$Name'{0x0000000600602720})}
  0x000001cf108197a0: 4181 fae4 | 040c c00f | 84be e4ff | ff49 8be8 | 4d8b c249 

  0x000001cf108197b4: ;   {oop(a 'java/util/jar/Attributes$Name'{0x0000000600602720})}
  0x000001cf108197b4: c1e0 0348 | ba20 2760 | 0006 0000 | 0066 6690 

  0x000001cf108197c4: ;   {optimized virtual_call}
  0x000001cf108197c4: c5f8 77e8 

  0x000001cf108197c8: ; ImmutableOopMap {rbp=Oop [32]=Oop [48]=Oop [64]=Oop [72]=Oop [80]=Oop [112]=Oop [120]=Oop [128]=Oop [136]=Oop [144]=Oop [156]=NarrowOop [160]=NarrowOop [192]=Oop }
                      ;*invokevirtual equals {reexecute=0 rethrow=0 return_oop=0}
                      ; - java.util.HashMap::getNode@128 (line 577)
                      ; - java.util.LinkedHashMap::get@2 (line 441)
                      ; - java.util.jar.Attributes::get@5 (line 105)
                      ; - java.util.jar.Attributes::getValue@2 (line 141)
                      ; - java.net.URLClassLoader::definePackage@79 (line 556)
                      ; - java.net.URLClassLoader::defineClass@64 (line 495)
                      ; - java.net.URLClassLoader$1::run@43 (line 427)
                      ; - java.net.URLClassLoader$1::run@1 (line 421)
  0x000001cf108197c8: b47b 56ff | 85c0 0f84 | 7eff ffff | 4c8b c5e9 | 8fe4 ffff | 4f8d 04dc | 458b 580c | 443b 5c24 
  0x000001cf108197e8: 5874 2449 | 8be8 4d8b | 9750 0300 | 0044 8b5d 

  0x000001cf108197f8: ; ImmutableOopMap {r11=NarrowOop [32]=Oop [48]=Oop [64]=Oop [72]=Oop [80]=Oop [112]=Oop [120]=Oop [128]=Oop [136]=Oop [144]=Oop [156]=NarrowOop [160]=NarrowOop [192]=Oop [216]=Oop }
                      ;*ifnonnull {reexecute=1 rethrow=0 return_oop=0}
                      ; - (reexecute) java.util.HashMap::getNode@145 (line 579)
                      ; - java.util.LinkedHashMap::get@2 (line 441)
                      ; - java.util.jar.Attributes::get@5 (line 105)
                      ; - java.util.jar.Attributes::getValue@2 (line 141)
                      ; - java.net.URLClassLoader::definePackage@89 (line 557)
                      ; - java.net.URLClassLoader::defineClass@64 (line 495)
                      ; - java.net.URLClassLoader$1::run@43 (line 427)
                      ; - java.net.URLClassLoader$1::run@1 (line 421)
                      ;   {poll}
  0x000001cf108197f8: 1841 8502 | 0f1f 4000 | 4585 db0f | 844c d7ff | ff4f 8d04 | dceb d145 | 8b58 1066 | 0f1f 8400 
  0x000001cf10819818: 0000 0000 | 6666 6690 

  0x000001cf10819820: ;   {oop(a 'java/util/jar/Attributes$Name'{0x00000006004c1368})}
  0x000001cf10819820: 4181 fb6d | 8209 c00f | 84b3 e3ff | ff49 8be8 | 4d8b c349 

  0x000001cf10819834: ;   {oop(a 'java/util/jar/Attributes$Name'{0x00000006004c1368})}
  0x000001cf10819834: c1e0 0348 | ba68 134c | 0006 0000 | 0066 6690 

  0x000001cf10819844: ;   {optimized virtual_call}
  0x000001cf10819844: c5f8 77e8 

  0x000001cf10819848: ; ImmutableOopMap {rbp=Oop [32]=Oop [48]=Oop [64]=Oop [72]=Oop [80]=Oop [112]=Oop [120]=Oop [128]=Oop [136]=Oop [144]=Oop [156]=NarrowOop [160]=NarrowOop [192]=Oop [216]=Oop }
                      ;*invokevirtual equals {reexecute=0 rethrow=0 return_oop=0}
                      ; - java.util.HashMap::getNode@128 (line 577)
                      ; - java.util.LinkedHashMap::get@2 (line 441)
                      ; - java.util.jar.Attributes::get@5 (line 105)
                      ; - java.util.jar.Attributes::getValue@2 (line 141)
                      ; - java.net.URLClassLoader::definePackage@89 (line 557)
                      ; - java.net.URLClassLoader::defineClass@64 (line 495)
                      ; - java.net.URLClassLoader$1::run@43 (line 427)
                      ; - java.net.URLClassLoader$1::run@1 (line 421)
  0x000001cf10819848: 347b 56ff | 85c0 749e | 4c8b c5e9 | 88e3 ffff | 4c63 c54d | 8bd8 4983 | c310 498b | cb48 83e1 
  0x000001cf10819868: f848 8bfb | 4803 f949 | c1eb 034d | 2bcb 498b | c948 33c0 | 4883 f908 | 7f10 48ff | c978 4f48 
  0x000001cf10819888: 8904 cf48 | ffc9 7df7 | eb44 c5fd | efc0 e90d | 0000 00c5 | fe7f 07c5 | fe7f 4720 | 4883 c740 
  0x000001cf108198a8: 4883 e908 | 7ded 4883 | c104 7c0c | c5fe 7f07 | 4883 c720 | 4883 e904 | 4883 c104 | 7e10 48ff 
  0x000001cf108198c8: c9c5 f9d6 | 0748 83c7 | 0848 ffc9 | 7df3 498b | ca0f 1f80 | 0000 0000 | c5f8 7749 | ba60 7fd6 
  0x000001cf108198e8: 0fcf 0100 | 0041 ffd2 | e93b c2ff | ff4d 8b57 | 404d 8b5f | 50f0 8344 | 24c0 0080 | 3900 0f84 
  0x000001cf10819908: 5fc2 ffff | 4488 214d | 85d2 7521 | 498b d766 | 0f1f 8400 | 0000 0000 | c5f8 7749 | ba50 6b5e 
  0x000001cf10819928: 70f9 7f00 | 0041 ffd2 | e936 c2ff | ff4b 894c | 13f8 4983 | c2f8 4d89 | 5740 e924 

  0x000001cf10819944: ;   {metadata('jdk/internal/loader/URLClassPath$FileLoader$1')}
  0x000001cf10819944: c2ff ff41 | 81fb 98f5 | 3d01 0f85 | 5027 0000 | 4533 d2e9 | 66c4 ffff | 33c0 4889 | 7c24 4048 
  0x000001cf10819964: 895c 2448 | 4489 ac24 | 9c00 0000 | 4489 b424 | a000 0000 | 4c89 4424 | 304c 894c | 2450 4489 
  0x000001cf10819984: 5c24 2c48 | ff74 2478 | 488f 8424 | c000 0000 | 4c89 5424 | 60e9 7cc4 

  0x000001cf1081999c: ;   {oop(""{0x0000000600400f88})}
  0x000001cf1081999c: ffff 48bd | 880f 4000 | 0600 0000 | e9e5 c1ff | ff44 8954 | 2450 4889 | 4424 4844 | 895c 2444 
  0x000001cf108199bc: 4489 7424 | 4089 7424 | 2c4c 8944 | 2438 4c89 | 4c24 3089 

  0x000001cf108199d0: ;   {metadata({type array byte})}
  0x000001cf108199d0: 5c24 2848 | ba28 6700 | 7bcf 0100 | 0045 8bc2 

  0x000001cf108199e0: ;   {runtime_call _new_array_Java}
  0x000001cf108199e0: c5f8 77e8 

  0x000001cf108199e4: ; ImmutableOopMap {[48]=Oop [56]=Oop [88]=Oop }
                      ;*invokevirtual allocateUninitializedArray0 {reexecute=0 rethrow=0 return_oop=1}
                      ; - jdk.internal.misc.Unsafe::allocateUninitializedArray@51 (line 1375)
                      ; - java.lang.StringConcatHelper::newArray@33 (line 497)
                      ; - java.lang.StringConcatHelper::simpleConcat@61 (line 421)
                      ; - java.lang.String::concat@11 (line 2774)
                      ; - java.net.URLClassLoader$1::run@13 (line 423)
                      ; - java.net.URLClassLoader$1::run@1 (line 421)
  0x000001cf108199e4: 9825 61ff | 488b c88b | 5c24 284c | 8b4c 2430 | 4c8b 4424 | 388b 7424 | 2c44 8b74 | 2440 448b 
  0x000001cf10819a04: 5c24 4448 | 8b44 2448 | 448b 5424 | 5048 8bf9 | e94c bdff | ff48 897c | 2428 895c 

  0x000001cf10819a20: ;   {metadata('java/lang/String')}
  0x000001cf10819a20: 2420 48ba | e0e9 007b | cf01 0000 

  0x000001cf10819a2c: ;   {runtime_call _new_instance_Java}
  0x000001cf10819a2c: c5f8 77e8 

  0x000001cf10819a30: ; ImmutableOopMap {[40]=Oop [88]=Oop }
                      ;*new {reexecute=0 rethrow=0 return_oop=1}
                      ; - java.lang.StringConcatHelper::newString@6 (line 387)
                      ; - java.lang.StringConcatHelper::simpleConcat@90 (line 426)
                      ; - java.lang.String::concat@11 (line 2774)
                      ; - java.net.URLClassLoader$1::run@13 (line 423)
                      ; - java.net.URLClassLoader$1::run@1 (line 421)
  0x000001cf10819a30: cc45 61ff | 8b5c 2420 | 488b 7c24 | 284c 8bc0 | e9d7 bdff | ff33 c0e9 | 1ac8 ffff | 33c9 4533 
  0x000001cf10819a50: dbe9 a0ea | ffff 4889 | 4424 4889 | 7424 4489 | 5424 4089 | 5c24 344c | 896c 2438 | 897c 2430 
  0x000001cf10819a70: 4489 4424 | 2c89 4c24 | 2848 ff74 | 2458 488f 

  0x000001cf10819a80: ;   {metadata({type array byte})}
  0x000001cf10819a80: 4424 2048 | ba28 6700 | 7bcf 0100 | 0044 8bc7 

  0x000001cf10819a90: ;   {runtime_call _new_array_Java}
  0x000001cf10819a90: c5f8 77e8 

  0x000001cf10819a94: ; ImmutableOopMap {[32]=Oop [40]=NarrowOop [44]=NarrowOop [56]=Oop [72]=Oop [88]=Oop }
                      ;*invokevirtual allocateUninitializedArray0 {reexecute=0 rethrow=0 return_oop=1}
                      ; - jdk.internal.misc.Unsafe::allocateUninitializedArray@51 (line 1375)
                      ; - java.lang.StringConcatHelper::newArray@33 (line 497)
                      ; - java.lang.StringLatin1::replace@49 (line 313)
                      ; - java.lang.String::replace@18 (line 2808)
                      ; - java.net.URLClassLoader$1::run@8 (line 423)
                      ; - java.net.URLClassLoader$1::run@1 (line 421)
  0x000001cf10819a94: e824 61ff | 4c8b d08b | 4c24 2844 | 8b44 242c | 8b7c 2430 | 4c8b 6c24 | 388b 5c24 | 348b 5424 
  0x000001cf10819ab4: 408b 7424 | 4448 8b44 | 2448 4d8b | cae9 25b9 | ffff 4c89 | 4c24 3089 

  0x000001cf10819acc: ;   {metadata('java/lang/String')}
  0x000001cf10819acc: 5c24 2848 | bae0 e900 | 7bcf 0100 | 0049 8bed 

  0x000001cf10819adc: ;   {runtime_call _new_instance_Java}
  0x000001cf10819adc: c5f8 77e8 

  0x000001cf10819ae0: ; ImmutableOopMap {rbp=Oop [48]=Oop [88]=Oop }
                      ;*new {reexecute=0 rethrow=0 return_oop=1}
                      ; - java.lang.StringLatin1::replace@116 (line 322)
                      ; - java.lang.String::replace@18 (line 2808)
                      ; - java.net.URLClassLoader$1::run@8 (line 423)
                      ; - java.net.URLClassLoader$1::run@1 (line 421)
  0x000001cf10819ae0: 1c45 61ff | 8b5c 2428 | 4c8b 4c24 | 304c 8bc0 | e982 bbff | ff45 33c0 | 4533 c948 | 8b8c 24b8 
  0x000001cf10819b00: 0000 00e9 | 59db ffff | 4c89 5c24 

  0x000001cf10819b0c: ;   {metadata('java/security/CodeSource')}
  0x000001cf10819b0c: 4848 baa0 | ee00 7bcf | 0100 0090 

  0x000001cf10819b18: ;   {runtime_call _new_instance_Java}
  0x000001cf10819b18: c5f8 77e8 

  0x000001cf10819b1c: ; ImmutableOopMap {rbp=Oop [32]=Oop [48]=Oop [64]=Oop [72]=Oop [80]=Oop [144]=Oop [156]=NarrowOop [160]=NarrowOop }
                      ;*new {reexecute=0 rethrow=0 return_oop=1}
                      ; - java.net.URLClassLoader::defineClass@190 (line 522)
                      ; - java.net.URLClassLoader$1::run@43 (line 427)
                      ; - java.net.URLClassLoader$1::run@1 (line 421)
  0x000001cf10819b1c: e044 61ff | e9a8 d6ff | ff89 7424 | 5844 895c | 242c 4c89 | 4c24 504c | 8944 2430 | 4489 5424 
  0x000001cf10819b3c: 2444 8974 | 2420 418b | ed48 895c | 2448 4889 

  0x000001cf10819b4c: ;   {metadata('java/lang/String')}
  0x000001cf10819b4c: 7c24 4048 | bae0 e900 | 7bcf 0100 | 0066 6690 

  0x000001cf10819b5c: ;   {runtime_call _new_instance_Java}
  0x000001cf10819b5c: c5f8 77e8 

  0x000001cf10819b60: ; ImmutableOopMap {rbp=NarrowOop [32]=NarrowOop [48]=Oop [64]=Oop [72]=Oop [80]=Oop [88]=NarrowOop [144]=Oop }
                      ;*new {reexecute=0 rethrow=0 return_oop=1}
                      ; - java.lang.StringLatin1::newString@7 (line 769)
                      ; - java.lang.String::substring@41 (line 2714)
                      ; - java.net.URLClassLoader::defineClass@28 (line 489)
                      ; - java.net.URLClassLoader$1::run@43 (line 427)
                      ; - java.net.URLClassLoader$1::run@1 (line 421)
  0x000001cf10819b60: 9c44 61ff | 488b 7c24 | 4048 8b5c | 2448 448b | ed44 8b74 | 2420 448b | 5424 244c | 8b44 2430 
  0x000001cf10819b80: 4c8b 4c24 | 5044 8b5c | 242c 8b74 | 2458 e93e | beff ff48 | 897c 2440 | 4889 5c24 | 4844 896c 
  0x000001cf10819ba0: 2420 4489 | 7424 2444 | 8954 242c | 4c89 4424 | 304c 894c | 2450 4489 | 5c24 5889 | 7424 5c48 
  0x000001cf10819bc0: 8944 2460 | 4889 5424 | 6848 894c 

  0x000001cf10819bcc: ;   {metadata({type array byte})}
  0x000001cf10819bcc: 2470 48ba | 2867 007b | cf01 0000 | 448b 4424 | 2c66 6690 

  0x000001cf10819be0: ;   {runtime_call _new_array_nozero_Java}
  0x000001cf10819be0: c5f8 77e8 

  0x000001cf10819be4: ; ImmutableOopMap {[32]=NarrowOop [36]=NarrowOop [48]=Oop [64]=Oop [72]=Oop [80]=Oop [92]=NarrowOop [96]=Oop [144]=Oop }
                      ;*newarray {reexecute=0 rethrow=0 return_oop=1}
                      ; - java.util.Arrays::copyOfRange@41 (line 3822)
                      ; - java.lang.StringLatin1::newString@16 (line 769)
                      ; - java.lang.String::substring@41 (line 2714)
                      ; - java.net.URLClassLoader::defineClass@28 (line 489)
                      ; - java.net.URLClassLoader$1::run@43 (line 427)
                      ; - java.net.URLClassLoader$1::run@1 (line 421)
  0x000001cf10819be4: 9814 61ff | 488b d8e9 | dbbe ffff | 4889 7c24 | 2049 8be9 | 488b d14c | 8bc7 6690 

  0x000001cf10819c00: ;   {optimized virtual_call}
  0x000001cf10819c00: c5f8 77e8 

  0x000001cf10819c04: ; ImmutableOopMap {rbp=Oop [32]=Oop [48]=Oop [64]=Oop [72]=Oop [80]=Oop [96]=Oop [120]=Oop [144]=Oop [156]=NarrowOop [160]=NarrowOop }
                      ;*invokevirtual afterNodeAccess {reexecute=0 rethrow=0 return_oop=0}
                      ; - java.util.LinkedHashMap::get@21 (line 444)
                      ; - java.util.jar.Attributes::get@5 (line 105)
                      ; - java.util.jar.Attributes::getValue@2 (line 141)
                      ; - java.net.URLClassLoader::isSealed@58 (line 608)
                      ; - java.net.URLClassLoader::getAndVerifyPackage@68 (line 469)
                      ; - java.net.URLClassLoader::defineClass@46 (line 492)
                      ; - java.net.URLClassLoader$1::run@43 (line 427)
                      ; - java.net.URLClassLoader$1::run@1 (line 421)
  0x000001cf10819c04: 7877 56ff | 4c8b cd48 | 8b7c 2420 | e914 d0ff | ff4d 8bca | 448b dd41 | 8bde 458b | d5c4 c1f9 
  0x000001cf10819c24: 7ec5 e974 | ceff ff4c | 8b54 2458 | 41c6 4211 | 0133 c048 | ff74 2458 | 488f 8424 | c000 0000 
  0x000001cf10819c44: 8bb4 2498 | 0000 00e9 | cac1 ffff | 89b4 2498 | 0000 004c | 8954 2460 | 48ff 7424 | 7848 8f44 
  0x000001cf10819c64: 2458 4489 | 5c24 2c4c | 894c 2450 | 4c89 4424 | 3044 89b4 | 24a0 0000 | 0044 89ac | 249c 0000 
  0x000001cf10819c84: 0048 895c | 2448 4889 | 7c24 4048 | 8bd5 48c1 | e203 488b | e966 6690 

  0x000001cf10819c9c: ;   {static_call}
  0x000001cf10819c9c: c5f8 77e8 

  0x000001cf10819ca0: ; ImmutableOopMap {rbp=Oop [48]=Oop [64]=Oop [72]=Oop [80]=Oop [88]=Oop [96]=Oop [144]=Oop [152]=NarrowOop [156]=NarrowOop [160]=NarrowOop }
                      ;*invokestatic hashCode {reexecute=0 rethrow=0 return_oop=0}
                      ; - java.lang.String::hashCode@37 (line 2345)
                      ; - java.util.concurrent.ConcurrentHashMap::get@1 (line 936)
                      ; - java.lang.ClassLoader::getDefinedPackage@13 (line 2239)
                      ; - java.net.URLClassLoader::getAndVerifyPackage@2 (line 457)
                      ; - java.net.URLClassLoader::defineClass@46 (line 492)
                      ; - java.net.URLClassLoader$1::run@43 (line 427)
                      ; - java.net.URLClassLoader$1::run@1 (line 421)
  0x000001cf10819ca0: dc7c 56ff | e91f e2ff 

  0x000001cf10819ca8: ;   {metadata({type array byte})}
  0x000001cf10819ca8: ff48 ba28 | 6700 7bcf | 0100 0044 | 8b84 24b0 | 0000 0090 

  0x000001cf10819cbc: ;   {runtime_call _new_array_Java}
  0x000001cf10819cbc: c5f8 77e8 

  0x000001cf10819cc0: ; ImmutableOopMap {[32]=Oop [48]=Oop [64]=Oop [72]=Oop [80]=Oop [96]=Oop [104]=Oop [112]=Oop [120]=Oop [128]=Oop [144]=Oop [152]=NarrowOop [156]=NarrowOop [160]=NarrowOop }
                      ;*invokevirtual allocateUninitializedArray0 {reexecute=0 rethrow=0 return_oop=1}
                      ; - jdk.internal.misc.Unsafe::allocateUninitializedArray@51 (line 1375)
                      ; - java.lang.StringConcatHelper::newArray@33 (line 497)
                      ; - java.lang.StringConcatHelper::simpleConcat@61 (line 421)
                      ; - java.lang.String::concat@11 (line 2774)
                      ; - java.net.URLClassLoader::isSealed@15 (line 601)
                      ; - java.net.URLClassLoader::getAndVerifyPackage@68 (line 469)
                      ; - java.net.URLClassLoader::defineClass@46 (line 492)
                      ; - java.net.URLClassLoader$1::run@43 (line 427)
                      ; - java.net.URLClassLoader$1::run@1 (line 421)
  0x000001cf10819cc0: bc22 61ff | 4c8b c0e9 | e2e6 ffff | 4c89 4424 

  0x000001cf10819cd0: ;   {metadata('java/lang/String')}
  0x000001cf10819cd0: 5848 bae0 | e900 7bcf | 0100 0048 | 8b6c 2420 

  0x000001cf10819ce0: ;   {runtime_call _new_instance_Java}
  0x000001cf10819ce0: c5f8 77e8 

  0x000001cf10819ce4: ; ImmutableOopMap {rbp=Oop [48]=Oop [64]=Oop [72]=Oop [80]=Oop [88]=Oop [96]=Oop [104]=Oop [120]=Oop [144]=Oop [152]=NarrowOop [156]=NarrowOop [160]=NarrowOop }
                      ;*new {reexecute=0 rethrow=0 return_oop=1}
                      ; - java.lang.StringConcatHelper::newString@6 (line 387)
                      ; - java.lang.StringConcatHelper::simpleConcat@90 (line 426)
                      ; - java.lang.String::concat@11 (line 2774)
                      ; - java.net.URLClassLoader::isSealed@15 (line 601)
                      ; - java.net.URLClassLoader::getAndVerifyPackage@68 (line 469)
                      ; - java.net.URLClassLoader::defineClass@46 (line 492)
                      ; - java.net.URLClassLoader$1::run@43 (line 427)
                      ; - java.net.URLClassLoader$1::run@1 (line 421)
  0x000001cf10819ce4: 1843 61ff | 4c8b 4424 | 58e9 81e7 | ffff 498b | 8708 0100 | 004c 8bd0 | 4983 c218 | 4d3b 9718 
  0x000001cf10819d04: 0100 000f | 83bf 2100 | 004d 8997 | 0801 0000 | 410f 0d8a | c000 0000 | 48c7 0001 

  0x000001cf10819d20: ;   {metadata('java/lang/String')}
  0x000001cf10819d20: 0000 00c7 | 4008 e0e9 | 0000 4489 | 600c 4489 

  0x000001cf10819d30: ;   {oop([B{0x00000006004fef20})}
  0x000001cf10819d30: 6010 c740 | 14e4 fd09 

  0x000001cf10819d38: ;   {oop("/"{0x00000006004fef08})}
  0x000001cf10819d38: c049 ba08 | ef4f 0006 | 0000 0045 | 8b5a 0c44 | 8958 0c48 | 8984 24b8 | 0000 00e9 | 55d8 ffff 
  0x000001cf10819d58: 498b c845 | 8bc5 6690 | e977 daff 

  0x000001cf10819d64: ;   {metadata('java/util/concurrent/ConcurrentHashMap$ForwardingNode')}
  0x000001cf10819d64: ff41 81fb | e082 1900 | 0f85 6223 | 0000 4b8d | 14ec 458b | c14c 8b8c | 24c0 0000 | 0066 6690 
  0x000001cf10819d84: ;   {optimized virtual_call}
  0x000001cf10819d84: c5f8 77e8 

  0x000001cf10819d88: ; ImmutableOopMap {[48]=Oop [64]=Oop [72]=Oop [80]=Oop [96]=Oop [144]=Oop [156]=NarrowOop [160]=NarrowOop [192]=Oop }
                      ;*invokevirtual find {reexecute=0 rethrow=0 return_oop=1}
                      ; - java.util.concurrent.ConcurrentHashMap::get@93 (line 944)
                      ; - java.lang.ClassLoader::getDefinedPackage@13 (line 2239)
                      ; - java.net.URLClassLoader::getAndVerifyPackage@2 (line 457)
                      ; - java.net.URLClassLoader::defineClass@46 (line 492)
                      ; - java.net.URLClassLoader$1::run@43 (line 427)
                      ; - java.net.URLClassLoader$1::run@1 (line 421)
  0x000001cf10819d88: f475 56ff | 4885 c00f | 8498 d5ff | ff44 8b50 | 1445 85d2 | 0f1f 4000 | 0f84 87d5 | ffff 458b 
  0x000001cf10819da8: c24c 8b94 | 24c0 0000 | 0041 8b42 | 0c41 0fb6 | 7a11 e94b | c4ff ff49 | 8bc8 418b | de45 8bc5 
  0x000001cf10819dc8: e90f daff | ff4c 8b94 | 24c0 0000 | 0041 c642 | 1101 33c0 | 0f1f 4000 | e981 c4ff | ff49 8bd1 
  0x000001cf10819de8: 48c1 e203 | 4889 4424 | 2066 6690 

  0x000001cf10819df4: ;   {static_call}
  0x000001cf10819df4: c5f8 77e8 

  0x000001cf10819df8: ; ImmutableOopMap {rbp=NarrowOop [32]=Oop [48]=Oop [64]=Oop [72]=Oop [80]=Oop [96]=Oop [120]=NarrowOop [144]=Oop [156]=NarrowOop [160]=NarrowOop [192]=Oop }
                      ;*invokestatic hashCode {reexecute=0 rethrow=0 return_oop=0}
                      ; - java.lang.String::hashCode@37 (line 2345)
                      ; - java.util.concurrent.ConcurrentHashMap::get@1 (line 936)
                      ; - java.lang.ClassLoader::definePackage@47 (line 2101)
                      ; - java.lang.ClassLoader::getDefinedPackage@32 (line 2243)
                      ; - java.net.URLClassLoader::getAndVerifyPackage@2 (line 457)
                      ; - java.net.URLClassLoader::defineClass@46 (line 492)
                      ; - java.net.URLClassLoader$1::run@43 (line 427)
                      ; - java.net.URLClassLoader$1::run@1 (line 421)
  0x000001cf10819df8: 847b 56ff | 0f1f 4000 | e964 eaff | ff4c 8b44 | 2470 4c8b | 4c24 7848 | 8b8c 2480 | 0000 00e9 
  0x000001cf10819e18: 4fdc ffff | 4c8b 4424 | 704c 8b4c | 2478 488b | 8c24 8000 | 0000 488b | 9c24 8800 | 0000 e9d5 
  0x000001cf10819e38: dcff ff4c | 8b84 2480 | 0000 0041 | c640 1101 | 33c9 4533 | db4c 8b4c | 2468 488b | 7c24 20e9 
  0x000001cf10819e58: 9ae6 ffff | 4889 7c24 | 2089 8c24 | 8800 0000 | 4889 8424 | 8000 0000 | 488b d548 | c1e2 0390 
  0x000001cf10819e78: ;   {static_call}
  0x000001cf10819e78: c5f8 77e8 

  0x000001cf10819e7c: ; ImmutableOopMap {[32]=Oop [48]=Oop [64]=Oop [72]=Oop [80]=Oop [96]=Oop [104]=Oop [120]=Oop [128]=Oop [144]=Oop [156]=NarrowOop [160]=NarrowOop }
                      ;*invokestatic hashCode {reexecute=0 rethrow=0 return_oop=0}
                      ; - java.lang.String::hashCode@37 (line 2345)
                      ; - java.util.HashMap::hash@9 (line 338)
                      ; - java.util.HashMap::getNode@23 (line 568)
                      ; - java.util.HashMap::get@2 (line 556)
                      ; - java.util.jar.Manifest::getAttributes@5 (line 159)
                      ; - java.util.jar.Manifest::getTrustedAttributes@2 (line 176)
                      ; - java.util.jar.JavaUtilJarAccessImpl::getTrustedAttributes@2 (line 68)
                      ; - java.net.URLClassLoader::isSealed@18 (line 601)
                      ; - java.net.URLClassLoader::getAndVerifyPackage@68 (line 469)
                      ; - java.net.URLClassLoader::defineClass@46 (line 492)
                      ; - java.net.URLClassLoader$1::run@43 (line 427)
                      ; - java.net.URLClassLoader$1::run@1 (line 421)
  0x000001cf10819e7c: 007b 56ff | e935 ebff 

  0x000001cf10819e84: ;   {metadata({type array byte})}
  0x000001cf10819e84: ff48 ba28 | 6700 7bcf | 0100 0044 | 8b84 2480 | 0000 004c | 8b54 2478 | 4c89 9424 | c000 0000 
  0x000001cf10819ea4: ;   {runtime_call _new_array_Java}
  0x000001cf10819ea4: c5f8 77e8 

  0x000001cf10819ea8: ; ImmutableOopMap {[32]=Oop [48]=Oop [64]=Oop [72]=Oop [80]=Oop [96]=Oop [104]=Oop [112]=Oop [120]=Oop [144]=Oop [152]=NarrowOop [156]=NarrowOop [160]=NarrowOop [164]=NarrowOop [192]=Oop }
                      ;*invokevirtual allocateUninitializedArray0 {reexecute=0 rethrow=0 return_oop=1}
                      ; - jdk.internal.misc.Unsafe::allocateUninitializedArray@51 (line 1375)
                      ; - java.lang.StringConcatHelper::newArray@33 (line 497)
                      ; - java.lang.StringLatin1::replace@49 (line 313)
                      ; - java.lang.String::replace@18 (line 2808)
                      ; - java.net.URLClassLoader::isSealed@9 (line 601)
                      ; - java.net.URLClassLoader::getAndVerifyPackage@68 (line 469)
                      ; - java.net.URLClassLoader::defineClass@46 (line 492)
                      ; - java.net.URLClassLoader$1::run@43 (line 427)
                      ; - java.net.URLClassLoader$1::run@1 (line 421)
  0x000001cf10819ea8: d420 61ff | 4c8b c0e9 | e0e0 ffff 

  0x000001cf10819eb4: ;   {metadata('java/lang/String')}
  0x000001cf10819eb4: 48ba e0e9 | 007b cf01 | 0000 6690 

  0x000001cf10819ec0: ;   {runtime_call _new_instance_Java}
  0x000001cf10819ec0: c5f8 77e8 

  0x000001cf10819ec4: ; ImmutableOopMap {[32]=Oop [48]=Oop [64]=Oop [72]=Oop [80]=Oop [96]=Oop [104]=Oop [120]=Oop [136]=Oop [144]=Oop [152]=NarrowOop [156]=NarrowOop [160]=NarrowOop }
                      ;*new {reexecute=0 rethrow=0 return_oop=1}
                      ; - java.lang.StringLatin1::replace@116 (line 322)
                      ; - java.lang.String::replace@18 (line 2808)
                      ; - java.net.URLClassLoader::isSealed@9 (line 601)
                      ; - java.net.URLClassLoader::getAndVerifyPackage@68 (line 469)
                      ; - java.net.URLClassLoader::defineClass@46 (line 492)
                      ; - java.net.URLClassLoader$1::run@43 (line 427)
                      ; - java.net.URLClassLoader$1::run@1 (line 421)
  0x000001cf10819ec4: 3841 61ff | 4c8b c8e9 | a3e3 ffff 

  0x000001cf10819ed0: ;   {metadata({type array byte})}
  0x000001cf10819ed0: 48ba 2867 | 007b cf01 | 0000 448b | 8424 a400 | 0000 6690 

  0x000001cf10819ee4: ;   {runtime_call _new_array_Java}
  0x000001cf10819ee4: c5f8 77e8 

  0x000001cf10819ee8: ; ImmutableOopMap {[32]=Oop [48]=Oop [64]=Oop [72]=Oop [80]=Oop [112]=Oop [120]=NarrowOop [124]=NarrowOop [128]=Oop [144]=Oop [156]=NarrowOop [160]=NarrowOop [192]=Oop }
                      ;*invokevirtual allocateUninitializedArray0 {reexecute=0 rethrow=0 return_oop=1}
                      ; - jdk.internal.misc.Unsafe::allocateUninitializedArray@51 (line 1375)
                      ; - java.lang.StringConcatHelper::newArray@33 (line 497)
                      ; - java.lang.StringConcatHelper::simpleConcat@61 (line 421)
                      ; - java.lang.String::concat@11 (line 2774)
                      ; - java.net.URLClassLoader::definePackage@39 (line 552)
                      ; - java.net.URLClassLoader::defineClass@64 (line 495)
                      ; - java.net.URLClassLoader$1::run@43 (line 427)
                      ; - java.net.URLClassLoader$1::run@1 (line 421)
  0x000001cf10819ee8: 9420 61ff | 4c8b c0e9 | bdd5 ffff 

  0x000001cf10819ef4: ;   {metadata('java/lang/String')}
  0x000001cf10819ef4: 48ba e0e9 | 007b cf01 | 0000 6690 

  0x000001cf10819f00: ;   {runtime_call _new_instance_Java}
  0x000001cf10819f00: c5f8 77e8 

  0x000001cf10819f04: ; ImmutableOopMap {[32]=Oop [48]=Oop [64]=Oop [72]=Oop [80]=Oop [112]=Oop [120]=NarrowOop [144]=Oop [156]=NarrowOop [160]=NarrowOop [176]=Oop [192]=Oop }
                      ;*new {reexecute=0 rethrow=0 return_oop=1}
                      ; - java.lang.StringConcatHelper::newString@6 (line 387)
                      ; - java.lang.StringConcatHelper::simpleConcat@90 (line 426)
                      ; - java.lang.String::concat@11 (line 2774)
                      ; - java.net.URLClassLoader::definePackage@39 (line 552)
                      ; - java.net.URLClassLoader::defineClass@64 (line 495)
                      ; - java.net.URLClassLoader$1::run@43 (line 427)
                      ; - java.net.URLClassLoader$1::run@1 (line 421)
  0x000001cf10819f04: f840 61ff | e985 d6ff | ffba e4ff | ffff 488b | ef48 895c | 2428 4c8b | 5c24 384c | 895c 2430 
  0x000001cf10819f24: 4489 5424 | 3c44 896c | 2440 4489 | 7424 4489 | 7424 4c90 

  0x000001cf10819f38: ;   {runtime_call UncommonTrapBlob}
  0x000001cf10819f38: c5f8 77e8 

  0x000001cf10819f3c: ; ImmutableOopMap {rbp=Oop [40]=Oop [64]=NarrowOop [68]=NarrowOop [76]=NarrowOop }
                      ;*baload {reexecute=0 rethrow=0 return_oop=0}
                      ; - java.lang.StringLatin1::lastIndexOf@24 (line 295)
                      ; - java.lang.String::lastIndexOf@13 (line 2489)
                      ; - java.lang.String::lastIndexOf@8 (line 2451)
                      ; - java.net.URLClassLoader::defineClass@7 (line 486)
                      ; - java.net.URLClassLoader$1::run@43 (line 427)
                      ; - java.net.URLClassLoader$1::run@1 (line 421)
  0x000001cf10819f3c: c0c9 56ff 

  0x000001cf10819f40: ;   {metadata('java/util/concurrent/ConcurrentHashMap$ForwardingNode')}
  0x000001cf10819f40: 4181 fae0 | 8219 000f | 85e0 2100 | 004b 8d14 | ec45 8bc1 | 4c8b 8c24 | c000 0000 

  0x000001cf10819f5c: ;   {optimized virtual_call}
  0x000001cf10819f5c: c5f8 77e8 

  0x000001cf10819f60: ; ImmutableOopMap {[48]=Oop [64]=Oop [72]=Oop [80]=Oop [96]=Oop [120]=NarrowOop [144]=Oop [156]=NarrowOop [160]=NarrowOop [192]=Oop }
                      ;*invokevirtual find {reexecute=0 rethrow=0 return_oop=1}
                      ; - java.util.concurrent.ConcurrentHashMap::get@93 (line 944)
                      ; - java.lang.ClassLoader::definePackage@47 (line 2101)
                      ; - java.lang.ClassLoader::getDefinedPackage@32 (line 2243)
                      ; - java.net.URLClassLoader::getAndVerifyPackage@2 (line 457)
                      ; - java.net.URLClassLoader::defineClass@46 (line 492)
                      ; - java.net.URLClassLoader$1::run@43 (line 427)
                      ; - java.net.URLClassLoader$1::run@1 (line 421)
  0x000001cf10819f60: 1c74 56ff | 4885 c00f | 8440 c7ff | ff8b 6814 | 85ed 0f85 | cec6 ffff | e930 c7ff | ff41 8bea 
  0x000001cf10819f80: e9f1 b3ff 

  0x000001cf10819f84: ;   {metadata('java/lang/ClassLoader$$Lambda$52+0x000001cf7c067f90')}
  0x000001cf10819f84: ff48 ba90 | 7f06 7ccf | 0100 0090 

  0x000001cf10819f90: ;   {runtime_call _new_instance_Java}
  0x000001cf10819f90: c5f8 77e8 

  0x000001cf10819f94: ; ImmutableOopMap {rbp=NarrowOop [48]=Oop [64]=Oop [72]=Oop [80]=Oop [96]=Oop [120]=NarrowOop [144]=Oop [156]=NarrowOop [160]=NarrowOop [192]=Oop }
                      ;*invokevirtual allocateInstance {reexecute=0 rethrow=0 return_oop=1}
                      ; - java.lang.invoke.DirectMethodHandle::allocateInstance@12 (line 520)
                      ; - java.lang.invoke.DirectMethodHandle$Holder::newInvokeSpecial@1
                      ; - java.lang.invoke.Invokers$Holder::linkToTargetMethod@6
                      ; - java.lang.ClassLoader::definePackage@73 (line 2105)
                      ; - java.lang.ClassLoader::getDefinedPackage@32 (line 2243)
                      ; - java.net.URLClassLoader::getAndVerifyPackage@2 (line 457)
                      ; - java.net.URLClassLoader::defineClass@46 (line 492)
                      ; - java.net.URLClassLoader$1::run@43 (line 427)
                      ; - java.net.URLClassLoader$1::run@1 (line 421)
  0x000001cf10819f94: 6840 61ff | 4c8b c80f | 1f44 0000 | e956 c7ff | ff48 897c | 2420 498b | e948 8bd1 | 4c8b c790 
  0x000001cf10819fb4: ;   {optimized virtual_call}
  0x000001cf10819fb4: c5f8 77e8 

  0x000001cf10819fb8: ; ImmutableOopMap {rbp=Oop [32]=Oop [48]=Oop [64]=Oop [72]=Oop [80]=Oop [96]=Oop [120]=Oop [144]=Oop [156]=NarrowOop [160]=NarrowOop }
                      ;*invokevirtual afterNodeAccess {reexecute=0 rethrow=0 return_oop=0}
                      ; - java.util.LinkedHashMap::get@21 (line 444)
                      ; - java.util.jar.Attributes::get@5 (line 105)
                      ; - java.util.jar.Attributes::getValue@2 (line 141)
                      ; - java.net.URLClassLoader::isSealed@35 (line 604)
                      ; - java.net.URLClassLoader::getAndVerifyPackage@68 (line 469)
                      ; - java.net.URLClassLoader::defineClass@46 (line 492)
                      ; - java.net.URLClassLoader$1::run@43 (line 427)
                      ; - java.net.URLClassLoader$1::run@1 (line 421)
  0x000001cf10819fb8: c473 56ff | 4c8b cd48 | 8b7c 2420 | e9c0 e6ff | ff48 8b8c | 24b8 0000 | 00c6 4111 | 0145 33c0 
  0x000001cf10819fd8: 4533 c90f | 1f44 0000 | e97c d6ff | ff49 8bd3 | 48c1 e203 

  0x000001cf10819fec: ;   {static_call}
  0x000001cf10819fec: c5f8 77e8 

  0x000001cf10819ff0: ; ImmutableOopMap {[32]=Oop [48]=Oop [64]=Oop [72]=Oop [80]=Oop [112]=Oop [144]=Oop [156]=NarrowOop [160]=NarrowOop [184]=Oop [192]=Oop }
                      ;*invokestatic hashCode {reexecute=0 rethrow=0 return_oop=0}
                      ; - java.lang.String::hashCode@37 (line 2345)
                      ; - java.util.HashMap::hash@9 (line 338)
                      ; - java.util.HashMap::getNode@23 (line 568)
                      ; - java.util.HashMap::get@2 (line 556)
                      ; - java.util.jar.Manifest::getAttributes@5 (line 159)
                      ; - java.util.jar.Manifest::getTrustedAttributes@2 (line 176)
                      ; - java.util.jar.JavaUtilJarAccessImpl::getTrustedAttributes@2 (line 68)
                      ; - java.net.URLClassLoader::definePackage@42 (line 552)
                      ; - java.net.URLClassLoader::defineClass@64 (line 495)
                      ; - java.net.URLClassLoader$1::run@43 (line 427)
                      ; - java.net.URLClassLoader$1::run@1 (line 421)
  0x000001cf10819ff0: 8c79 56ff | e901 ecff | ff48 8954 | 2420 498b | e94c 8944 | 2470 488b | d14c 8b44 | 2420 6690 
  0x000001cf1081a010: ;   {optimized virtual_call}
  0x000001cf1081a010: c5f8 77e8 

  0x000001cf1081a014: ; ImmutableOopMap {rbp=Oop [32]=Oop [48]=Oop [64]=Oop [72]=Oop [80]=Oop [112]=Oop [144]=Oop [156]=NarrowOop [160]=NarrowOop [192]=Oop }
                      ;*invokevirtual afterNodeAccess {reexecute=0 rethrow=0 return_oop=0}
                      ; - java.util.LinkedHashMap::get@21 (line 444)
                      ; - java.util.jar.Attributes::get@5 (line 105)
                      ; - java.util.jar.Attributes::getValue@2 (line 141)
                      ; - java.net.URLClassLoader::definePackage@59 (line 554)
                      ; - java.net.URLClassLoader::defineClass@64 (line 495)
                      ; - java.net.URLClassLoader$1::run@43 (line 427)
                      ; - java.net.URLClassLoader$1::run@1 (line 421)
  0x000001cf1081a014: 6873 56ff | 4c8b 4424 | 704c 8bcd | 488b 5424 | 20e9 8cd9 | ffff 498b | e849 8bd2 

  0x000001cf1081a030: ;   {optimized virtual_call}
  0x000001cf1081a030: c5f8 77e8 

  0x000001cf1081a034: ; ImmutableOopMap {rbp=Oop [48]=Oop [64]=Oop [72]=Oop [80]=Oop [112]=Oop [120]=Oop [128]=Oop [144]=Oop [156]=NarrowOop [160]=NarrowOop [192]=Oop }
                      ;*invokevirtual afterNodeAccess {reexecute=0 rethrow=0 return_oop=0}
                      ; - java.util.LinkedHashMap::get@21 (line 444)
                      ; - java.util.jar.Attributes::get@5 (line 105)
                      ; - java.util.jar.Attributes::getValue@2 (line 141)
                      ; - java.net.URLClassLoader::definePackage@69 (line 555)
                      ; - java.net.URLClassLoader::defineClass@64 (line 495)
                      ; - java.net.URLClassLoader$1::run@43 (line 427)
                      ; - java.net.URLClassLoader$1::run@1 (line 421)
  0x000001cf1081a034: 4873 56ff | 4c8b c50f | 1f44 0000 | e9d9 dcff | ff49 8be8 | 498b d290 

  0x000001cf1081a04c: ;   {optimized virtual_call}
  0x000001cf1081a04c: c5f8 77e8 

  0x000001cf1081a050: ; ImmutableOopMap {rbp=Oop [48]=Oop [64]=Oop [72]=Oop [80]=Oop [112]=Oop [120]=Oop [128]=Oop [136]=Oop [144]=Oop [156]=NarrowOop [160]=NarrowOop [192]=Oop }
                      ;*invokevirtual afterNodeAccess {reexecute=0 rethrow=0 return_oop=0}
                      ; - java.util.LinkedHashMap::get@21 (line 444)
                      ; - java.util.jar.Attributes::get@5 (line 105)
                      ; - java.util.jar.Attributes::getValue@2 (line 141)
                      ; - java.net.URLClassLoader::definePackage@79 (line 556)
                      ; - java.net.URLClassLoader::defineClass@64 (line 495)
                      ; - java.net.URLClassLoader$1::run@43 (line 427)
                      ; - java.net.URLClassLoader$1::run@1 (line 421)
  0x000001cf1081a050: 2c73 56ff | 4c8b c5e9 | 22dc ffff | 498b e849 | 8bd3 6690 

  0x000001cf1081a064: ;   {optimized virtual_call}
  0x000001cf1081a064: c5f8 77e8 

  0x000001cf1081a068: ; ImmutableOopMap {rbp=Oop [48]=Oop [64]=Oop [72]=Oop [80]=Oop [112]=Oop [120]=Oop [128]=Oop [136]=Oop [144]=Oop [156]=NarrowOop [160]=NarrowOop [192]=Oop [216]=Oop }
                      ;*invokevirtual afterNodeAccess {reexecute=0 rethrow=0 return_oop=0}
                      ; - java.util.LinkedHashMap::get@21 (line 444)
                      ; - java.util.jar.Attributes::get@5 (line 105)
                      ; - java.util.jar.Attributes::getValue@2 (line 141)
                      ; - java.net.URLClassLoader::definePackage@89 (line 557)
                      ; - java.net.URLClassLoader::defineClass@64 (line 495)
                      ; - java.net.URLClassLoader$1::run@43 (line 427)
                      ; - java.net.URLClassLoader$1::run@1 (line 421)
  0x000001cf1081a068: 1473 56ff | 4c8b c5e9 | 7fdb ffff | 895c 2420 

  0x000001cf1081a078: ;   {metadata('java/lang/String')}
  0x000001cf1081a078: 48ba e0e9 | 007b cf01 | 0000 6690 

  0x000001cf1081a084: ;   {runtime_call _new_instance_Java}
  0x000001cf1081a084: c5f8 77e8 

  0x000001cf1081a088: ; ImmutableOopMap {[88]=Oop }
                      ;*new {reexecute=0 rethrow=0 return_oop=1}
                      ; - java.lang.StringConcatHelper::simpleConcat@17 (line 411)
                      ; - java.lang.String::concat@11 (line 2774)
                      ; - java.net.URLClassLoader$1::run@13 (line 423)
                      ; - java.net.URLClassLoader$1::run@1 (line 421)
  0x000001cf1081a088: 743f 61ff | 8b5c 2420 | e98b e6ff | ff8b efc1 | ed10 85ed | 0f1f 4000 | 0f85 de20 

  0x000001cf1081a0a4: ;   {oop(a 'java/lang/CharacterData00'{0x0000000601282b10})}
  0x000001cf1081a0a4: 0000 48bd | 102b 2801 | 0600 0000 | e9fe ccff | ff8b eec1 | ed10 85ed | 0f1f 4000 | 0f85 0621 
  0x000001cf1081a0c4: ;   {oop(a 'java/lang/CharacterData00'{0x0000000601282b10})}
  0x000001cf1081a0c4: 0000 49b8 | 102b 2801 | 0600 0000 | e943 cdff | ff41 8be8 | e923 deff | ff49 8bca | 458b c844 
  0x000001cf1081a0e4: 8bc5 488b | fae9 1ef2 

  0x000001cf1081a0ec: ;   {metadata('java/lang/String')}
  0x000001cf1081a0ec: ffff 48ba | e0e9 007b | cf01 0000 | 488b 6c24 | 2066 6690 

  0x000001cf1081a100: ;   {runtime_call _new_instance_Java}
  0x000001cf1081a100: c5f8 77e8 

  0x000001cf1081a104: ; ImmutableOopMap {rbp=Oop [48]=Oop [64]=Oop [72]=Oop [80]=Oop [96]=Oop [104]=Oop [120]=Oop [144]=Oop [152]=NarrowOop [156]=NarrowOop [160]=NarrowOop }
                      ;*new {reexecute=0 rethrow=0 return_oop=1}
                      ; - java.lang.StringConcatHelper::simpleConcat@17 (line 411)
                      ; - java.lang.String::concat@11 (line 2774)
                      ; - java.net.URLClassLoader::isSealed@15 (line 601)
                      ; - java.net.URLClassLoader::getAndVerifyPackage@68 (line 469)
                      ; - java.net.URLClassLoader::defineClass@46 (line 492)
                      ; - java.net.URLClassLoader$1::run@43 (line 427)
                      ; - java.net.URLClassLoader$1::run@1 (line 421)
  0x000001cf1081a104: f83e 61ff | e98e ebff | ffba f6ff | ffff 4c89 | 4424 2090 

  0x000001cf1081a118: ;   {runtime_call UncommonTrapBlob}
  0x000001cf1081a118: c5f8 77e8 

  0x000001cf1081a11c: ; ImmutableOopMap {[32]=Oop [88]=Oop }
                      ;*invokevirtual getResource {reexecute=0 rethrow=0 return_oop=0}
                      ; - java.net.URLClassLoader$1::run@26 (line 424)
                      ; - java.net.URLClassLoader$1::run@1 (line 421)
  0x000001cf1081a11c: e0c7 56ff | ba76 ffff | ff48 8b6c | 2458 897c | 2424 894c | 2428 4489 | 4424 2c90 

  0x000001cf1081a138: ;   {runtime_call UncommonTrapBlob}
  0x000001cf1081a138: c5f8 77e8 

  0x000001cf1081a13c: ; ImmutableOopMap {rbp=Oop [40]=NarrowOop [44]=NarrowOop }
                      ;*if_icmpge {reexecute=1 rethrow=0 return_oop=0}
                      ; - (reexecute) java.lang.StringLatin1::replace@19 (line 306)
                      ; - java.lang.String::replace@18 (line 2808)
                      ; - java.net.URLClassLoader$1::run@8 (line 423)
                      ; - java.net.URLClassLoader$1::run@1 (line 421)
  0x000001cf1081a13c: c0c7 56ff | 41ba 0100 | 0000 bb01 | 0000 00e9 | eff3 ffff | 4963 cae9 | a9b5 ffff | bacc ffff 
  0x000001cf1081a15c: ff4c 8944 | 2420 4889 | 4424 3048 | 897c 2438 | 4489 5c24 | 4066 6690 

  0x000001cf1081a174: ;   {runtime_call UncommonTrapBlob}
  0x000001cf1081a174: c5f8 77e8 

  0x000001cf1081a178: ; ImmutableOopMap {[32]=Oop [56]=Oop [88]=Oop }
                      ;*invokestatic arraycopy {reexecute=0 rethrow=0 return_oop=0}
                      ; - java.lang.String::getBytes@22 (line 4459)
                      ; - java.lang.StringConcatHelper::prepend@21 (line 354)
                      ; - java.lang.StringConcatHelper::simpleConcat@71 (line 424)
                      ; - java.lang.String::concat@11 (line 2774)
                      ; - java.net.URLClassLoader$1::run@13 (line 423)
                      ; - java.net.URLClassLoader$1::run@1 (line 421)
  0x000001cf1081a178: 84c7 56ff | bacc ffff | ff4c 894c | 2420 4889 | 7c24 3089 | 7424 3890 

  0x000001cf1081a190: ;   {runtime_call UncommonTrapBlob}
  0x000001cf1081a190: c5f8 77e8 

  0x000001cf1081a194: ; ImmutableOopMap {[32]=Oop [48]=Oop [88]=Oop }
                      ;*invokestatic arraycopy {reexecute=0 rethrow=0 return_oop=0}
                      ; - java.lang.String::getBytes@22 (line 4459)
                      ; - java.lang.StringConcatHelper::prepend@21 (line 354)
                      ; - java.lang.StringConcatHelper::simpleConcat@81 (line 425)
                      ; - java.lang.String::concat@11 (line 2774)
                      ; - java.net.URLClassLoader$1::run@13 (line 423)
                      ; - java.net.URLClassLoader$1::run@1 (line 421)
  0x000001cf1081a194: 68c7 56ff | ba76 ffff | ff4c 894c | 2430 897c | 2438 894c | 243c 4489 | 4424 4090 

  0x000001cf1081a1b0: ;   {runtime_call UncommonTrapBlob}
  0x000001cf1081a1b0: c5f8 77e8 

  0x000001cf1081a1b4: ; ImmutableOopMap {[48]=Oop [60]=NarrowOop [64]=NarrowOop [88]=Oop }
                      ;*if_icmpge {reexecute=1 rethrow=0 return_oop=0}
                      ; - (reexecute) java.lang.StringLatin1::replace@82 (line 317)
                      ; - java.lang.String::replace@18 (line 2808)
                      ; - java.net.URLClassLoader$1::run@8 (line 423)
                      ; - java.net.URLClassLoader$1::run@1 (line 421)
  0x000001cf1081a1b4: 48c7 56ff | 4585 db40 | 0f95 c540 | 0fb6 ed83 | f501 ba45 | ffff ff89 | 4c24 2890 

  0x000001cf1081a1d0: ;   {runtime_call UncommonTrapBlob}
  0x000001cf1081a1d0: c5f8 77e8 

  0x000001cf1081a1d4: ; ImmutableOopMap {[40]=NarrowOop [88]=Oop }
                      ;*ifeq {reexecute=1 rethrow=0 return_oop=0}
                      ; - (reexecute) java.lang.String::replace@9 (line 2808)
                      ; - java.net.URLClassLoader$1::run@8 (line 423)
                      ; - java.net.URLClassLoader$1::run@1 (line 421)
  0x000001cf1081a1d4: 28c7 56ff | ba45 ffff | ff4c 8944 | 2420 4889 | 4424 2844 | 895c 2430 

  0x000001cf1081a1ec: ;   {runtime_call UncommonTrapBlob}
  0x000001cf1081a1ec: c5f8 77e8 

  0x000001cf1081a1f0: ; ImmutableOopMap {[32]=Oop [88]=Oop }
                      ;*iflt {reexecute=1 rethrow=0 return_oop=0}
                      ; - (reexecute) java.lang.StringConcatHelper::checkOverflow@2 (line 54)
                      ; - java.lang.StringConcatHelper::mix@23 (line 138)
                      ; - java.lang.StringConcatHelper::simpleConcat@46 (line 419)
                      ; - java.lang.String::concat@11 (line 2774)
                      ; - java.net.URLClassLoader$1::run@13 (line 423)
                      ; - java.net.URLClassLoader$1::run@1 (line 421)
  0x000001cf1081a1f0: 0cc7 56ff | ba45 ffff | ff4c 8944 | 2428 4489 | 5424 3090 

  0x000001cf1081a204: ;   {runtime_call UncommonTrapBlob}
  0x000001cf1081a204: c5f8 77e8 

  0x000001cf1081a208: ; ImmutableOopMap {[40]=Oop [88]=Oop }
                      ;*iflt {reexecute=1 rethrow=0 return_oop=0}
                      ; - (reexecute) java.lang.StringConcatHelper::checkOverflow@2 (line 54)
                      ; - java.lang.StringConcatHelper::mix@23 (line 138)
                      ; - java.lang.StringConcatHelper::simpleConcat@54 (line 420)
                      ; - java.lang.String::concat@11 (line 2774)
                      ; - java.net.URLClassLoader$1::run@13 (line 423)
                      ; - java.net.URLClassLoader$1::run@1 (line 421)
  0x000001cf1081a208: f4c6 56ff | ba45 ffff | ff4c 8944 | 2428 4889 | 7c24 3044 | 8974 2438 

  0x000001cf1081a220: ;   {runtime_call UncommonTrapBlob}
  0x000001cf1081a220: c5f8 77e8 

  0x000001cf1081a224: ; ImmutableOopMap {[40]=Oop [48]=Oop [88]=Oop }
                      ;*if_icmpne {reexecute=1 rethrow=0 return_oop=0}
                      ; - (reexecute) java.lang.String::getBytes@5 (line 4458)
                      ; - java.lang.StringConcatHelper::prepend@21 (line 354)
                      ; - java.lang.StringConcatHelper::simpleConcat@81 (line 425)
                      ; - java.lang.String::concat@11 (line 2774)
                      ; - java.net.URLClassLoader$1::run@13 (line 423)
                      ; - java.net.URLClassLoader$1::run@1 (line 421)
  0x000001cf1081a224: d8c6 56ff | ba76 ffff | ff89 7c24 | 284c 894c | 2430 894c | 2438 4489 | 4424 3c90 

  0x000001cf1081a240: ;   {runtime_call UncommonTrapBlob}
  0x000001cf1081a240: c5f8 77e8 

  0x000001cf1081a244: ; ImmutableOopMap {[48]=Oop [56]=NarrowOop [60]=NarrowOop [88]=Oop }
                      ;*if_icmpge {reexecute=1 rethrow=0 return_oop=0}
                      ; - (reexecute) java.lang.StringLatin1::replace@61 (line 314)
                      ; - java.lang.String::replace@18 (line 2808)
                      ; - java.net.URLClassLoader$1::run@8 (line 423)
                      ; - java.net.URLClassLoader$1::run@1 (line 421)
  0x000001cf1081a244: b8c6 56ff | 41bb 0100 | 0000 e96e | b2ff ffba | f6ff ffff | 4889 4424 | 2844 8974 | 2430 6690 
  0x000001cf1081a264: ;   {runtime_call UncommonTrapBlob}
  0x000001cf1081a264: c5f8 77e8 

  0x000001cf1081a268: ; ImmutableOopMap {[40]=Oop [48]=NarrowOop [88]=Oop }
                      ;*invokevirtual defineClass {reexecute=0 rethrow=0 return_oop=0}
                      ; - java.net.URLClassLoader$1::run@43 (line 427)
                      ; - java.net.URLClassLoader$1::run@1 (line 421)
  0x000001cf1081a268: 94c6 56ff | baf6 ffff | ff48 8bef | 4889 5c24 | 284c 8b5c | 2438 4c89 | 5c24 304c | 8954 2448 
  0x000001cf1081a288: 4489 6c24 | 5844 8974 | 245c 6690 

  0x000001cf1081a294: ;   {runtime_call UncommonTrapBlob}
  0x000001cf1081a294: c5f8 77e8 

  0x000001cf1081a298: ; ImmutableOopMap {rbp=Oop [40]=Oop [72]=Oop [88]=NarrowOop [92]=NarrowOop [120]=Oop [144]=Oop }
                      ;*invokevirtual get {reexecute=0 rethrow=0 return_oop=0}
                      ; - java.lang.ClassLoader::getDefinedPackage@13 (line 2239)
                      ; - java.net.URLClassLoader::getAndVerifyPackage@2 (line 457)
                      ; - java.net.URLClassLoader::defineClass@46 (line 492)
                      ; - java.net.URLClassLoader$1::run@43 (line 427)
                      ; - java.net.URLClassLoader$1::run@1 (line 421)
  0x000001cf1081a298: 64c6 56ff | baf6 ffff | ff48 8bef | 4889 5c24 | 204c 8b54 | 2438 4c89 | 5424 2844 | 896c 2440 
  0x000001cf1081a2b8: 4489 7424 | 4448 894c | 2448 6690 

  0x000001cf1081a2c4: ;   {runtime_call UncommonTrapBlob}
  0x000001cf1081a2c4: c5f8 77e8 

  0x000001cf1081a2c8: ; ImmutableOopMap {rbp=Oop [32]=Oop [64]=NarrowOop [68]=NarrowOop [72]=Oop [120]=Oop [144]=Oop }
                      ;*invokevirtual ensureInitialization {reexecute=0 rethrow=0 return_oop=0}
                      ; - java.util.jar.JavaUtilJarAccessImpl::ensureInitialization@1 (line 72)
                      ; - jdk.internal.loader.URLClassPath$JarLoader$2::getManifest@10 (line 885)
                      ; - java.net.URLClassLoader::defineClass@34 (line 491)
                      ; - java.net.URLClassLoader$1::run@43 (line 427)
                      ; - java.net.URLClassLoader$1::run@1 (line 421)
  0x000001cf1081a2c8: 34c6 56ff | ba45 ffff | ff4c 8944 | 2420 4889 | 4424 2844 | 8974 2430 

  0x000001cf1081a2e0: ;   {runtime_call UncommonTrapBlob}
  0x000001cf1081a2e0: c5f8 77e8 

  0x000001cf1081a2e4: ; ImmutableOopMap {[32]=Oop [88]=Oop }
                      ;*if_icmpne {reexecute=1 rethrow=0 return_oop=0}
                      ; - (reexecute) java.lang.StringConcatHelper::mix@13 (line 135)
                      ; - java.lang.StringConcatHelper::simpleConcat@46 (line 419)
                      ; - java.lang.String::concat@11 (line 2774)
                      ; - java.net.URLClassLoader$1::run@13 (line 423)
                      ; - java.net.URLClassLoader$1::run@1 (line 421)
  0x000001cf1081a2e4: 18c6 56ff | ba45 ffff | ff4c 8944 | 2428 4489 | 5424 3490 

  0x000001cf1081a2f8: ;   {runtime_call UncommonTrapBlob}
  0x000001cf1081a2f8: c5f8 77e8 

  0x000001cf1081a2fc: ; ImmutableOopMap {[40]=Oop [88]=Oop }
                      ;*ifge {reexecute=1 rethrow=0 return_oop=0}
                      ; - (reexecute) java.lang.StringConcatHelper::newArray@13 (line 494)
                      ; - java.lang.StringConcatHelper::simpleConcat@61 (line 421)
                      ; - java.lang.String::concat@11 (line 2774)
                      ; - java.net.URLClassLoader$1::run@13 (line 423)
                      ; - java.net.URLClassLoader$1::run@1 (line 421)
  0x000001cf1081a2fc: 00c6 56ff | bade ffff | ff48 897c | 2420 4889 | 5c24 284c | 8b54 2438 | 4c89 5424 | 3044 896c 
  0x000001cf1081a31c: 2448 4489 | 7424 4c48 | 894c 2458 | 8974 2460 

  0x000001cf1081a32c: ;   {runtime_call UncommonTrapBlob}
  0x000001cf1081a32c: c5f8 77e8 

  0x000001cf1081a330: ; ImmutableOopMap {rbp=NarrowOop [32]=Oop [40]=Oop [72]=NarrowOop [76]=NarrowOop [88]=Oop [96]=NarrowOop [120]=Oop [144]=Oop }
                      ;*invokeinterface ensureInitialization {reexecute=0 rethrow=0 return_oop=0}
                      ; - jdk.internal.loader.URLClassPath$JarLoader$2::getManifest@10 (line 885)
                      ; - java.net.URLClassLoader::defineClass@34 (line 491)
                      ; - java.net.URLClassLoader$1::run@43 (line 427)
                      ; - java.net.URLClassLoader$1::run@1 (line 421)
  0x000001cf1081a330: ccc5 56ff | 488b d54c | 8d84 24f0 | 0000 0048 | 8bef 6690 

  0x000001cf1081a344: ;   {runtime_call _complete_monitor_locking_Java}
  0x000001cf1081a344: c5f8 77e8 

  0x000001cf1081a348: ; ImmutableOopMap {rbp=Oop [32]=Oop [48]=Oop [64]=Oop [72]=Oop [80]=NarrowOop [84]=NarrowOop [88]=Oop [96]=NarrowOop [104]=Oop [120]=Oop [144]=Oop }
                      ;*synchronization entry
                      ; - java.util.jar.JarFile::ensureInitialization@-1 (line 1031)
                      ; - java.util.jar.JavaUtilJarAccessImpl::ensureInitialization@1 (line 72)
                      ; - jdk.internal.loader.URLClassPath$JarLoader$2::getManifest@10 (line 885)
                      ; - java.net.URLClassLoader::defineClass@34 (line 491)
                      ; - java.net.URLClassLoader$1::run@43 (line 427)
                      ; - java.net.URLClassLoader$1::run@1 (line 421)
  0x000001cf1081a348: b428 61ff | e94a b9ff | ff4d 8bd3 | 498b ca48 | 8d94 24f0 | 0000 004d | 8bc7 c5f8 | 7749 ba90 
  0x000001cf1081a368: 939f 70f9 | 7f00 0041 | ffd2 e9e8 | b9ff ffba | deff ffff | 4c8b 5424 | 404c 8954 | 2420 4c8b 
  0x000001cf1081a388: 5424 484c | 8954 2428 | 4c8b 5424 | 384c 8954 | 2430 448b | 5424 5044 | 8954 2448 | 448b 5c24 
  0x000001cf1081a3a8: 5444 895c | 244c 6690 

  0x000001cf1081a3b0: ;   {runtime_call UncommonTrapBlob}
  0x000001cf1081a3b0: c5f8 77e8 

  0x000001cf1081a3b4: ; ImmutableOopMap {rbp=NarrowOop [32]=Oop [40]=Oop [72]=NarrowOop [76]=NarrowOop [88]=Oop [120]=Oop [144]=Oop }
                      ;*invokevirtual getManifest {reexecute=0 rethrow=0 return_oop=0}
                      ; - jdk.internal.loader.URLClassPath$JarLoader$2::getManifest@22 (line 886)
                      ; - java.net.URLClassLoader::defineClass@34 (line 491)
                      ; - java.net.URLClassLoader$1::run@43 (line 427)
                      ; - java.net.URLClassLoader$1::run@1 (line 421)
  0x000001cf1081a3b4: 48c5 56ff | 4963 d20f | 1f44 0000 | e91c b6ff | ff4d 8bd1 | 4983 c2fe | 498b ca48 | 8bfa 4833 
  0x000001cf1081a3d4: c048 83f9 | 087f 1048 | ffc9 784f | 4889 04cf | 48ff c97d | f7eb 44c5 | fdef c0e9 | 0d00 0000 
  0x000001cf1081a3f4: c5fe 7f07 | c5fe 7f47 | 2048 83c7 | 4048 83e9 | 087d ed48 | 83c1 047c | 0cc5 fe7f | 0748 83c7 
  0x000001cf1081a414: 2048 83e9 | 0448 83c1 | 047e 1048 | ffc9 c5f9 | d607 4883 | c708 48ff | c97d f3e9 | fcb6 ffff 
  0x000001cf1081a434: bacc ffff | ff48 8bef | 4889 5c24 | 284c 8b5c | 2438 4c89 | 5c24 3044 | 8954 2444 | 4489 6c24 
  0x000001cf1081a454: 4844 8974 | 244c 4889 | 4424 5889 | 7424 6090 

  0x000001cf1081a464: ;   {runtime_call UncommonTrapBlob}
  0x000001cf1081a464: c5f8 77e8 

  0x000001cf1081a468: ; ImmutableOopMap {rbp=Oop [40]=Oop [72]=NarrowOop [76]=NarrowOop [88]=Oop [96]=NarrowOop [144]=Oop }
                      ;*newarray {reexecute=1 rethrow=0 return_oop=0}
                      ; - (reexecute) java.util.Arrays::copyOfRange@41 (line 3822)
                      ; - java.lang.StringLatin1::newString@16 (line 769)
                      ; - java.lang.String::substring@41 (line 2714)
                      ; - java.net.URLClassLoader::defineClass@28 (line 489)
                      ; - java.net.URLClassLoader$1::run@43 (line 427)
                      ; - java.net.URLClassLoader$1::run@1 (line 421)
  0x000001cf1081a468: 94c4 56ff | baf6 ffff | ff48 8b6c | 2440 4c8b | 5424 484c | 8954 2428 | 4c8b 5424 | 384c 8954 
  0x000001cf1081a488: 2430 6690 

  0x000001cf1081a48c: ;   {runtime_call UncommonTrapBlob}
  0x000001cf1081a48c: c5f8 77e8 

  0x000001cf1081a490: ; ImmutableOopMap {rbp=Oop [40]=Oop [96]=Oop [144]=Oop [156]=NarrowOop [160]=NarrowOop [192]=Oop }
                      ;*invokevirtual get {reexecute=0 rethrow=0 return_oop=0}
                      ; - java.lang.ClassLoader::definePackage@47 (line 2101)
                      ; - java.lang.ClassLoader::getDefinedPackage@32 (line 2243)
                      ; - java.net.URLClassLoader::getAndVerifyPackage@2 (line 457)
                      ; - java.net.URLClassLoader::defineClass@46 (line 492)
                      ; - java.net.URLClassLoader$1::run@43 (line 427)
                      ; - java.net.URLClassLoader$1::run@1 (line 421)
  0x000001cf1081a490: 6cc4 56ff | ba76 ffff | ff48 8b6c | 2440 4c8b | 5424 484c | 8954 2428 | 4c8b 5424 | 384c 8954 
  0x000001cf1081a4b0: 2430 4c8b | 5424 684c | 8954 2448 | 4c89 4c24 | 584c 8b54 | 2448 4c89 | 5424 6089 | 4c24 7c90 
  0x000001cf1081a4d0: ;   {runtime_call UncommonTrapBlob}
  0x000001cf1081a4d0: c5f8 77e8 

  0x000001cf1081a4d4: ; ImmutableOopMap {rbp=Oop [40]=Oop [88]=Oop [96]=Oop [144]=Oop [152]=NarrowOop [156]=NarrowOop [160]=NarrowOop [164]=NarrowOop [192]=Oop }
                      ;*if_icmpge {reexecute=1 rethrow=0 return_oop=0}
                      ; - (reexecute) java.lang.StringLatin1::replace@19 (line 306)
                      ; - java.lang.String::replace@18 (line 2808)
                      ; - java.net.URLClassLoader::isSealed@9 (line 601)
                      ; - java.net.URLClassLoader::getAndVerifyPackage@68 (line 469)
                      ; - java.net.URLClassLoader::defineClass@46 (line 492)
                      ; - java.net.URLClassLoader$1::run@43 (line 427)
                      ; - java.net.URLClassLoader$1::run@1 (line 421)
  0x000001cf1081a4d4: 28c4 56ff | ba45 ffff | ff48 8b6c | 2440 4c8b | 5424 484c | 8954 2428 | 4c8b 5424 | 384c 8954 
  0x000001cf1081a4f4: 2430 4c8b | 5424 604c | 8954 2458 | 4489 5c24 | 7066 6690 

  0x000001cf1081a508: ;   {runtime_call UncommonTrapBlob}
  0x000001cf1081a508: c5f8 77e8 

  0x000001cf1081a50c: ; ImmutableOopMap {rbp=Oop [40]=Oop [88]=Oop [112]=NarrowOop [144]=Oop [156]=NarrowOop [160]=NarrowOop [192]=Oop }
                      ;*ifeq {reexecute=1 rethrow=0 return_oop=0}
                      ; - (reexecute) java.lang.ClassLoader::definePackage@4 (line 2096)
                      ; - java.lang.ClassLoader::getDefinedPackage@32 (line 2243)
                      ; - java.net.URLClassLoader::getAndVerifyPackage@2 (line 457)
                      ; - java.net.URLClassLoader::defineClass@46 (line 492)
                      ; - java.net.URLClassLoader$1::run@43 (line 427)
                      ; - java.net.URLClassLoader$1::run@1 (line 421)
  0x000001cf1081a50c: f0c3 56ff | bade ffff | ff48 8b6c | 2440 4c8b | 5424 484c | 8954 2428 | 4c8b 5424 | 384c 8954 
  0x000001cf1081a52c: 2430 4c8b | 5424 784c | 8954 2440 | 4c8b 5424 | 684c 8954 | 2448 4c8b | 5424 604c | 8954 2458 
  0x000001cf1081a54c: 4c8b 5424 | 484c 8954 | 2460 4889 | 4424 7090 

  0x000001cf1081a55c: ;   {runtime_call UncommonTrapBlob}
  0x000001cf1081a55c: c5f8 77e8 

  0x000001cf1081a560: ; ImmutableOopMap {rbp=Oop [40]=Oop [64]=Oop [88]=Oop [96]=Oop [112]=Oop [144]=Oop [152]=NarrowOop [156]=NarrowOop [160]=NarrowOop }
                      ;*invokeinterface getTrustedAttributes {reexecute=0 rethrow=0 return_oop=0}
                      ; - java.net.URLClassLoader::isSealed@18 (line 601)
                      ; - java.net.URLClassLoader::getAndVerifyPackage@68 (line 469)
                      ; - java.net.URLClassLoader::defineClass@46 (line 492)
                      ; - java.net.URLClassLoader$1::run@43 (line 427)
                      ; - java.net.URLClassLoader$1::run@1 (line 421)
  0x000001cf1081a560: 9cc3 56ff | bade ffff | ff4c 8b54 | 2440 4c89 | 5424 204c | 8b54 2448 | 4c89 5424 | 304c 8b54 
  0x000001cf1081a580: 2478 4c89 | 5424 5848 | 8984 2480 | 0000 0090 

  0x000001cf1081a590: ;   {runtime_call UncommonTrapBlob}
  0x000001cf1081a590: c5f8 77e8 

  0x000001cf1081a594: ; ImmutableOopMap {rbp=NarrowOop [32]=Oop [48]=Oop [88]=Oop [96]=Oop [104]=Oop [128]=Oop [144]=Oop [156]=NarrowOop [160]=NarrowOop }
                      ;*invokeinterface get {reexecute=0 rethrow=0 return_oop=0}
                      ; - java.util.jar.Manifest::getAttributes@5 (line 159)
                      ; - java.util.jar.Manifest::getTrustedAttributes@2 (line 176)
                      ; - java.util.jar.JavaUtilJarAccessImpl::getTrustedAttributes@2 (line 68)
                      ; - java.net.URLClassLoader::isSealed@18 (line 601)
                      ; - java.net.URLClassLoader::getAndVerifyPackage@68 (line 469)
                      ; - java.net.URLClassLoader::defineClass@46 (line 492)
                      ; - java.net.URLClassLoader$1::run@43 (line 427)
                      ; - java.net.URLClassLoader$1::run@1 (line 421)
  0x000001cf1081a594: 68c3 56ff | 41b8 0100 | 0000 6690 | e946 c3ff | ff4d 63d3 | e983 ddff | ffba ccff | ffff 488b 
  0x000001cf1081a5b4: 6c24 404c | 8b54 2448 | 4c89 5424 | 284c 8b54 | 2438 4c89 | 5424 304c | 8b94 2490 | 0000 004c 
  0x000001cf1081a5d4: 8954 2438 | 4c8b 5424 | 784c 8954 | 2440 4c8b | 5424 684c | 8954 2448 | 4c8b 5424 | 604c 8954 
  0x000001cf1081a5f4: 2458 4c8b | 5424 484c | 8954 2460 | 448b 9424 | 9c00 0000 | 4489 5424 | 7044 8b94 | 2498 0000 
  0x000001cf1081a614: 0044 8954 | 2478 4c89 | 8424 9800 | 0000 6690 

  0x000001cf1081a624: ;   {runtime_call UncommonTrapBlob}
  0x000001cf1081a624: c5f8 77e8 

  0x000001cf1081a628: ; ImmutableOopMap {rbp=Oop [40]=Oop [56]=Oop [64]=Oop [88]=Oop [96]=Oop [112]=NarrowOop [120]=NarrowOop [128]=Oop [152]=Oop [160]=NarrowOop }
                      ;*invokestatic arraycopy {reexecute=0 rethrow=0 return_oop=0}
                      ; - java.lang.String::getBytes@22 (line 4459)
                      ; - java.lang.StringConcatHelper::prepend@21 (line 354)
                      ; - java.lang.StringConcatHelper::simpleConcat@71 (line 424)
                      ; - java.lang.String::concat@11 (line 2774)
                      ; - java.net.URLClassLoader::isSealed@15 (line 601)
                      ; - java.net.URLClassLoader::getAndVerifyPackage@68 (line 469)
                      ; - java.net.URLClassLoader::defineClass@46 (line 492)
                      ; - java.net.URLClassLoader$1::run@43 (line 427)
                      ; - java.net.URLClassLoader$1::run@1 (line 421)
  0x000001cf1081a628: d4c2 56ff | bacc ffff | ff48 8b6c | 2440 4c8b | 5424 484c | 8954 2428 | 4c8b 5424 | 384c 8954 
  0x000001cf1081a648: 2430 4c8b | 9424 9000 | 0000 4c89 | 5424 384c | 8b54 2478 | 4c89 5424 | 404c 8b54 | 2468 4c89 
  0x000001cf1081a668: 5424 484c | 8b54 2460 | 4c89 5424 | 584c 8b54 | 2448 4c89 | 5424 6044 | 8b9c 249c | 0000 0044 
  0x000001cf1081a688: 895c 2478 | 448b 9c24 | 9800 0000 | 4489 9c24 | 8000 0000 | 4c89 8424 | 9800 0000 

  0x000001cf1081a6a4: ;   {runtime_call UncommonTrapBlob}
  0x000001cf1081a6a4: c5f8 77e8 

  0x000001cf1081a6a8: ; ImmutableOopMap {rbp=Oop [40]=Oop [56]=Oop [64]=Oop [88]=Oop [96]=Oop [112]=Oop [120]=NarrowOop [128]=NarrowOop [152]=Oop [160]=NarrowOop }
                      ;*invokestatic arraycopy {reexecute=0 rethrow=0 return_oop=0}
                      ; - java.lang.String::getBytes@22 (line 4459)
                      ; - java.lang.StringConcatHelper::prepend@21 (line 354)
                      ; - java.lang.StringConcatHelper::simpleConcat@81 (line 425)
                      ; - java.lang.String::concat@11 (line 2774)
                      ; - java.net.URLClassLoader::isSealed@15 (line 601)
                      ; - java.net.URLClassLoader::getAndVerifyPackage@68 (line 469)
                      ; - java.net.URLClassLoader::defineClass@46 (line 492)
                      ; - java.net.URLClassLoader$1::run@43 (line 427)
                      ; - java.net.URLClassLoader$1::run@1 (line 421)
  0x000001cf1081a6a8: 54c2 56ff | bade ffff | ff4c 8b54 | 2440 4c89 | 5424 204c | 8b54 2448 | 4c89 5424 | 304c 8b54 
  0x000001cf1081a6c8: 2478 4c89 | 4c24 504c | 8954 2458 

  0x000001cf1081a6d4: ;   {runtime_call UncommonTrapBlob}
  0x000001cf1081a6d4: c5f8 77e8 

  0x000001cf1081a6d8: ; ImmutableOopMap {rbp=NarrowOop [32]=Oop [48]=Oop [80]=Oop [88]=Oop [96]=Oop [120]=Oop [144]=Oop [156]=NarrowOop [160]=NarrowOop }
                      ;*invokeinterface get {reexecute=0 rethrow=0 return_oop=0}
                      ; - java.util.jar.Attributes::get@5 (line 105)
                      ; - java.util.jar.Attributes::getValue@2 (line 141)
                      ; - java.net.URLClassLoader::isSealed@58 (line 608)
                      ; - java.net.URLClassLoader::getAndVerifyPackage@68 (line 469)
                      ; - java.net.URLClassLoader::defineClass@46 (line 492)
                      ; - java.net.URLClassLoader$1::run@43 (line 427)
                      ; - java.net.URLClassLoader$1::run@1 (line 421)
  0x000001cf1081a6d8: 24c2 56ff | 85c9 400f | 95c5 400f | b6ed 83f5 | 01ba 45ff | ffff 4889 | 5c24 3044 | 896c 2440 
  0x000001cf1081a6f8: 4489 7424 | 4844 895c | 244c 6690 

  0x000001cf1081a704: ;   {runtime_call UncommonTrapBlob}
  0x000001cf1081a704: c5f8 77e8 

  0x000001cf1081a708: ; ImmutableOopMap {[48]=Oop [64]=NarrowOop [72]=NarrowOop [88]=Oop }
                      ;*ifeq {reexecute=1 rethrow=0 return_oop=0}
                      ; - (reexecute) java.lang.String::lastIndexOf@4 (line 2489)
                      ; - java.lang.String::lastIndexOf@8 (line 2451)
                      ; - java.net.URLClassLoader::defineClass@7 (line 486)
                      ; - java.net.URLClassLoader$1::run@43 (line 427)
                      ; - java.net.URLClassLoader$1::run@1 (line 421)
  0x000001cf1081a708: f4c1 56ff | ba45 ffff | ff48 897c | 2420 4889 | 5c24 3044 | 8954 244c | 4489 5424 | 5044 896c 
  0x000001cf1081a728: 2454 4489 | 7424 5c90 

  0x000001cf1081a730: ;   {runtime_call UncommonTrapBlob}
  0x000001cf1081a730: c5f8 77e8 

  0x000001cf1081a734: ; ImmutableOopMap {[32]=Oop [48]=Oop [84]=NarrowOop [92]=NarrowOop [144]=Oop }
                      ;*if_icmpgt {reexecute=1 rethrow=0 return_oop=0}
                      ; - (reexecute) java.lang.String::checkBoundsBeginEnd@6 (line 4605)
                      ; - java.lang.String::substring@8 (line 2709)
                      ; - java.net.URLClassLoader::defineClass@28 (line 489)
                      ; - java.net.URLClassLoader$1::run@43 (line 427)
                      ; - java.net.URLClassLoader$1::run@1 (line 421)
  0x000001cf1081a734: c8c1 56ff | ba45 ffff | ff4c 8b54 | 2440 4c89 | 5424 204c | 8b54 2448 | 4c89 5424 | 304c 8b94 
  0x000001cf1081a754: 2490 0000 | 004c 8954 | 2468 4489 | 8424 9000 | 0000 4489 | 8c24 9400 | 0000 6690 

  0x000001cf1081a770: ;   {runtime_call UncommonTrapBlob}
  0x000001cf1081a770: c5f8 77e8 

  0x000001cf1081a774: ; ImmutableOopMap {[32]=Oop [48]=Oop [96]=Oop [104]=Oop [144]=NarrowOop [156]=NarrowOop [160]=NarrowOop [192]=Oop }
                      ;*ifle {reexecute=1 rethrow=0 return_oop=0}
                      ; - (reexecute) java.util.concurrent.ConcurrentHashMap::get@23 (line 937)
                      ; - java.lang.ClassLoader::getDefinedPackage@13 (line 2239)
                      ; - java.net.URLClassLoader::getAndVerifyPackage@2 (line 457)
                      ; - java.net.URLClassLoader::defineClass@46 (line 492)
                      ; - java.net.URLClassLoader$1::run@43 (line 427)
                      ; - java.net.URLClassLoader$1::run@1 (line 421)
  0x000001cf1081a774: 88c1 56ff | ba45 ffff | ff48 897c | 2420 4889 | 5c24 3044 | 8954 244c | 4489 5424 | 5044 896c 
  0x000001cf1081a794: 2454 4489 | 7424 5c90 

  0x000001cf1081a79c: ;   {runtime_call UncommonTrapBlob}
  0x000001cf1081a79c: c5f8 77e8 

  0x000001cf1081a7a0: ; ImmutableOopMap {[32]=Oop [48]=Oop [84]=NarrowOop [92]=NarrowOop [144]=Oop }
                      ;*if_icmple {reexecute=1 rethrow=0 return_oop=0}
                      ; - (reexecute) java.lang.String::checkBoundsBeginEnd@11 (line 4605)
                      ; - java.lang.String::substring@8 (line 2709)
                      ; - java.net.URLClassLoader::defineClass@28 (line 489)
                      ; - java.net.URLClassLoader$1::run@43 (line 427)
                      ; - java.net.URLClassLoader$1::run@1 (line 421)
  0x000001cf1081a7a0: 5cc1 56ff | ba45 ffff | ff48 8bef | 4889 5c24 | 204c 8b54 | 2438 4c89 | 5424 2844 | 896c 2440 
  0x000001cf1081a7c0: 4489 7424 | 4448 894c | 2450 8974 | 245c 6690 

  0x000001cf1081a7d0: ;   {runtime_call UncommonTrapBlob}
  0x000001cf1081a7d0: c5f8 77e8 

  0x000001cf1081a7d4: ; ImmutableOopMap {rbp=Oop [32]=Oop [64]=NarrowOop [68]=NarrowOop [80]=Oop [92]=NarrowOop [120]=Oop [144]=Oop }
                      ;*ifnonnull {reexecute=1 rethrow=0 return_oop=0}
                      ; - (reexecute) jdk.internal.access.SharedSecrets::javaUtilJarAccess@5 (line 104)
                      ; - jdk.internal.loader.URLClassPath$JarLoader$2::getManifest@0 (line 885)
                      ; - java.net.URLClassLoader::defineClass@34 (line 491)
                      ; - java.net.URLClassLoader$1::run@43 (line 427)
                      ; - java.net.URLClassLoader$1::run@1 (line 421)
  0x000001cf1081a7d4: 28c1 56ff | 85c9 400f | 95c5 400f | b6ed 83f5 | 01ba 45ff | ffff 4889 | 7c24 2048 | 895c 2430 
  0x000001cf1081a7f4: 4489 5424 | 4844 896c | 244c 4489 | 7424 5490 

  0x000001cf1081a804: ;   {runtime_call UncommonTrapBlob}
  0x000001cf1081a804: c5f8 77e8 

  0x000001cf1081a808: ; ImmutableOopMap {[32]=Oop [48]=Oop [76]=NarrowOop [84]=NarrowOop [144]=Oop }
                      ;*ifeq {reexecute=1 rethrow=0 return_oop=0}
                      ; - (reexecute) java.lang.String::substring@31 (line 2714)
                      ; - java.net.URLClassLoader::defineClass@28 (line 489)
                      ; - java.net.URLClassLoader$1::run@43 (line 427)
                      ; - java.net.URLClassLoader$1::run@1 (line 421)
  0x000001cf1081a808: f4c0 56ff | 488b 5424 | 4890 c5f8 | 7748 b8ff | ffff ffff 

  0x000001cf1081a81c: ;   {virtual_call}
  0x000001cf1081a81c: ffff ffe8 

  0x000001cf1081a820: ; ImmutableOopMap {rbp=Oop [32]=Oop [48]=Oop [64]=Oop [72]=Oop [144]=Oop }
                      ;*invokevirtual getCodeSigners {reexecute=0 rethrow=0 return_oop=1}
                      ; - java.net.URLClassLoader::defineClass@143 (line 514)
                      ; - java.net.URLClassLoader$1::run@43 (line 427)
                      ; - java.net.URLClassLoader$1::run@1 (line 421)
  0x000001cf1081a820: 5c6e 56ff | 4889 4424 | 2849 8b87 | 0801 0000 | 4c8b d049 | 83c2 2866 | 0f1f 8400 | 0000 0000 
  0x000001cf1081a840: 4d3b 9718 | 0100 000f | 83c7 1800 | 004d 8997 | 0801 0000 | 410f 0d8a | c000 0000 | 48c7 0001 
  0x000001cf1081a860: ;   {metadata('java/security/CodeSource')}
  0x000001cf1081a860: 0000 00c7 | 4008 a0ee | 0000 4489 | 600c 4c89 | 6010 4c89 | 6018 4c89 | 6020 4c8b | d04c 8954 
  0x000001cf1081a880: 2450 498b | d24c 8b84 | 2490 0000 | 004c 8b4c | 2428 6690 

  0x000001cf1081a894: ;   {optimized virtual_call}
  0x000001cf1081a894: c5f8 77e8 

  0x000001cf1081a898: ; ImmutableOopMap {rbp=Oop [32]=Oop [48]=Oop [64]=Oop [72]=Oop [80]=Oop }
                      ;*invokespecial <init> {reexecute=0 rethrow=0 return_oop=0}
                      ; - java.net.URLClassLoader::defineClass@156 (line 515)
                      ; - java.net.URLClassLoader$1::run@43 (line 427)
                      ; - java.net.URLClassLoader$1::run@1 (line 421)
  0x000001cf1081a898: e46a 56ff 

  0x000001cf1081a89c: ;   {oop(a 'jdk/internal/perf/PerfCounter'{0x00000006004003a0})}
  0x000001cf1081a89c: 48ba a003 | 4000 0600 | 0000 4c8b | 4424 3890 

  0x000001cf1081a8ac: ;   {optimized virtual_call}
  0x000001cf1081a8ac: c5f8 77e8 

  0x000001cf1081a8b0: ; ImmutableOopMap {rbp=Oop [32]=Oop [48]=Oop [64]=Oop [72]=Oop [80]=Oop }
                      ;*invokevirtual addElapsedTimeFrom {reexecute=0 rethrow=0 return_oop=0}
                      ; - java.net.URLClassLoader::defineClass@165 (line 516)
                      ; - java.net.URLClassLoader$1::run@43 (line 427)
                      ; - java.net.URLClassLoader$1::run@1 (line 421)
  0x000001cf1081a8b0: cc6a 56ff | 488b 5424 | 304c 8b44 | 2420 4c8b | cd48 8b7c | 2450 488b | 6c24 4090 

  0x000001cf1081a8cc: ;   {optimized virtual_call}
  0x000001cf1081a8cc: c5f8 77e8 

  0x000001cf1081a8d0: ; ImmutableOopMap {rbp=Oop [64]=Oop [72]=Oop }
                      ;*invokevirtual defineClass {reexecute=0 rethrow=0 return_oop=1}
                      ; - java.net.URLClassLoader::defineClass@174 (line 517)
                      ; - java.net.URLClassLoader$1::run@43 (line 427)
                      ; - java.net.URLClassLoader$1::run@1 (line 421)
  0x000001cf1081a8d0: ac6a 56ff | e94b c9ff | ffba 76ff | ffff 4c8b | 5424 404c | 8954 2420 | 4c8b 5424 | 484c 8954 
  0x000001cf1081a8f0: 2430 4c8b | 9424 9000 | 0000 4c89 | 5424 404c | 8b54 2478 | 4c89 5424 | 484c 8b54 | 2468 4c89 
  0x000001cf1081a910: 5424 5044 | 8b94 249c | 0000 0044 | 8994 2494 | 0000 0044 | 8b9c 24a0 | 0000 0044 | 899c 249c 
  0x000001cf1081a930: 0000 0090 

  0x000001cf1081a934: ;   {runtime_call UncommonTrapBlob}
  0x000001cf1081a934: c5f8 77e8 

  0x000001cf1081a938: ; ImmutableOopMap {[32]=Oop [48]=Oop [64]=Oop [72]=Oop [80]=Oop [96]=Oop [136]=Oop [148]=NarrowOop [152]=NarrowOop [156]=NarrowOop [164]=NarrowOop }
                      ;*if_icmpge {reexecute=1 rethrow=0 return_oop=0}
                      ; - (reexecute) java.lang.StringLatin1::replace@82 (line 317)
                      ; - java.lang.String::replace@18 (line 2808)
                      ; - java.net.URLClassLoader::isSealed@9 (line 601)
                      ; - java.net.URLClassLoader::getAndVerifyPackage@68 (line 469)
                      ; - java.net.URLClassLoader::defineClass@46 (line 492)
                      ; - java.net.URLClassLoader$1::run@43 (line 427)
                      ; - java.net.URLClassLoader$1::run@1 (line 421)
  0x000001cf1081a938: c4bf 56ff | 4d63 d390 | e9fb caff | ffba dfff | ffff 488b | 6c24 404c | 8b5c 2448 | 4c89 5c24 
  0x000001cf1081a958: 284c 8b5c | 2438 4c89 | 5c24 304c | 8b5c 2470 | 4c89 5c24 | 4844 8954 | 247c 6690 

  0x000001cf1081a974: ;   {runtime_call UncommonTrapBlob}
  0x000001cf1081a974: c5f8 77e8 

  0x000001cf1081a978: ; ImmutableOopMap {rbp=Oop [40]=Oop [72]=Oop [124]=NarrowOop [144]=Oop [156]=NarrowOop [160]=NarrowOop [184]=Oop [192]=Oop }
                      ;*invokeinterface getTrustedAttributes {reexecute=0 rethrow=0 return_oop=0}
                      ; - java.net.URLClassLoader::definePackage@42 (line 552)
                      ; - java.net.URLClassLoader::defineClass@64 (line 495)
                      ; - java.net.URLClassLoader$1::run@43 (line 427)
                      ; - java.net.URLClassLoader$1::run@1 (line 421)
  0x000001cf1081a978: 84bf 56ff | bade ffff | ff4c 8b54 | 2440 4c89 | 5424 204c | 8b54 2448 | 4c89 5424 | 304c 894c 
  0x000001cf1081a998: 2460 4c8b | 9424 9000 | 0000 4c89 | 5424 6890 

  0x000001cf1081a9a8: ;   {runtime_call UncommonTrapBlob}
  0x000001cf1081a9a8: c5f8 77e8 

  0x000001cf1081a9ac: ; ImmutableOopMap {rbp=NarrowOop [32]=Oop [48]=Oop [96]=Oop [104]=Oop [156]=NarrowOop [160]=NarrowOop [184]=Oop [192]=Oop }
                      ;*invokeinterface get {reexecute=0 rethrow=0 return_oop=0}
                      ; - java.util.jar.Manifest::getAttributes@5 (line 159)
                      ; - java.util.jar.Manifest::getTrustedAttributes@2 (line 176)
                      ; - java.util.jar.JavaUtilJarAccessImpl::getTrustedAttributes@2 (line 68)
                      ; - java.net.URLClassLoader::definePackage@42 (line 552)
                      ; - java.net.URLClassLoader::defineClass@64 (line 495)
                      ; - java.net.URLClassLoader$1::run@43 (line 427)
                      ; - java.net.URLClassLoader$1::run@1 (line 421)
  0x000001cf1081a9ac: 50bf 56ff | bacc ffff | ff48 8b6c | 2440 4c8b | 5424 484c | 8954 2428 | 4c8b 5424 | 384c 8954 
  0x000001cf1081a9cc: 2430 4c8b | 5424 704c | 8954 2448 | 4c8b 9424 | 9000 0000 | 4c89 5424 | 6044 8b94 | 24a0 0000 
  0x000001cf1081a9ec: 0044 8954 | 2474 4c8b | 9424 b000 | 0000 4c89 | 9424 8800 | 0000 6690 

  0x000001cf1081aa04: ;   {runtime_call UncommonTrapBlob}
  0x000001cf1081aa04: c5f8 77e8 

  0x000001cf1081aa08: ; ImmutableOopMap {rbp=Oop [40]=Oop [72]=Oop [96]=Oop [116]=NarrowOop [120]=NarrowOop [128]=Oop [136]=Oop [156]=NarrowOop [192]=Oop }
                      ;*invokestatic arraycopy {reexecute=0 rethrow=0 return_oop=0}
                      ; - java.lang.String::getBytes@22 (line 4459)
                      ; - java.lang.StringConcatHelper::prepend@21 (line 354)
                      ; - java.lang.StringConcatHelper::simpleConcat@71 (line 424)
                      ; - java.lang.String::concat@11 (line 2774)
                      ; - java.net.URLClassLoader::definePackage@39 (line 552)
                      ; - java.net.URLClassLoader::defineClass@64 (line 495)
                      ; - java.net.URLClassLoader$1::run@43 (line 427)
                      ; - java.net.URLClassLoader$1::run@1 (line 421)
  0x000001cf1081aa08: f4be 56ff | bacc ffff | ff48 8b6c | 2440 4c8b | 5424 484c | 8954 2428 | 4c8b 5424 | 384c 8954 
  0x000001cf1081aa28: 2430 4c8b | 5424 704c | 8954 2448 | 4c8b 9424 | 9000 0000 | 4c89 5424 | 6044 8b9c | 249c 0000 
  0x000001cf1081aa48: 0044 899c | 2480 0000 | 004c 8b94 | 24b0 0000 | 004c 8994 | 2498 0000 | 0066 6690 

  0x000001cf1081aa64: ;   {runtime_call UncommonTrapBlob}
  0x000001cf1081aa64: c5f8 77e8 

  0x000001cf1081aa68: ; ImmutableOopMap {rbp=Oop [40]=Oop [72]=Oop [96]=Oop [120]=NarrowOop [124]=NarrowOop [128]=NarrowOop [152]=Oop [160]=NarrowOop [176]=Oop [192]=Oop }
                      ;*invokestatic arraycopy {reexecute=0 rethrow=0 return_oop=0}
                      ; - java.lang.String::getBytes@22 (line 4459)
                      ; - java.lang.StringConcatHelper::prepend@21 (line 354)
                      ; - java.lang.StringConcatHelper::simpleConcat@81 (line 425)
                      ; - java.lang.String::concat@11 (line 2774)
                      ; - java.net.URLClassLoader::definePackage@39 (line 552)
                      ; - java.net.URLClassLoader::defineClass@64 (line 495)
                      ; - java.net.URLClassLoader$1::run@43 (line 427)
                      ; - java.net.URLClassLoader$1::run@1 (line 421)
  0x000001cf1081aa68: 94be 56ff | bade ffff | ff4c 8b54 | 2440 4c89 | 5424 204c | 8b54 2448 | 4c89 5424 | 3066 6690 
  0x000001cf1081aa88: ;   {runtime_call UncommonTrapBlob}
  0x000001cf1081aa88: c5f8 77e8 

  0x000001cf1081aa8c: ; ImmutableOopMap {rbp=NarrowOop [32]=Oop [48]=Oop [96]=Oop [144]=Oop [156]=NarrowOop [160]=NarrowOop [192]=Oop }
                      ;*checkcast {reexecute=0 rethrow=0 return_oop=0}
                      ; - java.lang.ClassLoader::definePackage@50 (line 2101)
                      ; - java.lang.ClassLoader::getDefinedPackage@32 (line 2243)
                      ; - java.net.URLClassLoader::getAndVerifyPackage@2 (line 457)
                      ; - java.net.URLClassLoader::defineClass@46 (line 492)
                      ; - java.net.URLClassLoader$1::run@43 (line 427)
                      ; - java.net.URLClassLoader$1::run@1 (line 421)
  0x000001cf1081aa8c: 70be 56ff | 4d8b d349 | c1e2 034d | 85d2 400f | 95c5 400f | b6ed ba45 | ffff ff4c | 8b54 2440 
  0x000001cf1081aaac: 4c89 5424 | 204c 8b54 | 2448 4c89 | 5424 304c | 894c 2478 

  0x000001cf1081aac0: ;   {runtime_call UncommonTrapBlob}
  0x000001cf1081aac0: c5f8 77e8 

  0x000001cf1081aac4: ; ImmutableOopMap {[32]=Oop [48]=Oop [96]=Oop [120]=Oop [144]=Oop [156]=NarrowOop [160]=NarrowOop [192]=Oop }
                      ;*ifne {reexecute=1 rethrow=0 return_oop=0}
                      ; - (reexecute) java.lang.Package::isSealed@7 (line 235)
                      ; - java.net.URLClassLoader::getAndVerifyPackage@14 (line 460)
                      ; - java.net.URLClassLoader::defineClass@46 (line 492)
                      ; - java.net.URLClassLoader$1::run@43 (line 427)
                      ; - java.net.URLClassLoader$1::run@1 (line 421)
  0x000001cf1081aac4: 38be 56ff | 85db 400f | 95c5 400f | b6ed 83f5 | 01ba 45ff | ffff 488b | 4c24 4048 | 894c 2420 
  0x000001cf1081aae4: 488b 4c24 | 4848 894c | 2430 4c89 | 4c24 604c | 895c 2468 | 4c89 5c24 | 7044 8994 | 2488 0000 
  0x000001cf1081ab04: 0066 6690 

  0x000001cf1081ab08: ;   {runtime_call UncommonTrapBlob}
  0x000001cf1081ab08: c5f8 77e8 

  0x000001cf1081ab0c: ; ImmutableOopMap {[32]=Oop [48]=Oop [96]=Oop [104]=Oop [112]=Oop [136]=NarrowOop [144]=Oop [156]=NarrowOop [160]=NarrowOop [192]=Oop }
                      ;*ifeq {reexecute=1 rethrow=0 return_oop=0}
                      ; - (reexecute) java.lang.String::replace@9 (line 2808)
                      ; - java.net.URLClassLoader::isSealed@9 (line 601)
                      ; - java.net.URLClassLoader::getAndVerifyPackage@68 (line 469)
                      ; - java.net.URLClassLoader::defineClass@46 (line 492)
                      ; - java.net.URLClassLoader$1::run@43 (line 427)
                      ; - java.net.URLClassLoader$1::run@1 (line 421)
  0x000001cf1081ab0c: f0bd 56ff | ba45 ffff | ff4c 8b5c | 2440 4c89 | 5c24 204c | 8b5c 2448 | 4c89 5c24 | 304c 8b9c 
  0x000001cf1081ab2c: 2490 0000 | 004c 895c | 2468 4489 | 9424 9400 | 0000 4489 | 8c24 9800 | 0000 6690 

  0x000001cf1081ab48: ;   {runtime_call UncommonTrapBlob}
  0x000001cf1081ab48: c5f8 77e8 

  0x000001cf1081ab4c: ; ImmutableOopMap {[32]=Oop [48]=Oop [96]=Oop [104]=Oop [120]=NarrowOop [148]=NarrowOop [156]=NarrowOop [160]=NarrowOop [192]=Oop }
                      ;*ifle {reexecute=1 rethrow=0 return_oop=0}
                      ; - (reexecute) java.util.concurrent.ConcurrentHashMap::get@23 (line 937)
                      ; - java.lang.ClassLoader::definePackage@47 (line 2101)
                      ; - java.lang.ClassLoader::getDefinedPackage@32 (line 2243)
                      ; - java.net.URLClassLoader::getAndVerifyPackage@2 (line 457)
                      ; - java.net.URLClassLoader::defineClass@46 (line 492)
                      ; - java.net.URLClassLoader$1::run@43 (line 427)
                      ; - java.net.URLClassLoader$1::run@1 (line 421)
  0x000001cf1081ab4c: b0bd 56ff | ba45 ffff | ff4c 8b54 | 2440 4c89 | 5424 204c | 8b54 2448 | 4c89 5424 | 304c 894c 
  0x000001cf1081ab6c: 2470 6690 

  0x000001cf1081ab70: ;   {runtime_call UncommonTrapBlob}
  0x000001cf1081ab70: c5f8 77e8 

  0x000001cf1081ab74: ; ImmutableOopMap {rbp=NarrowOop [32]=Oop [48]=Oop [96]=Oop [112]=Oop [144]=Oop [156]=NarrowOop [160]=NarrowOop [192]=Oop }
                      ;*ifnull {reexecute=1 rethrow=0 return_oop=0}
                      ; - (reexecute) java.lang.Package::isSealed@17 (line 235)
                      ; - java.net.URLClassLoader::getAndVerifyPackage@14 (line 460)
                      ; - java.net.URLClassLoader::defineClass@46 (line 492)
                      ; - java.net.URLClassLoader$1::run@43 (line 427)
                      ; - java.net.URLClassLoader$1::run@1 (line 421)
  0x000001cf1081ab74: 88bd 56ff | ba45 ffff | ff48 8b6c | 2440 4c8b | 4424 484c | 8944 2428 | 4c8b 4424 | 384c 8944 
  0x000001cf1081ab94: 2430 4c89 | 4c24 584c | 895c 2468 | 4489 5424 | 7c66 6690 

  0x000001cf1081aba8: ;   {runtime_call UncommonTrapBlob}
  0x000001cf1081aba8: c5f8 77e8 

  0x000001cf1081abac: ; ImmutableOopMap {rbp=Oop [40]=Oop [88]=Oop [104]=Oop [124]=NarrowOop [144]=Oop [156]=NarrowOop [160]=NarrowOop [192]=Oop }
                      ;*ifnonnull {reexecute=1 rethrow=0 return_oop=0}
                      ; - (reexecute) jdk.internal.access.SharedSecrets::javaUtilJarAccess@5 (line 104)
                      ; - java.net.URLClassLoader::isSealed@0 (line 600)
                      ; - java.net.URLClassLoader::getAndVerifyPackage@68 (line 469)
                      ; - java.net.URLClassLoader::defineClass@46 (line 492)
                      ; - java.net.URLClassLoader$1::run@43 (line 427)
                      ; - java.net.URLClassLoader$1::run@1 (line 421)
  0x000001cf1081abac: 50bd 56ff | ba45 ffff | ff48 8b6c | 2440 4c8b | 5424 484c | 8954 2428 | 4c8b 5424 | 384c 8954 
  0x000001cf1081abcc: 2430 4c8b | 9424 9000 | 0000 4c89 | 5424 384c | 8b54 2478 | 4c89 5424 | 504c 8b54 | 2460 4c89 
  0x000001cf1081abec: 5424 584c | 894c 2460 | 4889 4424 | 7889 8c24 | 8400 0000 | 899c 2490 | 0000 0090 

  0x000001cf1081ac08: ;   {runtime_call UncommonTrapBlob}
  0x000001cf1081ac08: c5f8 77e8 

  0x000001cf1081ac0c: ; ImmutableOopMap {rbp=Oop [40]=Oop [56]=Oop [80]=Oop [88]=Oop [96]=Oop [120]=Oop [144]=NarrowOop [156]=NarrowOop [160]=NarrowOop }
                      ;*ifle {reexecute=1 rethrow=0 return_oop=0}
                      ; - (reexecute) java.util.HashMap::getNode@14 (line 567)
                      ; - java.util.HashMap::get@2 (line 556)
                      ; - java.util.jar.Manifest::getAttributes@5 (line 159)
                      ; - java.util.jar.Manifest::getTrustedAttributes@2 (line 176)
                      ; - java.util.jar.JavaUtilJarAccessImpl::getTrustedAttributes@2 (line 68)
                      ; - java.net.URLClassLoader::isSealed@18 (line 601)
                      ; - java.net.URLClassLoader::getAndVerifyPackage@68 (line 469)
                      ; - java.net.URLClassLoader::defineClass@46 (line 492)
                      ; - java.net.URLClassLoader$1::run@43 (line 427)
                      ; - java.net.URLClassLoader$1::run@1 (line 421)
  0x000001cf1081ac0c: f0bc 56ff | ba45 ffff | ff48 8b6c | 2440 4c8b | 5424 484c | 8954 2428 | 4c8b 5424 | 384c 8954 
  0x000001cf1081ac2c: 2430 4c8b | 5424 784c | 8954 2440 | 4c8b 5424 | 684c 8954 | 2448 4c8b | 5424 604c | 8954 2458 
  0x000001cf1081ac4c: 4c8b 5424 | 484c 8954 | 2460 6690 

  0x000001cf1081ac58: ;   {runtime_call UncommonTrapBlob}
  0x000001cf1081ac58: c5f8 77e8 

  0x000001cf1081ac5c: ; ImmutableOopMap {rbp=Oop [40]=Oop [64]=Oop [88]=Oop [96]=Oop [128]=Oop [144]=Oop [152]=NarrowOop [156]=NarrowOop [160]=NarrowOop }
                      ;*iflt {reexecute=1 rethrow=0 return_oop=0}
                      ; - (reexecute) java.lang.StringConcatHelper::checkOverflow@2 (line 54)
                      ; - java.lang.StringConcatHelper::mix@23 (line 138)
                      ; - java.lang.StringConcatHelper::simpleConcat@46 (line 419)
                      ; - java.lang.String::concat@11 (line 2774)
                      ; - java.net.URLClassLoader::isSealed@15 (line 601)
                      ; - java.net.URLClassLoader::getAndVerifyPackage@68 (line 469)
                      ; - java.net.URLClassLoader::defineClass@46 (line 492)
                      ; - java.net.URLClassLoader$1::run@43 (line 427)
                      ; - java.net.URLClassLoader$1::run@1 (line 421)
  0x000001cf1081ac5c: a0bc 56ff | ba45 ffff | ff4c 8b54 | 2440 4c89 | 5424 204c | 8b54 2448 | 4c89 5424 | 304c 8b54 
  0x000001cf1081ac7c: 2478 4c89 | 5424 484c | 8b54 2468 | 4c89 5424 | 5044 899c | 248c 0000 | 0066 6690 

  0x000001cf1081ac98: ;   {runtime_call UncommonTrapBlob}
  0x000001cf1081ac98: c5f8 77e8 

  0x000001cf1081ac9c: ; ImmutableOopMap {[32]=Oop [48]=Oop [72]=Oop [80]=Oop [96]=Oop [128]=Oop [144]=Oop [152]=NarrowOop [156]=NarrowOop [160]=NarrowOop }
                      ;*iflt {reexecute=1 rethrow=0 return_oop=0}
                      ; - (reexecute) java.lang.StringConcatHelper::checkOverflow@2 (line 54)
                      ; - java.lang.StringConcatHelper::mix@23 (line 138)
                      ; - java.lang.StringConcatHelper::simpleConcat@54 (line 420)
                      ; - java.lang.String::concat@11 (line 2774)
                      ; - java.net.URLClassLoader::isSealed@15 (line 601)
                      ; - java.net.URLClassLoader::getAndVerifyPackage@68 (line 469)
                      ; - java.net.URLClassLoader::defineClass@46 (line 492)
                      ; - java.net.URLClassLoader$1::run@43 (line 427)
                      ; - java.net.URLClassLoader$1::run@1 (line 421)
  0x000001cf1081ac9c: 60bc 56ff | ba45 ffff | ff48 8b6c | 2440 4c8b | 5424 484c | 8954 2428 | 4c8b 5424 | 384c 8954 
  0x000001cf1081acbc: 2430 4c8b | 9424 9000 | 0000 4c89 | 5424 384c | 8b54 2478 | 4c89 5424 | 404c 8b54 | 2468 4c89 
  0x000001cf1081acdc: 5424 484c | 8b54 2460 | 4c89 5424 | 584c 8b54 | 2448 4c89 | 5424 604c | 8984 2490 | 0000 0044 
  0x000001cf1081acfc: 894c 247c 

  0x000001cf1081ad00: ;   {runtime_call UncommonTrapBlob}
  0x000001cf1081ad00: c5f8 77e8 

  0x000001cf1081ad04: ; ImmutableOopMap {rbp=Oop [40]=Oop [56]=Oop [64]=Oop [88]=Oop [96]=Oop [128]=Oop [144]=Oop [152]=NarrowOop [156]=NarrowOop [160]=NarrowOop }
                      ;*if_icmpne {reexecute=1 rethrow=0 return_oop=0}
                      ; - (reexecute) java.lang.String::getBytes@5 (line 4458)
                      ; - java.lang.StringConcatHelper::prepend@21 (line 354)
                      ; - java.lang.StringConcatHelper::simpleConcat@81 (line 425)
                      ; - java.lang.String::concat@11 (line 2774)
                      ; - java.net.URLClassLoader::isSealed@15 (line 601)
                      ; - java.net.URLClassLoader::getAndVerifyPackage@68 (line 469)
                      ; - java.net.URLClassLoader::defineClass@46 (line 492)
                      ; - java.net.URLClassLoader$1::run@43 (line 427)
                      ; - java.net.URLClassLoader$1::run@1 (line 421)
  0x000001cf1081ad04: f8bb 56ff | ba76 ffff | ff4c 8b54 | 2440 4c89 | 5424 204c | 8b54 2448 | 4c89 5424 | 304c 8b94 
  0x000001cf1081ad24: 2490 0000 | 004c 8954 | 2440 4c8b | 5424 784c | 8954 2448 | 4c8b 5424 | 684c 8954 | 2450 448b 
  0x000001cf1081ad44: 9c24 9c00 | 0000 4489 | 9c24 9000 | 0000 6690 

  0x000001cf1081ad54: ;   {runtime_call UncommonTrapBlob}
  0x000001cf1081ad54: c5f8 77e8 

  0x000001cf1081ad58: ; ImmutableOopMap {[32]=Oop [48]=Oop [64]=Oop [72]=Oop [80]=Oop [96]=Oop [136]=Oop [144]=NarrowOop [152]=NarrowOop [160]=NarrowOop [164]=NarrowOop }
                      ;*if_icmpge {reexecute=1 rethrow=0 return_oop=0}
                      ; - (reexecute) java.lang.StringLatin1::replace@61 (line 314)
                      ; - java.lang.String::replace@18 (line 2808)
                      ; - java.net.URLClassLoader::isSealed@9 (line 601)
                      ; - java.net.URLClassLoader::getAndVerifyPackage@68 (line 469)
                      ; - java.net.URLClassLoader::defineClass@46 (line 492)
                      ; - java.net.URLClassLoader$1::run@43 (line 427)
                      ; - java.net.URLClassLoader$1::run@1 (line 421)
  0x000001cf1081ad58: a4bb 56ff | b901 0000 | 00e9 f4d2 | ffff baf6 | ffff ff48 | 8b6c 2440 | 4c8b 5c24 | 484c 895c 
  0x000001cf1081ad78: 2428 4c8b | 5c24 384c | 895c 2430 | 4c8b 5c24 | 604c 895c | 2448 4c89 | 4c24 6090 

  0x000001cf1081ad94: ;   {runtime_call UncommonTrapBlob}
  0x000001cf1081ad94: c5f8 77e8 

  0x000001cf1081ad98: ; ImmutableOopMap {rbp=Oop [40]=Oop [72]=Oop [96]=Oop [144]=Oop [156]=NarrowOop [160]=NarrowOop [192]=Oop }
                      ;*invokevirtual compute {reexecute=0 rethrow=0 return_oop=0}
                      ; - java.lang.ClassLoader::definePackage@78 (line 2105)
                      ; - java.lang.ClassLoader::getDefinedPackage@32 (line 2243)
                      ; - java.net.URLClassLoader::getAndVerifyPackage@2 (line 457)
                      ; - java.net.URLClassLoader::defineClass@46 (line 492)
                      ; - java.net.URLClassLoader$1::run@43 (line 427)
                      ; - java.net.URLClassLoader$1::run@1 (line 421)
  0x000001cf1081ad98: 64bb 56ff | ba45 ffff | ff48 8b6c | 2440 4c8b | 5424 484c | 8954 2428 | 4c8b 5424 | 384c 8954 
  0x000001cf1081adb8: 2430 4c8b | 9424 9000 | 0000 4c89 | 5424 384c | 8b54 2478 | 4c89 5424 | 404c 8b54 | 2468 4c89 
  0x000001cf1081add8: 5424 484c | 8b54 2460 | 4c89 5424 | 584c 8b54 | 2448 4c89 | 5424 6090 

  0x000001cf1081adf0: ;   {runtime_call UncommonTrapBlob}
  0x000001cf1081adf0: c5f8 77e8 

  0x000001cf1081adf4: ; ImmutableOopMap {rbp=Oop [40]=Oop [56]=Oop [64]=Oop [88]=Oop [96]=Oop [128]=Oop [152]=NarrowOop [156]=NarrowOop [160]=NarrowOop }
                      ;*if_icmpne {reexecute=1 rethrow=0 return_oop=0}
                      ; - (reexecute) java.lang.StringConcatHelper::mix@13 (line 135)
                      ; - java.lang.StringConcatHelper::simpleConcat@46 (line 419)
                      ; - java.lang.String::concat@11 (line 2774)
                      ; - java.net.URLClassLoader::isSealed@15 (line 601)
                      ; - java.net.URLClassLoader::getAndVerifyPackage@68 (line 469)
                      ; - java.net.URLClassLoader::defineClass@46 (line 492)
                      ; - java.net.URLClassLoader$1::run@43 (line 427)
                      ; - java.net.URLClassLoader$1::run@1 (line 421)
  0x000001cf1081adf4: 08bb 56ff | ba45 ffff | ff4c 8b54 | 2440 4c89 | 5424 204c | 8b54 2448 | 4c89 5424 | 304c 8b94 
  0x000001cf1081ae14: 2490 0000 | 004c 8954 | 2440 4c8b | 5424 784c | 8954 2448 | 4c8b 5424 | 684c 8954 | 2450 448b 
  0x000001cf1081ae34: 9424 b000 | 0000 458b | da44 899c | 2490 0000 | 0066 6690 

  0x000001cf1081ae48: ;   {runtime_call UncommonTrapBlob}
  0x000001cf1081ae48: c5f8 77e8 

  0x000001cf1081ae4c: ; ImmutableOopMap {[32]=Oop [48]=Oop [64]=Oop [72]=Oop [80]=Oop [96]=Oop [128]=Oop [152]=NarrowOop [156]=NarrowOop [160]=NarrowOop }
                      ;*ifge {reexecute=1 rethrow=0 return_oop=0}
                      ; - (reexecute) java.lang.StringConcatHelper::newArray@13 (line 494)
                      ; - java.lang.StringConcatHelper::simpleConcat@61 (line 421)
                      ; - java.lang.String::concat@11 (line 2774)
                      ; - java.net.URLClassLoader::isSealed@15 (line 601)
                      ; - java.net.URLClassLoader::getAndVerifyPackage@68 (line 469)
                      ; - java.net.URLClassLoader::defineClass@46 (line 492)
                      ; - java.net.URLClassLoader$1::run@43 (line 427)
                      ; - java.net.URLClassLoader$1::run@1 (line 421)
  0x000001cf1081ae4c: b0ba 56ff | ba45 ffff | ff4c 8b54 | 2440 4c89 | 5424 204c | 8b54 2448 | 4c89 5424 | 304c 8b54 
  0x000001cf1081ae6c: 2478 4c89 | 4c24 504c | 8954 2458 

  0x000001cf1081ae78: ;   {runtime_call UncommonTrapBlob}
  0x000001cf1081ae78: c5f8 77e8 

  0x000001cf1081ae7c: ; ImmutableOopMap {rbp=NarrowOop [32]=Oop [48]=Oop [80]=Oop [88]=Oop [96]=Oop [120]=Oop [144]=Oop [156]=NarrowOop [160]=NarrowOop }
                      ;*ifnull {reexecute=1 rethrow=0 return_oop=0}
                      ; - (reexecute) java.net.URLClassLoader::isSealed@51 (line 607)
                      ; - java.net.URLClassLoader::getAndVerifyPackage@68 (line 469)
                      ; - java.net.URLClassLoader::defineClass@46 (line 492)
                      ; - java.net.URLClassLoader$1::run@43 (line 427)
                      ; - java.net.URLClassLoader$1::run@1 (line 421)
  0x000001cf1081ae7c: 80ba 56ff | ba45 ffff | ff4c 8b5c | 2440 4c89 | 5c24 204c | 8b5c 2448 | 4c89 5c24 | 304c 8b5c 
  0x000001cf1081ae9c: 2478 4c89 | 4c24 504c | 895c 2458 | 4889 4c24 | 7044 8954 | 2478 6690 

  0x000001cf1081aeb4: ;   {runtime_call UncommonTrapBlob}
  0x000001cf1081aeb4: c5f8 77e8 

  0x000001cf1081aeb8: ; ImmutableOopMap {[32]=Oop [48]=Oop [80]=Oop [88]=Oop [96]=Oop [112]=Oop [120]=NarrowOop [144]=Oop [156]=NarrowOop [160]=NarrowOop }
                      ;*ifle {reexecute=1 rethrow=0 return_oop=0}
                      ; - (reexecute) java.util.HashMap::getNode@14 (line 567)
                      ; - java.util.LinkedHashMap::get@2 (line 441)
                      ; - java.util.jar.Attributes::get@5 (line 105)
                      ; - java.util.jar.Attributes::getValue@2 (line 141)
                      ; - java.net.URLClassLoader::isSealed@58 (line 608)
                      ; - java.net.URLClassLoader::getAndVerifyPackage@68 (line 469)
                      ; - java.net.URLClassLoader::defineClass@46 (line 492)
                      ; - java.net.URLClassLoader$1::run@43 (line 427)
                      ; - java.net.URLClassLoader$1::run@1 (line 421)
  0x000001cf1081aeb8: 44ba 56ff | ba45 ffff | ff48 8b6c | 2440 4c8b | 5424 484c | 8954 2428 | 4c8b 5424 | 384c 8954 
  0x000001cf1081aed8: 2430 4c8b | 5424 784c | 894c 2448 | 4c89 5424 | 504c 8b54 | 2460 4c89 | 5424 5890 

  0x000001cf1081aef4: ;   {runtime_call UncommonTrapBlob}
  0x000001cf1081aef4: c5f8 77e8 

  0x000001cf1081aef8: ; ImmutableOopMap {rbp=Oop [40]=Oop [72]=Oop [80]=Oop [88]=Oop [120]=Oop [144]=Oop [156]=NarrowOop [160]=NarrowOop }
                      ;*ifeq {reexecute=1 rethrow=0 return_oop=0}
                      ; - (reexecute) java.net.URLClassLoader::getAndVerifyPackage@71 (line 469)
                      ; - java.net.URLClassLoader::defineClass@46 (line 492)
                      ; - java.net.URLClassLoader$1::run@43 (line 427)
                      ; - java.net.URLClassLoader$1::run@1 (line 421)
  0x000001cf1081aef8: 04ba 56ff | ba45 ffff | ff48 8b6c | 2440 4c8b | 5424 484c | 8954 2428 | 4c8b 5424 | 384c 8954 
  0x000001cf1081af18: 2430 4c8b | 5424 704c | 8954 2448 | 4c8b 9424 | 9000 0000 | 4c89 5424 | 6066 6690 

  0x000001cf1081af34: ;   {runtime_call UncommonTrapBlob}
  0x000001cf1081af34: c5f8 77e8 

  0x000001cf1081af38: ; ImmutableOopMap {rbp=Oop [40]=Oop [72]=Oop [96]=Oop [120]=NarrowOop [128]=Oop [156]=NarrowOop [160]=NarrowOop [192]=Oop }
                      ;*iflt {reexecute=1 rethrow=0 return_oop=0}
                      ; - (reexecute) java.lang.StringConcatHelper::checkOverflow@2 (line 54)
                      ; - java.lang.StringConcatHelper::mix@23 (line 138)
                      ; - java.lang.StringConcatHelper::simpleConcat@46 (line 419)
                      ; - java.lang.String::concat@11 (line 2774)
                      ; - java.net.URLClassLoader::definePackage@39 (line 552)
                      ; - java.net.URLClassLoader::defineClass@64 (line 495)
                      ; - java.net.URLClassLoader$1::run@43 (line 427)
                      ; - java.net.URLClassLoader$1::run@1 (line 421)
  0x000001cf1081af38: c4b9 56ff | ba45 ffff | ff4c 8b54 | 2440 4c89 | 5424 204c | 8b54 2448 | 4c89 5424 | 304c 8b54 
  0x000001cf1081af58: 2470 4c89 | 5424 504c | 8b54 2450 | 4c89 5424 | 604c 8b94 | 2490 0000 | 004c 8954 | 2468 4489 
  0x000001cf1081af78: 9c24 9000 | 0000 6690 

  0x000001cf1081af80: ;   {runtime_call UncommonTrapBlob}
  0x000001cf1081af80: c5f8 77e8 

  0x000001cf1081af84: ; ImmutableOopMap {[32]=Oop [48]=Oop [96]=Oop [104]=Oop [120]=NarrowOop [128]=Oop [156]=NarrowOop [160]=NarrowOop [192]=Oop }
                      ;*iflt {reexecute=1 rethrow=0 return_oop=0}
                      ; - (reexecute) java.lang.StringConcatHelper::checkOverflow@2 (line 54)
                      ; - java.lang.StringConcatHelper::mix@23 (line 138)
                      ; - java.lang.StringConcatHelper::simpleConcat@54 (line 420)
                      ; - java.lang.String::concat@11 (line 2774)
                      ; - java.net.URLClassLoader::definePackage@39 (line 552)
                      ; - java.net.URLClassLoader::defineClass@64 (line 495)
                      ; - java.net.URLClassLoader$1::run@43 (line 427)
                      ; - java.net.URLClassLoader$1::run@1 (line 421)
  0x000001cf1081af84: 78b9 56ff | ba45 ffff | ff48 8b6c | 2440 4c8b | 5424 484c | 8954 2428 | 4c8b 5424 | 384c 8954 
  0x000001cf1081afa4: 2430 4c8b | 5424 704c | 8954 2448 | 4c8b 9424 | 9000 0000 | 4c89 5424 | 6044 8b94 | 249c 0000 
  0x000001cf1081afc4: 0044 8954 | 247c 4c8b | 9424 b000 | 0000 4c89 | 9424 9800 | 0000 6690 

  0x000001cf1081afdc: ;   {runtime_call UncommonTrapBlob}
  0x000001cf1081afdc: c5f8 77e8 

  0x000001cf1081afe0: ; ImmutableOopMap {rbp=Oop [40]=Oop [72]=Oop [96]=Oop [120]=NarrowOop [124]=NarrowOop [128]=Oop [152]=Oop [160]=NarrowOop [176]=Oop [192]=Oop }
                      ;*if_icmpne {reexecute=1 rethrow=0 return_oop=0}
                      ; - (reexecute) java.lang.String::getBytes@5 (line 4458)
                      ; - java.lang.StringConcatHelper::prepend@21 (line 354)
                      ; - java.lang.StringConcatHelper::simpleConcat@81 (line 425)
                      ; - java.lang.String::concat@11 (line 2774)
                      ; - java.net.URLClassLoader::definePackage@39 (line 552)
                      ; - java.net.URLClassLoader::defineClass@64 (line 495)
                      ; - java.net.URLClassLoader$1::run@43 (line 427)
                      ; - java.net.URLClassLoader$1::run@1 (line 421)
  0x000001cf1081afe0: 1cb9 56ff | ba76 ffff | ff48 897c | 2420 4889 | 5c24 304c | 8b9c 2490 | 0000 004c | 895c 2468 
  0x000001cf1081b000: 4489 9424 | 8c00 0000 | 4489 b424 | 9400 0000 

  0x000001cf1081b010: ;   {runtime_call UncommonTrapBlob}
  0x000001cf1081b010: c5f8 77e8 

  0x000001cf1081b014: ; ImmutableOopMap {rbp=NarrowOop [32]=Oop [48]=Oop [96]=Oop [104]=Oop [120]=Oop [148]=NarrowOop [152]=NarrowOop [156]=NarrowOop }
                      ;*if_icmpge {reexecute=1 rethrow=0 return_oop=0}
                      ; - (reexecute) java.lang.StringLatin1::hashCode@13 (line 196)
                      ; - java.lang.String::hashCode@27 (line 2344)
                      ; - java.util.concurrent.ConcurrentHashMap::get@1 (line 936)
                      ; - java.lang.ClassLoader::getDefinedPackage@13 (line 2239)
                      ; - java.net.URLClassLoader::getAndVerifyPackage@2 (line 457)
                      ; - java.net.URLClassLoader::defineClass@46 (line 492)
                      ; - java.net.URLClassLoader$1::run@43 (line 427)
                      ; - java.net.URLClassLoader$1::run@1 (line 421)
  0x000001cf1081b014: e8b8 56ff | ba01 0000 | 0066 6690 | e993 ceff | ffba 45ff | ffff 488b | 6c24 404c | 8b54 2448 
  0x000001cf1081b034: 4c89 5424 | 284c 8b54 | 2438 4c89 | 5424 3048 | ff74 2460 | 488f 4424 | 5844 8944 | 2478 6690 
  0x000001cf1081b054: ;   {runtime_call UncommonTrapBlob}
  0x000001cf1081b054: c5f8 77e8 

  0x000001cf1081b058: ; ImmutableOopMap {rbp=Oop [40]=Oop [88]=Oop [120]=NarrowOop [144]=Oop [156]=NarrowOop [160]=NarrowOop [192]=Oop }
                      ;*ifnonnull {reexecute=1 rethrow=0 return_oop=0}
                      ; - (reexecute) jdk.internal.access.SharedSecrets::javaUtilJarAccess@5 (line 104)
                      ; - java.net.URLClassLoader::definePackage@24 (line 551)
                      ; - java.net.URLClassLoader::defineClass@64 (line 495)
                      ; - java.net.URLClassLoader$1::run@43 (line 427)
                      ; - java.net.URLClassLoader$1::run@1 (line 421)
  0x000001cf1081b058: a4b8 56ff | ba45 ffff | ff48 8b6c | 2440 4c8b | 5424 484c | 8954 2428 | 4c8b 5424 | 384c 8954 
  0x000001cf1081b078: 2430 4c8b | 5424 704c | 8954 2448 | 4c8b 9424 | 9000 0000 | 4c89 5424 | 6066 6690 

  0x000001cf1081b094: ;   {runtime_call UncommonTrapBlob}
  0x000001cf1081b094: c5f8 77e8 

  0x000001cf1081b098: ; ImmutableOopMap {rbp=Oop [40]=Oop [72]=Oop [96]=Oop [120]=NarrowOop [128]=Oop [156]=NarrowOop [160]=NarrowOop [192]=Oop }
                      ;*if_icmpne {reexecute=1 rethrow=0 return_oop=0}
                      ; - (reexecute) java.lang.StringConcatHelper::mix@13 (line 135)
                      ; - java.lang.StringConcatHelper::simpleConcat@46 (line 419)
                      ; - java.lang.String::concat@11 (line 2774)
                      ; - java.net.URLClassLoader::definePackage@39 (line 552)
                      ; - java.net.URLClassLoader::defineClass@64 (line 495)
                      ; - java.net.URLClassLoader$1::run@43 (line 427)
                      ; - java.net.URLClassLoader$1::run@1 (line 421)
  0x000001cf1081b098: 64b8 56ff | ba45 ffff | ff4c 8b54 | 2440 4c89 | 5424 204c | 8b54 2448 | 4c89 5424 | 304c 8b54 
  0x000001cf1081b0b8: 2470 4c89 | 5424 504c | 8b54 2450 | 4c89 5424 | 604c 8b94 | 2490 0000 | 004c 8954 | 2468 448b 
  0x000001cf1081b0d8: 9424 a400 | 0000 458b | da44 899c | 2494 0000 | 0066 6690 

  0x000001cf1081b0ec: ;   {runtime_call UncommonTrapBlob}
  0x000001cf1081b0ec: c5f8 77e8 

  0x000001cf1081b0f0: ; ImmutableOopMap {[32]=Oop [48]=Oop [96]=Oop [104]=Oop [120]=NarrowOop [128]=Oop [156]=NarrowOop [160]=NarrowOop [192]=Oop }
                      ;*ifge {reexecute=1 rethrow=0 return_oop=0}
                      ; - (reexecute) java.lang.StringConcatHelper::newArray@13 (line 494)
                      ; - java.lang.StringConcatHelper::simpleConcat@61 (line 421)
                      ; - java.lang.String::concat@11 (line 2774)
                      ; - java.net.URLClassLoader::definePackage@39 (line 552)
                      ; - java.net.URLClassLoader::defineClass@64 (line 495)
                      ; - java.net.URLClassLoader$1::run@43 (line 427)
                      ; - java.net.URLClassLoader$1::run@1 (line 421)
  0x000001cf1081b0f0: 0cb8 56ff | ba45 ffff | ff48 8b6c | 2440 4c8b | 4424 484c | 8944 2428 | 4c8b 4424 | 384c 8944 
  0x000001cf1081b110: 2430 4c89 | 4c24 584c | 8b84 2490 | 0000 004c | 8944 2460 | 4c89 4c24 | 6844 895c | 247c 4489 
  0x000001cf1081b130: 9424 9400 | 0000 6690 

  0x000001cf1081b138: ;   {runtime_call UncommonTrapBlob}
  0x000001cf1081b138: c5f8 77e8 

  0x000001cf1081b13c: ; ImmutableOopMap {rbp=Oop [40]=Oop [88]=Oop [96]=Oop [104]=Oop [124]=NarrowOop [156]=NarrowOop [160]=NarrowOop [184]=Oop [192]=Oop }
                      ;*ifle {reexecute=1 rethrow=0 return_oop=0}
                      ; - (reexecute) java.util.HashMap::getNode@14 (line 567)
                      ; - java.util.HashMap::get@2 (line 556)
                      ; - java.util.jar.Manifest::getAttributes@5 (line 159)
                      ; - java.util.jar.Manifest::getTrustedAttributes@2 (line 176)
                      ; - java.util.jar.JavaUtilJarAccessImpl::getTrustedAttributes@2 (line 68)
                      ; - java.net.URLClassLoader::definePackage@42 (line 552)
                      ; - java.net.URLClassLoader::defineClass@64 (line 495)
                      ; - java.net.URLClassLoader$1::run@43 (line 427)
                      ; - java.net.URLClassLoader$1::run@1 (line 421)
  0x000001cf1081b13c: c0b7 56ff | bade ffff | ff4c 8b54 | 2440 4c89 | 5424 204c | 8b54 2448 | 4c89 5424 | 304c 8b54 
  0x000001cf1081b15c: 2478 4c89 | 5424 584c | 894c 2468 

  0x000001cf1081b168: ;   {runtime_call UncommonTrapBlob}
  0x000001cf1081b168: c5f8 77e8 

  0x000001cf1081b16c: ; ImmutableOopMap {rbp=NarrowOop [32]=Oop [48]=Oop [88]=Oop [96]=Oop [104]=Oop [120]=Oop [144]=Oop [156]=NarrowOop [160]=NarrowOop }
                      ;*invokeinterface get {reexecute=0 rethrow=0 return_oop=0}
                      ; - java.util.jar.Attributes::get@5 (line 105)
                      ; - java.util.jar.Attributes::getValue@2 (line 141)
                      ; - java.net.URLClassLoader::isSealed@35 (line 604)
                      ; - java.net.URLClassLoader::getAndVerifyPackage@68 (line 469)
                      ; - java.net.URLClassLoader::defineClass@46 (line 492)
                      ; - java.net.URLClassLoader$1::run@43 (line 427)
                      ; - java.net.URLClassLoader$1::run@1 (line 421)
  0x000001cf1081b16c: 90b7 56ff | ba3f 0000 | 0048 8b6c | 2440 4c8b | 5424 484c | 8954 2428 | 4c8b 5424 | 384c 8954 
  0x000001cf1081b18c: 2430 4c8b | 5424 784c | 8954 2440 | 4c8b 5424 | 684c 8954 | 2448 4c8b | 5424 604c | 8954 2458 
  0x000001cf1081b1ac: 4c8b 5424 | 704c 8954 | 2468 6690 

  0x000001cf1081b1b8: ;   {runtime_call UncommonTrapBlob}
  0x000001cf1081b1b8: c5f8 77e8 

  0x000001cf1081b1bc: ; ImmutableOopMap {rbp=Oop [40]=Oop [64]=Oop [72]=Oop [88]=Oop [104]=Oop [144]=Oop [156]=NarrowOop [160]=NarrowOop }
                      ;*new {reexecute=0 rethrow=0 return_oop=0}
                      ; - java.util.jar.Manifest::getTrustedAttributes@28 (line 178)
                      ; - java.util.jar.JavaUtilJarAccessImpl::getTrustedAttributes@2 (line 68)
                      ; - java.net.URLClassLoader::isSealed@18 (line 601)
                      ; - java.net.URLClassLoader::getAndVerifyPackage@68 (line 469)
                      ; - java.net.URLClassLoader::defineClass@46 (line 492)
                      ; - java.net.URLClassLoader$1::run@43 (line 427)
                      ; - java.net.URLClassLoader$1::run@1 (line 421)
  0x000001cf1081b1bc: 40b7 56ff | ba76 ffff | ff4c 8b54 | 2440 4c89 | 5424 204c | 8b54 2448 | 4c89 5424 | 304c 8b94 
  0x000001cf1081b1dc: 2490 0000 | 004c 8954 | 2468 899c | 2490 0000 | 0044 8b9c | 24a0 0000 | 0044 899c | 2498 0000 
  0x000001cf1081b1fc: 0044 898c | 24a4 0000 | 0066 6690 

  0x000001cf1081b208: ;   {runtime_call UncommonTrapBlob}
  0x000001cf1081b208: c5f8 77e8 

  0x000001cf1081b20c: ; ImmutableOopMap {rbp=NarrowOop [32]=Oop [48]=Oop [96]=Oop [104]=Oop [120]=NarrowOop [152]=NarrowOop [156]=NarrowOop [164]=NarrowOop [192]=Oop }
                      ;*if_icmpge {reexecute=1 rethrow=0 return_oop=0}
                      ; - (reexecute) java.lang.StringLatin1::hashCode@13 (line 196)
                      ; - java.lang.String::hashCode@27 (line 2344)
                      ; - java.util.concurrent.ConcurrentHashMap::get@1 (line 936)
                      ; - java.lang.ClassLoader::definePackage@47 (line 2101)
                      ; - java.lang.ClassLoader::getDefinedPackage@32 (line 2243)
                      ; - java.net.URLClassLoader::getAndVerifyPackage@2 (line 457)
                      ; - java.net.URLClassLoader::defineClass@46 (line 492)
                      ; - java.net.URLClassLoader$1::run@43 (line 427)
                      ; - java.net.URLClassLoader$1::run@1 (line 421)
  0x000001cf1081b20c: f0b6 56ff | bf01 0000 | 00e9 3ed6 | ffff bae4 | ffff ff4c | 8b54 2440 | 4c89 5424 | 204c 8b54 
  0x000001cf1081b22c: 2448 4c89 | 5424 304c | 8b54 2478 | 4889 4c24 | 504c 8954 | 2458 4489 | 5c24 6c44 | 8944 2478 
  0x000001cf1081b24c: 8974 247c | 89bc 2484 | 0000 0090 

  0x000001cf1081b258: ;   {runtime_call UncommonTrapBlob}
  0x000001cf1081b258: c5f8 77e8 

  0x000001cf1081b25c: ; ImmutableOopMap {[32]=Oop [48]=Oop [80]=Oop [88]=Oop [96]=Oop [120]=NarrowOop [144]=Oop [156]=NarrowOop [160]=NarrowOop }
                      ;*iaload {reexecute=0 rethrow=0 return_oop=0}
                      ; - java.lang.CharacterDataLatin1::getProperties@7 (line 74)
                      ; - java.lang.CharacterDataLatin1::toLowerCase@4 (line 140)
                      ; - java.lang.Character::toLowerCase@5 (line 10436)
                      ; - java.lang.StringLatin1::regionMatchesCI@80 (line 404)
                      ; - java.lang.String::regionMatches@98 (line 2232)
                      ; - java.lang.String::equalsIgnoreCase@33 (line 1968)
                      ; - java.net.URLClassLoader::isSealed@68 (line 611)
                      ; - java.net.URLClassLoader::getAndVerifyPackage@68 (line 469)
                      ; - java.net.URLClassLoader::defineClass@46 (line 492)
                      ; - java.net.URLClassLoader$1::run@43 (line 427)
                      ; - java.net.URLClassLoader$1::run@1 (line 421)
  0x000001cf1081b25c: a0b6 56ff | bae4 ffff | ff4c 8b54 | 2440 4c89 | 5424 204c | 8b54 2448 | 4c89 5424 | 304c 8b54 
  0x000001cf1081b27c: 2478 4889 | 4c24 504c | 8954 2458 | 4489 4c24 | 6c89 5c24 | 7889 7c24 | 7c89 b424 | 8400 0000 
  0x000001cf1081b29c: ;   {runtime_call UncommonTrapBlob}
  0x000001cf1081b29c: c5f8 77e8 

  0x000001cf1081b2a0: ; ImmutableOopMap {[32]=Oop [48]=Oop [80]=Oop [88]=Oop [96]=Oop [120]=NarrowOop [144]=Oop [156]=NarrowOop [160]=NarrowOop }
                      ;*iaload {reexecute=0 rethrow=0 return_oop=0}
                      ; - java.lang.CharacterDataLatin1::getProperties@7 (line 74)
                      ; - java.lang.CharacterDataLatin1::toLowerCase@4 (line 140)
                      ; - java.lang.Character::toLowerCase@5 (line 10436)
                      ; - java.lang.StringLatin1::regionMatchesCI@85 (line 404)
                      ; - java.lang.String::regionMatches@98 (line 2232)
                      ; - java.lang.String::equalsIgnoreCase@33 (line 1968)
                      ; - java.net.URLClassLoader::isSealed@68 (line 611)
                      ; - java.net.URLClassLoader::getAndVerifyPackage@68 (line 469)
                      ; - java.net.URLClassLoader::defineClass@46 (line 492)
                      ; - java.net.URLClassLoader$1::run@43 (line 427)
                      ; - java.net.URLClassLoader$1::run@1 (line 421)
  0x000001cf1081b2a0: 5cb6 56ff | ba76 ffff | ff48 8b6c | 2440 4c8b | 5424 484c | 8954 2428 | 4c8b 5424 | 384c 8954 
  0x000001cf1081b2c0: 2430 4c8b | 5424 784c | 894c 2448 | 4c89 5424 | 504c 8b54 | 2460 4c89 | 5424 5844 | 8944 2468 
  0x000001cf1081b2e0: ;   {runtime_call UncommonTrapBlob}
  0x000001cf1081b2e0: c5f8 77e8 

  0x000001cf1081b2e4: ; ImmutableOopMap {rbp=Oop [40]=Oop [72]=Oop [80]=Oop [88]=Oop [104]=NarrowOop [120]=Oop [144]=Oop [156]=NarrowOop [160]=NarrowOop }
                      ;*iload_1 {reexecute=0 rethrow=0 return_oop=0}
                      ; - java.lang.StringLatin1::regionMatchesCI@6 (line 393)
                      ; - java.lang.String::regionMatches@98 (line 2232)
                      ; - java.lang.String::equalsIgnoreCase@33 (line 1968)
                      ; - java.net.URLClassLoader::isSealed@68 (line 611)
                      ; - java.net.URLClassLoader::getAndVerifyPackage@68 (line 469)
                      ; - java.net.URLClassLoader::defineClass@46 (line 492)
                      ; - java.net.URLClassLoader$1::run@43 (line 427)
                      ; - java.net.URLClassLoader$1::run@1 (line 421)
  0x000001cf1081b2e4: 18b6 56ff | bade ffff | ff4c 8b54 | 2440 4c89 | 5424 204c | 8b54 2448 | 4c89 5424 | 304c 8b54 
  0x000001cf1081b304: 2478 4889 | 4c24 504c | 8954 2458 | 4489 5c24 | 6c44 8944 | 2478 8974 | 247c 89bc | 2480 0000 
  0x000001cf1081b324: 0066 6690 

  0x000001cf1081b328: ;   {runtime_call UncommonTrapBlob}
  0x000001cf1081b328: c5f8 77e8 

  0x000001cf1081b32c: ; ImmutableOopMap {rbp=Oop [32]=Oop [48]=Oop [80]=Oop [88]=Oop [96]=Oop [120]=NarrowOop [144]=Oop [156]=NarrowOop [160]=NarrowOop }
                      ;*invokevirtual toLowerCase {reexecute=0 rethrow=0 return_oop=0}
                      ; - java.lang.Character::toLowerCase@5 (line 10436)
                      ; - java.lang.StringLatin1::regionMatchesCI@80 (line 404)
                      ; - java.lang.String::regionMatches@98 (line 2232)
                      ; - java.lang.String::equalsIgnoreCase@33 (line 1968)
                      ; - java.net.URLClassLoader::isSealed@68 (line 611)
                      ; - java.net.URLClassLoader::getAndVerifyPackage@68 (line 469)
                      ; - java.net.URLClassLoader::defineClass@46 (line 492)
                      ; - java.net.URLClassLoader$1::run@43 (line 427)
                      ; - java.net.URLClassLoader$1::run@1 (line 421)
  0x000001cf1081b32c: d0b5 56ff | bade ffff | ff48 8b6c | 2440 4c8b | 5424 484c | 8954 2428 | 4c8b 5424 | 384c 8954 
  0x000001cf1081b34c: 2430 4c8b | 5424 7848 | 894c 2448 | 4c89 5424 | 504c 8b54 | 2460 4c89 | 5424 5844 | 894c 2464 
  0x000001cf1081b36c: 895c 2470 | 897c 2474 | 4c89 4424 | 7889 b424 | 8000 0000 

  0x000001cf1081b380: ;   {runtime_call UncommonTrapBlob}
  0x000001cf1081b380: c5f8 77e8 

  0x000001cf1081b384: ; ImmutableOopMap {rbp=Oop [40]=Oop [72]=Oop [80]=Oop [88]=Oop [112]=NarrowOop [120]=Oop [144]=Oop [156]=NarrowOop [160]=NarrowOop }
                      ;*invokevirtual toLowerCase {reexecute=0 rethrow=0 return_oop=0}
                      ; - java.lang.Character::toLowerCase@5 (line 10436)
                      ; - java.lang.StringLatin1::regionMatchesCI@85 (line 404)
                      ; - java.lang.String::regionMatches@98 (line 2232)
                      ; - java.lang.String::equalsIgnoreCase@33 (line 1968)
                      ; - java.net.URLClassLoader::isSealed@68 (line 611)
                      ; - java.net.URLClassLoader::getAndVerifyPackage@68 (line 469)
                      ; - java.net.URLClassLoader::defineClass@46 (line 492)
                      ; - java.net.URLClassLoader$1::run@43 (line 427)
                      ; - java.net.URLClassLoader$1::run@1 (line 421)
  0x000001cf1081b384: 78b5 56ff | bade ffff | ff4c 8b54 | 2440 4c89 | 5424 204c | 8b54 2448 | 4c89 5424 | 304c 8944 
  0x000001cf1081b3a4: 2460 4c89 | 8c24 8000 | 0000 6690 

  0x000001cf1081b3b0: ;   {runtime_call UncommonTrapBlob}
  0x000001cf1081b3b0: c5f8 77e8 

  0x000001cf1081b3b4: ; ImmutableOopMap {rbp=NarrowOop [32]=Oop [48]=Oop [96]=Oop [128]=Oop [144]=Oop [156]=NarrowOop [160]=NarrowOop [192]=Oop }
                      ;*invokeinterface get {reexecute=0 rethrow=0 return_oop=0}
                      ; - java.util.jar.Attributes::get@5 (line 105)
                      ; - java.util.jar.Attributes::getValue@2 (line 141)
                      ; - java.net.URLClassLoader::definePackage@59 (line 554)
                      ; - java.net.URLClassLoader::defineClass@64 (line 495)
                      ; - java.net.URLClassLoader$1::run@43 (line 427)
                      ; - java.net.URLClassLoader$1::run@1 (line 421)
  0x000001cf1081b3b4: 48b5 56ff | bade ffff | ff4c 8b54 | 2440 4c89 | 5424 204c | 8b54 2448 | 4c89 5424 | 304c 8944 
  0x000001cf1081b3d4: 2460 4889 | 8c24 8000 | 0000 4c89 | 8c24 8800 | 0000 6690 

  0x000001cf1081b3e8: ;   {runtime_call UncommonTrapBlob}
  0x000001cf1081b3e8: c5f8 77e8 

  0x000001cf1081b3ec: ; ImmutableOopMap {rbp=NarrowOop [32]=Oop [48]=Oop [96]=Oop [128]=Oop [136]=Oop [144]=Oop [156]=NarrowOop [160]=NarrowOop [192]=Oop }
                      ;*invokeinterface get {reexecute=0 rethrow=0 return_oop=0}
                      ; - java.util.jar.Attributes::get@5 (line 105)
                      ; - java.util.jar.Attributes::getValue@2 (line 141)
                      ; - java.net.URLClassLoader::definePackage@69 (line 555)
                      ; - java.net.URLClassLoader::defineClass@64 (line 495)
                      ; - java.net.URLClassLoader$1::run@43 (line 427)
                      ; - java.net.URLClassLoader$1::run@1 (line 421)
  0x000001cf1081b3ec: 10b5 56ff | bade ffff | ff4c 8b54 | 2440 4c89 | 5424 204c | 8b54 2448 | 4c89 5424 | 304c 8944 
  0x000001cf1081b40c: 2460 4c8b | 9424 9000 | 0000 4c89 | 5424 6848 | 898c 2480 | 0000 0048 | 899c 2488 | 0000 004c 
  0x000001cf1081b42c: 898c 2490 | 0000 0090 

  0x000001cf1081b434: ;   {runtime_call UncommonTrapBlob}
  0x000001cf1081b434: c5f8 77e8 

  0x000001cf1081b438: ; ImmutableOopMap {rbp=NarrowOop [32]=Oop [48]=Oop [96]=Oop [104]=Oop [128]=Oop [136]=Oop [144]=Oop [156]=NarrowOop [160]=NarrowOop [192]=Oop }
                      ;*invokeinterface get {reexecute=0 rethrow=0 return_oop=0}
                      ; - java.util.jar.Attributes::get@5 (line 105)
                      ; - java.util.jar.Attributes::getValue@2 (line 141)
                      ; - java.net.URLClassLoader::definePackage@79 (line 556)
                      ; - java.net.URLClassLoader::defineClass@64 (line 495)
                      ; - java.net.URLClassLoader$1::run@43 (line 427)
                      ; - java.net.URLClassLoader$1::run@1 (line 421)
  0x000001cf1081b438: c4b4 56ff | bade ffff | ff4c 8b54 | 2440 4c89 | 5424 204c | 8b54 2448 | 4c89 5424 | 304c 8b54 
  0x000001cf1081b458: 2470 4c89 | 5424 604c | 8b94 2490 | 0000 004c | 8954 2468 | 448b 9424 | 9c00 0000 | 4489 9424 
  0x000001cf1081b478: 9000 0000 

  0x000001cf1081b47c: ;   {runtime_call UncommonTrapBlob}
  0x000001cf1081b47c: c5f8 77e8 

  0x000001cf1081b480: ; ImmutableOopMap {rbp=NarrowOop [32]=Oop [48]=Oop [96]=Oop [104]=Oop [120]=Oop [128]=Oop [136]=Oop [144]=NarrowOop [160]=NarrowOop [192]=Oop [216]=Oop }
                      ;*invokeinterface get {reexecute=0 rethrow=0 return_oop=0}
                      ; - java.util.jar.Attributes::get@5 (line 105)
                      ; - java.util.jar.Attributes::getValue@2 (line 141)
                      ; - java.net.URLClassLoader::definePackage@89 (line 557)
                      ; - java.net.URLClassLoader::defineClass@64 (line 495)
                      ; - java.net.URLClassLoader$1::run@43 (line 427)
                      ; - java.net.URLClassLoader$1::run@1 (line 421)
  0x000001cf1081b480: 7cb4 56ff | ba76 ffff | ff4c 8b54 | 2440 4c89 | 5424 204c | 8b54 2448 | 4c89 5424 | 304c 8b94 
  0x000001cf1081b4a0: 2490 0000 | 004c 8954 | 2440 4c8b | 5424 784c | 8954 2448 | 4c8b 5424 | 684c 8954 | 2450 4489 
  0x000001cf1081b4c0: 8424 9800 | 0000 899c | 24a4 0000 | 0066 6690 

  0x000001cf1081b4d0: ;   {runtime_call UncommonTrapBlob}
  0x000001cf1081b4d0: c5f8 77e8 

  0x000001cf1081b4d4: ; ImmutableOopMap {rbp=NarrowOop [32]=Oop [48]=Oop [64]=Oop [72]=Oop [80]=Oop [96]=Oop [128]=Oop [156]=NarrowOop [160]=NarrowOop [164]=NarrowOop }
                      ;*if_icmpge {reexecute=1 rethrow=0 return_oop=0}
                      ; - (reexecute) java.lang.StringLatin1::hashCode@13 (line 196)
                      ; - java.lang.String::hashCode@27 (line 2344)
                      ; - java.util.HashMap::hash@9 (line 338)
                      ; - java.util.HashMap::getNode@23 (line 568)
                      ; - java.util.HashMap::get@2 (line 556)
                      ; - java.util.jar.Manifest::getAttributes@5 (line 159)
                      ; - java.util.jar.Manifest::getTrustedAttributes@2 (line 176)
                      ; - java.util.jar.JavaUtilJarAccessImpl::getTrustedAttributes@2 (line 68)
                      ; - java.net.URLClassLoader::isSealed@18 (line 601)
                      ; - java.net.URLClassLoader::getAndVerifyPackage@68 (line 469)
                      ; - java.net.URLClassLoader::defineClass@46 (line 492)
                      ; - java.net.URLClassLoader$1::run@43 (line 427)
                      ; - java.net.URLClassLoader$1::run@1 (line 421)
  0x000001cf1081b4d4: 28b4 56ff | bf01 0000 | 0066 6690 | e9ca d4ff | ffba 3f00 | 0000 488b | 6c24 404c | 8b54 2448 
  0x000001cf1081b4f4: 4c89 5424 | 284c 8b54 | 2438 4c89 | 5424 304c | 8b54 2470 | 4c89 5424 | 4866 6690 

  0x000001cf1081b510: ;   {runtime_call UncommonTrapBlob}
  0x000001cf1081b510: c5f8 77e8 

  0x000001cf1081b514: ; ImmutableOopMap {rbp=Oop [40]=Oop [72]=Oop [104]=Oop [144]=Oop [156]=NarrowOop [160]=NarrowOop [192]=Oop }
                      ;*new {reexecute=0 rethrow=0 return_oop=0}
                      ; - java.util.jar.Manifest::getTrustedAttributes@28 (line 178)
                      ; - java.util.jar.JavaUtilJarAccessImpl::getTrustedAttributes@2 (line 68)
                      ; - java.net.URLClassLoader::definePackage@42 (line 552)
                      ; - java.net.URLClassLoader::defineClass@64 (line 495)
                      ; - java.net.URLClassLoader$1::run@43 (line 427)
                      ; - java.net.URLClassLoader$1::run@1 (line 421)
  0x000001cf1081b514: e8b3 56ff | ba45 ffff | ff48 8b6c | 2440 4c8b | 5c24 484c | 895c 2428 | 4c8b 5c24 | 384c 895c 
  0x000001cf1081b534: 2430 4c8b | 5c24 604c | 895c 2458 | 4c8b 9c24 | 9000 0000 | 4c89 5c24 | 6044 89ac | 2488 0000 
  0x000001cf1081b554: 0044 898c | 2490 0000 | 0044 8994 | 2494 0000 | 0066 6690 

  0x000001cf1081b568: ;   {runtime_call UncommonTrapBlob}
  0x000001cf1081b568: c5f8 77e8 

  0x000001cf1081b56c: ; ImmutableOopMap {rbp=Oop [40]=Oop [88]=Oop [96]=Oop [136]=NarrowOop [148]=NarrowOop [156]=NarrowOop [160]=NarrowOop [192]=Oop }
                      ;*ifnull {reexecute=1 rethrow=0 return_oop=0}
                      ; - (reexecute) java.util.concurrent.ConcurrentHashMap::get@67 (line 940)
                      ; - java.lang.ClassLoader::getDefinedPackage@13 (line 2239)
                      ; - java.net.URLClassLoader::getAndVerifyPackage@2 (line 457)
                      ; - java.net.URLClassLoader::defineClass@46 (line 492)
                      ; - java.net.URLClassLoader$1::run@43 (line 427)
                      ; - java.net.URLClassLoader$1::run@1 (line 421)
  0x000001cf1081b56c: 90b3 56ff | ba45 ffff | ff4c 8b5c | 2440 4c89 | 5c24 204c | 8b5c 2448 | 4c89 5c24 | 304c 8b5c 
  0x000001cf1081b58c: 2478 4c89 | 5c24 584c | 894c 2468 | 4889 4c24 | 7844 8994 | 2480 0000 | 0066 6690 

  0x000001cf1081b5a8: ;   {runtime_call UncommonTrapBlob}
  0x000001cf1081b5a8: c5f8 77e8 

  0x000001cf1081b5ac: ; ImmutableOopMap {[32]=Oop [48]=Oop [88]=Oop [96]=Oop [104]=Oop [120]=Oop [128]=NarrowOop [144]=Oop [156]=NarrowOop [160]=NarrowOop }
                      ;*ifle {reexecute=1 rethrow=0 return_oop=0}
                      ; - (reexecute) java.util.HashMap::getNode@14 (line 567)
                      ; - java.util.LinkedHashMap::get@2 (line 441)
                      ; - java.util.jar.Attributes::get@5 (line 105)
                      ; - java.util.jar.Attributes::getValue@2 (line 141)
                      ; - java.net.URLClassLoader::isSealed@35 (line 604)
                      ; - java.net.URLClassLoader::getAndVerifyPackage@68 (line 469)
                      ; - java.net.URLClassLoader::defineClass@46 (line 492)
                      ; - java.net.URLClassLoader$1::run@43 (line 427)
                      ; - java.net.URLClassLoader$1::run@1 (line 421)
  0x000001cf1081b5ac: 50b3 56ff | ba45 ffff | ff4c 8b54 | 2440 4c89 | 5424 204c | 8b54 2448 | 4c89 5424 | 304c 8b94 
  0x000001cf1081b5cc: 2490 0000 | 004c 8954 | 2468 448b | 9424 9c00 | 0000 448b | 9c24 a000 | 0000 4489 | 9c24 8c00 
  0x000001cf1081b5ec: 0000 4489 | 9424 9000 | 0000 4489 | 9424 9400 | 0000 4489 | ac24 9800 | 0000 4489 | 8c24 9c00 
  0x000001cf1081b60c: 0000 4c89 | 8424 a000 | 0000 899c | 24a8 0000 | 0066 6690 

  0x000001cf1081b620: ;   {runtime_call UncommonTrapBlob}
  0x000001cf1081b620: c5f8 77e8 

  0x000001cf1081b624: ; ImmutableOopMap {[32]=Oop [48]=Oop [96]=Oop [104]=Oop [140]=NarrowOop [144]=NarrowOop [148]=NarrowOop [152]=NarrowOop [160]=Oop [192]=Oop }
                      ;*if_icmpne {reexecute=1 rethrow=0 return_oop=0}
                      ; - (reexecute) java.lang.String::equals@33 (line 1830)
                      ; - java.util.concurrent.ConcurrentHashMap::get@73 (line 940)
                      ; - java.lang.ClassLoader::getDefinedPackage@13 (line 2239)
                      ; - java.net.URLClassLoader::getAndVerifyPackage@2 (line 457)
                      ; - java.net.URLClassLoader::defineClass@46 (line 492)
                      ; - java.net.URLClassLoader$1::run@43 (line 427)
                      ; - java.net.URLClassLoader$1::run@1 (line 421)
  0x000001cf1081b624: d8b2 56ff | ba76 ffff | ff4c 8b54 | 2440 4c89 | 5424 204c | 8b54 2448 | 4c89 5424 | 304c 8b54 
  0x000001cf1081b644: 2470 4c89 | 5424 504c | 8b54 2450 | 4c89 5424 | 604c 8b94 | 2490 0000 | 004c 8954 | 2468 448b 
  0x000001cf1081b664: 9c24 9c00 | 0000 448b | 9424 a000 | 0000 4489 | 9424 8000 | 0000 4489 | 9c24 8400 | 0000 4489 
  0x000001cf1081b684: 8424 9800 | 0000 4489 | 8c24 9c00 | 0000 6690 

  0x000001cf1081b694: ;   {runtime_call UncommonTrapBlob}
  0x000001cf1081b694: c5f8 77e8 

  0x000001cf1081b698: ; ImmutableOopMap {[32]=Oop [48]=Oop [96]=Oop [104]=Oop [128]=NarrowOop [132]=NarrowOop [152]=NarrowOop [156]=NarrowOop [184]=Oop [192]=Oop }
                      ;*if_icmpge {reexecute=1 rethrow=0 return_oop=0}
                      ; - (reexecute) java.lang.StringLatin1::hashCode@13 (line 196)
                      ; - java.lang.String::hashCode@27 (line 2344)
                      ; - java.util.HashMap::hash@9 (line 338)
                      ; - java.util.HashMap::getNode@23 (line 568)
                      ; - java.util.HashMap::get@2 (line 556)
                      ; - java.util.jar.Manifest::getAttributes@5 (line 159)
                      ; - java.util.jar.Manifest::getTrustedAttributes@2 (line 176)
                      ; - java.util.jar.JavaUtilJarAccessImpl::getTrustedAttributes@2 (line 68)
                      ; - java.net.URLClassLoader::definePackage@42 (line 552)
                      ; - java.net.URLClassLoader::defineClass@64 (line 495)
                      ; - java.net.URLClassLoader$1::run@43 (line 427)
                      ; - java.net.URLClassLoader$1::run@1 (line 421)
  0x000001cf1081b698: 64b2 56ff | baf6 ffff | ff48 8b6c | 2440 4c8b | 5424 484c | 8954 2428 | 4c8b 5424 | 384c 8954 
  0x000001cf1081b6b8: 2430 4c8b | 5424 584c | 8954 2448 

  0x000001cf1081b6c4: ;   {runtime_call UncommonTrapBlob}
  0x000001cf1081b6c4: c5f8 77e8 

  0x000001cf1081b6c8: ; ImmutableOopMap {rbp=Oop [40]=Oop [72]=Oop [104]=Oop [120]=Oop [144]=Oop [156]=NarrowOop [160]=NarrowOop }
                      ;*invokevirtual find {reexecute=0 rethrow=0 return_oop=0}
                      ; - java.util.HashMap$TreeNode::getTreeNode@18 (line 2040)
                      ; - java.util.HashMap::getNode@95 (line 574)
                      ; - java.util.HashMap::get@2 (line 556)
                      ; - java.util.jar.Manifest::getAttributes@5 (line 159)
                      ; - java.util.jar.Manifest::getTrustedAttributes@2 (line 176)
                      ; - java.util.jar.JavaUtilJarAccessImpl::getTrustedAttributes@2 (line 68)
                      ; - java.net.URLClassLoader::isSealed@18 (line 601)
                      ; - java.net.URLClassLoader::getAndVerifyPackage@68 (line 469)
                      ; - java.net.URLClassLoader::defineClass@46 (line 492)
                      ; - java.net.URLClassLoader$1::run@43 (line 427)
                      ; - java.net.URLClassLoader$1::run@1 (line 421)
  0x000001cf1081b6c8: 34b2 56ff | 48c1 e503 | ba45 ffff | ff4c 8b54 | 2440 4c89 | 5424 204c | 8b54 2448 | 4c89 5424 
  0x000001cf1081b6e8: 304c 8b54 | 2478 4c89 | 5424 584c | 894c 2468 

  0x000001cf1081b6f8: ;   {runtime_call UncommonTrapBlob}
  0x000001cf1081b6f8: c5f8 77e8 

  0x000001cf1081b6fc: ; ImmutableOopMap {rbp=Oop [32]=Oop [48]=Oop [88]=Oop [96]=Oop [104]=Oop [120]=Oop [144]=Oop [156]=NarrowOop [160]=NarrowOop }
                      ;*ifnonnull {reexecute=1 rethrow=0 return_oop=0}
                      ; - (reexecute) java.net.URLClassLoader::isSealed@42 (line 606)
                      ; - java.net.URLClassLoader::getAndVerifyPackage@68 (line 469)
                      ; - java.net.URLClassLoader::defineClass@46 (line 492)
                      ; - java.net.URLClassLoader$1::run@43 (line 427)
                      ; - java.net.URLClassLoader$1::run@1 (line 421)
  0x000001cf1081b6fc: 00b2 56ff | ba45 ffff | ff48 8b6c | 2440 4c8b | 5424 484c | 8954 2428 | 4c8b 5424 | 384c 8954 
  0x000001cf1081b71c: 2430 4c8b | 5424 604c | 8954 2458 | 4c8b 9424 | 9000 0000 | 4c89 5424 | 6044 8b54 | 2478 4489 
  0x000001cf1081b73c: 5424 7044 | 89ac 248c | 0000 0044 | 898c 2494 | 0000 0044 | 8984 2498 | 0000 0090 

  0x000001cf1081b758: ;   {runtime_call UncommonTrapBlob}
  0x000001cf1081b758: c5f8 77e8 

  0x000001cf1081b75c: ; ImmutableOopMap {rbp=Oop [40]=Oop [88]=Oop [96]=Oop [112]=NarrowOop [140]=NarrowOop [152]=NarrowOop [156]=NarrowOop [160]=NarrowOop [192]=Oop }
                      ;*ifnull {reexecute=1 rethrow=0 return_oop=0}
                      ; - (reexecute) java.util.concurrent.ConcurrentHashMap::get@67 (line 940)
                      ; - java.lang.ClassLoader::definePackage@47 (line 2101)
                      ; - java.lang.ClassLoader::getDefinedPackage@32 (line 2243)
                      ; - java.net.URLClassLoader::getAndVerifyPackage@2 (line 457)
                      ; - java.net.URLClassLoader::defineClass@46 (line 492)
                      ; - java.net.URLClassLoader$1::run@43 (line 427)
                      ; - java.net.URLClassLoader$1::run@1 (line 421)
  0x000001cf1081b75c: a0b1 56ff | ba45 ffff | ff48 8b6c | 2440 4c8b | 5424 484c | 8954 2428 | 4c8b 5424 | 384c 8954 
  0x000001cf1081b77c: 2430 4c8b | 5424 784c | 894c 2448 | 4c89 5424 | 504c 8b54 | 2460 4c89 | 5424 5844 | 8944 2468 
  0x000001cf1081b79c: 894c 246c 

  0x000001cf1081b7a0: ;   {runtime_call UncommonTrapBlob}
  0x000001cf1081b7a0: c5f8 77e8 

  0x000001cf1081b7a4: ; ImmutableOopMap {rbp=Oop [40]=Oop [72]=Oop [80]=Oop [88]=Oop [104]=NarrowOop [120]=Oop [144]=Oop [156]=NarrowOop [160]=NarrowOop }
                      ;*if_icmpne {reexecute=1 rethrow=0 return_oop=0}
                      ; - (reexecute) java.lang.String::regionMatches@81 (line 2230)
                      ; - java.lang.String::equalsIgnoreCase@33 (line 1968)
                      ; - java.net.URLClassLoader::isSealed@68 (line 611)
                      ; - java.net.URLClassLoader::getAndVerifyPackage@68 (line 469)
                      ; - java.net.URLClassLoader::defineClass@46 (line 492)
                      ; - java.net.URLClassLoader$1::run@43 (line 427)
                      ; - java.net.URLClassLoader$1::run@1 (line 421)
  0x000001cf1081b7a4: 58b1 56ff | 4533 db4c | 3bdb bdff | ffff ff7c | 0840 0f95 | c540 0fb6 | edba 45ff | ffff 4c8b 
  0x000001cf1081b7c4: 5c24 404c | 895c 2420 | 4c8b 5c24 | 484c 895c | 2430 4c8b | 5c24 784c | 894c 2450 | 4c89 5c24 
  0x000001cf1081b7e4: 584c 8954 | 2470 6690 

  0x000001cf1081b7ec: ;   {runtime_call UncommonTrapBlob}
  0x000001cf1081b7ec: c5f8 77e8 

  0x000001cf1081b7f0: ; ImmutableOopMap {[32]=Oop [48]=Oop [80]=Oop [88]=Oop [96]=Oop [112]=Oop [120]=Oop [144]=Oop [156]=NarrowOop [160]=NarrowOop }
                      ;*ifle {reexecute=1 rethrow=0 return_oop=0}
                      ; - (reexecute) java.lang.String::regionMatches@52 (line 2224)
                      ; - java.lang.String::equalsIgnoreCase@33 (line 1968)
                      ; - java.net.URLClassLoader::isSealed@68 (line 611)
                      ; - java.net.URLClassLoader::getAndVerifyPackage@68 (line 469)
                      ; - java.net.URLClassLoader::defineClass@46 (line 492)
                      ; - java.net.URLClassLoader$1::run@43 (line 427)
                      ; - java.net.URLClassLoader$1::run@1 (line 421)
  0x000001cf1081b7f0: 0cb1 56ff | ba45 ffff | ff48 8b6c | 2440 4c8b | 5424 484c | 8954 2428 | 4c8b 5424 | 384c 8954 
  0x000001cf1081b810: 2430 4c8b | 5424 784c | 894c 2448 | 4c89 5424 | 504c 8b54 | 2460 4c89 | 5424 5844 | 895c 2464 
  0x000001cf1081b830: 4489 4424 | 7089 7c24 | 7c89 8c24 | 8000 0000 

  0x000001cf1081b840: ;   {runtime_call UncommonTrapBlob}
  0x000001cf1081b840: c5f8 77e8 

  0x000001cf1081b844: ; ImmutableOopMap {rbp=Oop [40]=Oop [72]=Oop [80]=Oop [88]=Oop [112]=NarrowOop [144]=Oop [156]=NarrowOop [160]=NarrowOop }
                      ;*if_icmpne {reexecute=1 rethrow=0 return_oop=0}
                      ; - (reexecute) java.lang.StringLatin1::regionMatchesCI@72 (line 401)
                      ; - java.lang.String::regionMatches@98 (line 2232)
                      ; - java.lang.String::equalsIgnoreCase@33 (line 1968)
                      ; - java.net.URLClassLoader::isSealed@68 (line 611)
                      ; - java.net.URLClassLoader::getAndVerifyPackage@68 (line 469)
                      ; - java.net.URLClassLoader::defineClass@46 (line 492)
                      ; - java.net.URLClassLoader$1::run@43 (line 427)
                      ; - java.net.URLClassLoader$1::run@1 (line 421)
  0x000001cf1081b844: b8b0 56ff | ba45 ffff | ff48 8b6c | 2440 4c8b | 5c24 484c | 895c 2428 | 4c8b 5c24 | 384c 895c 
  0x000001cf1081b864: 2430 4c8b | 5c24 7848 | 894c 2448 | 4c89 5c24 | 504c 8b5c | 2460 4c89 | 5c24 5844 | 894c 2464 
  0x000001cf1081b884: 895c 2470 | 897c 2474 | 8974 2478 

  0x000001cf1081b890: ;   {runtime_call UncommonTrapBlob}
  0x000001cf1081b890: c5f8 77e8 

  0x000001cf1081b894: ; ImmutableOopMap {rbp=Oop [40]=Oop [72]=Oop [80]=Oop [88]=Oop [112]=NarrowOop [144]=Oop [156]=NarrowOop [160]=NarrowOop }
                      ;*if_icmpne {reexecute=1 rethrow=0 return_oop=0}
                      ; - (reexecute) java.lang.StringLatin1::regionMatchesCI@88 (line 404)
                      ; - java.lang.String::regionMatches@98 (line 2232)
                      ; - java.lang.String::equalsIgnoreCase@33 (line 1968)
                      ; - java.net.URLClassLoader::isSealed@68 (line 611)
                      ; - java.net.URLClassLoader::getAndVerifyPackage@68 (line 469)
                      ; - java.net.URLClassLoader::defineClass@46 (line 492)
                      ; - java.net.URLClassLoader$1::run@43 (line 427)
                      ; - java.net.URLClassLoader$1::run@1 (line 421)
  0x000001cf1081b894: 68b0 56ff | ba45 ffff | ff4c 8b5c | 2440 4c89 | 5c24 204c | 8b5c 2448 | 4c89 5c24 | 304c 8944 
  0x000001cf1081b8b4: 2460 4c89 | 8c24 8000 | 0000 4889 | 8c24 8800 | 0000 4489 | 5424 7c90 

  0x000001cf1081b8cc: ;   {runtime_call UncommonTrapBlob}
  0x000001cf1081b8cc: c5f8 77e8 

  0x000001cf1081b8d0: ; ImmutableOopMap {[32]=Oop [48]=Oop [96]=Oop [124]=NarrowOop [128]=Oop [136]=Oop [144]=Oop [156]=NarrowOop [160]=NarrowOop [192]=Oop }
                      ;*ifle {reexecute=1 rethrow=0 return_oop=0}
                      ; - (reexecute) java.util.HashMap::getNode@14 (line 567)
                      ; - java.util.LinkedHashMap::get@2 (line 441)
                      ; - java.util.jar.Attributes::get@5 (line 105)
                      ; - java.util.jar.Attributes::getValue@2 (line 141)
                      ; - java.net.URLClassLoader::definePackage@59 (line 554)
                      ; - java.net.URLClassLoader::defineClass@64 (line 495)
                      ; - java.net.URLClassLoader$1::run@43 (line 427)
                      ; - java.net.URLClassLoader$1::run@1 (line 421)
  0x000001cf1081b8d0: 2cb0 56ff | ba45 ffff | ff4c 8b5c | 2440 4c89 | 5c24 204c | 8b5c 2448 | 4c89 5c24 | 304c 8944 
  0x000001cf1081b8f0: 2460 4c8b | 9c24 9000 | 0000 4c89 | 5c24 6848 | 898c 2480 | 0000 004c | 898c 2488 | 0000 0048 
  0x000001cf1081b910: 899c 2490 | 0000 0044 | 8954 247c 

  0x000001cf1081b91c: ;   {runtime_call UncommonTrapBlob}
  0x000001cf1081b91c: c5f8 77e8 

  0x000001cf1081b920: ; ImmutableOopMap {[32]=Oop [48]=Oop [96]=Oop [104]=Oop [124]=NarrowOop [128]=Oop [136]=Oop [144]=Oop [156]=NarrowOop [160]=NarrowOop [192]=Oop }
                      ;*ifle {reexecute=1 rethrow=0 return_oop=0}
                      ; - (reexecute) java.util.HashMap::getNode@14 (line 567)
                      ; - java.util.LinkedHashMap::get@2 (line 441)
                      ; - java.util.jar.Attributes::get@5 (line 105)
                      ; - java.util.jar.Attributes::getValue@2 (line 141)
                      ; - java.net.URLClassLoader::definePackage@69 (line 555)
                      ; - java.net.URLClassLoader::defineClass@64 (line 495)
                      ; - java.net.URLClassLoader$1::run@43 (line 427)
                      ; - java.net.URLClassLoader$1::run@1 (line 421)
  0x000001cf1081b920: dcaf 56ff | ba45 ffff | ff4c 8b5c | 2440 4c89 | 5c24 204c | 8b5c 2448 | 4c89 5c24 | 304c 8944 
  0x000001cf1081b940: 2460 4c8b | 9c24 9000 | 0000 4c89 | 5c24 6844 | 8b84 249c | 0000 0044 | 8944 2478 | 4889 8c24 
  0x000001cf1081b960: 8000 0000 | 4889 9c24 | 8800 0000 | 4c89 8c24 | 9000 0000 | 4889 bc24 | 9800 0000 | 4489 5424 
  0x000001cf1081b980: 7c66 6690 

  0x000001cf1081b984: ;   {runtime_call UncommonTrapBlob}
  0x000001cf1081b984: c5f8 77e8 

  0x000001cf1081b988: ; ImmutableOopMap {[32]=Oop [48]=Oop [96]=Oop [104]=Oop [120]=NarrowOop [124]=NarrowOop [128]=Oop [136]=Oop [144]=Oop [152]=Oop [160]=NarrowOop [192]=Oop }
                      ;*ifle {reexecute=1 rethrow=0 return_oop=0}
                      ; - (reexecute) java.util.HashMap::getNode@14 (line 567)
                      ; - java.util.LinkedHashMap::get@2 (line 441)
                      ; - java.util.jar.Attributes::get@5 (line 105)
                      ; - java.util.jar.Attributes::getValue@2 (line 141)
                      ; - java.net.URLClassLoader::definePackage@79 (line 556)
                      ; - java.net.URLClassLoader::defineClass@64 (line 495)
                      ; - java.net.URLClassLoader$1::run@43 (line 427)
                      ; - java.net.URLClassLoader$1::run@1 (line 421)
  0x000001cf1081b988: 74af 56ff | ba45 ffff | ff4c 8b54 | 2440 4c89 | 5424 204c | 8b54 2448 | 4c89 5424 | 304c 8b94 
  0x000001cf1081b9a8: 2490 0000 | 004c 8954 | 2468 448b | 9424 9c00 | 0000 448b | 9c24 a000 | 0000 4489 | 9c24 9000 
  0x000001cf1081b9c8: 0000 4489 | 9424 9400 | 0000 4489 | 9424 9800 | 0000 4489 | ac24 9c00 | 0000 4489 | 8c24 a000 
  0x000001cf1081b9e8: 0000 4c89 | 8424 a800 | 0000 898c | 24a4 0000 | 0066 6690 

  0x000001cf1081b9fc: ;   {runtime_call UncommonTrapBlob}
  0x000001cf1081b9fc: c5f8 77e8 

  0x000001cf1081ba00: ; ImmutableOopMap {[32]=Oop [48]=Oop [96]=Oop [104]=Oop [120]=NarrowOop [144]=NarrowOop [148]=NarrowOop [152]=NarrowOop [156]=NarrowOop [168]=Oop [192]=Oop }
                      ;*if_icmpne {reexecute=1 rethrow=0 return_oop=0}
                      ; - (reexecute) java.lang.String::equals@33 (line 1830)
                      ; - java.util.concurrent.ConcurrentHashMap::get@73 (line 940)
                      ; - java.lang.ClassLoader::definePackage@47 (line 2101)
                      ; - java.lang.ClassLoader::getDefinedPackage@32 (line 2243)
                      ; - java.net.URLClassLoader::getAndVerifyPackage@2 (line 457)
                      ; - java.net.URLClassLoader::defineClass@46 (line 492)
                      ; - java.net.URLClassLoader$1::run@43 (line 427)
                      ; - java.net.URLClassLoader$1::run@1 (line 421)
  0x000001cf1081ba00: fcae 56ff | ba45 ffff | ff4c 8b54 | 2440 4c89 | 5424 204c | 8b54 2448 | 4c89 5424 | 304c 8b54 
  0x000001cf1081ba20: 2478 4c89 | 4c24 504c | 8954 2458 | 4489 5c24 | 6c44 8944 | 2478 894c | 247c 89bc | 2484 0000 
  0x000001cf1081ba40: 0089 9c24 | 8800 0000 

  0x000001cf1081ba48: ;   {runtime_call UncommonTrapBlob}
  0x000001cf1081ba48: c5f8 77e8 

  0x000001cf1081ba4c: ; ImmutableOopMap {[32]=Oop [48]=Oop [80]=Oop [88]=Oop [96]=Oop [120]=NarrowOop [144]=Oop [156]=NarrowOop [160]=NarrowOop }
                      ;*if_icmpeq {reexecute=1 rethrow=0 return_oop=0}
                      ; - (reexecute) java.lang.CharacterDataLatin1::toUpperCase@21 (line 155)
                      ; - java.lang.StringLatin1::regionMatchesCI@53 (line 399)
                      ; - java.lang.String::regionMatches@98 (line 2232)
                      ; - java.lang.String::equalsIgnoreCase@33 (line 1968)
                      ; - java.net.URLClassLoader::isSealed@68 (line 611)
                      ; - java.net.URLClassLoader::getAndVerifyPackage@68 (line 469)
                      ; - java.net.URLClassLoader::defineClass@46 (line 492)
                      ; - java.net.URLClassLoader$1::run@43 (line 427)
                      ; - java.net.URLClassLoader$1::run@1 (line 421)
  0x000001cf1081ba4c: b0ae 56ff | ba45 ffff | ff4c 8b54 | 2440 4c89 | 5424 204c | 8b54 2448 | 4c89 5424 | 304c 8b54 
  0x000001cf1081ba6c: 2478 4c89 | 4c24 504c | 8954 2458 | 4489 5c24 | 6c44 8944 | 2478 897c | 247c 898c | 2484 0000 
  0x000001cf1081ba8c: 0089 b424 | 8800 0000 

  0x000001cf1081ba94: ;   {runtime_call UncommonTrapBlob}
  0x000001cf1081ba94: c5f8 77e8 

  0x000001cf1081ba98: ; ImmutableOopMap {[32]=Oop [48]=Oop [80]=Oop [88]=Oop [96]=Oop [120]=NarrowOop [144]=Oop [156]=NarrowOop [160]=NarrowOop }
                      ;*if_icmpeq {reexecute=1 rethrow=0 return_oop=0}
                      ; - (reexecute) java.lang.CharacterDataLatin1::toUpperCase@21 (line 155)
                      ; - java.lang.StringLatin1::regionMatchesCI@63 (line 400)
                      ; - java.lang.String::regionMatches@98 (line 2232)
                      ; - java.lang.String::equalsIgnoreCase@33 (line 1968)
                      ; - java.net.URLClassLoader::isSealed@68 (line 611)
                      ; - java.net.URLClassLoader::getAndVerifyPackage@68 (line 469)
                      ; - java.net.URLClassLoader::defineClass@46 (line 492)
                      ; - java.net.URLClassLoader$1::run@43 (line 427)
                      ; - java.net.URLClassLoader$1::run@1 (line 421)
  0x000001cf1081ba98: 64ae 56ff | ba45 ffff | ff48 8b6c | 2440 4c8b | 5c24 484c | 895c 2428 | 4c8b 5c24 | 384c 895c 
  0x000001cf1081bab8: 2430 4c8b | 5c24 604c | 895c 2458 | 4c8b 9c24 | 9000 0000 | 4c89 5c24 | 604c 89ac | 2488 0000 
  0x000001cf1081bad8: 0044 898c | 2494 0000 | 0044 8994 | 2498 0000 | 0066 6690 

  0x000001cf1081baec: ;   {runtime_call UncommonTrapBlob}
  0x000001cf1081baec: c5f8 77e8 

  0x000001cf1081baf0: ; ImmutableOopMap {rbp=Oop [40]=Oop [88]=Oop [96]=Oop [136]=Oop [152]=NarrowOop [156]=NarrowOop [160]=NarrowOop [192]=Oop }
                      ;*ifnull {reexecute=1 rethrow=0 return_oop=0}
                      ; - (reexecute) java.util.concurrent.ConcurrentHashMap::get@143 (line 946)
                      ; - java.lang.ClassLoader::getDefinedPackage@13 (line 2239)
                      ; - java.net.URLClassLoader::getAndVerifyPackage@2 (line 457)
                      ; - java.net.URLClassLoader::defineClass@46 (line 492)
                      ; - java.net.URLClassLoader$1::run@43 (line 427)
                      ; - java.net.URLClassLoader$1::run@1 (line 421)
  0x000001cf1081baf0: 0cae 56ff | baf6 ffff | ff48 8b6c | 2440 4c8b | 5424 484c | 8954 2428 | 4c8b 5424 | 384c 8954 
  0x000001cf1081bb10: 2430 6690 

  0x000001cf1081bb14: ;   {runtime_call UncommonTrapBlob}
  0x000001cf1081bb14: c5f8 77e8 

  0x000001cf1081bb18: ; ImmutableOopMap {rbp=Oop [40]=Oop [88]=Oop [112]=Oop [144]=Oop [156]=NarrowOop [160]=NarrowOop [192]=Oop }
                      ;*invokevirtual find {reexecute=0 rethrow=0 return_oop=0}
                      ; - java.util.HashMap$TreeNode::getTreeNode@18 (line 2040)
                      ; - java.util.HashMap::getNode@95 (line 574)
                      ; - java.util.HashMap::get@2 (line 556)
                      ; - java.util.jar.Manifest::getAttributes@5 (line 159)
                      ; - java.util.jar.Manifest::getTrustedAttributes@2 (line 176)
                      ; - java.util.jar.JavaUtilJarAccessImpl::getTrustedAttributes@2 (line 68)
                      ; - java.net.URLClassLoader::definePackage@42 (line 552)
                      ; - java.net.URLClassLoader::defineClass@64 (line 495)
                      ; - java.net.URLClassLoader$1::run@43 (line 427)
                      ; - java.net.URLClassLoader$1::run@1 (line 421)
  0x000001cf1081bb18: e4ad 56ff | ba45 ffff | ff4c 8b54 | 2440 4c89 | 5424 204c | 8b54 2448 | 4c89 5424 | 304c 8b94 
  0x000001cf1081bb38: 2490 0000 | 004c 8954 | 2468 448b | 9424 9c00 | 0000 448b | 9c24 a000 | 0000 4489 | 9c24 8c00 
  0x000001cf1081bb58: 0000 4489 | 9424 9000 | 0000 4489 | 9424 9400 | 0000 4c89 | ac24 9800 | 0000 4489 | 8c24 a000 
  0x000001cf1081bb78: 0000 4c89 | 8424 a800 | 0000 899c | 24a4 0000 | 0066 6690 

  0x000001cf1081bb8c: ;   {runtime_call UncommonTrapBlob}
  0x000001cf1081bb8c: c5f8 77e8 

  0x000001cf1081bb90: ; ImmutableOopMap {[32]=Oop [48]=Oop [96]=Oop [104]=Oop [140]=NarrowOop [144]=NarrowOop [148]=NarrowOop [152]=Oop [168]=Oop [192]=Oop }
                      ;*if_icmpne {reexecute=1 rethrow=0 return_oop=0}
                      ; - (reexecute) java.lang.String::equals@33 (line 1830)
                      ; - java.util.concurrent.ConcurrentHashMap::get@149 (line 947)
                      ; - java.lang.ClassLoader::getDefinedPackage@13 (line 2239)
                      ; - java.net.URLClassLoader::getAndVerifyPackage@2 (line 457)
                      ; - java.net.URLClassLoader::defineClass@46 (line 492)
                      ; - java.net.URLClassLoader$1::run@43 (line 427)
                      ; - java.net.URLClassLoader$1::run@1 (line 421)
  0x000001cf1081bb90: 6cad 56ff | baf6 ffff | ff48 8b6c | 2440 4c8b | 5424 484c | 8954 2428 | 4c8b 5424 | 384c 8954 
  0x000001cf1081bbb0: 2430 4c8b | 5424 584c | 8954 2448 

  0x000001cf1081bbbc: ;   {runtime_call UncommonTrapBlob}
  0x000001cf1081bbbc: c5f8 77e8 

  0x000001cf1081bbc0: ; ImmutableOopMap {rbp=Oop [40]=Oop [72]=Oop [120]=Oop [144]=Oop [156]=NarrowOop [160]=NarrowOop }
                      ;*invokevirtual find {reexecute=0 rethrow=0 return_oop=0}
                      ; - java.util.HashMap$TreeNode::getTreeNode@18 (line 2040)
                      ; - java.util.HashMap::getNode@95 (line 574)
                      ; - java.util.LinkedHashMap::get@2 (line 441)
                      ; - java.util.jar.Attributes::get@5 (line 105)
                      ; - java.util.jar.Attributes::getValue@2 (line 141)
                      ; - java.net.URLClassLoader::isSealed@58 (line 608)
                      ; - java.net.URLClassLoader::getAndVerifyPackage@68 (line 469)
                      ; - java.net.URLClassLoader::defineClass@46 (line 492)
                      ; - java.net.URLClassLoader$1::run@43 (line 427)
                      ; - java.net.URLClassLoader$1::run@1 (line 421)
  0x000001cf1081bbc0: 3cad 56ff | ba45 ffff | ff48 8b4c | 2440 4889 | 4c24 2048 | 8b4c 2448 | 4889 4c24 | 3048 8b8c 
  0x000001cf1081bbe0: 2490 0000 | 0048 894c | 2440 488b | 4c24 7848 | 894c 2458 | 4c89 4c24 | 684c 894c | 2470 4c89 
  0x000001cf1081bc00: 8424 8000 | 0000 4c89 | 8424 8800 | 0000 448b | 8424 9c00 | 0000 4489 | 8424 9000 | 0000 448b 
  0x000001cf1081bc20: 8424 a000 | 0000 4489 | 8424 9400 | 0000 899c | 2498 0000 | 0044 899c | 249c 0000 | 0048 89bc 
  0x000001cf1081bc40: 24a0 0000 | 0044 8994 | 24a8 0000 | 0066 6690 

  0x000001cf1081bc50: ;   {runtime_call UncommonTrapBlob}
  0x000001cf1081bc50: c5f8 77e8 

  0x000001cf1081bc54: ; ImmutableOopMap {[32]=Oop [48]=Oop [64]=Oop [88]=Oop [96]=Oop [104]=Oop [112]=Oop [128]=Oop [136]=Oop [144]=NarrowOop [148]=NarrowOop [152]=NarrowOop [160]=Oop }
                      ;*if_icmpne {reexecute=1 rethrow=0 return_oop=0}
                      ; - (reexecute) java.lang.String::equals@33 (line 1830)
                      ; - java.util.HashMap::getNode@63 (line 570)
                      ; - java.util.HashMap::get@2 (line 556)
                      ; - java.util.jar.Manifest::getAttributes@5 (line 159)
                      ; - java.util.jar.Manifest::getTrustedAttributes@2 (line 176)
                      ; - java.util.jar.JavaUtilJarAccessImpl::getTrustedAttributes@2 (line 68)
                      ; - java.net.URLClassLoader::isSealed@18 (line 601)
                      ; - java.net.URLClassLoader::getAndVerifyPackage@68 (line 469)
                      ; - java.net.URLClassLoader::defineClass@46 (line 492)
                      ; - java.net.URLClassLoader$1::run@43 (line 427)
                      ; - java.net.URLClassLoader$1::run@1 (line 421)
  0x000001cf1081bc54: a8ac 56ff | ba45 ffff | ff48 8b6c | 2440 4c8b | 5424 484c | 8954 2428 | 4c8b 5424 | 384c 8954 
  0x000001cf1081bc74: 2430 4c8b | 5424 604c | 8954 2458 | 4c8b 9424 | 9000 0000 | 4c89 5424 | 6044 8b54 | 2478 4489 
  0x000001cf1081bc94: 5424 7044 | 8b9c 249c | 0000 0044 | 899c 2484 | 0000 0044 | 899c 2488 | 0000 004c | 8984 2490 
  0x000001cf1081bcb4: 0000 0044 | 898c 2498 | 0000 0089 | 8c24 9c00 | 0000 6690 

  0x000001cf1081bcc8: ;   {runtime_call UncommonTrapBlob}
  0x000001cf1081bcc8: c5f8 77e8 

  0x000001cf1081bccc: ; ImmutableOopMap {rbp=Oop [40]=Oop [88]=Oop [96]=Oop [112]=NarrowOop [132]=NarrowOop [136]=NarrowOop [144]=Oop [156]=NarrowOop [160]=NarrowOop [192]=Oop }
                      ;*ifnull {reexecute=1 rethrow=0 return_oop=0}
                      ; - (reexecute) java.util.concurrent.ConcurrentHashMap::get@143 (line 946)
                      ; - java.lang.ClassLoader::definePackage@47 (line 2101)
                      ; - java.lang.ClassLoader::getDefinedPackage@32 (line 2243)
                      ; - java.net.URLClassLoader::getAndVerifyPackage@2 (line 457)
                      ; - java.net.URLClassLoader::defineClass@46 (line 492)
                      ; - java.net.URLClassLoader$1::run@43 (line 427)
                      ; - java.net.URLClassLoader$1::run@1 (line 421)
  0x000001cf1081bccc: 30ac 56ff | ba45 ffff | ff4c 8b54 | 2440 4c89 | 5424 204c | 8b54 2448 | 4c89 5424 | 304c 8b94 
  0x000001cf1081bcec: 2490 0000 | 004c 8954 | 2468 448b | 9c24 9c00 | 0000 448b | 9424 a000 | 0000 4489 | 9424 9000 
  0x000001cf1081bd0c: 0000 4489 | 9c24 9400 | 0000 4489 | 9c24 9800 | 0000 4c89 | 8424 a000 | 0000 4489 | 8c24 9c00 
  0x000001cf1081bd2c: 0000 4889 | 8c24 a800 | 0000 89bc | 24b0 0000 | 0066 6690 

  0x000001cf1081bd40: ;   {runtime_call UncommonTrapBlob}
  0x000001cf1081bd40: c5f8 77e8 

  0x000001cf1081bd44: ; ImmutableOopMap {[32]=Oop [48]=Oop [96]=Oop [104]=Oop [120]=NarrowOop [144]=NarrowOop [148]=NarrowOop [152]=NarrowOop [160]=Oop [168]=Oop [192]=Oop }
                      ;*if_icmpne {reexecute=1 rethrow=0 return_oop=0}
                      ; - (reexecute) java.lang.String::equals@33 (line 1830)
                      ; - java.util.concurrent.ConcurrentHashMap::get@149 (line 947)
                      ; - java.lang.ClassLoader::definePackage@47 (line 2101)
                      ; - java.lang.ClassLoader::getDefinedPackage@32 (line 2243)
                      ; - java.net.URLClassLoader::getAndVerifyPackage@2 (line 457)
                      ; - java.net.URLClassLoader::defineClass@46 (line 492)
                      ; - java.net.URLClassLoader$1::run@43 (line 427)
                      ; - java.net.URLClassLoader$1::run@1 (line 421)
  0x000001cf1081bd44: b8ab 56ff | ba45 ffff | ff4c 8b54 | 2440 4c89 | 5424 204c | 8b54 2448 | 4c89 5424 | 304c 8b54 
  0x000001cf1081bd64: 2470 4c89 | 5424 504c | 8b54 2450 | 4c89 5424 | 604c 8b94 | 2490 0000 | 004c 8954 | 2468 448b 
  0x000001cf1081bd84: 9424 9c00 | 0000 448b | 9c24 a000 | 0000 4489 | 5c24 7c44 | 8994 2480 | 0000 004c | 8984 2490 
  0x000001cf1081bda4: 0000 0044 | 89b4 2484 | 0000 0044 | 898c 2498 | 0000 004c | 8984 24a0 | 0000 0048 | 899c 24a8 
  0x000001cf1081bdc4: 0000 0044 | 89ac 249c | 0000 0090 

  0x000001cf1081bdd0: ;   {runtime_call UncommonTrapBlob}
  0x000001cf1081bdd0: c5f8 77e8 

  0x000001cf1081bdd4: ; ImmutableOopMap {[32]=Oop [48]=Oop [96]=Oop [104]=Oop [124]=NarrowOop [128]=NarrowOop [132]=NarrowOop [144]=Oop [160]=Oop [168]=Oop [192]=Oop }
                      ;*if_icmpne {reexecute=1 rethrow=0 return_oop=0}
                      ; - (reexecute) java.lang.String::equals@33 (line 1830)
                      ; - java.util.HashMap::getNode@63 (line 570)
                      ; - java.util.HashMap::get@2 (line 556)
                      ; - java.util.jar.Manifest::getAttributes@5 (line 159)
                      ; - java.util.jar.Manifest::getTrustedAttributes@2 (line 176)
                      ; - java.util.jar.JavaUtilJarAccessImpl::getTrustedAttributes@2 (line 68)
                      ; - java.net.URLClassLoader::definePackage@42 (line 552)
                      ; - java.net.URLClassLoader::defineClass@64 (line 495)
                      ; - java.net.URLClassLoader$1::run@43 (line 427)
                      ; - java.net.URLClassLoader$1::run@1 (line 421)
  0x000001cf1081bdd4: 28ab 56ff | baf6 ffff | ff48 8b6c | 2440 4c8b | 5424 484c | 8954 2428 | 4c8b 5424 | 384c 8954 
  0x000001cf1081bdf4: 2430 4c8b | 5424 584c | 8954 2448 

  0x000001cf1081be00: ;   {runtime_call UncommonTrapBlob}
  0x000001cf1081be00: c5f8 77e8 

  0x000001cf1081be04: ; ImmutableOopMap {rbp=Oop [40]=Oop [72]=Oop [120]=Oop [144]=Oop [156]=NarrowOop [160]=NarrowOop }
                      ;*invokevirtual find {reexecute=0 rethrow=0 return_oop=0}
                      ; - java.util.HashMap$TreeNode::getTreeNode@18 (line 2040)
                      ; - java.util.HashMap::getNode@95 (line 574)
                      ; - java.util.LinkedHashMap::get@2 (line 441)
                      ; - java.util.jar.Attributes::get@5 (line 105)
                      ; - java.util.jar.Attributes::getValue@2 (line 141)
                      ; - java.net.URLClassLoader::isSealed@35 (line 604)
                      ; - java.net.URLClassLoader::getAndVerifyPackage@68 (line 469)
                      ; - java.net.URLClassLoader::defineClass@46 (line 492)
                      ; - java.net.URLClassLoader$1::run@43 (line 427)
                      ; - java.net.URLClassLoader$1::run@1 (line 421)
  0x000001cf1081be04: f8aa 56ff | baf6 ffff | ff48 8b6c | 2440 4c8b | 5424 484c | 8954 2428 | 4c8b 5424 | 384c 8954 
  0x000001cf1081be24: 2430 6690 

  0x000001cf1081be28: ;   {runtime_call UncommonTrapBlob}
  0x000001cf1081be28: c5f8 77e8 

  0x000001cf1081be2c: ; ImmutableOopMap {rbp=Oop [40]=Oop [112]=Oop [144]=Oop [156]=NarrowOop [160]=NarrowOop [192]=Oop }
                      ;*invokevirtual find {reexecute=0 rethrow=0 return_oop=0}
                      ; - java.util.HashMap$TreeNode::getTreeNode@18 (line 2040)
                      ; - java.util.HashMap::getNode@95 (line 574)
                      ; - java.util.LinkedHashMap::get@2 (line 441)
                      ; - java.util.jar.Attributes::get@5 (line 105)
                      ; - java.util.jar.Attributes::getValue@2 (line 141)
                      ; - java.net.URLClassLoader::definePackage@59 (line 554)
                      ; - java.net.URLClassLoader::defineClass@64 (line 495)
                      ; - java.net.URLClassLoader$1::run@43 (line 427)
                      ; - java.net.URLClassLoader$1::run@1 (line 421)
  0x000001cf1081be2c: d0aa 56ff | baf6 ffff | ff48 8b6c | 2440 4c8b | 5424 484c | 8954 2428 | 4c8b 5424 | 384c 8954 
  0x000001cf1081be4c: 2430 6690 

  0x000001cf1081be50: ;   {runtime_call UncommonTrapBlob}
  0x000001cf1081be50: c5f8 77e8 

  0x000001cf1081be54: ; ImmutableOopMap {rbp=Oop [40]=Oop [112]=Oop [144]=Oop [156]=NarrowOop [160]=NarrowOop [192]=Oop }
                      ;*invokevirtual find {reexecute=0 rethrow=0 return_oop=0}
                      ; - java.util.HashMap$TreeNode::getTreeNode@18 (line 2040)
                      ; - java.util.HashMap::getNode@95 (line 574)
                      ; - java.util.LinkedHashMap::get@2 (line 441)
                      ; - java.util.jar.Attributes::get@5 (line 105)
                      ; - java.util.jar.Attributes::getValue@2 (line 141)
                      ; - java.net.URLClassLoader::definePackage@69 (line 555)
                      ; - java.net.URLClassLoader::defineClass@64 (line 495)
                      ; - java.net.URLClassLoader$1::run@43 (line 427)
                      ; - java.net.URLClassLoader$1::run@1 (line 421)
  0x000001cf1081be54: a8aa 56ff | baf6 ffff | ff48 8b6c | 2440 4c8b | 5424 484c | 8954 2428 | 4c8b 5424 | 384c 8954 
  0x000001cf1081be74: 2430 6690 

  0x000001cf1081be78: ;   {runtime_call UncommonTrapBlob}
  0x000001cf1081be78: c5f8 77e8 

  0x000001cf1081be7c: ; ImmutableOopMap {rbp=Oop [40]=Oop [112]=Oop [144]=Oop [156]=NarrowOop [160]=NarrowOop [192]=Oop }
                      ;*invokevirtual find {reexecute=0 rethrow=0 return_oop=0}
                      ; - java.util.HashMap$TreeNode::getTreeNode@18 (line 2040)
                      ; - java.util.HashMap::getNode@95 (line 574)
                      ; - java.util.LinkedHashMap::get@2 (line 441)
                      ; - java.util.jar.Attributes::get@5 (line 105)
                      ; - java.util.jar.Attributes::getValue@2 (line 141)
                      ; - java.net.URLClassLoader::definePackage@79 (line 556)
                      ; - java.net.URLClassLoader::defineClass@64 (line 495)
                      ; - java.net.URLClassLoader$1::run@43 (line 427)
                      ; - java.net.URLClassLoader$1::run@1 (line 421)
  0x000001cf1081be7c: 80aa 56ff | baf6 ffff | ff48 8b6c | 2440 4c8b | 5424 484c | 8954 2428 | 4c8b 5424 | 384c 8954 
  0x000001cf1081be9c: 2430 6690 

  0x000001cf1081bea0: ;   {runtime_call UncommonTrapBlob}
  0x000001cf1081bea0: c5f8 77e8 

  0x000001cf1081bea4: ; ImmutableOopMap {rbp=Oop [40]=Oop [112]=Oop [144]=Oop [156]=NarrowOop [160]=NarrowOop [192]=Oop }
                      ;*invokevirtual find {reexecute=0 rethrow=0 return_oop=0}
                      ; - java.util.HashMap$TreeNode::getTreeNode@18 (line 2040)
                      ; - java.util.HashMap::getNode@95 (line 574)
                      ; - java.util.LinkedHashMap::get@2 (line 441)
                      ; - java.util.jar.Attributes::get@5 (line 105)
                      ; - java.util.jar.Attributes::getValue@2 (line 141)
                      ; - java.net.URLClassLoader::definePackage@89 (line 557)
                      ; - java.net.URLClassLoader::defineClass@64 (line 495)
                      ; - java.net.URLClassLoader$1::run@43 (line 427)
                      ; - java.net.URLClassLoader$1::run@1 (line 421)
  0x000001cf1081bea4: 58aa 56ff | bac6 ffff | ff48 8b6c | 2440 4c8b | 5424 384c | 8954 2428 | 4c89 5c24 | 3866 6690 
  0x000001cf1081bec4: ;   {runtime_call UncommonTrapBlob}
  0x000001cf1081bec4: c5f8 77e8 

  0x000001cf1081bec8: ; ImmutableOopMap {rbp=Oop [56]=Oop [80]=Oop [144]=Oop [156]=NarrowOop [160]=NarrowOop }
                      ;*invokevirtual getCodeSigners {reexecute=0 rethrow=0 return_oop=0}
                      ; - java.net.URLClassLoader::defineClass@185 (line 521)
                      ; - java.net.URLClassLoader$1::run@43 (line 427)
                      ; - java.net.URLClassLoader$1::run@1 (line 421)
  0x000001cf1081bec8: 34aa 56ff 

  0x000001cf1081becc: ;   {metadata('java/lang/String')}
  0x000001cf1081becc: 48ba e0e9 | 007b cf01 | 0000 6690 

  0x000001cf1081bed8: ;   {runtime_call _new_instance_Java}
  0x000001cf1081bed8: c5f8 77e8 

  0x000001cf1081bedc: ; ImmutableOopMap {[32]=Oop [48]=Oop [64]=Oop [72]=Oop [80]=Oop [112]=Oop [120]=NarrowOop [144]=Oop [156]=NarrowOop [160]=NarrowOop [192]=Oop }
                      ;*new {reexecute=0 rethrow=0 return_oop=1}
                      ; - java.lang.StringConcatHelper::simpleConcat@17 (line 411)
                      ; - java.lang.String::concat@11 (line 2774)
                      ; - java.net.URLClassLoader::definePackage@39 (line 552)
                      ; - java.net.URLClassLoader::defineClass@64 (line 495)
                      ; - java.net.URLClassLoader$1::run@43 (line 427)
                      ; - java.net.URLClassLoader$1::run@1 (line 421)
  0x000001cf1081bedc: 2021 61ff | e94d deff | ffba 45ff | ffff 4c8b | 5424 404c | 8954 2420 | 4c8b 5424 | 484c 8954 
  0x000001cf1081befc: 2430 4c8b | 5424 7848 | 894c 2450 | 4c89 5424 | 5844 894c | 246c 4489 | 4424 7889 | 7424 7c89 
  0x000001cf1081bf1c: bc24 8400 | 0000 8984 | 2488 0000 | 0066 6690 

  0x000001cf1081bf2c: ;   {runtime_call UncommonTrapBlob}
  0x000001cf1081bf2c: c5f8 77e8 

  0x000001cf1081bf30: ; ImmutableOopMap {[32]=Oop [48]=Oop [80]=Oop [88]=Oop [96]=Oop [120]=NarrowOop [144]=Oop [156]=NarrowOop [160]=NarrowOop }
                      ;*if_icmpeq {reexecute=1 rethrow=0 return_oop=0}
                      ; - (reexecute) java.lang.CharacterDataLatin1::toLowerCase@21 (line 142)
                      ; - java.lang.Character::toLowerCase@5 (line 10436)
                      ; - java.lang.StringLatin1::regionMatchesCI@80 (line 404)
                      ; - java.lang.String::regionMatches@98 (line 2232)
                      ; - java.lang.String::equalsIgnoreCase@33 (line 1968)
                      ; - java.net.URLClassLoader::isSealed@68 (line 611)
                      ; - java.net.URLClassLoader::getAndVerifyPackage@68 (line 469)
                      ; - java.net.URLClassLoader::defineClass@46 (line 492)
                      ; - java.net.URLClassLoader$1::run@43 (line 427)
                      ; - java.net.URLClassLoader$1::run@1 (line 421)
  0x000001cf1081bf30: cca9 56ff | ba45 ffff | ff4c 8b5c | 2440 4c89 | 5c24 204c | 8b5c 2448 | 4c89 5c24 | 304c 8b5c 
  0x000001cf1081bf50: 2478 4889 | 4c24 504c | 895c 2458 | 4489 4c24 | 6c89 5c24 | 7889 7c24 | 7c89 b424 | 8400 0000 
  0x000001cf1081bf70: 4489 9424 | 8800 0000 

  0x000001cf1081bf78: ;   {runtime_call UncommonTrapBlob}
  0x000001cf1081bf78: c5f8 77e8 

  0x000001cf1081bf7c: ; ImmutableOopMap {[32]=Oop [48]=Oop [80]=Oop [88]=Oop [96]=Oop [120]=NarrowOop [144]=Oop [156]=NarrowOop [160]=NarrowOop }
                      ;*if_icmpeq {reexecute=1 rethrow=0 return_oop=0}
                      ; - (reexecute) java.lang.CharacterDataLatin1::toLowerCase@21 (line 142)
                      ; - java.lang.Character::toLowerCase@5 (line 10436)
                      ; - java.lang.StringLatin1::regionMatchesCI@85 (line 404)
                      ; - java.lang.String::regionMatches@98 (line 2232)
                      ; - java.lang.String::equalsIgnoreCase@33 (line 1968)
                      ; - java.net.URLClassLoader::isSealed@68 (line 611)
                      ; - java.net.URLClassLoader::getAndVerifyPackage@68 (line 469)
                      ; - java.net.URLClassLoader::defineClass@46 (line 492)
                      ; - java.net.URLClassLoader$1::run@43 (line 427)
                      ; - java.net.URLClassLoader$1::run@1 (line 421)
  0x000001cf1081bf7c: 80a9 56ff | ba45 ffff | ff48 8b4c | 2440 4889 | 4c24 2048 | 8b4c 2448 | 4889 4c24 | 3048 8b8c 
  0x000001cf1081bf9c: 2490 0000 | 0048 894c | 2440 488b | 4c24 7848 | 894c 2458 | 4c89 4c24 | 684c 894c | 2470 4c89 
  0x000001cf1081bfbc: 8424 8000 | 0000 4c89 | 8424 8800 | 0000 448b | 8424 9c00 | 0000 4489 | 8424 9000 | 0000 448b 
  0x000001cf1081bfdc: 8c24 a000 | 0000 4489 | 8c24 9400 | 0000 4c89 | ac24 9800 | 0000 4489 | 9c24 a000 | 0000 4889 
  0x000001cf1081bffc: 9c24 a800 | 0000 4489 | 9424 a400 | 0000 6690 

  0x000001cf1081c00c: ;   {runtime_call UncommonTrapBlob}
  0x000001cf1081c00c: c5f8 77e8 

  0x000001cf1081c010: ; ImmutableOopMap {[32]=Oop [48]=Oop [64]=Oop [88]=Oop [96]=Oop [104]=Oop [112]=Oop [128]=Oop [136]=Oop [144]=NarrowOop [148]=NarrowOop [152]=Oop [168]=Oop }
                      ;*if_icmpne {reexecute=1 rethrow=0 return_oop=0}
                      ; - (reexecute) java.lang.String::equals@33 (line 1830)
                      ; - java.util.HashMap::getNode@128 (line 577)
                      ; - java.util.HashMap::get@2 (line 556)
                      ; - java.util.jar.Manifest::getAttributes@5 (line 159)
                      ; - java.util.jar.Manifest::getTrustedAttributes@2 (line 176)
                      ; - java.util.jar.JavaUtilJarAccessImpl::getTrustedAttributes@2 (line 68)
                      ; - java.net.URLClassLoader::isSealed@18 (line 601)
                      ; - java.net.URLClassLoader::getAndVerifyPackage@68 (line 469)
                      ; - java.net.URLClassLoader::defineClass@46 (line 492)
                      ; - java.net.URLClassLoader$1::run@43 (line 427)
                      ; - java.net.URLClassLoader$1::run@1 (line 421)
  0x000001cf1081c010: eca8 56ff | ba45 ffff | ff4c 8b54 | 2440 4c89 | 5424 204c | 8b54 2448 | 4c89 5424 | 304c 8b54 
  0x000001cf1081c030: 2470 4c89 | 5424 504c | 8b54 2450 | 4c89 5424 | 604c 8b94 | 2490 0000 | 004c 8954 | 2468 448b 
  0x000001cf1081c050: 9c24 9c00 | 0000 448b | 9424 a000 | 0000 4489 | 5424 7c44 | 899c 2480 | 0000 0048 | 898c 2490 
  0x000001cf1081c070: 0000 0048 | 89bc 2498 | 0000 0044 | 898c 2484 | 0000 0048 | 898c 24a0 | 0000 0048 | 899c 24a8 
  0x000001cf1081c090: 0000 0044 | 8984 24b0 | 0000 0090 

  0x000001cf1081c09c: ;   {runtime_call UncommonTrapBlob}
  0x000001cf1081c09c: c5f8 77e8 

  0x000001cf1081c0a0: ; ImmutableOopMap {[32]=Oop [48]=Oop [96]=Oop [104]=Oop [124]=NarrowOop [128]=NarrowOop [144]=Oop [152]=Oop [160]=Oop [168]=Oop [192]=Oop }
                      ;*if_icmpne {reexecute=1 rethrow=0 return_oop=0}
                      ; - (reexecute) java.lang.String::equals@33 (line 1830)
                      ; - java.util.HashMap::getNode@128 (line 577)
                      ; - java.util.HashMap::get@2 (line 556)
                      ; - java.util.jar.Manifest::getAttributes@5 (line 159)
                      ; - java.util.jar.Manifest::getTrustedAttributes@2 (line 176)
                      ; - java.util.jar.JavaUtilJarAccessImpl::getTrustedAttributes@2 (line 68)
                      ; - java.net.URLClassLoader::definePackage@42 (line 552)
                      ; - java.net.URLClassLoader::defineClass@64 (line 495)
                      ; - java.net.URLClassLoader$1::run@43 (line 427)
                      ; - java.net.URLClassLoader$1::run@1 (line 421)
  0x000001cf1081c0a0: 5ca8 56ff | bac6 ffff | ff48 8bef | 4889 5c24 | 284c 8b54 | 2438 4c89 | 5424 3048 | 895c 2448 
  0x000001cf1081c0c0: 4489 6c24 | 5044 8974 | 2454 6690 

  0x000001cf1081c0cc: ;   {runtime_call UncommonTrapBlob}
  0x000001cf1081c0cc: c5f8 77e8 

  0x000001cf1081c0d0: ; ImmutableOopMap {rbp=Oop [40]=Oop [72]=Oop [80]=NarrowOop [84]=NarrowOop [120]=Oop [144]=Oop }
                      ;*invokevirtual getManifest {reexecute=0 rethrow=0 return_oop=0}
                      ; - java.net.URLClassLoader::defineClass@34 (line 491)
                      ; - java.net.URLClassLoader$1::run@43 (line 427)
                      ; - java.net.URLClassLoader$1::run@1 (line 421)
  0x000001cf1081c0d0: 2ca8 56ff | bac6 ffff | ff48 8b6c | 2440 4c8b | 5424 484c | 8954 2428 | 4c8b 5424 | 384c 8954 
  0x000001cf1081c0f0: 2430 4c8b | 5424 604c | 8954 2458 | 4489 ac24 | 8800 0000 | 4489 8c24 | 8c00 0000 

  0x000001cf1081c10c: ;   {runtime_call UncommonTrapBlob}
  0x000001cf1081c10c: c5f8 77e8 

  0x000001cf1081c110: ; ImmutableOopMap {rbp=Oop [40]=Oop [88]=Oop [136]=NarrowOop [144]=Oop [156]=NarrowOop [160]=NarrowOop [192]=Oop }
                      ;*invokevirtual find {reexecute=0 rethrow=0 return_oop=0}
                      ; - java.util.concurrent.ConcurrentHashMap::get@93 (line 944)
                      ; - java.lang.ClassLoader::getDefinedPackage@13 (line 2239)
                      ; - java.net.URLClassLoader::getAndVerifyPackage@2 (line 457)
                      ; - java.net.URLClassLoader::defineClass@46 (line 492)
                      ; - java.net.URLClassLoader$1::run@43 (line 427)
                      ; - java.net.URLClassLoader$1::run@1 (line 421)
  0x000001cf1081c110: eca7 56ff 

  0x000001cf1081c114: ;   {metadata('java/security/CodeSource')}
  0x000001cf1081c114: 48ba a0ee | 007b cf01 | 0000 6690 

  0x000001cf1081c120: ;   {runtime_call _new_instance_Java}
  0x000001cf1081c120: c5f8 77e8 

  0x000001cf1081c124: ; ImmutableOopMap {rbp=Oop [32]=Oop [40]=Oop [48]=Oop [64]=Oop [72]=Oop [144]=Oop }
                      ;*new {reexecute=0 rethrow=0 return_oop=1}
                      ; - java.net.URLClassLoader::defineClass@148 (line 515)
                      ; - java.net.URLClassLoader$1::run@43 (line 427)
                      ; - java.net.URLClassLoader$1::run@1 (line 421)
  0x000001cf1081c124: d81e 61ff | e94d e7ff | ffba c6ff | ffff 488b | 6c24 404c | 8b54 2448 | 4c89 5424 | 284c 8b54 
  0x000001cf1081c144: 2438 4c89 | 5424 304c | 8b54 2460 | 4c89 5424 | 584c 8b94 | 2490 0000 | 004c 8954 | 2460 448b 
  0x000001cf1081c164: 5424 7844 | 8954 2470 | 4489 ac24 | 8c00 0000 | 4489 8c24 | 9000 0000 

  0x000001cf1081c17c: ;   {runtime_call UncommonTrapBlob}
  0x000001cf1081c17c: c5f8 77e8 

  0x000001cf1081c180: ; ImmutableOopMap {rbp=Oop [40]=Oop [88]=Oop [96]=Oop [112]=NarrowOop [140]=NarrowOop [156]=NarrowOop [160]=NarrowOop [192]=Oop }
                      ;*invokevirtual find {reexecute=0 rethrow=0 return_oop=0}
                      ; - java.util.concurrent.ConcurrentHashMap::get@93 (line 944)
                      ; - java.lang.ClassLoader::definePackage@47 (line 2101)
                      ; - java.lang.ClassLoader::getDefinedPackage@32 (line 2243)
                      ; - java.net.URLClassLoader::getAndVerifyPackage@2 (line 457)
                      ; - java.net.URLClassLoader::defineClass@46 (line 492)
                      ; - java.net.URLClassLoader$1::run@43 (line 427)
                      ; - java.net.URLClassLoader$1::run@1 (line 421)
  0x000001cf1081c180: 7ca7 56ff | ba45 ffff | ff4c 8b54 | 2440 4c89 | 5424 204c | 8b54 2448 | 4c89 5424 | 304c 8b54 
  0x000001cf1081c1a0: 2478 4c89 | 4c24 504c | 8954 2458 | 4489 5c24 | 6c44 8944 | 2478 894c | 247c 89bc | 2480 0000 
  0x000001cf1081c1c0: 0066 6690 

  0x000001cf1081c1c4: ;   {runtime_call UncommonTrapBlob}
  0x000001cf1081c1c4: c5f8 77e8 

  0x000001cf1081c1c8: ; ImmutableOopMap {[32]=Oop [48]=Oop [80]=Oop [88]=Oop [96]=Oop [120]=NarrowOop [144]=Oop [156]=NarrowOop [160]=NarrowOop }
                      ;*tableswitch {reexecute=1 rethrow=0 return_oop=0}
                      ; - (reexecute) java.lang.CharacterData::of@15 (line 75)
                      ; - java.lang.Character::toLowerCase@1 (line 10436)
                      ; - java.lang.StringLatin1::regionMatchesCI@80 (line 404)
                      ; - java.lang.String::regionMatches@98 (line 2232)
                      ; - java.lang.String::equalsIgnoreCase@33 (line 1968)
                      ; - java.net.URLClassLoader::isSealed@68 (line 611)
                      ; - java.net.URLClassLoader::getAndVerifyPackage@68 (line 469)
                      ; - java.net.URLClassLoader::defineClass@46 (line 492)
                      ; - java.net.URLClassLoader$1::run@43 (line 427)
                      ; - java.net.URLClassLoader$1::run@1 (line 421)
  0x000001cf1081c1c8: 34a7 56ff | ba45 ffff | ff4c 8b54 | 2440 4c89 | 5424 204c | 8b54 2448 | 4c89 5424 | 304c 8b54 
  0x000001cf1081c1e8: 2478 4889 | 4c24 504c | 8954 2458 | 4489 4c24 | 6c44 8944 | 2478 897c | 247c 89b4 | 2480 0000 
  0x000001cf1081c208: 0066 6690 

  0x000001cf1081c20c: ;   {runtime_call UncommonTrapBlob}
  0x000001cf1081c20c: c5f8 77e8 

  0x000001cf1081c210: ; ImmutableOopMap {[32]=Oop [48]=Oop [80]=Oop [88]=Oop [96]=Oop [120]=NarrowOop [144]=Oop [156]=NarrowOop [160]=NarrowOop }
                      ;*tableswitch {reexecute=1 rethrow=0 return_oop=0}
                      ; - (reexecute) java.lang.CharacterData::of@15 (line 75)
                      ; - java.lang.Character::toLowerCase@1 (line 10436)
                      ; - java.lang.StringLatin1::regionMatchesCI@85 (line 404)
                      ; - java.lang.String::regionMatches@98 (line 2232)
                      ; - java.lang.String::equalsIgnoreCase@33 (line 1968)
                      ; - java.net.URLClassLoader::isSealed@68 (line 611)
                      ; - java.net.URLClassLoader::getAndVerifyPackage@68 (line 469)
                      ; - java.net.URLClassLoader::defineClass@46 (line 492)
                      ; - java.net.URLClassLoader$1::run@43 (line 427)
                      ; - java.net.URLClassLoader$1::run@1 (line 421)
  0x000001cf1081c210: eca6 56ff | bade ffff | ff48 8b6c | 2440 4c8b | 5424 484c | 8954 2428 | 4c8b 5424 | 384c 8954 
  0x000001cf1081c230: 2430 4c8b | 5424 604c | 8954 2458 | 4489 8424 | 8000 0000 

  0x000001cf1081c244: ;   {runtime_call UncommonTrapBlob}
  0x000001cf1081c244: c5f8 77e8 

  0x000001cf1081c248: ; ImmutableOopMap {rbp=Oop [40]=Oop [88]=Oop [128]=NarrowOop [144]=Oop [156]=NarrowOop [160]=NarrowOop [192]=Oop }
                      ;*checkcast {reexecute=0 rethrow=0 return_oop=0}
                      ; - java.lang.ClassLoader::getDefinedPackage@16 (line 2239)
                      ; - java.net.URLClassLoader::getAndVerifyPackage@2 (line 457)
                      ; - java.net.URLClassLoader::defineClass@46 (line 492)
                      ; - java.net.URLClassLoader$1::run@43 (line 427)
                      ; - java.net.URLClassLoader$1::run@1 (line 421)
  0x000001cf1081c248: b4a6 56ff | bade ffff | ff48 8b6c | 2440 4c8b | 5424 484c | 8954 2428 | 4c8b 5424 | 384c 8954 
  0x000001cf1081c268: 2430 4c8b | 5424 604c | 8954 2458 | 4889 4424 | 7866 6690 

  0x000001cf1081c27c: ;   {runtime_call UncommonTrapBlob}
  0x000001cf1081c27c: c5f8 77e8 

  0x000001cf1081c280: ; ImmutableOopMap {rbp=Oop [40]=Oop [88]=Oop [120]=Oop [144]=Oop [156]=NarrowOop [160]=NarrowOop [192]=Oop }
                      ;*checkcast {reexecute=0 rethrow=0 return_oop=0}
                      ; - java.lang.ClassLoader::definePackage@81 (line 2105)
                      ; - java.lang.ClassLoader::getDefinedPackage@32 (line 2243)
                      ; - java.net.URLClassLoader::getAndVerifyPackage@2 (line 457)
                      ; - java.net.URLClassLoader::defineClass@46 (line 492)
                      ; - java.net.URLClassLoader$1::run@43 (line 427)
                      ; - java.net.URLClassLoader$1::run@1 (line 421)
  0x000001cf1081c280: 7ca6 56ff | bade ffff | ff4c 8b54 | 2440 4c89 | 5424 204c | 8b54 2448 | 4c89 5424 | 304c 8b54 
  0x000001cf1081c2a0: 2470 4c89 | 5424 504c | 8b54 2450 | 4c89 5424 | 6048 898c | 2488 0000 | 0066 6690 

  0x000001cf1081c2bc: ;   {runtime_call UncommonTrapBlob}
  0x000001cf1081c2bc: c5f8 77e8 

  0x000001cf1081c2c0: ; ImmutableOopMap {rbp=NarrowOop [32]=Oop [48]=Oop [96]=Oop [136]=Oop [144]=Oop [156]=NarrowOop [160]=NarrowOop [192]=Oop }
                      ;*checkcast {reexecute=0 rethrow=0 return_oop=0}
                      ; - java.util.jar.Manifest::getAttributes@10 (line 159)
                      ; - java.util.jar.Manifest::getTrustedAttributes@2 (line 176)
                      ; - java.util.jar.JavaUtilJarAccessImpl::getTrustedAttributes@2 (line 68)
                      ; - java.net.URLClassLoader::definePackage@42 (line 552)
                      ; - java.net.URLClassLoader::defineClass@64 (line 495)
                      ; - java.net.URLClassLoader$1::run@43 (line 427)
                      ; - java.net.URLClassLoader$1::run@1 (line 421)
  0x000001cf1081c2c0: 3ca6 56ff | bade ffff | ff4c 8b54 | 2440 4c89 | 5424 204c | 8b54 2448 | 4c89 5424 | 304c 8b54 
  0x000001cf1081c2e0: 2478 4c89 | 5424 584c | 894c 2468 | 4c89 4c24 | 704c 8944 | 2478 6690 

  0x000001cf1081c2f8: ;   {runtime_call UncommonTrapBlob}
  0x000001cf1081c2f8: c5f8 77e8 

  0x000001cf1081c2fc: ; ImmutableOopMap {rbp=NarrowOop [32]=Oop [48]=Oop [88]=Oop [96]=Oop [104]=Oop [112]=Oop [120]=Oop [144]=Oop [156]=NarrowOop [160]=NarrowOop }
                      ;*checkcast {reexecute=0 rethrow=0 return_oop=0}
                      ; - java.util.jar.Manifest::getAttributes@10 (line 159)
                      ; - java.util.jar.Manifest::getTrustedAttributes@2 (line 176)
                      ; - java.util.jar.JavaUtilJarAccessImpl::getTrustedAttributes@2 (line 68)
                      ; - java.net.URLClassLoader::isSealed@18 (line 601)
                      ; - java.net.URLClassLoader::getAndVerifyPackage@68 (line 469)
                      ; - java.net.URLClassLoader::defineClass@46 (line 492)
                      ; - java.net.URLClassLoader$1::run@43 (line 427)
                      ; - java.net.URLClassLoader$1::run@1 (line 421)
  0x000001cf1081c2fc: 00a6 56ff | bade ffff | ff4c 8b54 | 2440 4c89 | 5424 204c | 8b54 2448 | 4c89 5424 | 304c 8b54 
  0x000001cf1081c31c: 2478 4c89 | 4c24 504c | 8954 2458 

  0x000001cf1081c328: ;   {runtime_call UncommonTrapBlob}
  0x000001cf1081c328: c5f8 77e8 

  0x000001cf1081c32c: ; ImmutableOopMap {rbp=NarrowOop [32]=Oop [48]=Oop [80]=Oop [88]=Oop [96]=Oop [120]=Oop [144]=Oop [156]=NarrowOop [160]=NarrowOop }
                      ;*checkcast {reexecute=0 rethrow=0 return_oop=0}
                      ; - java.util.jar.Attributes::getValue@5 (line 141)
                      ; - java.net.URLClassLoader::isSealed@58 (line 608)
                      ; - java.net.URLClassLoader::getAndVerifyPackage@68 (line 469)
                      ; - java.net.URLClassLoader::defineClass@46 (line 492)
                      ; - java.net.URLClassLoader$1::run@43 (line 427)
                      ; - java.net.URLClassLoader$1::run@1 (line 421)
  0x000001cf1081c32c: d0a5 56ff | bade ffff | ff4c 8b54 | 2440 4c89 | 5424 204c | 8b54 2448 | 4c89 5424 | 304c 8b54 
  0x000001cf1081c34c: 2470 4c89 | 5424 5090 

  0x000001cf1081c354: ;   {runtime_call UncommonTrapBlob}
  0x000001cf1081c354: c5f8 77e8 

  0x000001cf1081c358: ; ImmutableOopMap {rbp=NarrowOop [32]=Oop [48]=Oop [80]=Oop [120]=Oop [128]=Oop [144]=Oop [156]=NarrowOop [160]=NarrowOop [192]=Oop }
                      ;*checkcast {reexecute=0 rethrow=0 return_oop=0}
                      ; - java.util.jar.Attributes::getValue@5 (line 141)
                      ; - java.net.URLClassLoader::definePackage@69 (line 555)
                      ; - java.net.URLClassLoader::defineClass@64 (line 495)
                      ; - java.net.URLClassLoader$1::run@43 (line 427)
                      ; - java.net.URLClassLoader$1::run@1 (line 421)
  0x000001cf1081c358: a4a5 56ff | bade ffff | ff4c 8b54 | 2440 4c89 | 5424 204c | 8b54 2448 | 4c89 5424 | 304c 8b54 
  0x000001cf1081c378: 2470 4c89 | 5424 504c | 8b94 2490 | 0000 004c | 8954 2468 

  0x000001cf1081c38c: ;   {runtime_call UncommonTrapBlob}
  0x000001cf1081c38c: c5f8 77e8 

  0x000001cf1081c390: ; ImmutableOopMap {rbp=NarrowOop [32]=Oop [48]=Oop [80]=Oop [104]=Oop [120]=Oop [128]=Oop [136]=Oop [156]=NarrowOop [160]=NarrowOop [192]=Oop }
                      ;*checkcast {reexecute=0 rethrow=0 return_oop=0}
                      ; - java.util.jar.Attributes::getValue@5 (line 141)
                      ; - java.net.URLClassLoader::definePackage@79 (line 556)
                      ; - java.net.URLClassLoader::defineClass@64 (line 495)
                      ; - java.net.URLClassLoader$1::run@43 (line 427)
                      ; - java.net.URLClassLoader$1::run@1 (line 421)
  0x000001cf1081c390: 6ca5 56ff | bade ffff | ff4c 8b54 | 2440 4c89 | 5424 204c | 8b54 2448 | 4c89 5424 | 304c 8944 
  0x000001cf1081c3b0: 2460 4c89 | 8c24 8000 | 0000 6690 

  0x000001cf1081c3bc: ;   {runtime_call UncommonTrapBlob}
  0x000001cf1081c3bc: c5f8 77e8 

  0x000001cf1081c3c0: ; ImmutableOopMap {rbp=NarrowOop [32]=Oop [48]=Oop [96]=Oop [128]=Oop [144]=Oop [156]=NarrowOop [160]=NarrowOop [192]=Oop }
                      ;*checkcast {reexecute=0 rethrow=0 return_oop=0}
                      ; - java.util.jar.Attributes::getValue@5 (line 141)
                      ; - java.net.URLClassLoader::definePackage@59 (line 554)
                      ; - java.net.URLClassLoader::defineClass@64 (line 495)
                      ; - java.net.URLClassLoader$1::run@43 (line 427)
                      ; - java.net.URLClassLoader$1::run@1 (line 421)
  0x000001cf1081c3c0: 3ca5 56ff | bade ffff | ff4c 8b54 | 2440 4c89 | 5424 204c | 8b54 2448 | 4c89 5424 | 304c 8b54 
  0x000001cf1081c3e0: 2470 4c89 | 5424 604c | 8b94 2490 | 0000 004c | 8954 2468 | 448b 9c24 | 9c00 0000 | 4489 9c24 
  0x000001cf1081c400: 9000 0000 

  0x000001cf1081c404: ;   {runtime_call UncommonTrapBlob}
  0x000001cf1081c404: c5f8 77e8 

  0x000001cf1081c408: ; ImmutableOopMap {rbp=NarrowOop [32]=Oop [48]=Oop [96]=Oop [104]=Oop [120]=Oop [128]=Oop [136]=Oop [144]=NarrowOop [160]=NarrowOop [192]=Oop [216]=Oop }
                      ;*checkcast {reexecute=0 rethrow=0 return_oop=0}
                      ; - java.util.jar.Attributes::getValue@5 (line 141)
                      ; - java.net.URLClassLoader::definePackage@89 (line 557)
                      ; - java.net.URLClassLoader::defineClass@64 (line 495)
                      ; - java.net.URLClassLoader$1::run@43 (line 427)
                      ; - java.net.URLClassLoader$1::run@1 (line 421)
  0x000001cf1081c408: f4a4 56ff | baf6 ffff | ff48 8b6c | 2458 6690 

  0x000001cf1081c418: ;   {runtime_call UncommonTrapBlob}
  0x000001cf1081c418: c5f8 77e8 

  0x000001cf1081c41c: ; ImmutableOopMap {rbp=Oop }
                      ;*invokevirtual replace {reexecute=0 rethrow=0 return_oop=0}
                      ; - java.net.URLClassLoader$1::run@8 (line 423)
                      ; - java.net.URLClassLoader$1::run@1 (line 421)
  0x000001cf1081c41c: e0a4 56ff | baf6 ffff | ff48 8b6c | 2458 6690 

  0x000001cf1081c42c: ;   {runtime_call UncommonTrapBlob}
  0x000001cf1081c42c: c5f8 77e8 

  0x000001cf1081c430: ; ImmutableOopMap {rbp=Oop }
                      ;*arraylength {reexecute=0 rethrow=0 return_oop=0}
                      ; - java.lang.StringLatin1::replace@8 (line 304)
                      ; - java.lang.String::replace@18 (line 2808)
                      ; - java.net.URLClassLoader$1::run@8 (line 423)
                      ; - java.net.URLClassLoader$1::run@1 (line 421)
  0x000001cf1081c430: cca4 56ff | baf6 ffff | ff4c 8944 | 2420 6690 

  0x000001cf1081c440: ;   {runtime_call UncommonTrapBlob}
  0x000001cf1081c440: c5f8 77e8 

  0x000001cf1081c444: ; ImmutableOopMap {[32]=Oop [88]=Oop }
                      ;*getfield ucp {reexecute=1 rethrow=0 return_oop=0}
                      ; - (reexecute) java.net.URLClassLoader$1::run@21 (line 424)
                      ; - java.net.URLClassLoader$1::run@1 (line 421)
  0x000001cf1081c444: b8a4 56ff | baf6 ffff | ff48 895c | 2428 4889 | 4424 3044 | 896c 2438 

  0x000001cf1081c45c: ;   {runtime_call UncommonTrapBlob}
  0x000001cf1081c45c: c5f8 77e8 

  0x000001cf1081c460: ; ImmutableOopMap {[40]=Oop [56]=NarrowOop [88]=Oop }
                      ;*invokevirtual lastIndexOf {reexecute=0 rethrow=0 return_oop=0}
                      ; - java.net.URLClassLoader::defineClass@7 (line 486)
                      ; - java.net.URLClassLoader$1::run@43 (line 427)
                      ; - java.net.URLClassLoader$1::run@1 (line 421)
  0x000001cf1081c460: 9ca4 56ff | baf6 ffff | ff48 895c | 2428 4889 | 4424 3044 | 896c 2438 | 4489 7424 | 3c66 6690 
  0x000001cf1081c480: ;   {runtime_call UncommonTrapBlob}
  0x000001cf1081c480: c5f8 77e8 

  0x000001cf1081c484: ; ImmutableOopMap {[40]=Oop [56]=NarrowOop [60]=NarrowOop [88]=Oop }
                      ;*arraylength {reexecute=0 rethrow=0 return_oop=0}
                      ; - java.lang.String::length@4 (line 1481)
                      ; - java.lang.String::lastIndexOf@3 (line 2451)
                      ; - java.net.URLClassLoader::defineClass@7 (line 486)
                      ; - java.net.URLClassLoader$1::run@43 (line 427)
                      ; - java.net.URLClassLoader$1::run@1 (line 421)
  0x000001cf1081c484: 78a4 56ff | baf6 ffff | ff48 8bef | 4889 5c24 | 284c 8b54 | 2438 4c89 | 5424 3044 | 896c 2440 
  0x000001cf1081c4a4: 4489 7424 | 4466 6690 

  0x000001cf1081c4ac: ;   {runtime_call UncommonTrapBlob}
  0x000001cf1081c4ac: c5f8 77e8 

  0x000001cf1081c4b0: ; ImmutableOopMap {rbp=Oop [40]=Oop [64]=NarrowOop [68]=NarrowOop [144]=Oop }
                      ;*arraylength {reexecute=0 rethrow=0 return_oop=0}
                      ; - java.lang.String::length@4 (line 1481)
                      ; - java.lang.String::substring@1 (line 2708)
                      ; - java.net.URLClassLoader::defineClass@28 (line 489)
                      ; - java.net.URLClassLoader$1::run@43 (line 427)
                      ; - java.net.URLClassLoader$1::run@1 (line 421)
  0x000001cf1081c4b0: 4ca4 56ff | baf6 ffff | ff48 897c | 2420 4889 | 5c24 284c | 8b5c 2438 | 4c89 5c24 | 3044 8954 
  0x000001cf1081c4d0: 2438 4489 | 6c24 3c44 | 8974 2440 

  0x000001cf1081c4dc: ;   {runtime_call UncommonTrapBlob}
  0x000001cf1081c4dc: c5f8 77e8 

  0x000001cf1081c4e0: ; ImmutableOopMap {rbp=Oop [32]=Oop [40]=Oop [60]=NarrowOop [64]=NarrowOop }
                      ;*getfield csu {reexecute=1 rethrow=0 return_oop=0}
                      ; - (reexecute) jdk.internal.loader.URLClassPath$JarLoader$2::getCodeSourceURL@4 (line 879)
                      ; - java.net.URLClassLoader::defineClass@13 (line 487)
                      ; - java.net.URLClassLoader$1::run@43 (line 427)
                      ; - java.net.URLClassLoader$1::run@1 (line 421)
  0x000001cf1081c4e0: 1ca4 56ff | baf6 ffff | ff48 8bef | 4889 5c24 | 204c 8b54 | 2438 4c89 | 5424 2844 | 896c 2440 
  0x000001cf1081c500: 4489 7424 | 4448 894c | 2448 6690 

  0x000001cf1081c50c: ;   {runtime_call UncommonTrapBlob}
  0x000001cf1081c50c: c5f8 77e8 

  0x000001cf1081c510: ; ImmutableOopMap {rbp=Oop [32]=Oop [64]=NarrowOop [68]=NarrowOop [72]=Oop [120]=Oop [144]=Oop }
                      ;*getfield jar {reexecute=1 rethrow=0 return_oop=0}
                      ; - (reexecute) jdk.internal.loader.URLClassPath$JarLoader$2::getManifest@7 (line 885)
                      ; - java.net.URLClassLoader::defineClass@34 (line 491)
                      ; - java.net.URLClassLoader$1::run@43 (line 427)
                      ; - java.net.URLClassLoader$1::run@1 (line 421)
  0x000001cf1081c510: eca3 56ff | baf6 ffff | ff48 8b6c | 2440 4c8b | 5424 484c | 8954 2420 | 4c8b 5424 | 384c 8954 
  0x000001cf1081c530: 2428 6690 

  0x000001cf1081c534: ;   {runtime_call UncommonTrapBlob}
  0x000001cf1081c534: c5f8 77e8 

  0x000001cf1081c538: ; ImmutableOopMap {rbp=Oop [32]=Oop [80]=NarrowOop [84]=NarrowOop [88]=Oop [120]=Oop [144]=Oop }
                      ;*getfield jar {reexecute=1 rethrow=0 return_oop=0}
                      ; - (reexecute) jdk.internal.loader.URLClassPath$JarLoader$2::getManifest@19 (line 886)
                      ; - java.net.URLClassLoader::defineClass@34 (line 491)
                      ; - java.net.URLClassLoader$1::run@43 (line 427)
                      ; - java.net.URLClassLoader$1::run@1 (line 421)
  0x000001cf1081c538: c4a3 56ff | baf6 ffff | ff48 8b6c | 2440 4c8b | 5424 484c | 8954 2420 | 4c8b 5424 | 384c 8954 
  0x000001cf1081c558: 2428 6690 

  0x000001cf1081c55c: ;   {runtime_call UncommonTrapBlob}
  0x000001cf1081c55c: c5f8 77e8 

  0x000001cf1081c560: ; ImmutableOopMap {rbp=Oop [32]=Oop [80]=NarrowOop [84]=NarrowOop [88]=Oop [120]=Oop [144]=Oop }
                      ;*invokevirtual getManifest {reexecute=0 rethrow=0 return_oop=0}
                      ; - jdk.internal.loader.URLClassPath$JarLoader$2::getManifest@22 (line 886)
                      ; - java.net.URLClassLoader::defineClass@34 (line 491)
                      ; - java.net.URLClassLoader$1::run@43 (line 427)
                      ; - java.net.URLClassLoader$1::run@1 (line 421)
  0x000001cf1081c560: 9ca3 56ff | baf6 ffff | ff48 8b6c | 2440 6690 

  0x000001cf1081c570: ;   {runtime_call UncommonTrapBlob}
  0x000001cf1081c570: c5f8 77e8 

  0x000001cf1081c574: ; ImmutableOopMap {rbp=Oop [40]=Oop [72]=Oop [156]=NarrowOop [160]=NarrowOop }
                      ;*arraylength {reexecute=0 rethrow=0 return_oop=0}
                      ; - java.net.URLClassLoader::defineClass@217 (line 524)
                      ; - java.net.URLClassLoader$1::run@43 (line 427)
                      ; - java.net.URLClassLoader$1::run@1 (line 421)
  0x000001cf1081c574: 88a3 56ff | baf6 ffff | ff48 8b6c | 2440 4c8b | 5424 484c | 8954 2428 | 4c8b 5424 | 384c 8954 
  0x000001cf1081c594: 2430 6690 

  0x000001cf1081c598: ;   {runtime_call UncommonTrapBlob}
  0x000001cf1081c598: c5f8 77e8 

  0x000001cf1081c59c: ; ImmutableOopMap {rbp=Oop [40]=Oop [96]=Oop [144]=Oop [156]=NarrowOop [160]=NarrowOop [192]=Oop }
                      ;*arraylength {reexecute=0 rethrow=0 return_oop=0}
                      ; - java.lang.String::isEmpty@4 (line 1494)
                      ; - java.lang.ClassLoader::definePackage@1 (line 2096)
                      ; - java.lang.ClassLoader::getDefinedPackage@32 (line 2243)
                      ; - java.net.URLClassLoader::getAndVerifyPackage@2 (line 457)
                      ; - java.net.URLClassLoader::defineClass@46 (line 492)
                      ; - java.net.URLClassLoader$1::run@43 (line 427)
                      ; - java.net.URLClassLoader$1::run@1 (line 421)
  0x000001cf1081c59c: 60a3 56ff | baf6 ffff | ff48 8b6c | 2440 4c8b | 5424 484c | 8954 2428 | 4c8b 5424 | 384c 8954 
  0x000001cf1081c5bc: 2430 6690 

  0x000001cf1081c5c0: ;   {runtime_call UncommonTrapBlob}
  0x000001cf1081c5c0: c5f8 77e8 

  0x000001cf1081c5c4: ; ImmutableOopMap {rbp=Oop [40]=Oop [96]=Oop [144]=Oop [156]=NarrowOop [160]=NarrowOop [192]=Oop }
                      ;*invokevirtual isNamed {reexecute=0 rethrow=0 return_oop=0}
                      ; - java.lang.Package::isSealed@4 (line 235)
                      ; - java.net.URLClassLoader::getAndVerifyPackage@14 (line 460)
                      ; - java.net.URLClassLoader::defineClass@46 (line 492)
                      ; - java.net.URLClassLoader$1::run@43 (line 427)
                      ; - java.net.URLClassLoader$1::run@1 (line 421)
  0x000001cf1081c5c4: 38a3 56ff | baf6 ffff | ff48 8b6c | 2440 4c8b | 5424 484c | 8954 2428 | 4c8b 5424 | 384c 8954 
  0x000001cf1081c5e4: 2430 6690 

  0x000001cf1081c5e8: ;   {runtime_call UncommonTrapBlob}
  0x000001cf1081c5e8: c5f8 77e8 

  0x000001cf1081c5ec: ; ImmutableOopMap {rbp=Oop [40]=Oop [96]=Oop [144]=Oop [156]=NarrowOop [160]=NarrowOop [192]=Oop }
                      ;*getfield sealBase {reexecute=1 rethrow=0 return_oop=0}
                      ; - (reexecute) java.lang.Package::isSealed@14 (line 235)
                      ; - java.net.URLClassLoader::getAndVerifyPackage@14 (line 460)
                      ; - java.net.URLClassLoader::defineClass@46 (line 492)
                      ; - java.net.URLClassLoader$1::run@43 (line 427)
                      ; - java.net.URLClassLoader$1::run@1 (line 421)
  0x000001cf1081c5ec: 10a3 56ff | baf6 ffff | ff48 8b6c | 2440 4c8b | 5424 484c | 8954 2428 | 4c8b 5424 | 384c 8954 
  0x000001cf1081c60c: 2430 6690 

  0x000001cf1081c610: ;   {runtime_call UncommonTrapBlob}
  0x000001cf1081c610: c5f8 77e8 

  0x000001cf1081c614: ; ImmutableOopMap {rbp=Oop [40]=Oop [96]=Oop [144]=Oop [156]=NarrowOop [160]=NarrowOop [192]=Oop }
                      ;*arraylength {reexecute=0 rethrow=0 return_oop=0}
                      ; - java.lang.StringLatin1::replace@8 (line 304)
                      ; - java.lang.String::replace@18 (line 2808)
                      ; - java.net.URLClassLoader::isSealed@9 (line 601)
                      ; - java.net.URLClassLoader::getAndVerifyPackage@68 (line 469)
                      ; - java.net.URLClassLoader::defineClass@46 (line 492)
                      ; - java.net.URLClassLoader$1::run@43 (line 427)
                      ; - java.net.URLClassLoader$1::run@1 (line 421)
  0x000001cf1081c614: e8a2 56ff | baf6 ffff | ff48 8b6c | 2440 4c8b | 5424 484c | 8954 2428 | 4c8b 5424 | 384c 8954 
  0x000001cf1081c634: 2430 4889 | 4424 5090 

  0x000001cf1081c63c: ;   {runtime_call UncommonTrapBlob}
  0x000001cf1081c63c: c5f8 77e8 

  0x000001cf1081c640: ; ImmutableOopMap {rbp=Oop [40]=Oop [80]=Oop [104]=Oop [120]=Oop [144]=Oop [156]=NarrowOop [160]=NarrowOop }
                      ;*invokeinterface get {reexecute=0 rethrow=0 return_oop=0}
                      ; - java.util.jar.Manifest::getAttributes@5 (line 159)
                      ; - java.util.jar.Manifest::getTrustedAttributes@2 (line 176)
                      ; - java.util.jar.JavaUtilJarAccessImpl::getTrustedAttributes@2 (line 68)
                      ; - java.net.URLClassLoader::isSealed@18 (line 601)
                      ; - java.net.URLClassLoader::getAndVerifyPackage@68 (line 469)
                      ; - java.net.URLClassLoader::defineClass@46 (line 492)
                      ; - java.net.URLClassLoader$1::run@43 (line 427)
                      ; - java.net.URLClassLoader$1::run@1 (line 421)
  0x000001cf1081c640: bca2 56ff | baf6 ffff | ff48 8b6c | 2440 4c8b | 5424 484c | 8954 2428 | 4c8b 5424 | 384c 8954 
  0x000001cf1081c660: 2430 4c89 | 4c24 4890 

  0x000001cf1081c668: ;   {runtime_call UncommonTrapBlob}
  0x000001cf1081c668: c5f8 77e8 

  0x000001cf1081c66c: ; ImmutableOopMap {rbp=Oop [40]=Oop [72]=Oop [120]=Oop [144]=Oop [156]=NarrowOop [160]=NarrowOop }
                      ;*invokeinterface get {reexecute=0 rethrow=0 return_oop=0}
                      ; - java.util.jar.Attributes::get@5 (line 105)
                      ; - java.util.jar.Attributes::getValue@2 (line 141)
                      ; - java.net.URLClassLoader::isSealed@58 (line 608)
                      ; - java.net.URLClassLoader::getAndVerifyPackage@68 (line 469)
                      ; - java.net.URLClassLoader::defineClass@46 (line 492)
                      ; - java.net.URLClassLoader$1::run@43 (line 427)
                      ; - java.net.URLClassLoader$1::run@1 (line 421)
  0x000001cf1081c66c: 90a2 56ff | baf6 ffff | ff48 8b6c | 2440 4c8b | 5424 484c | 8954 2428 | 4c8b 5424 | 384c 8954 
  0x000001cf1081c68c: 2430 6690 

  0x000001cf1081c690: ;   {runtime_call UncommonTrapBlob}
  0x000001cf1081c690: c5f8 77e8 

  0x000001cf1081c694: ; ImmutableOopMap {rbp=Oop [40]=Oop [112]=Oop [144]=Oop [156]=NarrowOop [160]=NarrowOop [192]=Oop }
                      ;*invokevirtual concat {reexecute=0 rethrow=0 return_oop=0}
                      ; - java.net.URLClassLoader::definePackage@39 (line 552)
                      ; - java.net.URLClassLoader::defineClass@64 (line 495)
                      ; - java.net.URLClassLoader$1::run@43 (line 427)
                      ; - java.net.URLClassLoader$1::run@1 (line 421)
  0x000001cf1081c694: 68a2 56ff | baf6 ffff | ff48 8b6c | 2440 4c8b | 5424 484c | 8954 2428 | 4c8b 5424 | 384c 8954 
  0x000001cf1081c6b4: 2430 6690 

  0x000001cf1081c6b8: ;   {runtime_call UncommonTrapBlob}
  0x000001cf1081c6b8: c5f8 77e8 

  0x000001cf1081c6bc: ; ImmutableOopMap {rbp=Oop [40]=Oop [112]=Oop [144]=Oop [156]=NarrowOop [160]=NarrowOop [192]=Oop }
                      ;*arraylength {reexecute=0 rethrow=0 return_oop=0}
                      ; - java.lang.String::isEmpty@4 (line 1494)
                      ; - java.lang.StringConcatHelper::simpleConcat@11 (line 409)
                      ; - java.lang.String::concat@11 (line 2774)
                      ; - java.net.URLClassLoader::definePackage@39 (line 552)
                      ; - java.net.URLClassLoader::defineClass@64 (line 495)
                      ; - java.net.URLClassLoader$1::run@43 (line 427)
                      ; - java.net.URLClassLoader$1::run@1 (line 421)
  0x000001cf1081c6bc: 40a2 56ff | baf6 ffff | ff48 8b6c | 2440 4c8b | 5424 484c | 8954 2428 | 4c8b 5424 | 384c 8954 
  0x000001cf1081c6dc: 2430 6690 

  0x000001cf1081c6e0: ;   {runtime_call UncommonTrapBlob}
  0x000001cf1081c6e0: c5f8 77e8 

  0x000001cf1081c6e4: ; ImmutableOopMap {rbp=Oop [40]=Oop [112]=Oop [144]=Oop [156]=NarrowOop [160]=NarrowOop [184]=Oop [192]=Oop }
                      ;*invokeinterface get {reexecute=0 rethrow=0 return_oop=0}
                      ; - java.util.jar.Manifest::getAttributes@5 (line 159)
                      ; - java.util.jar.Manifest::getTrustedAttributes@2 (line 176)
                      ; - java.util.jar.JavaUtilJarAccessImpl::getTrustedAttributes@2 (line 68)
                      ; - java.net.URLClassLoader::definePackage@42 (line 552)
                      ; - java.net.URLClassLoader::defineClass@64 (line 495)
                      ; - java.net.URLClassLoader$1::run@43 (line 427)
                      ; - java.net.URLClassLoader$1::run@1 (line 421)
  0x000001cf1081c6e4: 18a2 56ff | baf4 ffff | ff48 8b6c | 2440 4c8b | 5424 484c | 8954 2428 | 4c8b 5424 | 384c 8954 
  0x000001cf1081c704: 2430 4c8b | 5424 604c | 8954 2458 

  0x000001cf1081c710: ;   {runtime_call UncommonTrapBlob}
  0x000001cf1081c710: c5f8 77e8 

  0x000001cf1081c714: ; ImmutableOopMap {rbp=Oop [40]=Oop [88]=Oop [144]=Oop [156]=NarrowOop [160]=NarrowOop [192]=Oop }
                      ;*checkcast {reexecute=0 rethrow=0 return_oop=0}
                      ; - java.lang.ClassLoader::definePackage@81 (line 2105)
                      ; - java.lang.ClassLoader::getDefinedPackage@32 (line 2243)
                      ; - java.net.URLClassLoader::getAndVerifyPackage@2 (line 457)
                      ; - java.net.URLClassLoader::defineClass@46 (line 492)
                      ; - java.net.URLClassLoader$1::run@43 (line 427)
                      ; - java.net.URLClassLoader$1::run@1 (line 421)
  0x000001cf1081c714: e8a1 56ff | baf6 ffff | ff48 8b6c | 2440 4c8b | 5424 484c | 8954 2428 | 4c8b 5424 | 384c 8954 
  0x000001cf1081c734: 2430 4c89 | 4c24 4890 

  0x000001cf1081c73c: ;   {runtime_call UncommonTrapBlob}
  0x000001cf1081c73c: c5f8 77e8 

  0x000001cf1081c740: ; ImmutableOopMap {rbp=Oop [40]=Oop [72]=Oop [120]=Oop [144]=Oop [156]=NarrowOop [160]=NarrowOop }
                      ;*arraylength {reexecute=0 rethrow=0 return_oop=0}
                      ; - java.lang.String::length@4 (line 1481)
                      ; - java.lang.String::equalsIgnoreCase@14 (line 1967)
                      ; - java.net.URLClassLoader::isSealed@68 (line 611)
                      ; - java.net.URLClassLoader::getAndVerifyPackage@68 (line 469)
                      ; - java.net.URLClassLoader::defineClass@46 (line 492)
                      ; - java.net.URLClassLoader$1::run@43 (line 427)
                      ; - java.net.URLClassLoader$1::run@1 (line 421)
  0x000001cf1081c740: bca1 56ff | baf6 ffff | ff48 8bef | 4889 5c24 | 284c 8b54 | 2438 4c89 | 5424 3090 

  0x000001cf1081c75c: ;   {runtime_call UncommonTrapBlob}
  0x000001cf1081c75c: c5f8 77e8 

  0x000001cf1081c760: ; ImmutableOopMap {rbp=Oop [40]=Oop [96]=Oop [120]=Oop [144]=Oop [156]=NarrowOop [160]=NarrowOop }
                      ;*arraylength {reexecute=0 rethrow=0 return_oop=0}
                      ; - java.lang.StringLatin1::hashCode@5 (line 196)
                      ; - java.lang.String::hashCode@27 (line 2344)
                      ; - java.util.concurrent.ConcurrentHashMap::get@1 (line 936)
                      ; - java.lang.ClassLoader::getDefinedPackage@13 (line 2239)
                      ; - java.net.URLClassLoader::getAndVerifyPackage@2 (line 457)
                      ; - java.net.URLClassLoader::defineClass@46 (line 492)
                      ; - java.net.URLClassLoader$1::run@43 (line 427)
                      ; - java.net.URLClassLoader$1::run@1 (line 421)
  0x000001cf1081c760: 9ca1 56ff | baf6 ffff | ff48 8b6c | 2440 4c8b | 5424 484c | 8954 2428 | 4c8b 5424 | 384c 8954 
  0x000001cf1081c780: 2430 4c89 | 4c24 4890 

  0x000001cf1081c788: ;   {runtime_call UncommonTrapBlob}
  0x000001cf1081c788: c5f8 77e8 

  0x000001cf1081c78c: ; ImmutableOopMap {rbp=Oop [40]=Oop [72]=Oop [120]=Oop [144]=Oop [156]=NarrowOop [160]=NarrowOop }
                      ;*invokeinterface get {reexecute=0 rethrow=0 return_oop=0}
                      ; - java.util.jar.Attributes::get@5 (line 105)
                      ; - java.util.jar.Attributes::getValue@2 (line 141)
                      ; - java.net.URLClassLoader::isSealed@35 (line 604)
                      ; - java.net.URLClassLoader::getAndVerifyPackage@68 (line 469)
                      ; - java.net.URLClassLoader::defineClass@46 (line 492)
                      ; - java.net.URLClassLoader$1::run@43 (line 427)
                      ; - java.net.URLClassLoader$1::run@1 (line 421)
  0x000001cf1081c78c: 70a1 56ff | baf6 ffff | ff48 8b6c | 2440 4c8b | 5424 484c | 8954 2428 | 4c8b 5424 | 384c 8954 
  0x000001cf1081c7ac: 2430 4c89 | 4424 4890 

  0x000001cf1081c7b4: ;   {runtime_call UncommonTrapBlob}
  0x000001cf1081c7b4: c5f8 77e8 

  0x000001cf1081c7b8: ; ImmutableOopMap {rbp=Oop [40]=Oop [72]=Oop [144]=Oop [156]=NarrowOop [160]=NarrowOop [192]=Oop }
                      ;*invokeinterface get {reexecute=0 rethrow=0 return_oop=0}
                      ; - java.util.jar.Attributes::get@5 (line 105)
                      ; - java.util.jar.Attributes::getValue@2 (line 141)
                      ; - java.net.URLClassLoader::definePackage@59 (line 554)
                      ; - java.net.URLClassLoader::defineClass@64 (line 495)
                      ; - java.net.URLClassLoader$1::run@43 (line 427)
                      ; - java.net.URLClassLoader$1::run@1 (line 421)
  0x000001cf1081c7b8: 44a1 56ff | baf6 ffff | ff48 8b6c | 2440 4c8b | 5424 484c | 8954 2428 | 4c8b 5424 | 384c 8954 
  0x000001cf1081c7d8: 2430 4c89 | 4424 4890 

  0x000001cf1081c7e0: ;   {runtime_call UncommonTrapBlob}
  0x000001cf1081c7e0: c5f8 77e8 

  0x000001cf1081c7e4: ; ImmutableOopMap {rbp=Oop [40]=Oop [72]=Oop [144]=Oop [156]=NarrowOop [160]=NarrowOop [192]=Oop }
                      ;*invokeinterface get {reexecute=0 rethrow=0 return_oop=0}
                      ; - java.util.jar.Attributes::get@5 (line 105)
                      ; - java.util.jar.Attributes::getValue@2 (line 141)
                      ; - java.net.URLClassLoader::definePackage@69 (line 555)
                      ; - java.net.URLClassLoader::defineClass@64 (line 495)
                      ; - java.net.URLClassLoader$1::run@43 (line 427)
                      ; - java.net.URLClassLoader$1::run@1 (line 421)
  0x000001cf1081c7e4: 18a1 56ff | baf6 ffff | ff48 8b6c | 2440 4c8b | 5424 484c | 8954 2428 | 4c8b 5424 | 384c 8954 
  0x000001cf1081c804: 2430 4c89 | 4424 4890 

  0x000001cf1081c80c: ;   {runtime_call UncommonTrapBlob}
  0x000001cf1081c80c: c5f8 77e8 

  0x000001cf1081c810: ; ImmutableOopMap {rbp=Oop [40]=Oop [72]=Oop [144]=Oop [156]=NarrowOop [160]=NarrowOop [192]=Oop }
                      ;*invokeinterface get {reexecute=0 rethrow=0 return_oop=0}
                      ; - java.util.jar.Attributes::get@5 (line 105)
                      ; - java.util.jar.Attributes::getValue@2 (line 141)
                      ; - java.net.URLClassLoader::definePackage@79 (line 556)
                      ; - java.net.URLClassLoader::defineClass@64 (line 495)
                      ; - java.net.URLClassLoader$1::run@43 (line 427)
                      ; - java.net.URLClassLoader$1::run@1 (line 421)
  0x000001cf1081c810: eca0 56ff | baf6 ffff | ff48 8b6c | 2440 4c8b | 5424 484c | 8954 2428 | 4c8b 5424 | 384c 8954 
  0x000001cf1081c830: 2430 6690 

  0x000001cf1081c834: ;   {runtime_call UncommonTrapBlob}
  0x000001cf1081c834: c5f8 77e8 

  0x000001cf1081c838: ; ImmutableOopMap {rbp=Oop [40]=Oop [112]=Oop [144]=Oop [156]=NarrowOop [160]=NarrowOop [192]=Oop }
                      ;*invokeinterface get {reexecute=0 rethrow=0 return_oop=0}
                      ; - java.util.jar.Attributes::get@5 (line 105)
                      ; - java.util.jar.Attributes::getValue@2 (line 141)
                      ; - java.net.URLClassLoader::definePackage@89 (line 557)
                      ; - java.net.URLClassLoader::defineClass@64 (line 495)
                      ; - java.net.URLClassLoader$1::run@43 (line 427)
                      ; - java.net.URLClassLoader$1::run@1 (line 421)
  0x000001cf1081c838: c4a0 56ff | baf6 ffff | ff48 8b6c | 2440 4c8b | 5424 484c | 8954 2428 | 4c8b 5424 | 384c 8954 
  0x000001cf1081c858: 2430 6690 

  0x000001cf1081c85c: ;   {runtime_call UncommonTrapBlob}
  0x000001cf1081c85c: c5f8 77e8 

  0x000001cf1081c860: ; ImmutableOopMap {rbp=Oop [40]=Oop [104]=Oop [120]=Oop [144]=Oop [156]=NarrowOop [160]=NarrowOop }
                      ;*arraylength {reexecute=0 rethrow=0 return_oop=0}
                      ; - java.lang.StringLatin1::hashCode@5 (line 196)
                      ; - java.lang.String::hashCode@27 (line 2344)
                      ; - java.util.HashMap::hash@9 (line 338)
                      ; - java.util.HashMap::getNode@23 (line 568)
                      ; - java.util.HashMap::get@2 (line 556)
                      ; - java.util.jar.Manifest::getAttributes@5 (line 159)
                      ; - java.util.jar.Manifest::getTrustedAttributes@2 (line 176)
                      ; - java.util.jar.JavaUtilJarAccessImpl::getTrustedAttributes@2 (line 68)
                      ; - java.net.URLClassLoader::isSealed@18 (line 601)
                      ; - java.net.URLClassLoader::getAndVerifyPackage@68 (line 469)
                      ; - java.net.URLClassLoader::defineClass@46 (line 492)
                      ; - java.net.URLClassLoader$1::run@43 (line 427)
                      ; - java.net.URLClassLoader$1::run@1 (line 421)
  0x000001cf1081c860: 9ca0 56ff | baf6 ffff | ff48 8b6c | 2440 4c8b | 5424 484c | 8954 2428 | 4c8b 5424 | 384c 8954 
  0x000001cf1081c880: 2430 6690 

  0x000001cf1081c884: ;   {runtime_call UncommonTrapBlob}
  0x000001cf1081c884: c5f8 77e8 

  0x000001cf1081c888: ; ImmutableOopMap {rbp=Oop [40]=Oop [112]=Oop [144]=Oop [156]=NarrowOop [160]=NarrowOop [192]=Oop }
                      ;*arraylength {reexecute=0 rethrow=0 return_oop=0}
                      ; - java.lang.StringLatin1::hashCode@5 (line 196)
                      ; - java.lang.String::hashCode@27 (line 2344)
                      ; - java.util.HashMap::hash@9 (line 338)
                      ; - java.util.HashMap::getNode@23 (line 568)
                      ; - java.util.HashMap::get@2 (line 556)
                      ; - java.util.jar.Manifest::getAttributes@5 (line 159)
                      ; - java.util.jar.Manifest::getTrustedAttributes@2 (line 176)
                      ; - java.util.jar.JavaUtilJarAccessImpl::getTrustedAttributes@2 (line 68)
                      ; - java.net.URLClassLoader::definePackage@42 (line 552)
                      ; - java.net.URLClassLoader::defineClass@64 (line 495)
                      ; - java.net.URLClassLoader$1::run@43 (line 427)
                      ; - java.net.URLClassLoader$1::run@1 (line 421)
  0x000001cf1081c888: 74a0 56ff | 488b d844 | 8b58 08e9 | 3105 0000 | 488b d80f | 1f44 0000 | e977 0400 | 004c 8bd0 
  0x000001cf1081c8a8: e9f0 0000 | 0048 8bd8 | 448b 5808 | e910 0500 | 0048 8bd8 | 448b 5808 | e904 0500 | 0048 8bd8 
  0x000001cf1081c8c8: 448b 5808 | e9f8 0400 | 0048 8bd8 | 448b 5808 | e9ec 0400 | 004c 8bd0 | e9b1 0300 | 004c 8bd0 
  0x000001cf1081c8e8: e950 0100 | 0048 8bd8 | 448b 5808 | e9d0 0400 | 004c 8bd0 | 0f1f 4000 | e9e5 0100 | 004c 8bd0 
  0x000001cf1081c908: e9f8 0100 | 004c 8bd0 | e909 0200 | 004c 8bd0 | e91a 0200 | 004c 8bd0 | e9d9 0200 | 004c 8bd0 
  0x000001cf1081c928: e969 0300 | 004c 8bd0 | e961 0300 | 004c 8bd0 | e959 0300 | 004c 8bd0 | e951 0300 | 004c 8bd0 
  0x000001cf1081c948: e949 0300 | 004c 8bd0 | e941 0300 | 004c 8bd0 | e939 0300 | 004c 8bd0 | e931 0300 | 004c 8bd0 
  0x000001cf1081c968: e929 0300 | 004c 8bd0 | e921 0300 | 0048 8bd8 | e9d7 0400 | 0048 8bd8 | e9cf 0400 | 004c 8bd0 
  0x000001cf1081c988: e909 0300 | 0048 8bd8 | e9bf 0400 | 004c 8bd0 | eb03 4c8b | d049 8bda | 458b 5208 | e977 0200 
  0x000001cf1081c9a8: 004c 8bd0 | e9e5 0200 | 0048 8bd8 | 448b 5808 | e90c 0400 | 004c 8bd0 | eb03 4c8b | d049 8bda 
  0x000001cf1081c9c8: 458b 5a08 | e9f8 0300 | 0048 8944 | 2450 488b | 6c24 304c | 8b54 2438 | 4c89 5424 

  0x000001cf1081c9e4: ;   {oop(a 'java/lang/ThreadLocal'{0x00000006004fdd10})}
  0x000001cf1081c9e4: 2848 ba10 | dd4f 0006 

  0x000001cf1081c9ec: ;   {oop(a 'java/lang/Boolean'{0x000000060040eb98} = false)}
  0x000001cf1081c9ec: 0000 0049 | b898 eb40 | 0006 0000 | 0066 6690 

  0x000001cf1081c9fc: ;   {optimized virtual_call}
  0x000001cf1081c9fc: c5f8 77e8 

  0x000001cf1081ca00: ; ImmutableOopMap {rbp=Oop [32]=Oop [64]=Oop [72]=Oop [80]=Oop [88]=Oop [104]=Oop [120]=Oop [144]=Oop }
                      ;*invokevirtual set {reexecute=0 rethrow=0 return_oop=0}
                      ; - java.util.jar.JarFile::ensureInitialization@68 (line 1041)
                      ; - java.util.jar.JavaUtilJarAccessImpl::ensureInitialization@1 (line 72)
                      ; - jdk.internal.loader.URLClassPath$JarLoader$2::getManifest@10 (line 885)
                      ; - java.net.URLClassLoader::defineClass@34 (line 491)
                      ; - java.net.URLClassLoader$1::run@43 (line 427)
                      ; - java.net.URLClassLoader$1::run@1 (line 421)
  0x000001cf1081ca00: 7c49 56ff | 4c8b 5424 | 5049 8bda | e90b 0300 | 0048 8bd8 | e903 0300 | 0048 8bd8 | 0f1f 4000 
  0x000001cf1081ca20: e9f7 0200 | 004c 8bd0 | eb03 4c8b | d049 8bda | e91f 0400 | 004c 8bd0 | eb03 4c8b | d049 8bda 
  0x000001cf1081ca40: e90f 0400 | 004c 8bd0 | e99d 0000 | 004c 8bd0 | e9b0 0000 | 004c 8bd0 | e9c1 0000 | 004c 8bd0 
  0x000001cf1081ca60: e9d2 0000 | 0048 8bd8 | 448b 5808 | 49ba 0000 | 007b cf01 | 0000 4d03 | d34d 8b52 

  0x000001cf1081ca7c: ;   {metadata('java/lang/IllegalArgumentException')}
  0x000001cf1081ca7c: 5049 b870 | 1506 7bcf | 0100 004d | 3bd0 0f85 | 3903 0000 | 4533 c9e9 | b201 0000 | 4c8b d00f 
  0x000001cf1081ca9c: 1f44 0000 | e9f1 0100 | 004c 8bd0 | e9e9 0100 | 0048 8bd8 | 448b 5808 | e910 0300 | 004c 8bd0 
  0x000001cf1081cabc: 0f1f 4000 | e913 0200 | 004c 8bd0 | e9c9 0100 | 004c 8bd0 | e9c1 0100 | 004c 8bd0 | e9b9 0100 
  0x000001cf1081cadc: 004c 8bd0 | eb08 4c8b | d0eb 034c | 8bd0 498b | da45 8b52 | 08e9 2a01 | 0000 4c8b | d0eb 0a4c 
  0x000001cf1081cafc: 8bd0 6690 | eb03 4c8b | d049 8bda | 458b 5208 | e90f 0100 | 004c 8bd0 | eb08 4c8b | d0eb 034c 
  0x000001cf1081cb1c: 8bd0 498b | da45 8b52 | 08e9 f600 | 0000 4c8b | d0eb 084c | 8bd0 eb03 | 4c8b d049 | 8bda 458b 
  0x000001cf1081cb3c: 5208 6690 | e9db 0000 | 0048 8bd8 | 448b 5008 | e9cf 0000 | 0048 8bd8 | 448b 5008 | e9c3 0000 
  0x000001cf1081cb5c: 0048 8bd8 | 448b 5008 | e9b7 0000 | 0048 8bd8 | 448b 5008 | e9ab 0000 | 0048 8bd8 | 448b 5008 
  0x000001cf1081cb7c: 0f1f 4000 | e99b 0000 | 0048 8bd8 | 448b 5008 | e98f 0000 | 0048 8bd8 | 448b 5008 | e983 0000 
  0x000001cf1081cb9c: 004c 8bd0 | e9f1 0000 | 004c 8bd0 | e9e9 0000 | 004c 8bd0 | e9e1 0000 | 004c 8bd0 | e9d9 0000 
  0x000001cf1081cbbc: 004c 8bd0 | e9d1 0000 | 0048 8bd8 | 448b 5008 | e94f 0000 | 0048 8bd8 | 448b 5008 | e943 0000 
  0x000001cf1081cbdc: 0048 8bd8 | 448b 5008 | e937 0000 | 004c 8bd0 | e9a5 0000 | 004c 8bd0 | eb08 4c8b | d0eb 034c 
  0x000001cf1081cbfc: 8bd0 498b | da45 8b52 | 08eb 1948 | 8bd8 448b | 5008 eb10 | 488b d844 | 8b50 08eb | 0748 8bd8 
  0x000001cf1081cc1c: 448b 5008 | 49bb 0000 | 007b cf01 | 0000 4d03 | da4d 8b53 

  0x000001cf1081cc30: ;   {metadata('java/lang/IllegalArgumentException')}
  0x000001cf1081cc30: 5049 bb70 | 1506 7bcf | 0100 000f | 1f44 0000 | 4d3b d375 | 454c 8b4c | 2470 488b | 5424 504c 
  0x000001cf1081cc50: 8b84 24c0 | 0000 0048 | 8bbc 2490 | 0000 0090 

  0x000001cf1081cc60: ;   {optimized virtual_call}
  0x000001cf1081cc60: c5f8 77e8 

  0x000001cf1081cc64: ; ImmutableOopMap {[48]=Oop [64]=Oop [72]=Oop [80]=Oop [144]=Oop [156]=NarrowOop [160]=NarrowOop [192]=Oop }
                      ;*invokevirtual getAndVerifyPackage {reexecute=0 rethrow=0 return_oop=1}
                      ; - java.net.URLClassLoader::defineClass@97 (line 502)
                      ; - java.net.URLClassLoader$1::run@43 (line 427)
                      ; - java.net.URLClassLoader$1::run@1 (line 421)
  0x000001cf1081cc64: 1847 56ff | 4885 c00f | 8407 0200 | 0048 8b7c | 2440 488b | 5c24 484c | 8b44 2430 | 4c8b 4c24 
  0x000001cf1081cc84: 50e9 72a4 | ffff 448b | 5b08 e936 | 0100 004c | 8bd0 498b | da45 8b5a | 0866 6690 | e924 0100 
  0x000001cf1081cca4: 0048 8bd8 | 448b 5808 | e918 0100 | 0048 8bd8 | 448b 5808 | e90c 0100 | 0048 8bd8 | 448b 5808 
  0x000001cf1081ccc4: e900 0100 | 0048 8bd8 | 448b 5808 | e9f4 0000 | 004c 8bd0 | 498b da45 | 8b5a 0890 | e9e4 0000 
  0x000001cf1081cce4: 0048 8bd8 | 448b 5808 | e9d8 0000 | 0048 8bd8 | 448b 5008 | 49bb 0000 | 007b cf01 | 0000 4d03 
  0x000001cf1081cd04: da4d 8b53 

  0x000001cf1081cd08: ;   {metadata('java/io/IOException')}
  0x000001cf1081cd08: 4849 bbd8 | 4504 7ccf | 0100 004d | 3bd3 0f84 | 6c01 0000 | 4c8b 5c24 | 6848 8d84 | 24f0 0000 
  0x000001cf1081cd28: 0048 8138 | 0000 0000 | 0f84 8300 | 0000 4d8b | 1349 f7c2 | 0200 0000 | 746f 4981 | ba86 0000 
  0x000001cf1081cd48: 0000 0000 | 0074 0949 | ff8a 8600 | 0000 eb51 | 498b 8296 | 0000 0049 | 0b82 8e00 | 0000 750a 
  0x000001cf1081cd68: 49c7 423e | 0000 0000 | eb47 4981 | ba9e 0000 | 0000 0000 | 0074 2548 | 33c0 49c7 | 423e 0000 
  0x000001cf1081cd88: 0000 f083 | 0424 0049 | 81ba 9e00 | 0000 0000 | 0000 750d | f04d 0fb1 | 7a3e 7505 | 83c8 01eb 
  0x000001cf1081cda8: 10f7 c000 | 0000 00eb | 084c 8b10 | f04d 0fb1 | 130f 850d | 0100 0090 | eb03 488b | d844 8b5b 
  0x000001cf1081cdc8: 0849 ba00 | 0000 7bcf | 0100 004d | 03d3 4d8b 

  0x000001cf1081cdd8: ;   {metadata('java/io/IOException')}
  0x000001cf1081cdd8: 5a48 49b8 | d845 047c | cf01 0000 | 4d3b d80f | 847a 0000 | 004d 8b52 

  0x000001cf1081cdf0: ;   {metadata('java/lang/ClassFormatError')}
  0x000001cf1081cdf0: 5049 bbe0 | 3016 7ccf | 0100 000f | 1f44 0000 | 4d3b d375 | 4f48 8beb | 488b 5424 | 4890 c5f8 
  0x000001cf1081ce10: 7748 b8ff | ffff ffff 

  0x000001cf1081ce18: ;   {virtual_call}
  0x000001cf1081ce18: ffff ffe8 

  0x000001cf1081ce1c: ; ImmutableOopMap {rbp=Oop [72]=Oop }
                      ;*invokevirtual getDataError {reexecute=0 rethrow=0 return_oop=1}
                      ; - java.net.URLClassLoader$1::run@63 (line 431)
                      ; - java.net.URLClassLoader$1::run@1 (line 421)
  0x000001cf1081ce1c: 6048 56ff | 4885 c074 | 2748 8b54 | 2448 c5f8 | 7748 b8ff | ffff ffff 

  0x000001cf1081ce34: ;   {virtual_call}
  0x000001cf1081ce34: ffff ffe8 

  0x000001cf1081ce38: ; ImmutableOopMap {rbp=Oop }
                      ;*invokevirtual getDataError {reexecute=0 rethrow=0 return_oop=1}
                      ; - java.net.URLClassLoader$1::run@71 (line 432)
                      ; - java.net.URLClassLoader$1::run@1 (line 421)
  0x000001cf1081ce38: 4448 56ff | 488b d54c | 8bc0 6690 

  0x000001cf1081ce44: ;   {optimized virtual_call}
  0x000001cf1081ce44: c5f8 77e8 

  0x000001cf1081ce48: ; ImmutableOopMap {rbp=Oop }
                      ;*invokevirtual addSuppressed {reexecute=0 rethrow=0 return_oop=0}
                      ; - java.net.URLClassLoader$1::run@74 (line 432)
                      ; - java.net.URLClassLoader$1::run@1 (line 421)
  0x000001cf1081ce48: 3445 56ff | 488b d5eb | 0648 8bd8 | 488b d3c5 | f877 4881 | c400 0100 

  0x000001cf1081ce60: ;   {runtime_call _rethrow_Java}
  0x000001cf1081ce60: 005d e919 | f460 ff48 | 8beb ba2f | 0000 0090 

  0x000001cf1081ce70: ;   {runtime_call UncommonTrapBlob}
  0x000001cf1081ce70: c5f8 77e8 

  0x000001cf1081ce74: ; ImmutableOopMap {rbp=Oop [64]=Oop }
                      ;*new {reexecute=0 rethrow=0 return_oop=0}
                      ; - java.net.URLClassLoader$1::run@48 (line 429)
                      ; - java.net.URLClassLoader$1::run@1 (line 421)
  0x000001cf1081ce74: 889a 56ff | bafd 0000 | 0066 6690 

  0x000001cf1081ce80: ;   {runtime_call UncommonTrapBlob}
  0x000001cf1081ce80: c5f8 77e8 

  0x000001cf1081ce84: ; ImmutableOopMap {[64]=Oop [72]=Oop [192]=Oop }
                      ;*new {reexecute=0 rethrow=0 return_oop=0}
                      ; - java.net.URLClassLoader::defineClass@103 (line 504)
                      ; - java.net.URLClassLoader$1::run@43 (line 427)
                      ; - java.net.URLClassLoader$1::run@1 (line 421)
  0x000001cf1081ce84: 789a 56ff | 488b e8ba | df01 0000 | 4c8b 5424 | 404c 8954 | 2420 4c8b | 5424 484c | 8954 2428 
  0x000001cf1081cea4: 4c8b 5424 | 384c 8954 | 2430 448b | 5c24 5044 | 895c 2448 | 448b 5424 | 5444 8954 | 244c 6690 
  0x000001cf1081cec4: ;   {runtime_call UncommonTrapBlob}
  0x000001cf1081cec4: c5f8 77e8 

  0x000001cf1081cec8: ; ImmutableOopMap {rbp=Oop [32]=Oop [40]=Oop [72]=NarrowOop [76]=NarrowOop [88]=Oop [96]=NarrowOop [120]=Oop [144]=Oop }
                      ;*new {reexecute=0 rethrow=0 return_oop=0}
                      ; - java.util.jar.JarFile::ensureInitialization@8 (line 1033)
                      ; - java.util.jar.JavaUtilJarAccessImpl::ensureInitialization@1 (line 72)
                      ; - jdk.internal.loader.URLClassPath$JarLoader$2::getManifest@10 (line 885)
                      ; - java.net.URLClassLoader::defineClass@34 (line 491)
                      ; - java.net.URLClassLoader$1::run@43 (line 427)
                      ; - java.net.URLClassLoader$1::run@1 (line 421)
  0x000001cf1081cec8: 349a 56ff | 498b cb48 | 8d94 24f0 | 0000 004d | 8bc7 660f | 1f44 0000 | c5f8 7749 | ba90 939f 
  0x000001cf1081cee8: 70f9 7f00 | 0041 ffd2 | e9d0 feff 

  0x000001cf1081cef4: ;   {internal_word}
  0x000001cf1081cef4: ff49 ba2f | 7281 10cf | 0100 004d | 8997 6003 

  0x000001cf1081cf04: ;   {runtime_call SafepointBlob}
  0x000001cf1081cf04: 0000 e9f5 | aa56 fff4 | f4f4 f4f4 | f4f4 f4f4 | f4f4 f4f4 | f4f4 f4f4 | f4f4 f4f4 
[Stub Code]
  0x000001cf1081cf20: ;   {no_reloc}
  0x000001cf1081cf20: 48bb 0000 | 0000 0000 

  0x000001cf1081cf28: ;   {runtime_call}
  0x000001cf1081cf28: 0000 e9fb 

  0x000001cf1081cf2c: ;   {static_stub}
  0x000001cf1081cf2c: ffff ff48 | bb00 0000 | 0000 0000 

  0x000001cf1081cf38: ;   {runtime_call}
  0x000001cf1081cf38: 00e9 fbff 

  0x000001cf1081cf3c: ;   {static_stub}
  0x000001cf1081cf3c: ffff 48bb | f086 187b | cf01 0000 

  0x000001cf1081cf48: ;   {runtime_call I2C/C2I adapters}
  0x000001cf1081cf48: e90c 8e56 

  0x000001cf1081cf4c: ;   {static_stub}
  0x000001cf1081cf4c: ff48 bb00 | 0000 0000 

  0x000001cf1081cf54: ;   {runtime_call}
  0x000001cf1081cf54: 0000 00e9 | fbff ffff 

  0x000001cf1081cf5c: ;   {static_stub}
  0x000001cf1081cf5c: 48bb 0000 | 0000 0000 

  0x000001cf1081cf64: ;   {runtime_call}
  0x000001cf1081cf64: 0000 e9fb 

  0x000001cf1081cf68: ;   {static_stub}
  0x000001cf1081cf68: ffff ff48 | bb00 0000 | 0000 0000 

  0x000001cf1081cf74: ;   {runtime_call}
  0x000001cf1081cf74: 00e9 fbff 

  0x000001cf1081cf78: ;   {static_stub}
  0x000001cf1081cf78: ffff 48bb | 0000 0000 | 0000 0000 

  0x000001cf1081cf84: ;   {runtime_call}
  0x000001cf1081cf84: e9fb ffff 

  0x000001cf1081cf88: ;   {static_stub}
  0x000001cf1081cf88: ff48 bb00 | 0000 0000 

  0x000001cf1081cf90: ;   {runtime_call}
  0x000001cf1081cf90: 0000 00e9 | fbff ffff 

  0x000001cf1081cf98: ;   {static_stub}
  0x000001cf1081cf98: 48bb 0000 | 0000 0000 

  0x000001cf1081cfa0: ;   {runtime_call}
  0x000001cf1081cfa0: 0000 e9fb 

  0x000001cf1081cfa4: ;   {static_stub}
  0x000001cf1081cfa4: ffff ff48 | bb00 0000 | 0000 0000 

  0x000001cf1081cfb0: ;   {runtime_call}
  0x000001cf1081cfb0: 00e9 fbff 

  0x000001cf1081cfb4: ;   {static_stub}
  0x000001cf1081cfb4: ffff 48bb | 0000 0000 | 0000 0000 

  0x000001cf1081cfc0: ;   {runtime_call}
  0x000001cf1081cfc0: e9fb ffff 

  0x000001cf1081cfc4: ;   {static_stub}
  0x000001cf1081cfc4: ff48 bb00 | 0000 0000 

  0x000001cf1081cfcc: ;   {runtime_call}
  0x000001cf1081cfcc: 0000 00e9 | fbff ffff 

  0x000001cf1081cfd4: ;   {static_stub}
  0x000001cf1081cfd4: 48bb 0000 | 0000 0000 

  0x000001cf1081cfdc: ;   {runtime_call}
  0x000001cf1081cfdc: 0000 e9fb 

  0x000001cf1081cfe0: ;   {static_stub}
  0x000001cf1081cfe0: ffff ff48 | bb00 0000 | 0000 0000 

  0x000001cf1081cfec: ;   {runtime_call}
  0x000001cf1081cfec: 00e9 fbff 

  0x000001cf1081cff0: ;   {static_stub}
  0x000001cf1081cff0: ffff 48bb | 0000 0000 | 0000 0000 

  0x000001cf1081cffc: ;   {runtime_call}
  0x000001cf1081cffc: e9fb ffff 

  0x000001cf1081d000: ;   {static_stub}
  0x000001cf1081d000: ff48 bb00 | 0000 0000 

  0x000001cf1081d008: ;   {runtime_call}
  0x000001cf1081d008: 0000 00e9 | fbff ffff 

  0x000001cf1081d010: ;   {static_stub}
  0x000001cf1081d010: 48bb 0000 | 0000 0000 

  0x000001cf1081d018: ;   {runtime_call}
  0x000001cf1081d018: 0000 e9fb 

  0x000001cf1081d01c: ;   {static_stub}
  0x000001cf1081d01c: ffff ff48 | bb18 6819 | 7bcf 0100 

  0x000001cf1081d028: ;   {runtime_call I2C/C2I adapters}
  0x000001cf1081d028: 00e9 2b8d 

  0x000001cf1081d02c: ;   {static_stub}
  0x000001cf1081d02c: 56ff 48bb | 0000 0000 | 0000 0000 

  0x000001cf1081d038: ;   {runtime_call}
  0x000001cf1081d038: e9fb ffff 

  0x000001cf1081d03c: ;   {static_stub}
  0x000001cf1081d03c: ff48 bb00 | 0000 0000 

  0x000001cf1081d044: ;   {runtime_call}
  0x000001cf1081d044: 0000 00e9 | fbff ffff 

  0x000001cf1081d04c: ;   {static_stub}
  0x000001cf1081d04c: 48bb 0000 | 0000 0000 

  0x000001cf1081d054: ;   {runtime_call}
  0x000001cf1081d054: 0000 e9fb 

  0x000001cf1081d058: ;   {static_stub}
  0x000001cf1081d058: ffff ff48 | bb00 0000 | 0000 0000 

  0x000001cf1081d064: ;   {runtime_call}
  0x000001cf1081d064: 00e9 fbff 

  0x000001cf1081d068: ;   {static_stub}
  0x000001cf1081d068: ffff 48bb | 0000 0000 | 0000 0000 

  0x000001cf1081d074: ;   {runtime_call}
  0x000001cf1081d074: e9fb ffff 

  0x000001cf1081d078: ;   {static_stub}
  0x000001cf1081d078: ff48 bb00 | 0000 0000 

  0x000001cf1081d080: ;   {runtime_call}
  0x000001cf1081d080: 0000 00e9 | fbff ffff 

  0x000001cf1081d088: ;   {static_stub}
  0x000001cf1081d088: 48bb 0000 | 0000 0000 

  0x000001cf1081d090: ;   {runtime_call}
  0x000001cf1081d090: 0000 e9fb 

  0x000001cf1081d094: ;   {static_stub}
  0x000001cf1081d094: ffff ff48 | bb00 0000 | 0000 0000 

  0x000001cf1081d0a0: ;   {runtime_call}
  0x000001cf1081d0a0: 00e9 fbff 

  0x000001cf1081d0a4: ;   {static_stub}
  0x000001cf1081d0a4: ffff 48bb | 0000 0000 | 0000 0000 

  0x000001cf1081d0b0: ;   {runtime_call}
  0x000001cf1081d0b0: e9fb ffff 

  0x000001cf1081d0b4: ;   {static_stub}
  0x000001cf1081d0b4: ff48 bb00 | 0000 0000 

  0x000001cf1081d0bc: ;   {runtime_call}
  0x000001cf1081d0bc: 0000 00e9 | fbff ffff 

  0x000001cf1081d0c4: ;   {static_stub}
  0x000001cf1081d0c4: 48bb 0000 | 0000 0000 

  0x000001cf1081d0cc: ;   {runtime_call}
  0x000001cf1081d0cc: 0000 e9fb 

  0x000001cf1081d0d0: ;   {static_stub}
  0x000001cf1081d0d0: ffff ff48 | bb00 0000 | 0000 0000 

  0x000001cf1081d0dc: ;   {runtime_call}
  0x000001cf1081d0dc: 00e9 fbff 

  0x000001cf1081d0e0: ;   {static_stub}
  0x000001cf1081d0e0: ffff 48bb | 0000 0000 | 0000 0000 

  0x000001cf1081d0ec: ;   {runtime_call}
  0x000001cf1081d0ec: e9fb ffff 

  0x000001cf1081d0f0: ;   {static_stub}
  0x000001cf1081d0f0: ff48 bb00 | 0000 0000 

  0x000001cf1081d0f8: ;   {runtime_call}
  0x000001cf1081d0f8: 0000 00e9 | fbff ffff 

  0x000001cf1081d100: ;   {static_stub}
  0x000001cf1081d100: 48bb 0000 | 0000 0000 

  0x000001cf1081d108: ;   {runtime_call}
  0x000001cf1081d108: 0000 e9fb 

  0x000001cf1081d10c: ;   {static_stub}
  0x000001cf1081d10c: ffff ff48 | bb00 0000 | 0000 0000 

  0x000001cf1081d118: ;   {runtime_call}
  0x000001cf1081d118: 00e9 fbff 

  0x000001cf1081d11c: ;   {static_stub}
  0x000001cf1081d11c: ffff 48bb | 0000 0000 | 0000 0000 

  0x000001cf1081d128: ;   {runtime_call}
  0x000001cf1081d128: e9fb ffff 

  0x000001cf1081d12c: ;   {static_stub}
  0x000001cf1081d12c: ff48 bb00 | 0000 0000 

  0x000001cf1081d134: ;   {runtime_call}
  0x000001cf1081d134: 0000 00e9 | fbff ffff 

  0x000001cf1081d13c: ;   {static_stub}
  0x000001cf1081d13c: 48bb 0000 | 0000 0000 

  0x000001cf1081d144: ;   {runtime_call}
  0x000001cf1081d144: 0000 e9fb 

  0x000001cf1081d148: ;   {static_stub}
  0x000001cf1081d148: ffff ff48 | bb00 0000 | 0000 0000 

  0x000001cf1081d154: ;   {runtime_call}
  0x000001cf1081d154: 00e9 fbff 

  0x000001cf1081d158: ;   {static_stub}
  0x000001cf1081d158: ffff 48bb | 0000 0000 | 0000 0000 

  0x000001cf1081d164: ;   {runtime_call}
  0x000001cf1081d164: e9fb ffff 

  0x000001cf1081d168: ;   {static_stub}
  0x000001cf1081d168: ff48 bb00 | 0000 0000 

  0x000001cf1081d170: ;   {runtime_call}
  0x000001cf1081d170: 0000 00e9 | fbff ffff 

  0x000001cf1081d178: ;   {static_stub}
  0x000001cf1081d178: 48bb 0000 | 0000 0000 

  0x000001cf1081d180: ;   {runtime_call}
  0x000001cf1081d180: 0000 e9fb 

  0x000001cf1081d184: ;   {static_stub}
  0x000001cf1081d184: ffff ff48 | bb00 0000 | 0000 0000 

  0x000001cf1081d190: ;   {runtime_call}
  0x000001cf1081d190: 00e9 fbff 

  0x000001cf1081d194: ;   {static_stub}
  0x000001cf1081d194: ffff 48bb | 0000 0000 | 0000 0000 

  0x000001cf1081d1a0: ;   {runtime_call}
  0x000001cf1081d1a0: e9fb ffff 

  0x000001cf1081d1a4: ;   {static_stub}
  0x000001cf1081d1a4: ff48 bb00 | 0000 0000 

  0x000001cf1081d1ac: ;   {runtime_call}
  0x000001cf1081d1ac: 0000 00e9 | fbff ffff 

  0x000001cf1081d1b4: ;   {static_stub}
  0x000001cf1081d1b4: 48bb 0000 | 0000 0000 

  0x000001cf1081d1bc: ;   {runtime_call}
  0x000001cf1081d1bc: 0000 e9fb 

  0x000001cf1081d1c0: ;   {static_stub}
  0x000001cf1081d1c0: ffff ff48 | bb00 0000 | 0000 0000 

  0x000001cf1081d1cc: ;   {runtime_call}
  0x000001cf1081d1cc: 00e9 fbff 

  0x000001cf1081d1d0: ;   {static_stub}
  0x000001cf1081d1d0: ffff 48bb | 0000 0000 | 0000 0000 

  0x000001cf1081d1dc: ;   {runtime_call}
  0x000001cf1081d1dc: e9fb ffff 

  0x000001cf1081d1e0: ;   {static_stub}
  0x000001cf1081d1e0: ff48 bb00 | 0000 0000 

  0x000001cf1081d1e8: ;   {runtime_call}
  0x000001cf1081d1e8: 0000 00e9 | fbff ffff 

  0x000001cf1081d1f0: ;   {static_stub}
  0x000001cf1081d1f0: 48bb 80a8 | 187b cf01 

  0x000001cf1081d1f8: ;   {runtime_call I2C/C2I adapters}
  0x000001cf1081d1f8: 0000 e95a 

  0x000001cf1081d1fc: ;   {static_stub}
  0x000001cf1081d1fc: 8b56 ff48 | bb00 0000 | 0000 0000 

  0x000001cf1081d208: ;   {runtime_call}
  0x000001cf1081d208: 00e9 fbff 

  0x000001cf1081d20c: ;   {static_stub}
  0x000001cf1081d20c: ffff 48bb | 0000 0000 | 0000 0000 

  0x000001cf1081d218: ;   {runtime_call}
  0x000001cf1081d218: e9fb ffff 

  0x000001cf1081d21c: ;   {static_stub}
  0x000001cf1081d21c: ff48 bb00 | 0000 0000 

  0x000001cf1081d224: ;   {runtime_call}
  0x000001cf1081d224: 0000 00e9 | fbff ffff 

  0x000001cf1081d22c: ;   {static_stub}
  0x000001cf1081d22c: 48bb 0000 | 0000 0000 

  0x000001cf1081d234: ;   {runtime_call}
  0x000001cf1081d234: 0000 e9fb 

  0x000001cf1081d238: ;   {static_stub}
  0x000001cf1081d238: ffff ff48 | bb00 0000 | 0000 0000 

  0x000001cf1081d244: ;   {runtime_call}
  0x000001cf1081d244: 00e9 fbff 

  0x000001cf1081d248: ;   {static_stub}
  0x000001cf1081d248: ffff 48bb | 0000 0000 | 0000 0000 

  0x000001cf1081d254: ;   {runtime_call}
  0x000001cf1081d254: e9fb ffff 

  0x000001cf1081d258: ;   {static_stub}
  0x000001cf1081d258: ff48 bb00 | 0000 0000 

  0x000001cf1081d260: ;   {runtime_call}
  0x000001cf1081d260: 0000 00e9 | fbff ffff 

  0x000001cf1081d268: ;   {static_stub}
  0x000001cf1081d268: 48bb 0000 | 0000 0000 

  0x000001cf1081d270: ;   {runtime_call}
  0x000001cf1081d270: 0000 e9fb 

  0x000001cf1081d274: ;   {static_stub}
  0x000001cf1081d274: ffff ff48 | bb00 0000 | 0000 0000 

  0x000001cf1081d280: ;   {runtime_call}
  0x000001cf1081d280: 00e9 fbff 

  0x000001cf1081d284: ;   {static_stub}
  0x000001cf1081d284: ffff 48bb | 0000 0000 | 0000 0000 

  0x000001cf1081d290: ;   {runtime_call}
  0x000001cf1081d290: e9fb ffff 

  0x000001cf1081d294: ;   {static_stub}
  0x000001cf1081d294: ff48 bb00 | 0000 0000 

  0x000001cf1081d29c: ;   {runtime_call}
  0x000001cf1081d29c: 0000 00e9 | fbff ffff 

  0x000001cf1081d2a4: ;   {static_stub}
  0x000001cf1081d2a4: 48bb 0000 | 0000 0000 

  0x000001cf1081d2ac: ;   {runtime_call}
  0x000001cf1081d2ac: 0000 e9fb 

  0x000001cf1081d2b0: ;   {static_stub}
  0x000001cf1081d2b0: ffff ff48 | bb00 0000 | 0000 0000 

  0x000001cf1081d2bc: ;   {runtime_call}
  0x000001cf1081d2bc: 00e9 fbff 

  0x000001cf1081d2c0: ;   {static_stub}
  0x000001cf1081d2c0: ffff 48bb | 0000 0000 | 0000 0000 

  0x000001cf1081d2cc: ;   {runtime_call}
  0x000001cf1081d2cc: e9fb ffff 

  0x000001cf1081d2d0: ;   {static_stub}
  0x000001cf1081d2d0: ff48 bb00 | 0000 0000 

  0x000001cf1081d2d8: ;   {runtime_call}
  0x000001cf1081d2d8: 0000 00e9 | fbff ffff 

  0x000001cf1081d2e0: ;   {static_stub}
  0x000001cf1081d2e0: 48bb 0000 | 0000 0000 

  0x000001cf1081d2e8: ;   {runtime_call}
  0x000001cf1081d2e8: 0000 e9fb 

  0x000001cf1081d2ec: ;   {static_stub}
  0x000001cf1081d2ec: ffff ff48 | bb00 0000 | 0000 0000 

  0x000001cf1081d2f8: ;   {runtime_call}
  0x000001cf1081d2f8: 00e9 fbff 

  0x000001cf1081d2fc: ;   {static_stub}
  0x000001cf1081d2fc: ffff 48bb | 0000 0000 | 0000 0000 

  0x000001cf1081d308: ;   {runtime_call}
  0x000001cf1081d308: e9fb ffff 

  0x000001cf1081d30c: ;   {static_stub}
  0x000001cf1081d30c: ff48 bb00 | 0000 0000 

  0x000001cf1081d314: ;   {runtime_call}
  0x000001cf1081d314: 0000 00e9 | fbff ffff 

  0x000001cf1081d31c: ;   {static_stub}
  0x000001cf1081d31c: 48bb 0000 | 0000 0000 

  0x000001cf1081d324: ;   {runtime_call}
  0x000001cf1081d324: 0000 e9fb 

  0x000001cf1081d328: ;   {static_stub}
  0x000001cf1081d328: ffff ff48 | bb00 0000 | 0000 0000 

  0x000001cf1081d334: ;   {runtime_call}
  0x000001cf1081d334: 00e9 fbff 

  0x000001cf1081d338: ;   {static_stub}
  0x000001cf1081d338: ffff 48bb | 0000 0000 | 0000 0000 

  0x000001cf1081d344: ;   {runtime_call}
  0x000001cf1081d344: e9fb ffff 

  0x000001cf1081d348: ;   {static_stub}
  0x000001cf1081d348: ff48 bb00 | 0000 0000 

  0x000001cf1081d350: ;   {runtime_call}
  0x000001cf1081d350: 0000 00e9 | fbff ffff 

  0x000001cf1081d358: ;   {static_stub}
  0x000001cf1081d358: 48bb 0000 | 0000 0000 

  0x000001cf1081d360: ;   {runtime_call}
  0x000001cf1081d360: 0000 e9fb 

  0x000001cf1081d364: ;   {static_stub}
  0x000001cf1081d364: ffff ff48 | bb00 0000 | 0000 0000 

  0x000001cf1081d370: ;   {runtime_call}
  0x000001cf1081d370: 00e9 fbff 

  0x000001cf1081d374: ;   {static_stub}
  0x000001cf1081d374: ffff 48bb | 0000 0000 | 0000 0000 

  0x000001cf1081d380: ;   {runtime_call}
  0x000001cf1081d380: e9fb ffff 

  0x000001cf1081d384: ;   {runtime_call ExceptionBlob}
  0x000001cf1081d384: ffe9 f657 | 60ff e800 | 0000 0048 | 832c 2405 

  0x000001cf1081d394: ;   {runtime_call DeoptimizationBlob}
  0x000001cf1081d394: e907 9956 | fff4 f4f4 | f4f4 f4f4 
[/MachCode]


---------------  P R O C E S S  ---------------

Threads class SMR info:
_java_thread_list=0x000001cfc4bc67e0, length=119, elements={
0x000001cf65081d80, 0x000001cf78315790, 0x000001cf78316520, 0x000001cf7832b800,
0x000001cf7832c0d0, 0x000001cf7832e9b0, 0x000001cf7832f280, 0x000001cf78330e90,
0x000001cf783397b0, 0x000001cf78346cb0, 0x000001cfc00ea430, 0x000001cfc01f1e20,
0x000001cfc199c850, 0x000001cfc10e8010, 0x000001cfc1816820, 0x000001cfc03d0eb0,
0x000001cfc04fe930, 0x000001cfc0377730, 0x000001cfc0378b70, 0x000001cfc0377c40,
0x000001cfc037a4c0, 0x000001cfc0379590, 0x000001cfc0378150, 0x000001cfc037aee0,
0x000001cfc0378660, 0x000001cfc0379080, 0x000001cfc0379aa0, 0x000001cfc0379fb0,
0x000001cfc389eac0, 0x000001cfc389efd0, 0x000001cfc389d680, 0x000001cfc389c750,
0x000001cfc389e0a0, 0x000001cfc389a3e0, 0x000001cfc389ae00, 0x000001cfc389b820,
0x000001cfc389c240, 0x000001cfc389d170, 0x000001cfc389e5b0, 0x000001cfc389f4e0,
0x000001cfc3898070, 0x000001cfc389a8f0, 0x000001cfc389f9f0, 0x000001cfc3898fa0,
0x000001cfc38994b0, 0x000001cfc38999c0, 0x000001cfc3542830, 0x000001cfc35413f0,
0x000001cfc3541900, 0x000001cfc3542320, 0x000001cfc3541e10, 0x000001cfc353f080,
0x000001cfc3540ee0, 0x000001cfc353f590, 0x000001cfc35404c0, 0x000001cfc353faa0,
0x000001cfc353ffb0, 0x000001cfc35409d0, 0x000001cfc3a60cb0, 0x000001cfc3a63020,
0x000001cfc3a63530, 0x000001cfc3a611c0, 0x000001cfc3a616d0, 0x000001cfc3a61be0,
0x000001cfc3a63f50, 0x000001cfc3a620f0, 0x000001cfc3d5a4a0, 0x000001cfc3d5b8e0,
0x000001cfc3d5a9b0, 0x000001cfc3d5cd20, 0x000001cfc3d5aec0, 0x000001cfc3d59a80,
0x000001cfc3d59f90, 0x000001cfc3d5d230, 0x000001cfc3d58b50, 0x000001cfc3d5bdf0,
0x000001cfc3d5b3d0, 0x000001cfc3d5c300, 0x000001cfc3d5d740, 0x000001cfc3d57200,
0x000001cfc3d58130, 0x000001cfc3d5c810, 0x000001cfc3d562d0, 0x000001cfc3d58640,
0x000001cfc3d5dc50, 0x000001cfc3d567e0, 0x000001cfc3d56cf0, 0x000001cfc3d57710,
0x000001cfc3d57c20, 0x000001cfc3d59060, 0x000001cfc3d59570, 0x000001cfc264f3a0,
0x000001cfc2651c20, 0x000001cfc264da50, 0x000001cfc264e980, 0x000001cfc2652640,
0x000001cfc2652130, 0x000001cfc26507e0, 0x000001cfc26502d0, 0x000001cfc2652b50,
0x000001cfc2653060, 0x000001cfc264ee90, 0x000001cfc26544a0, 0x000001cfc2653570,
0x000001cfc264f8b0, 0x000001cfc2653a80, 0x000001cfc2653f90, 0x000001cfc264fdc0,
0x000001cfc2650cf0, 0x000001cfc264d030, 0x000001cfc26549b0, 0x000001cfc2651200,
0x000001cfc264d540, 0x000001cfc264df60, 0x000001cfc264e470, 0x000001cfc48e0f90,
0x000001cfc48e5160, 0x000001cfc48e19b0, 0x000001cfc48e5b80
}

Java Threads: ( => current thread )
  0x000001cf65081d80 JavaThread "main" [_thread_blocked, id=17128, stack(0x000000480c100000,0x000000480c200000)]
  0x000001cf78315790 JavaThread "Reference Handler" daemon [_thread_blocked, id=16596, stack(0x000000480c800000,0x000000480c900000)]
  0x000001cf78316520 JavaThread "Finalizer" daemon [_thread_blocked, id=16568, stack(0x000000480c900000,0x000000480ca00000)]
  0x000001cf7832b800 JavaThread "Signal Dispatcher" daemon [_thread_blocked, id=16600, stack(0x000000480ca00000,0x000000480cb00000)]
  0x000001cf7832c0d0 JavaThread "Attach Listener" daemon [_thread_blocked, id=16604, stack(0x000000480cb00000,0x000000480cc00000)]
  0x000001cf7832e9b0 JavaThread "Service Thread" daemon [_thread_blocked, id=16608, stack(0x000000480cc00000,0x000000480cd00000)]
  0x000001cf7832f280 JavaThread "Monitor Deflation Thread" daemon [_thread_blocked, id=16388, stack(0x000000480cd00000,0x000000480ce00000)]
  0x000001cf78330e90 JavaThread "C2 CompilerThread0" daemon [_thread_blocked, id=16564, stack(0x000000480ce00000,0x000000480cf00000)]
  0x000001cf783397b0 JavaThread "C1 CompilerThread0" daemon [_thread_blocked, id=16484, stack(0x000000480cf00000,0x000000480d000000)]
  0x000001cf78346cb0 JavaThread "Sweeper thread" daemon [_thread_blocked, id=6532, stack(0x000000480d000000,0x000000480d100000)]
  0x000001cfc00ea430 JavaThread "Common-Cleaner" daemon [_thread_blocked, id=5580, stack(0x000000480d100000,0x000000480d200000)]
  0x000001cfc01f1e20 JavaThread "Notification Thread" daemon [_thread_blocked, id=14788, stack(0x000000480d200000,0x000000480d300000)]
  0x000001cfc199c850 JavaThread "Daemon health stats" [_thread_blocked, id=17936, stack(0x000000480d800000,0x000000480d900000)]
  0x000001cfc10e8010 JavaThread "Incoming local TCP Connector on port 49306" [_thread_in_native, id=18216, stack(0x000000480d900000,0x000000480da00000)]
  0x000001cfc1816820 JavaThread "Daemon periodic checks" [_thread_blocked, id=18240, stack(0x000000480da00000,0x000000480db00000)]
  0x000001cfc03d0eb0 JavaThread "Daemon" [_thread_blocked, id=18300, stack(0x000000480db00000,0x000000480dc00000)]
  0x000001cfc04fe930 JavaThread "Handler for socket connection from /127.0.0.1:49306 to /127.0.0.1:49308" [_thread_in_native, id=18304, stack(0x000000480dc00000,0x000000480dd00000)]
  0x000001cfc0377730 JavaThread "Cancel handler" [_thread_blocked, id=18364, stack(0x000000480dd00000,0x000000480de00000)]
=>0x000001cfc0378b70 JavaThread "Daemon worker" [_thread_in_vm, id=18368, stack(0x000000480de00000,0x000000480df00000)]
  0x000001cfc0377c40 JavaThread "Asynchronous log dispatcher for DefaultDaemonConnection: socket connection from /127.0.0.1:49306 to /127.0.0.1:49308" [_thread_blocked, id=18372, stack(0x000000480df00000,0x000000480e000000)]
  0x000001cfc037a4c0 JavaThread "Stdin handler" [_thread_blocked, id=18376, stack(0x000000480e000000,0x000000480e100000)]
  0x000001cfc0379590 JavaThread "Daemon client event forwarder" [_thread_blocked, id=18380, stack(0x000000480e100000,0x000000480e200000)]
  0x000001cfc0378150 JavaThread "Cache worker for journal cache (C:\Users\admin\.gradle\caches\journal-1)" [_thread_blocked, id=10272, stack(0x000000480e200000,0x000000480e300000)]
  0x000001cfc037aee0 JavaThread "File lock request listener" [_thread_blocked, id=14264, stack(0x000000480e300000,0x000000480e400000)]
  0x000001cfc0378660 JavaThread "Cache worker for file hash cache (C:\Users\admin\.gradle\caches\8.14\fileHashes)" [_thread_blocked, id=17308, stack(0x000000480e400000,0x000000480e500000)]
  0x000001cfc0379080 JavaThread "File lock release action executor" [_thread_blocked, id=5240, stack(0x000000480e500000,0x000000480e600000)]
  0x000001cfc0379aa0 JavaThread "Cache worker for file hash cache (C:\Users\admin\Downloads\livreurs-pro\flutter\flutter\dev\a11y_assessments\android\.gradle\8.14\fileHashes)" [_thread_blocked, id=18048, stack(0x000000480e900000,0x000000480ea00000)]
  0x000001cfc0379fb0 JavaThread "Cache worker for Build Output Cleanup Cache (C:\Users\admin\Downloads\livreurs-pro\flutter\flutter\dev\a11y_assessments\android\.gradle\buildOutputCleanup)" [_thread_blocked, id=18444, stack(0x000000480ea00000,0x000000480eb00000)]
  0x000001cfc389eac0 JavaThread "File watcher server" daemon [_thread_in_native, id=18560, stack(0x000000480ec00000,0x000000480ed00000)]
  0x000001cfc389efd0 JavaThread "File watcher consumer" daemon [_thread_blocked, id=18564, stack(0x000000480ed00000,0x000000480ee00000)]
  0x000001cfc389d680 JavaThread "jar transforms" [_thread_blocked, id=18588, stack(0x000000480ee00000,0x000000480ef00000)]
  0x000001cfc389c750 JavaThread "jar transforms Thread 2" [_thread_blocked, id=18592, stack(0x000000480ef00000,0x000000480f000000)]
  0x000001cfc389e0a0 JavaThread "jar transforms Thread 3" [_thread_blocked, id=18596, stack(0x000000480f000000,0x000000480f100000)]
  0x000001cfc389a3e0 JavaThread "jar transforms Thread 4" [_thread_blocked, id=19000, stack(0x000000480f100000,0x000000480f200000)]
  0x000001cfc389ae00 JavaThread "jar transforms Thread 5" [_thread_blocked, id=19040, stack(0x000000480f200000,0x000000480f300000)]
  0x000001cfc389b820 JavaThread "Cache worker for checksums cache (C:\Users\admin\Downloads\livreurs-pro\flutter\flutter\dev\a11y_assessments\android\.gradle\8.14\checksums)" [_thread_blocked, id=19384, stack(0x000000480f400000,0x000000480f500000)]
  0x000001cfc389c240 JavaThread "Cache worker for file content cache (C:\Users\admin\.gradle\caches\8.14\fileContent)" [_thread_blocked, id=19396, stack(0x000000480f500000,0x000000480f600000)]
  0x000001cfc389d170 JavaThread "jar transforms Thread 6" [_thread_blocked, id=18556, stack(0x000000480f600000,0x000000480f700000)]
  0x000001cfc389e5b0 JavaThread "jar transforms Thread 7" [_thread_blocked, id=17564, stack(0x000000480f700000,0x000000480f800000)]
  0x000001cfc389f4e0 JavaThread "jar transforms Thread 8" [_thread_blocked, id=17540, stack(0x000000480f800000,0x000000480f900000)]
  0x000001cfc3898070 JavaThread "Cache worker for cache directory md-supplier (C:\Users\admin\.gradle\caches\8.14\md-supplier)" [_thread_blocked, id=17596, stack(0x000000480fb00000,0x000000480fc00000)]
  0x000001cfc389a8f0 JavaThread "Cache worker for cache directory md-rule (C:\Users\admin\.gradle\caches\8.14\md-rule)" [_thread_blocked, id=15864, stack(0x000000480fc00000,0x000000480fd00000)]
  0x000001cfc389f9f0 JavaThread "Cache worker for Build Output Cleanup Cache (C:\flutter\packages\flutter_tools\gradle\.gradle\buildOutputCleanup)" [_thread_blocked, id=19280, stack(0x000000480fd00000,0x000000480fe00000)]
  0x000001cfc3898fa0 JavaThread "Unconstrained build operations" [_thread_blocked, id=18052, stack(0x000000480fe00000,0x000000480ff00000)]
  0x000001cfc38994b0 JavaThread "Unconstrained build operations Thread 2" [_thread_blocked, id=1076, stack(0x000000480ff00000,0x0000004810000000)]
  0x000001cfc38999c0 JavaThread "Unconstrained build operations Thread 3" [_thread_blocked, id=19224, stack(0x0000004810000000,0x0000004810100000)]
  0x000001cfc3542830 JavaThread "Unconstrained build operations Thread 4" [_thread_blocked, id=19008, stack(0x0000004810100000,0x0000004810200000)]
  0x000001cfc35413f0 JavaThread "Unconstrained build operations Thread 5" [_thread_blocked, id=19160, stack(0x0000004810200000,0x0000004810300000)]
  0x000001cfc3541900 JavaThread "Unconstrained build operations Thread 6" [_thread_blocked, id=18288, stack(0x0000004810300000,0x0000004810400000)]
  0x000001cfc3542320 JavaThread "Unconstrained build operations Thread 7" [_thread_blocked, id=18600, stack(0x0000004810400000,0x0000004810500000)]
  0x000001cfc3541e10 JavaThread "Unconstrained build operations Thread 8" [_thread_blocked, id=9276, stack(0x0000004810500000,0x0000004810600000)]
  0x000001cfc353f080 JavaThread "Unconstrained build operations Thread 9" [_thread_blocked, id=17952, stack(0x0000004810600000,0x0000004810700000)]
  0x000001cfc3540ee0 JavaThread "Unconstrained build operations Thread 10" [_thread_blocked, id=18548, stack(0x0000004810700000,0x0000004810800000)]
  0x000001cfc353f590 JavaThread "Unconstrained build operations Thread 11" [_thread_blocked, id=19136, stack(0x0000004810800000,0x0000004810900000)]
  0x000001cfc35404c0 JavaThread "Unconstrained build operations Thread 12" [_thread_blocked, id=19052, stack(0x0000004810900000,0x0000004810a00000)]
  0x000001cfc353faa0 JavaThread "Unconstrained build operations Thread 13" [_thread_blocked, id=3852, stack(0x0000004810a00000,0x0000004810b00000)]
  0x000001cfc353ffb0 JavaThread "Unconstrained build operations Thread 14" [_thread_blocked, id=18972, stack(0x0000004810b00000,0x0000004810c00000)]
  0x000001cfc35409d0 JavaThread "Unconstrained build operations Thread 15" [_thread_blocked, id=17364, stack(0x0000004810c00000,0x0000004810d00000)]
  0x000001cfc3a60cb0 JavaThread "Unconstrained build operations Thread 16" [_thread_blocked, id=19016, stack(0x0000004810d00000,0x0000004810e00000)]
  0x000001cfc3a63020 JavaThread "Unconstrained build operations Thread 17" [_thread_blocked, id=19284, stack(0x0000004810e00000,0x0000004810f00000)]
  0x000001cfc3a63530 JavaThread "Unconstrained build operations Thread 18" [_thread_blocked, id=19232, stack(0x0000004810f00000,0x0000004811000000)]
  0x000001cfc3a611c0 JavaThread "Unconstrained build operations Thread 19" [_thread_blocked, id=14468, stack(0x0000004811000000,0x0000004811100000)]
  0x000001cfc3a616d0 JavaThread "Unconstrained build operations Thread 20" [_thread_blocked, id=19180, stack(0x0000004811100000,0x0000004811200000)]
  0x000001cfc3a61be0 JavaThread "Unconstrained build operations Thread 21" [_thread_blocked, id=18752, stack(0x0000004811200000,0x0000004811300000)]
  0x000001cfc3a63f50 JavaThread "Memory manager" [_thread_blocked, id=16160, stack(0x0000004811300000,0x0000004811400000)]
  0x000001cfc3a620f0 JavaThread "build event listener" [_thread_blocked, id=17636, stack(0x000000480c000000,0x000000480c100000)]
  0x000001cfc3d5a4a0 JavaThread "included builds" [_thread_blocked, id=17268, stack(0x000000480bf00000,0x000000480c000000)]
  0x000001cfc3d5b8e0 JavaThread "Execution worker" [_thread_blocked, id=16332, stack(0x0000004811400000,0x0000004811500000)]
  0x000001cfc3d5a9b0 JavaThread "Execution worker Thread 2" [_thread_blocked, id=10968, stack(0x0000004811500000,0x0000004811600000)]
  0x000001cfc3d5cd20 JavaThread "Execution worker Thread 3" [_thread_blocked, id=15972, stack(0x0000004811600000,0x0000004811700000)]
  0x000001cfc3d5aec0 JavaThread "Execution worker Thread 4" [_thread_blocked, id=11848, stack(0x0000004811700000,0x0000004811800000)]
  0x000001cfc3d59a80 JavaThread "Execution worker Thread 5" [_thread_blocked, id=16328, stack(0x0000004811800000,0x0000004811900000)]
  0x000001cfc3d59f90 JavaThread "Execution worker Thread 6" [_thread_blocked, id=8284, stack(0x0000004811900000,0x0000004811a00000)]
  0x000001cfc3d5d230 JavaThread "Execution worker Thread 7" [_thread_blocked, id=9488, stack(0x0000004811a00000,0x0000004811b00000)]
  0x000001cfc3d58b50 JavaThread "Cache worker for execution history cache (C:\flutter\packages\flutter_tools\gradle\.gradle\8.14\executionHistory)" [_thread_blocked, id=16256, stack(0x0000004811b00000,0x0000004811c00000)]
  0x000001cfc3d5bdf0 JavaThread "Unconstrained build operations Thread 22" [_thread_blocked, id=5168, stack(0x0000004811c00000,0x0000004811d00000)]
  0x000001cfc3d5b3d0 JavaThread "Unconstrained build operations Thread 23" [_thread_blocked, id=17656, stack(0x0000004811d00000,0x0000004811e00000)]
  0x000001cfc3d5c300 JavaThread "Unconstrained build operations Thread 24" [_thread_blocked, id=17676, stack(0x0000004811e00000,0x0000004811f00000)]
  0x000001cfc3d5d740 JavaThread "Unconstrained build operations Thread 25" [_thread_blocked, id=17672, stack(0x0000004811f00000,0x0000004812000000)]
  0x000001cfc3d57200 JavaThread "Unconstrained build operations Thread 26" [_thread_blocked, id=17664, stack(0x0000004812000000,0x0000004812100000)]
  0x000001cfc3d58130 JavaThread "Unconstrained build operations Thread 27" [_thread_blocked, id=17392, stack(0x0000004812100000,0x0000004812200000)]
  0x000001cfc3d5c810 JavaThread "Unconstrained build operations Thread 28" [_thread_blocked, id=16456, stack(0x0000004812200000,0x0000004812300000)]
  0x000001cfc3d562d0 JavaThread "Unconstrained build operations Thread 29" [_thread_blocked, id=5836, stack(0x0000004812300000,0x0000004812400000)]
  0x000001cfc3d58640 JavaThread "Unconstrained build operations Thread 30" [_thread_blocked, id=9768, stack(0x0000004812400000,0x0000004812500000)]
  0x000001cfc3d5dc50 JavaThread "Unconstrained build operations Thread 31" [_thread_blocked, id=5736, stack(0x0000004812500000,0x0000004812600000)]
  0x000001cfc3d567e0 JavaThread "Unconstrained build operations Thread 32" [_thread_blocked, id=11348, stack(0x0000004812600000,0x0000004812700000)]
  0x000001cfc3d56cf0 JavaThread "Unconstrained build operations Thread 33" [_thread_blocked, id=16248, stack(0x0000004812700000,0x0000004812800000)]
  0x000001cfc3d57710 JavaThread "Unconstrained build operations Thread 34" [_thread_blocked, id=17688, stack(0x0000004812800000,0x0000004812900000)]
  0x000001cfc3d57c20 JavaThread "Unconstrained build operations Thread 35" [_thread_blocked, id=17684, stack(0x0000004812900000,0x0000004812a00000)]
  0x000001cfc3d59060 JavaThread "Unconstrained build operations Thread 36" [_thread_blocked, id=11384, stack(0x0000004812a00000,0x0000004812b00000)]
  0x000001cfc3d59570 JavaThread "Unconstrained build operations Thread 37" [_thread_blocked, id=2648, stack(0x0000004812b00000,0x0000004812c00000)]
  0x000001cfc264f3a0 JavaThread "Unconstrained build operations Thread 38" [_thread_blocked, id=7368, stack(0x0000004812c00000,0x0000004812d00000)]
  0x000001cfc2651c20 JavaThread "Unconstrained build operations Thread 39" [_thread_blocked, id=18924, stack(0x0000004812d00000,0x0000004812e00000)]
  0x000001cfc264da50 JavaThread "Unconstrained build operations Thread 40" [_thread_blocked, id=9548, stack(0x0000004812e00000,0x0000004812f00000)]
  0x000001cfc264e980 JavaThread "Unconstrained build operations Thread 41" [_thread_blocked, id=18768, stack(0x0000004812f00000,0x0000004813000000)]
  0x000001cfc2652640 JavaThread "Unconstrained build operations Thread 42" [_thread_blocked, id=6852, stack(0x0000004813000000,0x0000004813100000)]
  0x000001cfc2652130 JavaThread "Unconstrained build operations Thread 43" [_thread_blocked, id=14072, stack(0x0000004813100000,0x0000004813200000)]
  0x000001cfc26507e0 JavaThread "Unconstrained build operations Thread 44" [_thread_blocked, id=19300, stack(0x0000004813200000,0x0000004813300000)]
  0x000001cfc26502d0 JavaThread "Unconstrained build operations Thread 45" [_thread_blocked, id=16808, stack(0x0000004813300000,0x0000004813400000)]
  0x000001cfc2652b50 JavaThread "Unconstrained build operations Thread 46" [_thread_blocked, id=16804, stack(0x0000004813400000,0x0000004813500000)]
  0x000001cfc2653060 JavaThread "Unconstrained build operations Thread 47" [_thread_blocked, id=7992, stack(0x0000004813500000,0x0000004813600000)]
  0x000001cfc264ee90 JavaThread "Unconstrained build operations Thread 48" [_thread_blocked, id=14008, stack(0x0000004813600000,0x0000004813700000)]
  0x000001cfc26544a0 JavaThread "Unconstrained build operations Thread 49" [_thread_blocked, id=9288, stack(0x0000004813700000,0x0000004813800000)]
  0x000001cfc2653570 JavaThread "Unconstrained build operations Thread 50" [_thread_blocked, id=10432, stack(0x0000004813800000,0x0000004813900000)]
  0x000001cfc264f8b0 JavaThread "Unconstrained build operations Thread 51" [_thread_blocked, id=13808, stack(0x0000004813900000,0x0000004813a00000)]
  0x000001cfc2653a80 JavaThread "Unconstrained build operations Thread 52" [_thread_blocked, id=18328, stack(0x0000004813a00000,0x0000004813b00000)]
  0x000001cfc2653f90 JavaThread "Unconstrained build operations Thread 53" [_thread_blocked, id=17904, stack(0x0000004813b00000,0x0000004813c00000)]
  0x000001cfc264fdc0 JavaThread "Unconstrained build operations Thread 54" [_thread_blocked, id=17896, stack(0x0000004813c00000,0x0000004813d00000)]
  0x000001cfc2650cf0 JavaThread "Unconstrained build operations Thread 55" [_thread_blocked, id=17888, stack(0x0000004813d00000,0x0000004813e00000)]
  0x000001cfc264d030 JavaThread "Unconstrained build operations Thread 56" [_thread_blocked, id=12656, stack(0x0000004813e00000,0x0000004813f00000)]
  0x000001cfc26549b0 JavaThread "Unconstrained build operations Thread 57" [_thread_blocked, id=17880, stack(0x0000004813f00000,0x0000004814000000)]
  0x000001cfc2651200 JavaThread "Unconstrained build operations Thread 58" [_thread_blocked, id=16712, stack(0x0000004814000000,0x0000004814100000)]
  0x000001cfc264d540 JavaThread "Unconstrained build operations Thread 59" [_thread_blocked, id=17960, stack(0x0000004814100000,0x0000004814200000)]
  0x000001cfc264df60 JavaThread "Unconstrained build operations Thread 60" [_thread_blocked, id=8380, stack(0x0000004814200000,0x0000004814300000)]
  0x000001cfc264e470 JavaThread "Unconstrained build operations Thread 61" [_thread_blocked, id=14720, stack(0x0000004814300000,0x0000004814400000)]
  0x000001cfc48e0f90 JavaThread "Unconstrained build operations Thread 62" [_thread_blocked, id=8788, stack(0x0000004814400000,0x0000004814500000)]
  0x000001cfc48e5160 JavaThread "Unconstrained build operations Thread 63" [_thread_blocked, id=16692, stack(0x0000004814500000,0x0000004814600000)]
  0x000001cfc48e19b0 JavaThread "Unconstrained build operations Thread 64" [_thread_blocked, id=908, stack(0x0000004814600000,0x0000004814700000)]
  0x000001cfc48e5b80 JavaThread "Unconstrained build operations Thread 65" [_thread_blocked, id=18640, stack(0x0000004814700000,0x0000004814800000)]

Other Threads:
  0x000001cf78310640 VMThread "VM Thread" [stack: 0x000000480c700000,0x000000480c800000] [id=16556] _threads_hazard_ptr=0x000001cfc4bc67e0
  0x000001cf65082b10 WatcherThread [stack: 0x000000480d300000,0x000000480d400000] [id=12340]
  0x000001cf78150910 GCTaskThread "GC Thread#0" [stack: 0x000000480c200000,0x000000480c300000] [id=4620]
  0x000001cfc0275140 GCTaskThread "GC Thread#1" [stack: 0x000000480d400000,0x000000480d500000] [id=15888]
  0x000001cfc0257090 GCTaskThread "GC Thread#2" [stack: 0x000000480d500000,0x000000480d600000] [id=17388]
  0x000001cfc0d39c10 GCTaskThread "GC Thread#3" [stack: 0x000000480d600000,0x000000480d700000] [id=17612]
  0x000001cfc02c2f30 GCTaskThread "GC Thread#4" [stack: 0x000000480d700000,0x000000480d800000] [id=17616]
  0x000001cfc0f843c0 GCTaskThread "GC Thread#5" [stack: 0x000000480e600000,0x000000480e700000] [id=17832]
  0x000001cfc0f84680 GCTaskThread "GC Thread#6" [stack: 0x000000480e700000,0x000000480e800000] [id=17804]
  0x000001cfc0f84ec0 GCTaskThread "GC Thread#7" [stack: 0x000000480e800000,0x000000480e900000] [id=17468]
  0x000001cf78161770 ConcurrentGCThread "G1 Main Marker" [stack: 0x000000480c300000,0x000000480c400000] [id=6236]
  0x000001cf781620a0 ConcurrentGCThread "G1 Conc#0" [stack: 0x000000480c400000,0x000000480c500000] [id=16848]
  0x000001cfc0f83b80 ConcurrentGCThread "G1 Conc#1" [stack: 0x000000480eb00000,0x000000480ec00000] [id=18456]
  0x000001cf781ce460 ConcurrentGCThread "G1 Refine#0" [stack: 0x000000480c500000,0x000000480c600000] [id=16584]
  0x000001cfc1fc0a20 ConcurrentGCThread "G1 Refine#1" [stack: 0x000000480f300000,0x000000480f400000] [id=19304]
  0x000001cf781ceda0 ConcurrentGCThread "G1 Service" [stack: 0x000000480c600000,0x000000480c700000] [id=16560]

Threads with active compile tasks:

VM state: synchronizing (normal execution)

VM Mutex/Monitor currently owned by a thread:  ([mutex/lock_event])
[0x000001cf6507bf10] Metaspace_lock - owner thread: 0x000001cfc0378b70
[0x000001cf6507e240] Threads_lock - owner thread: 0x000001cf78310640

Heap address: 0x0000000600000000, size: 8192 MB, Compressed Oops mode: Zero based, Oop shift amount: 3

CDS archive(s) mapped at: [0x000001cf7b000000-0x000001cf7bbb0000-0x000001cf7bbb0000), size 12255232, SharedBaseAddress: 0x000001cf7b000000, ArchiveRelocationMode: 1.
Compressed class space mapped at: 0x000001cf7c000000-0x000001cfbc000000, reserved size: 1073741824
Narrow klass base: 0x000001cf7b000000, Narrow klass shift: 0, Narrow klass range: 0x100000000

GC Precious Log:
 CPUs: 8 total, 8 available
 Memory: 8070M
 Large Page Support: Disabled
 NUMA Support: Disabled
 Compressed Oops: Enabled (Zero based)
 Heap Region Size: 4M
 Heap Min Capacity: 8M
 Heap Initial Capacity: 128M
 Heap Max Capacity: 8G
 Pre-touch: Disabled
 Parallel Workers: 8
 Concurrent Workers: 2
 Concurrent Refinement Workers: 8
 Periodic GC: Disabled

Heap:
 garbage-first heap   total 163840K, used 114756K [0x0000000600000000, 0x0000000800000000)
  region size 4096K, 3 young (12288K), 1 survivors (4096K)
 Metaspace       used 83465K, committed 84352K, reserved 1179648K
  class space    used 11593K, committed 12032K, reserved 1048576K

Heap Regions: E=young(eden), S=young(survivor), O=old, HS=humongous(starts), HC=humongous(continues), CS=collection set, F=free, OA=open archive, CA=closed archive, TAMS=top-at-mark-start (previous, next)
|   0|0x0000000600000000, 0x0000000600400000, 0x0000000600400000|100%|HS|  |TAMS 0x0000000600400000, 0x0000000600000000| Complete 
|   1|0x0000000600400000, 0x0000000600800000, 0x0000000600800000|100%| O|  |TAMS 0x0000000600800000, 0x0000000600400000| Untracked 
|   2|0x0000000600800000, 0x0000000600c00000, 0x0000000600c00000|100%| O|  |TAMS 0x0000000600c00000, 0x0000000600800000| Untracked 
|   3|0x0000000600c00000, 0x0000000600fe7200, 0x0000000601000000| 97%| O|  |TAMS 0x0000000600fe7200, 0x0000000600c00000| Untracked 
|   4|0x0000000601000000, 0x0000000601400000, 0x0000000601400000|100%| O|  |TAMS 0x0000000601400000, 0x0000000601000000| Untracked 
|   5|0x0000000601400000, 0x0000000601800000, 0x0000000601800000|100%| O|  |TAMS 0x0000000601800000, 0x0000000601400000| Untracked 
|   6|0x0000000601800000, 0x0000000601c00000, 0x0000000601c00000|100%| O|  |TAMS 0x0000000601c00000, 0x0000000601800000| Untracked 
|   7|0x0000000601c00000, 0x0000000602000000, 0x0000000602000000|100%| O|  |TAMS 0x0000000602000000, 0x0000000601c00000| Untracked 
|   8|0x0000000602000000, 0x0000000602400000, 0x0000000602400000|100%| O|  |TAMS 0x0000000602000000, 0x0000000602000000| Untracked 
|   9|0x0000000602400000, 0x0000000602800000, 0x0000000602800000|100%| O|  |TAMS 0x0000000602800000, 0x0000000602400000| Untracked 
|  10|0x0000000602800000, 0x0000000602c00000, 0x0000000602c00000|100%| O|  |TAMS 0x0000000602c00000, 0x0000000602800000| Untracked 
|  11|0x0000000602c00000, 0x0000000603000000, 0x0000000603000000|100%|HS|  |TAMS 0x0000000603000000, 0x0000000602c00000| Complete 
|  12|0x0000000603000000, 0x0000000603400000, 0x0000000603400000|100%|HS|  |TAMS 0x0000000603400000, 0x0000000603000000| Complete 
|  13|0x0000000603400000, 0x0000000603800000, 0x0000000603800000|100%| O|  |TAMS 0x0000000603800000, 0x0000000603400000| Untracked 
|  14|0x0000000603800000, 0x0000000603c00000, 0x0000000603c00000|100%| O|  |TAMS 0x0000000603c00000, 0x0000000603800000| Untracked 
|  15|0x0000000603c00000, 0x0000000604000000, 0x0000000604000000|100%| O|  |TAMS 0x0000000604000000, 0x0000000603c00000| Untracked 
|  16|0x0000000604000000, 0x0000000604400000, 0x0000000604400000|100%| O|  |TAMS 0x0000000604400000, 0x0000000604000000| Untracked 
|  17|0x0000000604400000, 0x0000000604800000, 0x0000000604800000|100%| O|  |TAMS 0x0000000604400000, 0x0000000604400000| Untracked 
|  18|0x0000000604800000, 0x0000000604c00000, 0x0000000604c00000|100%| O|  |TAMS 0x0000000604c00000, 0x0000000604800000| Untracked 
|  19|0x0000000604c00000, 0x0000000605000000, 0x0000000605000000|100%| O|  |TAMS 0x0000000605000000, 0x0000000604c00000| Untracked 
|  20|0x0000000605000000, 0x0000000605400000, 0x0000000605400000|100%| O|  |TAMS 0x00000006053a7400, 0x0000000605000000| Untracked 
|  21|0x0000000605400000, 0x0000000605800000, 0x0000000605800000|100%| O|  |TAMS 0x0000000605400000, 0x0000000605400000| Untracked 
|  22|0x0000000605800000, 0x0000000605c00000, 0x0000000605c00000|100%| O|  |TAMS 0x0000000605800000, 0x0000000605800000| Untracked 
|  23|0x0000000605c00000, 0x0000000606000000, 0x0000000606000000|100%| O|  |TAMS 0x0000000605c00000, 0x0000000605c00000| Untracked 
|  24|0x0000000606000000, 0x0000000606400000, 0x0000000606400000|100%| O|  |TAMS 0x0000000606000000, 0x0000000606000000| Untracked 
|  25|0x0000000606400000, 0x0000000606800000, 0x0000000606800000|100%| O|  |TAMS 0x0000000606400000, 0x0000000606400000| Untracked 
|  26|0x0000000606800000, 0x00000006069c5400, 0x0000000606c00000| 44%| O|  |TAMS 0x0000000606800000, 0x0000000606800000| Untracked 
|  27|0x0000000606c00000, 0x0000000606c00000, 0x0000000607000000|  0%| F|  |TAMS 0x0000000606c00000, 0x0000000606c00000| Untracked 
|  28|0x0000000607000000, 0x0000000607000000, 0x0000000607400000|  0%| F|  |TAMS 0x0000000607000000, 0x0000000607000000| Untracked 
|  29|0x0000000607400000, 0x0000000607400000, 0x0000000607800000|  0%| F|  |TAMS 0x0000000607400000, 0x0000000607400000| Untracked 
|  30|0x0000000607800000, 0x0000000607800000, 0x0000000607c00000|  0%| F|  |TAMS 0x0000000607800000, 0x0000000607800000| Untracked 
|  31|0x0000000607c00000, 0x0000000607c00000, 0x0000000608000000|  0%| F|  |TAMS 0x0000000607c00000, 0x0000000607c00000| Untracked 
|  32|0x0000000608000000, 0x0000000608264b58, 0x0000000608400000| 59%| S|CS|TAMS 0x0000000608000000, 0x0000000608000000| Complete 
|  33|0x0000000608400000, 0x0000000608400000, 0x0000000608800000|  0%| F|  |TAMS 0x0000000608400000, 0x0000000608400000| Untracked 
|  34|0x0000000608800000, 0x0000000608800000, 0x0000000608c00000|  0%| F|  |TAMS 0x0000000608800000, 0x0000000608800000| Untracked 
|  35|0x0000000608c00000, 0x0000000608c00000, 0x0000000609000000|  0%| F|  |TAMS 0x0000000608c00000, 0x0000000608c00000| Untracked 
|  36|0x0000000609000000, 0x0000000609000000, 0x0000000609400000|  0%| F|  |TAMS 0x0000000609000000, 0x0000000609000000| Untracked 
|  37|0x0000000609400000, 0x0000000609400000, 0x0000000609800000|  0%| F|  |TAMS 0x0000000609400000, 0x0000000609400000| Untracked 
|  38|0x0000000609800000, 0x0000000609926be0, 0x0000000609c00000| 28%| E|  |TAMS 0x0000000609800000, 0x0000000609800000| Complete 
|  39|0x0000000609c00000, 0x000000060a000000, 0x000000060a000000|100%| E|CS|TAMS 0x0000000609c00000, 0x0000000609c00000| Complete 

Card table byte_map: [0x000001cf6e150000,0x000001cf6f150000] _byte_map_base: 0x000001cf6b150000

Marking Bits (Prev, Next): (CMBitMap*) 0x000001cf78150e40, (CMBitMap*) 0x000001cf78150e80
 Prev Bits: [0x000001cf70150000, 0x000001cf78150000)
 Next Bits: [0x000001cf20000000, 0x000001cf28000000)

Polling page: 0x000001cf62e70000

Metaspace:

Usage:
  Non-class:     70.19 MB used.
      Class:     11.32 MB used.
       Both:     81.51 MB used.

Virtual space:
  Non-class space:      128.00 MB reserved,      70.62 MB ( 55%) committed,  2 nodes.
      Class space:        1.00 GB reserved,      11.75 MB (  1%) committed,  1 nodes.
             Both:        1.12 GB reserved,      82.38 MB (  7%) committed. 

Chunk freelists:
   Non-Class:  9.17 MB
       Class:  4.12 MB
        Both:  13.30 MB

MaxMetaspaceSize: 4.00 GB
CompressedClassSpaceSize: 1.00 GB
Initial GC threshold: 21.00 MB
Current GC threshold: 120.12 MB
CDS: on
MetaspaceReclaimPolicy: balanced
 - commit_granule_bytes: 65536.
 - commit_granule_words: 8192.
 - virtual_space_node_default_size: 8388608.
 - enlarge_chunks_in_place: 1.
 - new_chunks_are_fully_committed: 0.
 - uncommit_free_chunks: 1.
 - use_allocation_guard: 0.
 - handle_deallocations: 1.


Internal statistics:

num_allocs_failed_limit: 6.
num_arena_births: 1204.
num_arena_deaths: 0.
num_vsnodes_births: 3.
num_vsnodes_deaths: 0.
num_space_committed: 1318.
num_space_uncommitted: 0.
num_chunks_returned_to_freelist: 6.
num_chunks_taken_from_freelist: 4916.
num_chunk_merges: 6.
num_chunk_splits: 3127.
num_chunks_enlarged: 1956.
num_inconsistent_stats: 0.

CodeHeap 'non-profiled nmethods': size=259264Kb used=6891Kb max_used=6891Kb free=252372Kb
 bounds [0x000001cf102d0000, 0x000001cf10990000, 0x000001cf20000000]
CodeHeap 'profiled nmethods': size=259264Kb used=20036Kb max_used=20036Kb free=239227Kb
 bounds [0x000001cf00000000, 0x000001cf013a0000, 0x000001cf0fd30000]
CodeHeap 'non-nmethods': size=5760Kb used=2398Kb max_used=2475Kb free=3361Kb
 bounds [0x000001cf0fd30000, 0x000001cf0ffc0000, 0x000001cf102d0000]
 total_blobs=11151 nmethods=10217 adapters=846
 compilation: enabled
              stopped_count=0, restarted_count=0
 full_count=0

Compilation events (20 events):
Event: 150.006 Thread 0x000001cf783397b0 nmethod 11715 0x000001cf01385110 code [0x000001cf01385380, 0x000001cf013860d8]
Event: 150.006 Thread 0x000001cf783397b0 11718       3       org.gradle.internal.instantiation.generator.AbstractClassGenerator$GeneratedClassImpl::<init> (128 bytes)
Event: 150.010 Thread 0x000001cf783397b0 nmethod 11718 0x000001cf01386410 code [0x000001cf013868a0, 0x000001cf01388fa8]
Event: 150.010 Thread 0x000001cf783397b0 11717       3       org.gradle.internal.instantiation.generator.AbstractClassGenerator$AbstractInjectedPropertyHandler::getInjectedServices (59 bytes)
Event: 150.011 Thread 0x000001cf783397b0 nmethod 11717 0x000001cf01389d10 code [0x000001cf01389fc0, 0x000001cf0138af28]
Event: 150.012 Thread 0x000001cf783397b0 11721       3       java.util.Hashtable::<init> (10 bytes)
Event: 150.012 Thread 0x000001cf783397b0 nmethod 11721 0x000001cf0138b410 code [0x000001cf0138b5c0, 0x000001cf0138b798]
Event: 150.012 Thread 0x000001cf783397b0 11722       3       org.gradle.tooling.internal.provider.runner.PluginApplicationTracker::track (16 bytes)
Event: 150.012 Thread 0x000001cf783397b0 nmethod 11722 0x000001cf0138b890 code [0x000001cf0138ba40, 0x000001cf0138bc48]
Event: 150.012 Thread 0x000001cf783397b0 11716       3       org.gradle.internal.instantiation.generator.AsmBackedClassGenerator::start (68 bytes)
Event: 150.013 Thread 0x000001cf783397b0 nmethod 11716 0x000001cf0138bd10 code [0x000001cf0138bf60, 0x000001cf0138c7e8]
Event: 150.013 Thread 0x000001cf783397b0 11719       3       org.gradle.cache.internal.DefaultCrossBuildInMemoryCacheFactory$DefaultClassMap::retainValue (10 bytes)
Event: 150.013 Thread 0x000001cf783397b0 nmethod 11719 0x000001cf0138ca90 code [0x000001cf0138cc60, 0x000001cf0138cff8]
Event: 150.013 Thread 0x000001cf783397b0 11720       3       org.gradle.cache.internal.DefaultCrossBuildInMemoryCacheFactory$DefaultClassMap::retainValue (14 bytes)
Event: 150.014 Thread 0x000001cf783397b0 nmethod 11720 0x000001cf0138d110 code [0x000001cf0138d360, 0x000001cf0138ddd8]
Event: 150.039 Thread 0x000001cf78330e90 nmethod 11714 0x000001cf10989b10 code [0x000001cf10989d00, 0x000001cf1098a8d8]
Event: 150.045 Thread 0x000001cf783397b0 11723       3       kotlin.reflect.jvm.internal.impl.descriptors.runtime.structure.ReflectClassUtilKt::getClassId (218 bytes)
Event: 150.055 Thread 0x000001cf783397b0 nmethod 11723 0x000001cf0138e090 code [0x000001cf0138e640, 0x000001cf01390a78]
Event: 150.055 Thread 0x000001cf783397b0 11724       3       kotlin.reflect.jvm.internal.impl.load.kotlin.DeserializedDescriptorResolver::getComponents (17 bytes)
Event: 150.056 Thread 0x000001cf783397b0 nmethod 11724 0x000001cf01391710 code [0x000001cf01391980, 0x000001cf01392218]

GC Heap History (20 events):
Event: 130.914 GC heap before
{Heap before GC invocations=40 (full 0):
 garbage-first heap   total 163840K, used 103836K [0x0000000600000000, 0x0000000800000000)
  region size 4096K, 8 young (32768K), 1 survivors (4096K)
 Metaspace       used 72962K, committed 73792K, reserved 1114112K
  class space    used 10303K, committed 10688K, reserved 1048576K
}
Event: 130.919 GC heap after
{Heap after GC invocations=41 (full 0):
 garbage-first heap   total 163840K, used 80252K [0x0000000600000000, 0x0000000800000000)
  region size 4096K, 1 young (4096K), 1 survivors (4096K)
 Metaspace       used 72962K, committed 73792K, reserved 1114112K
  class space    used 10303K, committed 10688K, reserved 1048576K
}
Event: 131.008 GC heap before
{Heap before GC invocations=41 (full 0):
 garbage-first heap   total 163840K, used 80252K [0x0000000600000000, 0x0000000800000000)
  region size 4096K, 2 young (8192K), 1 survivors (4096K)
 Metaspace       used 72963K, committed 73792K, reserved 1114112K
  class space    used 10303K, committed 10688K, reserved 1048576K
}
Event: 131.016 GC heap after
{Heap after GC invocations=42 (full 0):
 garbage-first heap   total 163840K, used 79632K [0x0000000600000000, 0x0000000800000000)
  region size 4096K, 1 young (4096K), 1 survivors (4096K)
 Metaspace       used 72963K, committed 73792K, reserved 1114112K
  class space    used 10303K, committed 10688K, reserved 1048576K
}
Event: 131.862 GC heap before
{Heap before GC invocations=42 (full 0):
 garbage-first heap   total 163840K, used 128784K [0x0000000600000000, 0x0000000800000000)
  region size 4096K, 14 young (57344K), 1 survivors (4096K)
 Metaspace       used 72973K, committed 73792K, reserved 1114112K
  class space    used 10304K, committed 10688K, reserved 1048576K
}
Event: 131.868 GC heap after
{Heap after GC invocations=43 (full 0):
 garbage-first heap   total 163840K, used 81313K [0x0000000600000000, 0x0000000800000000)
  region size 4096K, 1 young (4096K), 1 survivors (4096K)
 Metaspace       used 72973K, committed 73792K, reserved 1114112K
  class space    used 10304K, committed 10688K, reserved 1048576K
}
Event: 140.648 GC heap before
{Heap before GC invocations=44 (full 0):
 garbage-first heap   total 163840K, used 130465K [0x0000000600000000, 0x0000000800000000)
  region size 4096K, 14 young (57344K), 1 survivors (4096K)
 Metaspace       used 73778K, committed 74560K, reserved 1114112K
  class space    used 10401K, committed 10752K, reserved 1048576K
}
Event: 140.656 GC heap after
{Heap after GC invocations=45 (full 0):
 garbage-first heap   total 163840K, used 92494K [0x0000000600000000, 0x0000000800000000)
  region size 4096K, 2 young (8192K), 2 survivors (8192K)
 Metaspace       used 73778K, committed 74560K, reserved 1114112K
  class space    used 10401K, committed 10752K, reserved 1048576K
}
Event: 143.413 GC heap before
{Heap before GC invocations=45 (full 0):
 garbage-first heap   total 163840K, used 129358K [0x0000000600000000, 0x0000000800000000)
  region size 4096K, 11 young (45056K), 2 survivors (8192K)
 Metaspace       used 75551K, committed 76416K, reserved 1179648K
  class space    used 10606K, committed 11008K, reserved 1048576K
}
Event: 143.421 GC heap after
{Heap after GC invocations=46 (full 0):
 garbage-first heap   total 163840K, used 100268K [0x0000000600000000, 0x0000000800000000)
  region size 4096K, 2 young (8192K), 2 survivors (8192K)
 Metaspace       used 75551K, committed 76416K, reserved 1179648K
  class space    used 10606K, committed 11008K, reserved 1048576K
}
Event: 145.144 GC heap before
{Heap before GC invocations=46 (full 0):
 garbage-first heap   total 163840K, used 128940K [0x0000000600000000, 0x0000000800000000)
  region size 4096K, 9 young (36864K), 2 survivors (8192K)
 Metaspace       used 78130K, committed 79104K, reserved 1179648K
  class space    used 10889K, committed 11392K, reserved 1048576K
}
Event: 145.148 GC heap after
{Heap after GC invocations=47 (full 0):
 garbage-first heap   total 163840K, used 101917K [0x0000000600000000, 0x0000000800000000)
  region size 4096K, 1 young (4096K), 1 survivors (4096K)
 Metaspace       used 78130K, committed 79104K, reserved 1179648K
  class space    used 10889K, committed 11392K, reserved 1048576K
}
Event: 146.347 GC heap before
{Heap before GC invocations=47 (full 0):
 garbage-first heap   total 163840K, used 126493K [0x0000000600000000, 0x0000000800000000)
  region size 4096K, 7 young (28672K), 1 survivors (4096K)
 Metaspace       used 79123K, committed 80128K, reserved 1179648K
  class space    used 11017K, committed 11520K, reserved 1048576K
}
Event: 146.352 GC heap after
{Heap after GC invocations=48 (full 0):
 garbage-first heap   total 163840K, used 107465K [0x0000000600000000, 0x0000000800000000)
  region size 4096K, 1 young (4096K), 1 survivors (4096K)
 Metaspace       used 79123K, committed 80128K, reserved 1179648K
  class space    used 11017K, committed 11520K, reserved 1048576K
}
Event: 147.526 GC heap before
{Heap before GC invocations=48 (full 0):
 garbage-first heap   total 163840K, used 127945K [0x0000000600000000, 0x0000000800000000)
  region size 4096K, 6 young (24576K), 1 survivors (4096K)
 Metaspace       used 80138K, committed 81088K, reserved 1179648K
  class space    used 11159K, committed 11648K, reserved 1048576K
}
Event: 147.529 GC heap after
{Heap after GC invocations=49 (full 0):
 garbage-first heap   total 163840K, used 108129K [0x0000000600000000, 0x0000000800000000)
  region size 4096K, 1 young (4096K), 1 survivors (4096K)
 Metaspace       used 80138K, committed 81088K, reserved 1179648K
  class space    used 11159K, committed 11648K, reserved 1048576K
}
Event: 148.515 GC heap before
{Heap before GC invocations=49 (full 0):
 garbage-first heap   total 163840K, used 128609K [0x0000000600000000, 0x0000000800000000)
  region size 4096K, 6 young (24576K), 1 survivors (4096K)
 Metaspace       used 81515K, committed 82496K, reserved 1179648K
  class space    used 11338K, committed 11840K, reserved 1048576K
}
Event: 148.518 GC heap after
{Heap after GC invocations=50 (full 0):
 garbage-first heap   total 163840K, used 109158K [0x0000000600000000, 0x0000000800000000)
  region size 4096K, 1 young (4096K), 1 survivors (4096K)
 Metaspace       used 81515K, committed 82496K, reserved 1179648K
  class space    used 11338K, committed 11840K, reserved 1048576K
}
Event: 149.743 GC heap before
{Heap before GC invocations=50 (full 0):
 garbage-first heap   total 163840K, used 133734K [0x0000000600000000, 0x0000000800000000)
  region size 4096K, 7 young (28672K), 1 survivors (4096K)
 Metaspace       used 83141K, committed 84160K, reserved 1179648K
  class space    used 11533K, committed 12032K, reserved 1048576K
}
Event: 149.748 GC heap after
{Heap after GC invocations=51 (full 0):
 garbage-first heap   total 163840K, used 110660K [0x0000000600000000, 0x0000000800000000)
  region size 4096K, 1 young (4096K), 1 survivors (4096K)
 Metaspace       used 83141K, committed 84160K, reserved 1179648K
  class space    used 11533K, committed 12032K, reserved 1048576K
}

Dll operation events (15 events):
Event: 0.019 Loaded shared library C:\Program Files\Eclipse Adoptium\jdk-17.0.19.10-hotspot\bin\java.dll
Event: 0.052 Loaded shared library C:\Program Files\Eclipse Adoptium\jdk-17.0.19.10-hotspot\bin\jsvml.dll
Event: 0.349 Loaded shared library C:\Program Files\Eclipse Adoptium\jdk-17.0.19.10-hotspot\bin\zip.dll
Event: 0.354 Loaded shared library C:\Program Files\Eclipse Adoptium\jdk-17.0.19.10-hotspot\bin\instrument.dll
Event: 0.366 Loaded shared library C:\Program Files\Eclipse Adoptium\jdk-17.0.19.10-hotspot\bin\net.dll
Event: 0.369 Loaded shared library C:\Program Files\Eclipse Adoptium\jdk-17.0.19.10-hotspot\bin\nio.dll
Event: 0.374 Loaded shared library C:\Program Files\Eclipse Adoptium\jdk-17.0.19.10-hotspot\bin\zip.dll
Event: 2.840 Loaded shared library C:\Program Files\Eclipse Adoptium\jdk-17.0.19.10-hotspot\bin\jimage.dll
Event: 3.590 Loaded shared library C:\Program Files\Eclipse Adoptium\jdk-17.0.19.10-hotspot\bin\verify.dll
Event: 4.410 Loaded shared library C:\Users\admin\.gradle\native\1def1411415f61bf3af743bc5b6707747c0891f09f0c88961ee8f79bc544acac\windows-amd64\native-platform.dll
Event: 4.606 Loaded shared library C:\Users\admin\.gradle\native\0.2.7\x86_64-windows-gnu\gradle-fileevents.dll
Event: 10.136 Loaded shared library C:\Program Files\Eclipse Adoptium\jdk-17.0.19.10-hotspot\bin\management.dll
Event: 10.149 Loaded shared library C:\Program Files\Eclipse Adoptium\jdk-17.0.19.10-hotspot\bin\management_ext.dll
Event: 12.144 Loaded shared library C:\Program Files\Eclipse Adoptium\jdk-17.0.19.10-hotspot\bin\extnet.dll
Event: 14.495 Loaded shared library C:\Program Files\Eclipse Adoptium\jdk-17.0.19.10-hotspot\bin\sunmscapi.dll

Deoptimization events (20 events):
Event: 149.428 Thread 0x000001cfc0378b70 Uncommon trap: trap_request=0xffffffde fr.pc=0x000001cf1060d250 relative=0x00000000000019f0
Event: 149.428 Thread 0x000001cfc0378b70 Uncommon trap: reason=class_check action=maybe_recompile pc=0x000001cf1060d250 method=sun.reflect.annotation.AnnotationInvocationHandler.memberValueHashCode(Ljava/lang/Object;)I @ 130 c2
Event: 149.428 Thread 0x000001cfc0378b70 DEOPT PACKING pc=0x000001cf1060d250 sp=0x000000480def1fd0
Event: 149.428 Thread 0x000001cfc0378b70 DEOPT UNPACKING pc=0x000001cf0fd869a3 sp=0x000000480def1eb8 mode 2
Event: 149.428 Thread 0x000001cfc0378b70 Uncommon trap: trap_request=0xffffffde fr.pc=0x000001cf1060d250 relative=0x00000000000019f0
Event: 149.428 Thread 0x000001cfc0378b70 Uncommon trap: reason=class_check action=maybe_recompile pc=0x000001cf1060d250 method=sun.reflect.annotation.AnnotationInvocationHandler.memberValueHashCode(Ljava/lang/Object;)I @ 130 c2
Event: 149.428 Thread 0x000001cfc0378b70 DEOPT PACKING pc=0x000001cf1060d250 sp=0x000000480def1fd0
Event: 149.429 Thread 0x000001cfc0378b70 DEOPT UNPACKING pc=0x000001cf0fd869a3 sp=0x000000480def1eb8 mode 2
Event: 149.439 Thread 0x000001cfc0378b70 Uncommon trap: trap_request=0xffffff45 fr.pc=0x000001cf109575e4 relative=0x0000000000005344
Event: 149.439 Thread 0x000001cfc0378b70 Uncommon trap: reason=unstable_if action=reinterpret pc=0x000001cf109575e4 method=org.gradle.internal.reflect.PropertyAccessorType.of(Ljava/lang/reflect/Method;)Lorg/gradle/internal/reflect/PropertyAccessorType; @ 56 c2
Event: 149.439 Thread 0x000001cfc0378b70 DEOPT PACKING pc=0x000001cf109575e4 sp=0x000000480def1e20
Event: 149.439 Thread 0x000001cfc0378b70 DEOPT UNPACKING pc=0x000001cf0fd869a3 sp=0x000000480def1db8 mode 2
Event: 149.441 Thread 0x000001cfc0378b70 Uncommon trap: trap_request=0xffffff45 fr.pc=0x000001cf102f4c5c relative=0x000000000000039c
Event: 149.441 Thread 0x000001cfc0378b70 Uncommon trap: reason=unstable_if action=reinterpret pc=0x000001cf102f4c5c method=org.gradle.internal.reflect.PropertyAccessorType.of(Ljava/lang/reflect/Method;)Lorg/gradle/internal/reflect/PropertyAccessorType; @ 56 c2
Event: 149.441 Thread 0x000001cfc0378b70 DEOPT PACKING pc=0x000001cf102f4c5c sp=0x000000480def1de0
Event: 149.441 Thread 0x000001cfc0378b70 DEOPT UNPACKING pc=0x000001cf0fd869a3 sp=0x000000480def1da8 mode 2
Event: 149.473 Thread 0x000001cfc0378b70 Uncommon trap: trap_request=0xffffffde fr.pc=0x000001cf106fa2a4 relative=0x00000000000003c4
Event: 149.474 Thread 0x000001cfc0378b70 Uncommon trap: reason=class_check action=maybe_recompile pc=0x000001cf106fa2a4 method=java.lang.StringConcatHelper.stringOf(Ljava/lang/Object;)Ljava/lang/String; @ 5 c2
Event: 149.474 Thread 0x000001cfc0378b70 DEOPT PACKING pc=0x000001cf106fa2a4 sp=0x000000480def06f0
Event: 149.474 Thread 0x000001cfc0378b70 DEOPT UNPACKING pc=0x000001cf0fd869a3 sp=0x000000480def0630 mode 2

Classes loaded (20 events):
Event: 146.103 Loading class sun/security/provider/DSA done
Event: 146.103 Loading class sun/security/provider/DSA$SHA256withDSA done
Event: 146.104 Loading class java/security/interfaces/DSAPrivateKey
Event: 146.104 Loading class java/security/interfaces/DSAPrivateKey done
Event: 146.104 Loading class java/security/interfaces/DSAParams
Event: 146.104 Loading class java/security/interfaces/DSAParams done
Event: 146.104 Loading class java/security/spec/DSAParameterSpec
Event: 146.104 Loading class java/security/spec/DSAParameterSpec done
Event: 146.128 Loading class java/math/SignedMutableBigInteger
Event: 146.129 Loading class java/math/SignedMutableBigInteger done
Event: 146.482 Loading class java/security/KeyStore$ProtectionParameter
Event: 146.483 Loading class java/security/KeyStore$ProtectionParameter done
Event: 147.058 Loading class sun/misc/Unsafe
Event: 147.058 Loading class sun/misc/Unsafe done
Event: 148.662 Loading class java/security/KeyStore
Event: 148.665 Loading class java/security/KeyStore done
Event: 148.665 Loading class java/security/KeyStore$1
Event: 148.666 Loading class java/security/KeyStore$1 done
Event: 149.279 Loading class javax/xml/stream/XMLStreamException
Event: 149.279 Loading class javax/xml/stream/XMLStreamException done

Classes unloaded (0 events):
No events

Classes redefined (0 events):
No events

Internal exceptions (20 events):
Event: 140.913 Thread 0x000001cfc0378b70 Exception <a 'java/lang/ClassNotFoundException'{0x0000000609f912d0}: org/gradle/api/internal/file/DefaultProjectLayoutBeanInfo> (0x0000000609f912d0) 
thrown [s\src\hotspot\share\classfile\systemDictionary.cpp, line 256]
Event: 140.916 Thread 0x000001cfc0378b70 Exception <a 'java/lang/ClassNotFoundException'{0x0000000609fa47e0}: org/gradle/api/internal/file/DefaultProjectLayoutCustomizer> (0x0000000609fa47e0) 
thrown [s\src\hotspot\share\classfile\systemDictionary.cpp, line 256]
Event: 141.020 Thread 0x000001cfc0378b70 Exception <a 'java/lang/ClassNotFoundException'{0x0000000609842f40}: org/gradle/api/internal/file/DefaultFilePropertyFactory$DefaultDirectoryVarBeanInfo> (0x0000000609842f40) 
thrown [s\src\hotspot\share\classfile\systemDictionary.cpp, line 256]
Event: 141.022 Thread 0x000001cfc0378b70 Exception <a 'java/lang/ClassNotFoundException'{0x0000000609857728}: org/gradle/api/internal/file/DefaultFilePropertyFactory$AbstractFileVarBeanInfo> (0x0000000609857728) 
thrown [s\src\hotspot\share\classfile\systemDictionary.cpp, line 256]
Event: 141.026 Thread 0x000001cfc0378b70 Exception <a 'java/lang/ClassNotFoundException'{0x000000060986bbd0}: org/gradle/api/internal/provider/DefaultPropertyBeanInfo> (0x000000060986bbd0) 
thrown [s\src\hotspot\share\classfile\systemDictionary.cpp, line 256]
Event: 141.029 Thread 0x000001cfc0378b70 Exception <a 'java/lang/ClassNotFoundException'{0x0000000609880b58}: org/gradle/api/internal/provider/AbstractPropertyBeanInfo> (0x0000000609880b58) 
thrown [s\src\hotspot\share\classfile\systemDictionary.cpp, line 256]
Event: 141.030 Thread 0x000001cfc0378b70 Exception <a 'java/lang/ClassNotFoundException'{0x00000006098963a0}: org/gradle/api/internal/provider/AbstractMinimalProviderBeanInfo> (0x00000006098963a0) 
thrown [s\src\hotspot\share\classfile\systemDictionary.cpp, line 256]
Event: 141.041 Thread 0x000001cfc0378b70 Exception <a 'java/lang/ClassNotFoundException'{0x00000006098ab898}: org/gradle/api/internal/provider/AbstractMinimalProviderCustomizer> (0x00000006098ab898) 
thrown [s\src\hotspot\share\classfile\systemDictionary.cpp, line 256]
Event: 141.045 Thread 0x000001cfc0378b70 Exception <a 'java/lang/ClassNotFoundException'{0x00000006098e03b0}: org/gradle/api/internal/provider/AbstractPropertyCustomizer> (0x00000006098e03b0) 
thrown [s\src\hotspot\share\classfile\systemDictionary.cpp, line 256]
Event: 141.051 Thread 0x000001cfc0378b70 Exception <a 'java/lang/ClassNotFoundException'{0x000000060990ffd8}: org/gradle/api/internal/provider/DefaultPropertyCustomizer> (0x000000060990ffd8) 
thrown [s\src\hotspot\share\classfile\systemDictionary.cpp, line 256]
Event: 141.060 Thread 0x000001cfc0378b70 Exception <a 'java/lang/ClassNotFoundException'{0x000000060993e6f0}: org/gradle/api/internal/file/DefaultFilePropertyFactory$AbstractFileVarCustomizer> (0x000000060993e6f0) 
thrown [s\src\hotspot\share\classfile\systemDictionary.cpp, line 256]
Event: 141.069 Thread 0x000001cfc0378b70 Exception <a 'java/lang/ClassNotFoundException'{0x000000060997e470}: org/gradle/api/internal/file/DefaultFilePropertyFactory$DefaultDirectoryVarCustomizer> (0x000000060997e470) 
thrown [s\src\hotspot\share\classfile\systemDictionary.cpp, line 256]
Event: 141.098 Thread 0x000001cfc0378b70 Exception <a 'java/lang/ClassNotFoundException'{0x00000006099d8158}: org/gradle/api/internal/provider/MappingProviderBeanInfo> (0x00000006099d8158) 
thrown [s\src\hotspot\share\classfile\systemDictionary.cpp, line 256]
Event: 141.110 Thread 0x000001cfc0378b70 Exception <a 'java/lang/ClassNotFoundException'{0x00000006099ec338}: org/gradle/api/internal/provider/TransformBackedProviderBeanInfo> (0x00000006099ec338) 
thrown [s\src\hotspot\share\classfile\systemDictionary.cpp, line 256]
Event: 141.115 Thread 0x000001cfc0378b70 Exception <a 'java/lang/ClassNotFoundException'{0x00000006099ffda8}: org/gradle/api/internal/provider/TransformBackedProviderCustomizer> (0x00000006099ffda8) 
thrown [s\src\hotspot\share\classfile\systemDictionary.cpp, line 256]
Event: 141.118 Thread 0x000001cfc0378b70 Exception <a 'java/lang/ClassNotFoundException'{0x0000000609a1c1d8}: org/gradle/api/internal/provider/MappingProviderCustomizer> (0x0000000609a1c1d8) 
thrown [s\src\hotspot\share\classfile\systemDictionary.cpp, line 256]
Event: 141.517 Thread 0x000001cfc0378b70 Exception <a 'java/lang/ClassNotFoundException'{0x0000000609b691b8}: build_d3gkqp5g07y9qtn1t2h3zmz2hBeanInfo> (0x0000000609b691b8) 
thrown [s\src\hotspot\share\classfile\systemDictionary.cpp, line 256]
Event: 141.518 Thread 0x000001cfc0378b70 Exception <a 'java/lang/ClassNotFoundException'{0x0000000609b757e0}: build_d3gkqp5g07y9qtn1t2h3zmz2hCustomizer> (0x0000000609b757e0) 
thrown [s\src\hotspot\share\classfile\systemDictionary.cpp, line 256]
Event: 143.470 Thread 0x000001cfc0378b70 Exception <a 'java/lang/NoSuchMethodError'{0x0000000609c30708}: 'java.lang.Object java.lang.invoke.DirectMethodHandle$Holder.invokeSpecial(java.lang.Object, java.lang.Object, long, java.lang.Object, java.lang.Object, java.lang.Object, java.lang.Object, java.lang.Object, java.lang.Object, java.lang.Object, java.lang.Object, java.lang.Object)'> (0x0000000609c30708) 
thrown [s\src\hotspot\share\interpreter\linkResolver.cpp, line 759]
Event: 143.471 Thread 0x000001cfc0378b70 Exception <a 'java/lang/NoSuchMethodError'{0x0000000609c36940}: 'java.lang.Object java.lang.invoke.DelegatingMethodHandle$Holder.reinvoke_L(java.lang.Object, long, java.lang.Object, java.lang.Object, java.lang.Object, java.lang.Object, java.lang.Object, java.lang.Object, java.lang.Object, java.lang.Object, java.lang.Object)'> (0x0000000609c36940) 
thrown [s\src\hotspot\share\interpreter\linkResolver.cpp, line 759]

VM Operations (20 events):
Event: 143.413 Executing VM operation: G1CollectForAllocation
Event: 143.421 Executing VM operation: G1CollectForAllocation done
Event: 144.435 Executing VM operation: Cleanup
Event: 144.499 Executing VM operation: Cleanup done
Event: 145.144 Executing VM operation: G1CollectForAllocation
Event: 145.148 Executing VM operation: G1CollectForAllocation done
Event: 146.157 Executing VM operation: Cleanup
Event: 146.157 Executing VM operation: Cleanup done
Event: 146.347 Executing VM operation: G1CollectForAllocation
Event: 146.352 Executing VM operation: G1CollectForAllocation done
Event: 147.367 Executing VM operation: Cleanup
Event: 147.383 Executing VM operation: Cleanup done
Event: 147.526 Executing VM operation: G1CollectForAllocation
Event: 147.529 Executing VM operation: G1CollectForAllocation done
Event: 148.515 Executing VM operation: G1CollectForAllocation
Event: 148.518 Executing VM operation: G1CollectForAllocation done
Event: 149.527 Executing VM operation: Cleanup
Event: 149.527 Executing VM operation: Cleanup done
Event: 149.743 Executing VM operation: G1CollectForAllocation
Event: 149.748 Executing VM operation: G1CollectForAllocation done

Memory protections (0 events):
No events

Nmethod flushes (20 events):
Event: 126.489 Thread 0x000001cf78346cb0 flushing  nmethod 0x000001cf00d3f010
Event: 126.489 Thread 0x000001cf78346cb0 flushing  nmethod 0x000001cf00d45090
Event: 126.489 Thread 0x000001cf78346cb0 flushing  nmethod 0x000001cf00d4c410
Event: 126.489 Thread 0x000001cf78346cb0 flushing  nmethod 0x000001cf00d4c790
Event: 126.489 Thread 0x000001cf78346cb0 flushing  nmethod 0x000001cf00d91910
Event: 126.490 Thread 0x000001cf78346cb0 flushing  nmethod 0x000001cf00da6290
Event: 126.490 Thread 0x000001cf78346cb0 flushing  nmethod 0x000001cf00db0e10
Event: 126.490 Thread 0x000001cf78346cb0 flushing  nmethod 0x000001cf00db3a90
Event: 126.490 Thread 0x000001cf78346cb0 flushing  nmethod 0x000001cf00dd4d10
Event: 126.490 Thread 0x000001cf78346cb0 flushing  nmethod 0x000001cf00de0c90
Event: 126.490 Thread 0x000001cf78346cb0 flushing  nmethod 0x000001cf00e38d90
Event: 126.490 Thread 0x000001cf78346cb0 flushing  nmethod 0x000001cf00e39110
Event: 126.490 Thread 0x000001cf78346cb0 flushing  nmethod 0x000001cf00e3a610
Event: 126.490 Thread 0x000001cf78346cb0 flushing  nmethod 0x000001cf00e3b590
Event: 126.491 Thread 0x000001cf78346cb0 flushing  nmethod 0x000001cf00e7c610
Event: 126.491 Thread 0x000001cf78346cb0 flushing  nmethod 0x000001cf00e7dc90
Event: 126.491 Thread 0x000001cf78346cb0 flushing  nmethod 0x000001cf00ea3d10
Event: 126.491 Thread 0x000001cf78346cb0 flushing  nmethod 0x000001cf00ed3710
Event: 126.491 Thread 0x000001cf78346cb0 flushing  nmethod 0x000001cf00f06f90
Event: 126.492 Thread 0x000001cf78346cb0 flushing  nmethod 0x000001cf00f52f10

Events (20 events):
Event: 128.573 Thread 0x000001cfc0378b70 Thread added: 0x000001cfc2652b50
Event: 128.573 Thread 0x000001cfc0378b70 Thread added: 0x000001cfc2653060
Event: 128.574 Thread 0x000001cfc0378b70 Thread added: 0x000001cfc264ee90
Event: 128.574 Thread 0x000001cfc0378b70 Thread added: 0x000001cfc26544a0
Event: 128.575 Thread 0x000001cfc0378b70 Thread added: 0x000001cfc2653570
Event: 128.576 Thread 0x000001cfc0378b70 Thread added: 0x000001cfc264f8b0
Event: 128.877 Thread 0x000001cfc0378b70 Thread added: 0x000001cfc2653a80
Event: 128.880 Thread 0x000001cfc0378b70 Thread added: 0x000001cfc2653f90
Event: 128.882 Thread 0x000001cfc0378b70 Thread added: 0x000001cfc264fdc0
Event: 128.988 Thread 0x000001cfc0378b70 Thread added: 0x000001cfc2650cf0
Event: 128.991 Thread 0x000001cfc0378b70 Thread added: 0x000001cfc264d030
Event: 128.995 Thread 0x000001cfc0378b70 Thread added: 0x000001cfc26549b0
Event: 129.002 Thread 0x000001cfc0378b70 Thread added: 0x000001cfc2651200
Event: 130.180 Thread 0x000001cfc0378b70 Thread added: 0x000001cfc264d540
Event: 130.181 Thread 0x000001cfc0378b70 Thread added: 0x000001cfc264df60
Event: 130.183 Thread 0x000001cfc0378b70 Thread added: 0x000001cfc264e470
Event: 130.184 Thread 0x000001cfc0378b70 Thread added: 0x000001cfc48e0f90
Event: 130.190 Thread 0x000001cfc0378b70 Thread added: 0x000001cfc48e5160
Event: 130.193 Thread 0x000001cfc0378b70 Thread added: 0x000001cfc48e19b0
Event: 130.196 Thread 0x000001cfc0378b70 Thread added: 0x000001cfc48e5b80


Dynamic libraries:
0x00007ff73a950000 - 0x00007ff73a95e000 	C:\Program Files\Eclipse Adoptium\jdk-17.0.19.10-hotspot\bin\java.exe
0x00007ffa15410000 - 0x00007ffa15627000 	C:\WINDOWS\SYSTEM32\ntdll.dll
0x00007ffa130a0000 - 0x00007ffa13164000 	C:\WINDOWS\System32\KERNEL32.DLL
0x00007ffa12a40000 - 0x00007ffa12e12000 	C:\WINDOWS\System32\KERNELBASE.dll
0x00007ffa12670000 - 0x00007ffa12781000 	C:\WINDOWS\System32\ucrtbase.dll
0x00007ff9e4c80000 - 0x00007ff9e4c98000 	C:\Program Files\Eclipse Adoptium\jdk-17.0.19.10-hotspot\bin\jli.dll
0x00007ffa144a0000 - 0x00007ffa14651000 	C:\WINDOWS\System32\USER32.dll
0x00007ffa13070000 - 0x00007ffa13096000 	C:\WINDOWS\System32\win32u.dll
0x00007ffa13890000 - 0x00007ffa138b9000 	C:\WINDOWS\System32\GDI32.dll
0x00007ffa12e20000 - 0x00007ffa12f43000 	C:\WINDOWS\System32\gdi32full.dll
0x00007ffa12fd0000 - 0x00007ffa1306a000 	C:\WINDOWS\System32\msvcp_win.dll
0x00007ff9e1a70000 - 0x00007ff9e1a8e000 	C:\Program Files\Eclipse Adoptium\jdk-17.0.19.10-hotspot\bin\VCRUNTIME140.dll
0x00007ff9fcff0000 - 0x00007ff9fd28b000 	C:\WINDOWS\WinSxS\amd64_microsoft.windows.common-controls_6595b64144ccf1df_6.0.22621.5547_none_27104afb73855772\COMCTL32.dll
0x00007ffa15220000 - 0x00007ffa152c7000 	C:\WINDOWS\System32\msvcrt.dll
0x00007ffa14660000 - 0x00007ffa14691000 	C:\WINDOWS\System32\IMM32.DLL
0x00007ff9e32f0000 - 0x00007ff9e32fc000 	C:\Program Files\Eclipse Adoptium\jdk-17.0.19.10-hotspot\bin\vcruntime140_1.dll
0x00007ff9d0960000 - 0x00007ff9d09ed000 	C:\Program Files\Eclipse Adoptium\jdk-17.0.19.10-hotspot\bin\msvcp140.dll
0x00007ff970310000 - 0x00007ff970f7c000 	C:\Program Files\Eclipse Adoptium\jdk-17.0.19.10-hotspot\bin\server\jvm.dll
0x00007ffa13d10000 - 0x00007ffa13dc1000 	C:\WINDOWS\System32\ADVAPI32.dll
0x00007ffa13b50000 - 0x00007ffa13bf8000 	C:\WINDOWS\System32\sechost.dll
0x00007ffa12790000 - 0x00007ffa127b8000 	C:\WINDOWS\System32\bcrypt.dll
0x00007ffa136e0000 - 0x00007ffa137f4000 	C:\WINDOWS\System32\RPCRT4.dll
0x00007ffa13170000 - 0x00007ffa131e1000 	C:\WINDOWS\System32\WS2_32.dll
0x00007ffa12220000 - 0x00007ffa1226d000 	C:\WINDOWS\SYSTEM32\POWRPROF.dll
0x00007ffa08530000 - 0x00007ffa08564000 	C:\WINDOWS\SYSTEM32\WINMM.dll
0x00007ff9fff20000 - 0x00007ff9fff2a000 	C:\WINDOWS\SYSTEM32\VERSION.dll
0x00007ffa12200000 - 0x00007ffa12213000 	C:\WINDOWS\SYSTEM32\UMPDC.dll
0x00007ffa114f0000 - 0x00007ffa11508000 	C:\WINDOWS\SYSTEM32\kernel.appcore.dll
0x00007ff9e1b30000 - 0x00007ff9e1b3a000 	C:\Program Files\Eclipse Adoptium\jdk-17.0.19.10-hotspot\bin\jimage.dll
0x00007ffa0cc50000 - 0x00007ffa0ce83000 	C:\WINDOWS\SYSTEM32\DBGHELP.DLL
0x00007ffa13dd0000 - 0x00007ffa14163000 	C:\WINDOWS\System32\combase.dll
0x00007ffa13970000 - 0x00007ffa13a47000 	C:\WINDOWS\System32\OLEAUT32.dll
0x00007ff9fcaa0000 - 0x00007ff9fcad2000 	C:\WINDOWS\SYSTEM32\dbgcore.DLL
0x00007ffa12880000 - 0x00007ffa128fb000 	C:\WINDOWS\System32\bcryptPrimitives.dll
0x00007ff9d0be0000 - 0x00007ff9d0bee000 	C:\Program Files\Eclipse Adoptium\jdk-17.0.19.10-hotspot\bin\instrument.dll
0x00007ff9d0bb0000 - 0x00007ff9d0bd5000 	C:\Program Files\Eclipse Adoptium\jdk-17.0.19.10-hotspot\bin\java.dll
0x00007ff9cfd50000 - 0x00007ff9cfe27000 	C:\Program Files\Eclipse Adoptium\jdk-17.0.19.10-hotspot\bin\jsvml.dll
0x00007ffa146a0000 - 0x00007ffa14f42000 	C:\WINDOWS\System32\SHELL32.dll
0x00007ffa12900000 - 0x00007ffa12a3f000 	C:\WINDOWS\System32\wintypes.dll
0x00007ffa103e0000 - 0x00007ffa10cfd000 	C:\WINDOWS\SYSTEM32\windows.storage.dll
0x00007ffa14f70000 - 0x00007ffa1507c000 	C:\WINDOWS\System32\SHCORE.dll
0x00007ffa13800000 - 0x00007ffa13869000 	C:\WINDOWS\System32\shlwapi.dll
0x00007ffa12430000 - 0x00007ffa1245b000 	C:\WINDOWS\SYSTEM32\profapi.dll
0x00007ff9d0b90000 - 0x00007ff9d0ba8000 	C:\Program Files\Eclipse Adoptium\jdk-17.0.19.10-hotspot\bin\zip.dll
0x00007ff9d0b70000 - 0x00007ff9d0b8a000 	C:\Program Files\Eclipse Adoptium\jdk-17.0.19.10-hotspot\bin\net.dll
0x00007ffa07ca0000 - 0x00007ffa07dcc000 	C:\WINDOWS\SYSTEM32\WINHTTP.dll
0x00007ffa11960000 - 0x00007ffa119c9000 	C:\WINDOWS\system32\mswsock.dll
0x00007ff9d0940000 - 0x00007ff9d0956000 	C:\Program Files\Eclipse Adoptium\jdk-17.0.19.10-hotspot\bin\nio.dll
0x00007ff9eb900000 - 0x00007ff9eb910000 	C:\Program Files\Eclipse Adoptium\jdk-17.0.19.10-hotspot\bin\verify.dll
0x00007ff9f03a0000 - 0x00007ff9f03c7000 	C:\Users\admin\.gradle\native\1def1411415f61bf3af743bc5b6707747c0891f09f0c88961ee8f79bc544acac\windows-amd64\native-platform.dll
0x00007ff9d08c0000 - 0x00007ff9d0938000 	C:\Users\admin\.gradle\native\0.2.7\x86_64-windows-gnu\gradle-fileevents.dll
0x00007ff9f2720000 - 0x00007ff9f272a000 	C:\Program Files\Eclipse Adoptium\jdk-17.0.19.10-hotspot\bin\management.dll
0x00007ff9f16d0000 - 0x00007ff9f16dc000 	C:\Program Files\Eclipse Adoptium\jdk-17.0.19.10-hotspot\bin\management_ext.dll
0x00007ffa14f60000 - 0x00007ffa14f68000 	C:\WINDOWS\System32\PSAPI.DLL
0x00007ffa10f60000 - 0x00007ffa10f8d000 	C:\WINDOWS\SYSTEM32\IPHLPAPI.DLL
0x00007ffa13960000 - 0x00007ffa13969000 	C:\WINDOWS\System32\NSI.dll
0x00007ffa07ea0000 - 0x00007ffa07eb9000 	C:\WINDOWS\SYSTEM32\dhcpcsvc6.DLL
0x00007ffa07ba0000 - 0x00007ffa07bbf000 	C:\WINDOWS\SYSTEM32\dhcpcsvc.DLL
0x00007ffa10fd0000 - 0x00007ffa110c8000 	C:\WINDOWS\SYSTEM32\DNSAPI.dll
0x00007ff9eb8f0000 - 0x00007ff9eb8f9000 	C:\Program Files\Eclipse Adoptium\jdk-17.0.19.10-hotspot\bin\extnet.dll
0x00007ffa11cb0000 - 0x00007ffa11ccb000 	C:\WINDOWS\SYSTEM32\CRYPTSP.dll
0x00007ffa11450000 - 0x00007ffa11487000 	C:\WINDOWS\system32\rsaenh.dll
0x00007ffa11a00000 - 0x00007ffa11a28000 	C:\WINDOWS\SYSTEM32\USERENV.dll
0x00007ffa11c90000 - 0x00007ffa11c9c000 	C:\WINDOWS\SYSTEM32\CRYPTBASE.dll
0x00007ff9e1b40000 - 0x00007ff9e1b4e000 	C:\Program Files\Eclipse Adoptium\jdk-17.0.19.10-hotspot\bin\sunmscapi.dll
0x00007ffa12500000 - 0x00007ffa12667000 	C:\WINDOWS\System32\CRYPT32.dll
0x00007ffa11dc0000 - 0x00007ffa11ded000 	C:\WINDOWS\SYSTEM32\ncrypt.dll
0x00007ffa11d80000 - 0x00007ffa11db7000 	C:\WINDOWS\SYSTEM32\NTASN1.dll
0x00007ff9cee20000 - 0x00007ff9cee28000 	C:\WINDOWS\system32\wshunix.dll
0x00007ff9f3b50000 - 0x00007ff9f3b67000 	C:\WINDOWS\system32\napinsp.dll
0x00007ff9f3440000 - 0x00007ff9f345b000 	C:\WINDOWS\system32\pnrpnsp.dll
0x00007ff9f3700000 - 0x00007ff9f3711000 	C:\WINDOWS\System32\winrnr.dll
0x00007ffa075e0000 - 0x00007ffa075ff000 	C:\WINDOWS\system32\wshbth.dll
0x00007ff9f36d0000 - 0x00007ff9f36f1000 	C:\WINDOWS\system32\nlansp_c.dll
0x00007ffa069e0000 - 0x00007ffa069ea000 	C:\Windows\System32\rasadhlp.dll
0x00007ffa069f0000 - 0x00007ffa06a74000 	C:\WINDOWS\System32\fwpuclnt.dll

dbghelp: loaded successfully - version: 4.0.5 - missing functions: none
symbol engine: initialized successfully - sym options: 0x614 - pdb path: .;C:\Program Files\Eclipse Adoptium\jdk-17.0.19.10-hotspot\bin;C:\WINDOWS\SYSTEM32;C:\WINDOWS\WinSxS\amd64_microsoft.windows.common-controls_6595b64144ccf1df_6.0.22621.5547_none_27104afb73855772;C:\Program Files\Eclipse Adoptium\jdk-17.0.19.10-hotspot\bin\server;C:\Users\admin\.gradle\native\1def1411415f61bf3af743bc5b6707747c0891f09f0c88961ee8f79bc544acac\windows-amd64;C:\Users\admin\.gradle\native\0.2.7\x86_64-windows-gnu

VM Arguments:
jvm_args: --add-opens=java.base/java.lang=ALL-UNNAMED --add-opens=java.base/java.lang.invoke=ALL-UNNAMED --add-opens=java.base/java.util=ALL-UNNAMED --add-opens=java.prefs/java.util.prefs=ALL-UNNAMED --add-exports=jdk.compiler/com.sun.tools.javac.api=ALL-UNNAMED --add-exports=jdk.compiler/com.sun.tools.javac.util=ALL-UNNAMED --add-opens=java.base/java.util=ALL-UNNAMED --add-opens=java.prefs/java.util.prefs=ALL-UNNAMED --add-opens=java.base/java.nio.charset=ALL-UNNAMED --add-opens=java.base/java.net=ALL-UNNAMED --add-opens=java.base/java.util.concurrent.atomic=ALL-UNNAMED --add-opens=java.xml/javax.xml.namespace=ALL-UNNAMED -XX:MaxMetaspaceSize=4G -XX:ReservedCodeCacheSize=512m -XX:+HeapDumpOnOutOfMemoryError -Xmx8G -Dfile.encoding=UTF-8 -Duser.country=FR -Duser.language=fr -Duser.variant -javaagent:C:\Users\admin\.gradle\wrapper\dists\gradle-8.14-all\c2qonpi39x1mddn7hk5gh9iqj\gradle-8.14\lib\agents\gradle-instrumentation-agent-8.14.jar 
java_command: org.gradle.launcher.daemon.bootstrap.GradleDaemon 8.14
java_class_path (initial): C:\Users\admin\.gradle\wrapper\dists\gradle-8.14-all\c2qonpi39x1mddn7hk5gh9iqj\gradle-8.14\lib\gradle-daemon-main-8.14.jar
Launcher Type: SUN_STANDARD

[Global flags]
     intx CICompilerCount                          = 4                                         {product} {ergonomic}
     uint ConcGCThreads                            = 2                                         {product} {ergonomic}
     uint G1ConcRefinementThreads                  = 8                                         {product} {ergonomic}
   size_t G1HeapRegionSize                         = 4194304                                   {product} {ergonomic}
    uintx GCDrainStackTargetSize                   = 64                                        {product} {ergonomic}
     bool HeapDumpOnOutOfMemoryError               = true                                   {manageable} {command line}
   size_t InitialHeapSize                          = 134217728                                 {product} {ergonomic}
   size_t MarkStackSize                            = 4194304                                   {product} {ergonomic}
   size_t MaxHeapSize                              = 8589934592                                {product} {command line}
   size_t MaxMetaspaceSize                         = 4294967296                                {product} {command line}
   size_t MaxNewSize                               = 5150605312                                {product} {ergonomic}
   size_t MinHeapDeltaBytes                        = 4194304                                   {product} {ergonomic}
   size_t MinHeapSize                              = 8388608                                   {product} {ergonomic}
    uintx NonNMethodCodeHeapSize                   = 5839372                                {pd product} {ergonomic}
    uintx NonProfiledCodeHeapSize                  = 265515770                              {pd product} {ergonomic}
    uintx ProfiledCodeHeapSize                     = 265515770                              {pd product} {ergonomic}
    uintx ReservedCodeCacheSize                    = 536870912                              {pd product} {command line}
     bool SegmentedCodeCache                       = true                                      {product} {ergonomic}
   size_t SoftMaxHeapSize                          = 8589934592                             {manageable} {ergonomic}
   double SweeperThreshold                         = 0.234375                                  {product} {ergonomic}
     bool UseCompressedClassPointers               = true                           {product lp64_product} {ergonomic}
     bool UseCompressedOops                        = true                           {product lp64_product} {ergonomic}
     bool UseG1GC                                  = true                                      {product} {ergonomic}
     bool UseLargePagesIndividualAllocation        = false                                  {pd product} {ergonomic}

Logging:
Log output configuration:
 #0: stdout all=warning uptime,level,tags
 #1: stderr all=off uptime,level,tags

Environment Variables:
JAVA_HOME=C:\Program Files\Eclipse Adoptium\jdk-25.0.1.8-hotspot
PATH=C:\Program Files\Eclipse Adoptium\jdk-17.0.19.10-hotspot\bin;C:\Program Files (x86)\VMware\VMware Workstation\bin\;C:\Program Files\Python312\Scripts\;C:\Program Files\Python312\;C:\WINDOWS\system32;C:\WINDOWS;C:\WINDOWS\System32\Wbem;C:\WINDOWS\System32\WindowsPowerShell\v1.0\;C:\WINDOWS\System32\OpenSSH\;C:\Program Files (x86)\Microsoft SQL Server\160\Tools\Binn\;C:\Program Files\Microsoft SQL Server\160\Tools\Binn\;C:\Program Files\Microsoft SQL Server\Client SDK\ODBC\170\Tools\Binn\;C:\Program Files\Microsoft SQL Server\160\DTS\Binn\;C:\Program Files (x86)\Microsoft SQL Server\160\DTS\Binn\;C:\Windows\system32\python;C:\sqlite3;C:\Program Files\nodejs\;C:\MinGW\bin;C:\curl\bin;C:\curl\include;C:\MinGW;C:\MinGW\lib;C:\GnuWin32\bin;C:\OpenSSL-Win64\bin;C:\Program Files\PostgreSQL\17\bin;C:\Program Files\Eclipse Adoptium\jdk-25.0.1.8-hotspot\bin;C:\Program Files\Heroku\bin;C:\Program Files\Git\cmd;C:\Program Files (x86)\VMware\VMware Workstation\bin\;C:\Program Files\Python312\Scripts\;C:\Program Files\Python312\;C:\WINDOWS\system32;C:\WINDOWS;C:\WINDOWS\System32\Wbem;C:\WINDOWS\System32\WindowsPowerShell\v1.0\;C:\WINDOWS\System32\OpenSSH\;C:\Program Files (x86)\Microsoft SQL Server\160\Tools\Binn\;C:\Program Files\Microsoft SQL Server\160\Tools\Binn\;C:\Program Files\Microsoft SQL Server\Client SDK\ODBC\170\Tools\Binn\;C:\Program Files\Microsoft SQL Server\160\DTS\Binn\;C:\Program Files (x86)\Microsoft SQL Server\160\DTS\Binn\;C:\Windows\system32\python;C:\sqlite3;C:\Program Files\nodejs\;C:\MinGW\bin;C:\curl\bin;C:\curl\include;C:\MinGW;C:\MinGW\lib;C:\GnuWin32\bin;C:\OpenSSL-Win64\bin;C:\Program Files\PostgreSQL\17\bin;C:\Program Files\Eclipse Adoptium\jdk-25.0.1.8-hotspot\bin;C:\Program Files\Git\cmd;C:\Program Files\Docker\Docker\resources\bin;C:\Program Files\Heroku\bin;C:\Users\admin\AppData\Local\Programs\Microsoft VS Code;C:\Program Files\P;C:\flutter\bin\flutter;C:\flutter\bin;C:\Users\admin\AppData\Local\Programs\Microsoft VS Code\bin
USERNAME=admin
OS=Windows_NT
PROCESSOR_IDENTIFIER=Intel64 Family 6 Model 142 Stepping 10, GenuineIntel
TMP=C:\Users\admin\AppData\Local\Temp
TEMP=C:\Users\admin\AppData\Local\Temp



Periodic native trim disabled


---------------  S Y S T E M  ---------------

OS:
 Windows 11 , 64 bit Build 22621 (10.0.22621.5415)
OS uptime: 0 days 0:08 hours
Hyper-V role detected

CPU: total 8 (initial active 8) (4 cores per cpu, 2 threads per core) family 6 model 142 stepping 10 microcode 0xf4, cx8, cmov, fxsr, ht, mmx, 3dnowpref, sse, sse2, sse3, ssse3, sse4.1, sse4.2, popcnt, lzcnt, tsc, tscinvbit, avx, avx2, aes, erms, clmul, bmi1, bmi2, rtm, adx, fma, vzeroupper, clflush, clflushopt, hv
Processor Information for all 8 processors :
  Max Mhz: 1896, Current Mhz: 1696, Mhz Limit: 1687

Memory: 4k page, system-wide physical 8070M (756M free)
TotalPageFile size 14597M (AvailPageFile size 616M)
current process WorkingSet (physical memory assigned to process): 404M, peak: 406M
current process commit charge ("private bytes"): 448M, peak: 450M

vm_info: OpenJDK 64-Bit Server VM (17.0.19+10) for windows-amd64 JRE (17.0.19+10), built on Apr 25 2026 08:04:44 by "admin" with MS VC++ 17.12 (VS2022)

END.
