#
# There is insufficient memory for the Java Runtime Environment to continue.
# Native memory allocation (mmap) failed to map 65536 bytes. Error detail: Failed to commit metaspace.
# Possible reasons:
#   The system is out of physical RAM or swap space
#   This process is running with CompressedOops enabled, and the Java Heap may be blocking the growth of the native heap
# Possible solutions:
#   Reduce memory load on the system
#   Increase physical memory or swap space
#   Check if swap backing store is full
#   Decrease Java heap size (-Xmx/-Xms)
#   Decrease number of Java threads
#   Decrease Java thread stack sizes (-Xss)
#   Set larger code cache with -XX:ReservedCodeCacheSize=
#   JVM is running with Zero Based Compressed Oops mode in which the Java heap is
#     placed in the first 32GB address space. The Java Heap base address is the
#     maximum limit for the native heap growth. Please use -XX:HeapBaseMinAddress
#     to set the Java Heap base and to place the Java Heap above 32GB virtual address.
# This output file may be truncated or incomplete.
#
#  Out of Memory Error (virtualSpaceNode.cpp:110), pid=7056, tid=13996
#
# JRE version: OpenJDK Runtime Environment Temurin-17.0.19+10 (17.0.19+10) (build 17.0.19+10)
# Java VM: OpenJDK 64-Bit Server VM Temurin-17.0.19+10 (17.0.19+10, mixed mode, sharing, tiered, compressed oops, compressed class ptrs, g1 gc, windows-amd64)
# No core dump will be written. Minidumps are not enabled by default on client versions of Windows
#

---------------  S U M M A R Y ------------

Command Line: --add-opens=java.base/java.lang=ALL-UNNAMED --add-opens=java.base/java.lang.invoke=ALL-UNNAMED --add-opens=java.base/java.util=ALL-UNNAMED --add-opens=java.prefs/java.util.prefs=ALL-UNNAMED --add-exports=jdk.compiler/com.sun.tools.javac.api=ALL-UNNAMED --add-exports=jdk.compiler/com.sun.tools.javac.util=ALL-UNNAMED --add-opens=java.base/java.util=ALL-UNNAMED --add-opens=java.prefs/java.util.prefs=ALL-UNNAMED --add-opens=java.base/java.nio.charset=ALL-UNNAMED --add-opens=java.base/java.net=ALL-UNNAMED --add-opens=java.base/java.util.concurrent=ALL-UNNAMED --add-opens=java.base/java.util.concurrent.atomic=ALL-UNNAMED --add-opens=java.xml/javax.xml.namespace=ALL-UNNAMED --add-opens=java.base/java.time=ALL-UNNAMED -XX:MaxMetaspaceSize=4G -XX:ReservedCodeCacheSize=512m -XX:+HeapDumpOnOutOfMemoryError -Xmx8G -Dfile.encoding=UTF-8 -Duser.country=FR -Duser.language=fr -Duser.variant -javaagent:C:\Users\admin\.gradle\wrapper\dists\gradle-9.1.0-all\7wzd0jkjit61aq2p43wpjgij9\gradle-9.1.0\lib\agents\gradle-instrumentation-agent-9.1.0.jar org.gradle.launcher.daemon.bootstrap.GradleDaemon 9.1.0

Host: Intel(R) Core(TM) i5-8350U CPU @ 1.70GHz, 8 cores, 7G,  Windows 11 , 64 bit Build 22621 (10.0.22621.5415)
Time: Sun Sep 20 14:19:50 2026 Paris, Madrid (heure duild 22621 (10.0.22621.5415) elapsed time: 63.811501 seconds (0d 0h 1m 3s)

---------------  T H R E A D  ---------------

Current thread (0x000001f19b4f5010):  JavaThread "Daemon worker" [_thread_in_vm, id=13996, stack(0x000000ca4d400000,0x000000ca4d500000)]

Stack: [0x000000ca4d400000,0x000000ca4d500000]
Native frames: (J=compiled Java code, j=interpreted, Vv=VM code, C=native code)
V  [jvm.dll+0x684b29]
V  [jvm.dll+0x83a2d5]
V  [jvm.dll+0x83bd4e]
V  [jvm.dll+0x83c3d3]
V  [jvm.dll+0x24905f]
V  [jvm.dll+0x8360bd]
V  [jvm.dll+0x62941d]
V  [jvm.dll+0x1c07e0]
V  [jvm.dll+0x62bd92]
V  [jvm.dll+0x629dd6]
V  [jvm.dll+0x23e154]
V  [jvm.dll+0x1eb03f]
V  [jvm.dll+0x1e09a1]
V  [jvm.dll+0x5482c9]
V  [jvm.dll+0x7b4f98]
V  [jvm.dll+0x7b5094]
V  [jvm.dll+0x414d34]
V  [jvm.dll+0x41b799]
C  [java.dll+0x17ec]

Java frames: (J=compiled Java code, j=interpreted, Vv=VM code)
J 783  java.lang.ClassLoader.defineClass1(Ljava/lang/ClassLoader;Ljava/lang/String;[BIILjava/security/ProtectionDomain;Ljava/lang/String;)Ljava/lang/Class; java.base@17.0.19 (0 bytes) @ 0x000001f12f5c2303 [0x000001f12f5c2240+0x00000000000000c3]
J 4805 c2 java.security.SecureClassLoader.defineClass(Ljava/lang/String;[BIILjava/security/CodeSource;)Ljava/lang/Class; java.base@17.0.19 (16 bytes) @ 0x000001f12f883d04 [0x000001f12f883620+0x00000000000006e4]
J 5509 c2 java.net.URLClassLoader.findClass(Ljava/lang/String;)Ljava/lang/Class; java.base@17.0.19 (47 bytes) @ 0x000001f12f6bb4d4 [0x000001f12f6ba660+0x0000000000000e74]
J 5511 c2 java.lang.ClassLoader.loadClass(Ljava/lang/String;Z)Ljava/lang/Class; java.base@17.0.19 (121 bytes) @ 0x000001f12f826d0c [0x000001f12f826a20+0x00000000000002ec]
J 3170 c2 java.lang.ClassLoader.loadClass(Ljava/lang/String;)Ljava/lang/Class; java.base@17.0.19 (7 bytes) @ 0x000001f12f767fe0 [0x000001f12f767fa0+0x0000000000000040]
v  ~StubRoutines::call_stub
j  org.gradle.api.internal.AbstractTask.<init>(Lorg/gradle/api/internal/AbstractTask$TaskInfo;)V+18
j  org.gradle.api.internal.AbstractTask.<init>()V+4
j  org.gradle.api.DefaultTask.<init>()V+1
j  org.gradle.api.internal.ConventionTask.<init>()V+1
j  org.gradle.api.tasks.SourceTask.<init>()V+1
j  org.gradle.api.tasks.compile.AbstractCompile.<init>()V+1
j  org.gradle.api.tasks.compile.JavaCompile.<init>()V+1
j  org.gradle.api.tasks.compile.JavaCompile_Decorated.<init>()V+1
v  ~StubRoutines::call_stub
J 1445  jdk.internal.reflect.NativeConstructorAccessorImpl.newInstance0(Ljava/lang/reflect/Constructor;[Ljava/lang/Object;)Ljava/lang/Object; java.base@17.0.19 (0 bytes) @ 0x000001f12f63142e [0x000001f12f6313c0+0x000000000000006e]
J 2199 c1 jdk.internal.reflect.NativeConstructorAccessorImpl.newInstance([Ljava/lang/Object;)Ljava/lang/Object; java.base@17.0.19 (122 bytes) @ 0x000001f11f6cde5c [0x000001f11f6cd500+0x000000000000095c]
J 7558 c2 jdk.internal.reflect.DelegatingConstructorAccessorImpl.newInstance([Ljava/lang/Object;)Ljava/lang/Object; java.base@17.0.19 (9 bytes) @ 0x000001f12f98d8e8 [0x000001f12f98d8a0+0x0000000000000048]
J 1440 c1 java.lang.reflect.Constructor.newInstanceWithCaller([Ljava/lang/Object;ZLjava/lang/Class;)Ljava/lang/Object; java.base@17.0.19 (75 bytes) @ 0x000001f11f55f1d4 [0x000001f11f55ef80+0x0000000000000254]
J 4904 c1 org.gradle.internal.instantiation.generator.AsmBackedClassGenerator$InvokeConstructorStrategy.newInstance(Lorg/gradle/internal/service/ServiceLookup;Lorg/gradle/internal/instantiation/InstanceGenerator;Lorg/gradle/api/Describable;[Ljava/lang/Object;)Ljava/lang/Object; (66 bytes) @ 0x000001f11fc72824 [0x000001f11fc721e0+0x0000000000000644]
J 7086 c1 org.gradle.internal.instantiation.generator.AbstractClassGenerator$GeneratedClassImpl$GeneratedConstructorImpl.newInstance(Lorg/gradle/internal/service/ServiceLookup;Lorg/gradle/internal/instantiation/InstanceGenerator;Lorg/gradle/api/Describable;[Ljava/lang/Object;)Ljava/lang/Object; (15 bytes) @ 0x000001f11fecafcc [0x000001f11fecaec0+0x000000000000010c]
J 4474 c1 org.gradle.internal.instantiation.generator.DependencyInjectingInstantiator.doCreate(Ljava/lang/Class;Lorg/gradle/api/Describable;[Ljava/lang/Object;)Ljava/lang/Object; (64 bytes) @ 0x000001f11fb95264 [0x000001f11fb95080+0x00000000000001e4]
j  org.gradle.internal.instantiation.generator.DependencyInjectingInstantiator.newInstanceWithDisplayName(Ljava/lang/Class;Lorg/gradle/api/Describable;[Ljava/lang/Object;)Ljava/lang/Object;+4
j  org.gradle.api.internal.project.taskfactory.TaskFactory$1.call()Lorg/gradle/api/Task;+31
j  org.gradle.api.internal.project.taskfactory.TaskFactory$1.call()Ljava/lang/Object;+1
j  org.gradle.internal.UncheckedException.uncheckedCall(Ljava/util/concurrent/Callable;)Ljava/lang/Object;+1
j  org.gradle.api.internal.AbstractTask.injectIntoNewInstance(Lorg/gradle/api/internal/project/ProjectInternal;Lorg/gradle/api/internal/project/taskfactory/TaskIdentity;Ljava/util/concurrent/Callable;)Lorg/gradle/api/Task;+17
j  org.gradle.api.internal.project.taskfactory.TaskFactory.create(Lorg/gradle/api/internal/project/taskfactory/TaskIdentity;[Ljava/lang/Object;)Lorg/gradle/api/Task;+224
j  org.gradle.api.internal.project.taskfactory.AnnotationProcessingTaskFactory.create(Lorg/gradle/api/internal/project/taskfactory/TaskIdentity;[Ljava/lang/Object;)Lorg/gradle/api/Task;+7
j  org.gradle.api.internal.tasks.DefaultTaskContainer.createTask(Lorg/gradle/api/internal/project/taskfactory/TaskIdentity;[Ljava/lang/Object;)Lorg/gradle/api/Task;+67
j  org.gradle.api.internal.tasks.DefaultTaskContainer.access$200(Lorg/gradle/api/internal/tasks/DefaultTaskContainer;Lorg/gradle/api/internal/project/taskfactory/TaskIdentity;[Ljava/lang/Object;)Lorg/gradle/api/Task;+3
j  org.gradle.api.internal.tasks.DefaultTaskContainer$TaskCreatingProvider.createDomainObject()Lorg/gradle/api/Task;+12
j  org.gradle.api.internal.tasks.DefaultTaskContainer$TaskCreatingProvider.createDomainObject()Ljava/lang/Object;+1
j  org.gradle.api.internal.DefaultNamedDomainObjectCollection$AbstractDomainObjectCreatingProvider.tryCreate()V+30
j  org.gradle.api.internal.tasks.DefaultTaskContainer$TaskCreatingProvider.access$1401(Lorg/gradle/api/internal/tasks/DefaultTaskContainer$TaskCreatingProvider;)V+1
j  org.gradle.api.internal.tasks.DefaultTaskContainer$TaskCreatingProvider$1.run(Lorg/gradle/internal/operations/BuildOperationContext;)V+4
J 7825 c1 org.gradle.internal.operations.DefaultBuildOperationRunner$1.execute(Lorg/gradle/internal/operations/BuildOperation;Lorg/gradle/internal/operations/BuildOperationContext;)V (10 bytes) @ 0x000001f120025ec4 [0x000001f120025c60+0x0000000000000264]
J 6890 c1 org.gradle.internal.operations.DefaultBuildOperationRunner$2.execute(Lorg/gradle/internal/operations/BuildOperationDescriptor;Lorg/gradle/internal/operations/BuildOperationState;Lorg/gradle/internal/operations/BuildOperationState;Lorg/gradle/internal/operations/DefaultBuildOperationRunner$ReadableBuildOperationContext;Lorg/gradle/internal/operations/DefaultBuildOperationRunner$BuildOperationExecutionListener;)Lorg/gradle/internal/operations/BuildOperation; (110 bytes) @ 0x000001f11fe64bbc [0x000001f11fe649c0+0x00000000000001fc]
J 6696 c1 org.gradle.internal.operations.DefaultBuildOperationRunner$2.execute(Lorg/gradle/internal/operations/BuildOperationDescriptor;Lorg/gradle/internal/operations/BuildOperationState;Lorg/gradle/internal/operations/BuildOperationState;Lorg/gradle/internal/operations/DefaultBuildOperationRunner$ReadableBuildOperationContext;Lorg/gradle/internal/operations/DefaultBuildOperationRunner$BuildOperationExecutionListener;)Ljava/lang/Object; (12 bytes) @ 0x000001f11fe00f44 [0x000001f11fe00ec0+0x0000000000000084]
J 7776 c1 org.gradle.internal.operations.DefaultBuildOperationRunner.execute(Lorg/gradle/internal/operations/BuildOperationDescriptor$Builder;Lorg/gradle/internal/operations/BuildOperationState;Lorg/gradle/internal/operations/DefaultBuildOperationRunner$BuildOperationExecution;)Ljava/lang/Object; (147 bytes) @ 0x000001f120011a9c [0x000001f120010f60+0x0000000000000b3c]
J 6881 c1 org.gradle.internal.operations.DefaultBuildOperationRunner.execute(Lorg/gradle/internal/operations/BuildOperation;Lorg/gradle/internal/operations/BuildOperationWorker;Lorg/gradle/internal/operations/BuildOperationState;)V (23 bytes) @ 0x000001f11fe6018c [0x000001f11fe5fee0+0x00000000000002ac]
J 7824 c1 org.gradle.internal.operations.DefaultBuildOperationRunner.run(Lorg/gradle/internal/operations/RunnableBuildOperation;)V (13 bytes) @ 0x000001f12002575c [0x000001f120025380+0x00000000000003dc]
j  org.gradle.api.internal.tasks.DefaultTaskContainer$TaskCreatingProvider.tryCreate()V+15
j  org.gradle.api.internal.DefaultNamedDomainObjectCollection$AbstractDomainObjectCreatingProvider.calculateOwnValue(Lorg/gradle/api/internal/provider/ValueSupplier$ValueConsumer;)Lorg/gradle/api/internal/provider/ValueSupplier$Value;+60
J 7728 c1 org.gradle.api.internal.provider.AbstractMinimalProvider.calculateValue(Lorg/gradle/api/internal/provider/ValueSupplier$ValueConsumer;)Lorg/gradle/api/internal/provider/ValueSupplier$Value; (15 bytes) @ 0x000001f11ffee16c [0x000001f11ffee060+0x000000000000010c]
j  org.gradle.api.internal.provider.Collectors$ElementFromProvider.collectEntries(Lorg/gradle/api/internal/provider/ValueSupplier$ValueConsumer;Lorg/gradle/api/internal/provider/ValueCollector;Lcom/google/common/collect/ImmutableCollection$Builder;)Lorg/gradle/api/internal/provider/ValueSupplier$Value;+5
j  org.gradle.api.internal.provider.Collectors$TypedCollector.collectEntries(Lorg/gradle/api/internal/provider/ValueSupplier$ValueConsumer;Lorg/gradle/api/internal/provider/ValueCollector;Lcom/google/common/collect/ImmutableCollection$Builder;)Lorg/gradle/api/internal/provider/ValueSupplier$Value;+7
j  org.gradle.api.internal.provider.Collectors$TypedCollector.collectInto(Lcom/google/common/collect/ImmutableCollection$Builder;)V+9
j  org.gradle.api.internal.collections.SortedSetElementSource.realize(Ljava/lang/Iterable;)V+45
j  org.gradle.api.internal.collections.SortedSetElementSource.realizePending(Ljava/lang/Class;)V+84
j  org.gradle.api.internal.collections.FilteredElementSource.realizePending(Ljava/lang/Class;)V+5
j  org.gradle.api.internal.DefaultDomainObjectCollection.addEagerAction(Lorg/gradle/api/Action;)Lorg/gradle/api/Action;+8
j  org.gradle.api.internal.DefaultDomainObjectCollection.all(Lorg/gradle/api/Action;)V+8
j  org.gradle.api.internal.DelegatingDomainObjectSet.all(Lorg/gradle/api/Action;)V+5
j  org.gradle.api.internal.DefaultDomainObjectCollection.withType(Ljava/lang/Class;Lorg/gradle/api/Action;)Lorg/gradle/api/DomainObjectCollection;+14
j  Build_gradle.<init>(Lorg/gradle/kotlin/dsl/support/KotlinScriptHost;Lorg/gradle/api/Project;)V+126
j  Program.execute(Lorg/gradle/kotlin/dsl/execution/ExecutableProgram$Host;Lorg/gradle/kotlin/dsl/support/KotlinScriptHost;)V+11
j  org.gradle.kotlin.dsl.execution.Interpreter$ProgramHost.eval(Lorg/gradle/kotlin/dsl/execution/CompiledScript;Lorg/gradle/kotlin/dsl/support/KotlinScriptHost;)V+90
j  org.gradle.kotlin.dsl.execution.Interpreter$ProgramHost.evaluateSecondStageOf(Lorg/gradle/kotlin/dsl/execution/ExecutableProgram$StagedProgram;Lorg/gradle/kotlin/dsl/support/KotlinScriptHost;Ljava/lang/String;Lorg/gradle/internal/hash/HashCode;Lorg/gradle/internal/classpath/ClassPath;)V+198
j  Program.execute(Lorg/gradle/kotlin/dsl/execution/ExecutableProgram$Host;Lorg/gradle/kotlin/dsl/support/KotlinScriptHost;)V+187
j  org.gradle.kotlin.dsl.execution.Interpreter$ProgramHost.eval(Lorg/gradle/kotlin/dsl/execution/CompiledScript;Lorg/gradle/kotlin/dsl/support/KotlinScriptHost;)V+90
j  org.gradle.kotlin.dsl.execution.Interpreter.eval(Ljava/lang/Object;Lorg/gradle/groovy/scripts/ScriptSource;Lorg/gradle/internal/hash/HashCode;Lorg/gradle/api/initialization/dsl/ScriptHandler;Lorg/gradle/api/internal/initialization/ClassLoaderScope;Lorg/gradle/api/internal/initialization/ClassLoaderScope;ZLjava/util/EnumSet;)V+213
j  org.gradle.kotlin.dsl.provider.StandardKotlinScriptEvaluator.evaluate(Ljava/lang/Object;Lorg/gradle/groovy/scripts/ScriptSource;Lorg/gradle/api/initialization/dsl/ScriptHandler;Lorg/gradle/api/internal/initialization/ClassLoaderScope;Lorg/gradle/api/internal/initialization/ClassLoaderScope;ZLjava/util/EnumSet;)V+167
j  org.gradle.kotlin.dsl.provider.KotlinScriptPluginFactory.create$lambda$0(Lorg/gradle/kotlin/dsl/provider/KotlinScriptPluginFactory;Lorg/gradle/groovy/scripts/ScriptSource;Lorg/gradle/api/internal/initialization/ClassLoaderScope;Lorg/gradle/api/initialization/dsl/ScriptHandler;Lorg/gradle/api/internal/initialization/ClassLoaderScope;ZLjava/lang/Object;)Lkotlin/Unit;+48
j  org.gradle.kotlin.dsl.provider.KotlinScriptPluginFactory$$Lambda$699+0x000001f157598eb8.invoke(Ljava/lang/Object;)Ljava/lang/Object;+25
j  org.gradle.kotlin.dsl.provider.KotlinScriptPlugin.apply(Ljava/lang/Object;)V+22
j  org.gradle.configuration.BuildOperationScriptPlugin$1.run(Lorg/gradle/internal/operations/BuildOperationContext;)V+11
j  org.gradle.internal.operations.DefaultBuildOperationRunner$1.execute(Lorg/gradle/internal/operations/RunnableBuildOperation;Lorg/gradle/internal/operations/BuildOperationContext;)V+2
j  org.gradle.internal.operations.DefaultBuildOperationRunner$1.execute(Lorg/gradle/internal/operations/BuildOperation;Lorg/gradle/internal/operations/BuildOperationContext;)V+6
j  org.gradle.internal.operations.DefaultBuildOperationRunner$2.execute(Lorg/gradle/internal/operations/BuildOperationDescriptor;Lorg/gradle/internal/operations/BuildOperationState;Lorg/gradle/internal/operations/BuildOperationState;Lorg/gradle/internal/operations/DefaultBuildOperationRunner$ReadableBuildOperationContext;Lorg/gradle/internal/operations/DefaultBuildOperationRunner$BuildOperationExecutionListener;)Lorg/gradle/internal/operations/BuildOperation;+22
j  org.gradle.internal.operations.DefaultBuildOperationRunner$2.execute(Lorg/gradle/internal/operations/BuildOperationDescriptor;Lorg/gradle/internal/operations/BuildOperationState;Lorg/gradle/internal/operations/BuildOperationState;Lorg/gradle/internal/operations/DefaultBuildOperationRunner$ReadableBuildOperationContext;Lorg/gradle/internal/operations/DefaultBuildOperationRunner$BuildOperationExecutionListener;)Ljava/lang/Object;+8
j  org.gradle.internal.operations.DefaultBuildOperationRunner.execute(Lorg/gradle/internal/operations/BuildOperationDescriptor$Builder;Lorg/gradle/internal/operations/BuildOperationState;Lorg/gradle/internal/operations/DefaultBuildOperationRunner$BuildOperationExecution;)Ljava/lang/Object;+141
j  org.gradle.internal.operations.DefaultBuildOperationRunner.execute(Lorg/gradle/internal/operations/BuildOperation;Lorg/gradle/internal/operations/BuildOperationWorker;Lorg/gradle/internal/operations/BuildOperationState;)V+18
j  org.gradle.internal.operations.DefaultBuildOperationRunner.run(Lorg/gradle/internal/operations/RunnableBuildOperation;)V+9
j  org.gradle.configuration.BuildOperationScriptPlugin.lambda$apply$0(Ljava/lang/Object;Lorg/gradle/internal/code/UserCodeApplicationId;)V+14
j  org.gradle.configuration.BuildOperationScriptPlugin$$Lambda$527+0x000001f1574a8688.execute(Ljava/lang/Object;)V+12
j  org.gradle.internal.code.DefaultUserCodeApplicationContext.apply(Lorg/gradle/internal/code/UserCodeSource;Lorg/gradle/api/Action;)V+37
j  org.gradle.configuration.BuildOperationScriptPlugin.apply(Ljava/lang/Object;)V+71
j  org.gradle.configuration.project.BuildScriptProcessor$$Lambda$897+0x000001f15769c000.accept(Ljava/lang/Object;)V+8
j  org.gradle.api.internal.project.DefaultProjectStateRegistry$ProjectStateImpl.lambda$applyToMutableState$1(Ljava/util/function/Consumer;Lorg/gradle/api/internal/project/ProjectInternal;)Ljava/lang/Object;+2
j  org.gradle.api.internal.project.DefaultProjectStateRegistry$ProjectStateImpl$$Lambda$851+0x000001f157641830.apply(Ljava/lang/Object;)Ljava/lang/Object;+8
j  org.gradle.api.internal.project.DefaultProjectStateRegistry$ProjectStateImpl.fromMutableState(Ljava/util/function/Function;)Ljava/lang/Object;+97
j  org.gradle.api.internal.project.DefaultProjectStateRegistry$ProjectStateImpl.applyToMutableState(Ljava/util/function/Consumer;)V+7
j  org.gradle.configuration.project.BuildScriptProcessor.execute(Lorg/gradle/api/internal/project/ProjectInternal;)V+88
j  org.gradle.configuration.project.BuildScriptProcessor.execute(Ljava/lang/Object;)V+5
j  org.gradle.configuration.project.ConfigureActionsProjectEvaluator.evaluate(Lorg/gradle/api/internal/project/ProjectInternal;Lorg/gradle/api/internal/project/ProjectStateInternal;)V+33
j  org.gradle.configuration.project.LifecycleProjectEvaluator$EvaluateProject.lambda$run$0(Lorg/gradle/internal/operations/BuildOperationContext;Lorg/gradle/api/internal/project/ProjectInternal;)V+67
j  org.gradle.configuration.project.LifecycleProjectEvaluator$EvaluateProject$$Lambda$878+0x000001f15767f440.accept(Ljava/lang/Object;)V+12
j  org.gradle.api.internal.project.DefaultProjectStateRegistry$ProjectStateImpl.lambda$applyToMutableState$1(Ljava/util/function/Consumer;Lorg/gradle/api/internal/project/ProjectInternal;)Ljava/lang/Object;+2
j  org.gradle.api.internal.project.DefaultProjectStateRegistry$ProjectStateImpl$$Lambda$851+0x000001f157641830.apply(Ljava/lang/Object;)Ljava/lang/Object;+8
j  org.gradle.api.internal.project.DefaultProjectStateRegistry$ProjectStateImpl.lambda$fromMutableState$2(Ljava/util/function/Function;)Ljava/lang/Object;+5
j  org.gradle.api.internal.project.DefaultProjectStateRegistry$ProjectStateImpl$$Lambda$852+0x000001f157641a70.create()Ljava/lang/Object;+8
j  org.gradle.internal.work.DefaultWorkerLeaseService.withReplacedLocks(Ljava/util/Collection;Lorg/gradle/internal/resources/ResourceLock;Lorg/gradle/internal/Factory;)Ljava/lang/Object;+40
j  org.gradle.api.internal.project.DefaultProjectStateRegistry$ProjectStateImpl.fromMutableState(Ljava/util/function/Function;)Ljava/lang/Object;+133
j  org.gradle.api.internal.project.DefaultProjectStateRegistry$ProjectStateImpl.applyToMutableState(Ljava/util/function/Consumer;)V+7
j  org.gradle.configuration.project.LifecycleProjectEvaluator$EvaluateProject.run(Lorg/gradle/internal/operations/BuildOperationContext;)V+16
j  org.gradle.internal.operations.DefaultBuildOperationRunner$1.execute(Lorg/gradle/internal/operations/RunnableBuildOperation;Lorg/gradle/internal/operations/BuildOperationContext;)V+2
j  org.gradle.internal.operations.DefaultBuildOperationRunner$1.execute(Lorg/gradle/internal/operations/BuildOperation;Lorg/gradle/internal/operations/BuildOperationContext;)V+6
j  org.gradle.internal.operations.DefaultBuildOperationRunner$2.execute(Lorg/gradle/internal/operations/BuildOperationDescriptor;Lorg/gradle/internal/operations/BuildOperationState;Lorg/gradle/internal/operations/BuildOperationState;Lorg/gradle/internal/operations/DefaultBuildOperationRunner$ReadableBuildOperationContext;Lorg/gradle/internal/operations/DefaultBuildOperationRunner$BuildOperationExecutionListener;)Lorg/gradle/internal/operations/BuildOperation;+22
j  org.gradle.internal.operations.DefaultBuildOperationRunner$2.execute(Lorg/gradle/internal/operations/BuildOperationDescriptor;Lorg/gradle/internal/operations/BuildOperationState;Lorg/gradle/internal/operations/BuildOperationState;Lorg/gradle/internal/operations/DefaultBuildOperationRunner$ReadableBuildOperationContext;Lorg/gradle/internal/operations/DefaultBuildOperationRunner$BuildOperationExecutionListener;)Ljava/lang/Object;+8
j  org.gradle.internal.operations.DefaultBuildOperationRunner.execute(Lorg/gradle/internal/operations/BuildOperationDescriptor$Builder;Lorg/gradle/internal/operations/BuildOperationState;Lorg/gradle/internal/operations/DefaultBuildOperationRunner$BuildOperationExecution;)Ljava/lang/Object;+141
j  org.gradle.internal.operations.DefaultBuildOperationRunner.execute(Lorg/gradle/internal/operations/BuildOperation;Lorg/gradle/internal/operations/BuildOperationWorker;Lorg/gradle/internal/operations/BuildOperationState;)V+18
j  org.gradle.internal.operations.DefaultBuildOperationRunner.run(Lorg/gradle/internal/operations/RunnableBuildOperation;)V+9
j  org.gradle.configuration.project.LifecycleProjectEvaluator.evaluate(Lorg/gradle/api/internal/project/ProjectInternal;Lorg/gradle/api/internal/project/ProjectStateInternal;)V+42
j  org.gradle.api.internal.project.DefaultProject.evaluateUnchecked()Lorg/gradle/api/internal/project/ProjectInternal;+20
j  org.gradle.api.internal.project.ProjectLifecycleController.lambda$ensureSelfConfigured$2()V+4
j  org.gradle.api.internal.project.ProjectLifecycleController$$Lambda$876+0x000001f15767dc28.run()V+4
j  org.gradle.internal.model.StateTransitionController.lambda$doTransition$14(Ljava/lang/Runnable;)Lorg/gradle/internal/build/ExecutionResult;+1
j  org.gradle.internal.model.StateTransitionController$$Lambda$424+0x000001f157405110.get()Ljava/lang/Object;+4
j  org.gradle.internal.model.StateTransitionController.doTransition(Lorg/gradle/internal/model/StateTransitionController$State;Lorg/gradle/internal/model/StateTransitionController$State;Ljava/util/function/Supplier;)Lorg/gradle/internal/build/ExecutionResult;+24
j  org.gradle.internal.model.StateTransitionController.doTransition(Lorg/gradle/internal/model/StateTransitionController$State;Lorg/gradle/internal/model/StateTransitionController$State;Ljava/lang/Runnable;)V+9
j  org.gradle.internal.model.StateTransitionController.lambda$maybeTransitionIfNotCurrentlyTransitioning$10(Lorg/gradle/internal/model/StateTransitionController$State;Lorg/gradle/internal/model/StateTransitionController$State;Ljava/lang/Runnable;)V+16
j  org.gradle.internal.model.StateTransitionController$$Lambda$877+0x000001f15767de48.run()V+16
j  org.gradle.internal.work.DefaultSynchronizer.withLock(Ljava/lang/Runnable;)V+6
j  org.gradle.internal.model.StateTransitionController.maybeTransitionIfNotCurrentlyTransitioning(Lorg/gradle/internal/model/StateTransitionController$State;Lorg/gradle/internal/model/StateTransitionController$State;Ljava/lang/Runnable;)V+13
j  org.gradle.api.internal.project.ProjectLifecycleController.ensureSelfConfigured()V+16
j  org.gradle.api.internal.project.DefaultProjectStateRegistry$ProjectStateImpl.ensureConfigured()V+19
j  org.gradle.execution.TaskPathProjectEvaluator.configure(Lorg/gradle/api/internal/project/ProjectInternal;)V+6
j  org.gradle.execution.TaskPathProjectEvaluator.configureHierarchy(Lorg/gradle/api/internal/project/ProjectInternal;)V+2
j  org.gradle.configuration.DefaultProjectsPreparer.prepareProjects(Lorg/gradle/api/internal/GradleInternal;)V+52
j  org.gradle.configuration.BuildTreePreparingProjectsPreparer.prepareProjects(Lorg/gradle/api/internal/GradleInternal;)V+114
j  org.gradle.configuration.BuildOperationFiringProjectsPreparer$ConfigureBuild.run(Lorg/gradle/internal/operations/BuildOperationContext;)V+11
j  org.gradle.internal.operations.DefaultBuildOperationRunner$1.execute(Lorg/gradle/internal/operations/RunnableBuildOperation;Lorg/gradle/internal/operations/BuildOperationContext;)V+2
j  org.gradle.internal.operations.DefaultBuildOperationRunner$1.execute(Lorg/gradle/internal/operations/BuildOperation;Lorg/gradle/internal/operations/BuildOperationContext;)V+6
j  org.gradle.internal.operations.DefaultBuildOperationRunner$2.execute(Lorg/gradle/internal/operations/BuildOperationDescriptor;Lorg/gradle/internal/operations/BuildOperationState;Lorg/gradle/internal/operations/BuildOperationState;Lorg/gradle/internal/operations/DefaultBuildOperationRunner$ReadableBuildOperationContext;Lorg/gradle/internal/operations/DefaultBuildOperationRunner$BuildOperationExecutionListener;)Lorg/gradle/internal/operations/BuildOperation;+22
j  org.gradle.internal.operations.DefaultBuildOperationRunner$2.execute(Lorg/gradle/internal/operations/BuildOperationDescriptor;Lorg/gradle/internal/operations/BuildOperationState;Lorg/gradle/internal/operations/BuildOperationState;Lorg/gradle/internal/operations/DefaultBuildOperationRunner$ReadableBuildOperationContext;Lorg/gradle/internal/operations/DefaultBuildOperationRunner$BuildOperationExecutionListener;)Ljava/lang/Object;+8
j  org.gradle.internal.operations.DefaultBuildOperationRunner.execute(Lorg/gradle/internal/operations/BuildOperationDescriptor$Builder;Lorg/gradle/internal/operations/BuildOperationState;Lorg/gradle/internal/operations/DefaultBuildOperationRunner$BuildOperationExecution;)Ljava/lang/Object;+141
j  org.gradle.internal.operations.DefaultBuildOperationRunner.execute(Lorg/gradle/internal/operations/BuildOperation;Lorg/gradle/internal/operations/BuildOperationWorker;Lorg/gradle/internal/operations/BuildOperationState;)V+18
j  org.gradle.internal.operations.DefaultBuildOperationRunner.run(Lorg/gradle/internal/operations/RunnableBuildOperation;)V+9
j  org.gradle.configuration.BuildOperationFiringProjectsPreparer.prepareProjects(Lorg/gradle/api/internal/GradleInternal;)V+13
j  org.gradle.initialization.VintageBuildModelController.lambda$prepareProjects$2()V+8
j  org.gradle.initialization.VintageBuildModelController$$Lambda$832+0x000001f157625160.run()V+4
j  org.gradle.internal.model.StateTransitionController.lambda$doTransition$14(Ljava/lang/Runnable;)Lorg/gradle/internal/build/ExecutionResult;+1
j  org.gradle.internal.model.StateTransitionController$$Lambda$424+0x000001f157405110.get()Ljava/lang/Object;+4
j  org.gradle.internal.model.StateTransitionController.doTransition(Lorg/gradle/internal/model/StateTransitionController$State;Lorg/gradle/internal/model/StateTransitionController$State;Ljava/util/function/Supplier;)Lorg/gradle/internal/build/ExecutionResult;+24
j  org.gradle.internal.model.StateTransitionController.doTransition(Lorg/gradle/internal/model/StateTransitionController$State;Lorg/gradle/internal/model/StateTransitionController$State;Ljava/lang/Runnable;)V+9
j  org.gradle.internal.model.StateTransitionController.lambda$transitionIfNotPreviously$11(Lorg/gradle/internal/model/StateTransitionController$State;Lorg/gradle/internal/model/StateTransitionController$State;Ljava/lang/Runnable;)V+16
j  org.gradle.internal.model.StateTransitionController$$Lambda$423+0x000001f157404ef0.run()V+16
j  org.gradle.internal.work.DefaultSynchronizer.withLock(Ljava/lang/Runnable;)V+6
j  org.gradle.internal.model.StateTransitionController.transitionIfNotPreviously(Lorg/gradle/internal/model/StateTransitionController$State;Lorg/gradle/internal/model/StateTransitionController$State;Ljava/lang/Runnable;)V+13
j  org.gradle.initialization.VintageBuildModelController.prepareProjects()V+16
j  org.gradle.initialization.VintageBuildModelController.getConfiguredModel()Lorg/gradle/api/internal/GradleInternal;+5
j  org.gradle.internal.build.DefaultBuildLifecycleController$$Lambda$831+0x000001f157624f40.get()Ljava/lang/Object;+4
j  org.gradle.internal.model.StateTransitionController.lambda$notInState$3(Lorg/gradle/internal/model/StateTransitionController$State;Ljava/util/function/Supplier;)Ljava/lang/Object;+11
j  org.gradle.internal.model.StateTransitionController$$Lambda$421+0x000001f157404ab0.create()Ljava/lang/Object;+12
j  org.gradle.internal.work.DefaultSynchronizer.withLock(Lorg/gradle/internal/Factory;)Ljava/lang/Object;+6
j  org.gradle.internal.model.StateTransitionController.notInState(Lorg/gradle/internal/model/StateTransitionController$State;Ljava/util/function/Supplier;)Ljava/lang/Object;+12
j  org.gradle.internal.build.DefaultBuildLifecycleController.configureProjects()V+21
j  org.gradle.internal.build.AbstractBuildState.ensureProjectsConfigured()V+4
j  org.gradle.internal.buildtree.BuildInclusionCoordinator$$Lambda$828+0x000001f1576246b0.run()V+4
j  org.gradle.internal.buildtree.BuildInclusionCoordinator$BuildSynchronizer.lambda$withLock$0(Ljava/lang/Runnable;)V+14
j  org.gradle.internal.buildtree.BuildInclusionCoordinator$BuildSynchronizer$$Lambda$830+0x000001f157624d20.run()V+8
j  org.gradle.internal.work.DefaultSynchronizer.withLock(Ljava/lang/Runnable;)V+6
j  org.gradle.internal.buildtree.BuildInclusionCoordinator$BuildSynchronizer.withLock(Ljava/lang/Runnable;)V+11
j  org.gradle.internal.buildtree.BuildInclusionCoordinator.withLockForBuild(Lorg/gradle/internal/build/BuildState;Ljava/lang/Runnable;)V+20
j  org.gradle.internal.buildtree.BuildInclusionCoordinator.prepareForPluginResolution(Lorg/gradle/internal/build/IncludedBuildState;)V+13
j  org.gradle.internal.composite.DefaultBuildIncluder.prepareForPluginResolution(Lorg/gradle/internal/build/IncludedBuildState;)V+5
j  org.gradle.composite.internal.plugins.CompositeBuildPluginResolverContributor$CompositeBuildPluginResolver.resolveFromIncludedPluginBuilds(Lorg/gradle/plugin/use/PluginId;)Lorg/gradle/plugin/use/resolve/internal/PluginResolution;+39
j  org.gradle.composite.internal.plugins.CompositeBuildPluginResolverContributor$CompositeBuildPluginResolver.doResolve(Lorg/gradle/plugin/use/PluginId;)Lorg/gradle/composite/internal/plugins/CompositeBuildPluginResolverContributor$PluginResult;+2
j  org.gradle.composite.internal.plugins.CompositeBuildPluginResolverContributor$CompositeBuildPluginResolver$$Lambda$808+0x000001f157608000.apply(Ljava/lang/Object;)Ljava/lang/Object;+8
J 3806 c2 java.util.concurrent.ConcurrentHashMap.computeIfAbsent(Ljava/lang/Object;Ljava/util/function/Function;)Ljava/lang/Object; java.base@17.0.19 (576 bytes) @ 0x000001f12f7e64f4 [0x000001f12f7e5920+0x0000000000000bd4]
j  org.gradle.composite.internal.plugins.CompositeBuildPluginResolverContributor$CompositeBuildPluginResolver.resolve(Lorg/gradle/plugin/management/internal/PluginRequestInternal;)Lorg/gradle/plugin/use/resolve/internal/PluginResolutionResult;+16
j  org.gradle.plugin.use.resolve.internal.CompositePluginResolver.resolve(Lorg/gradle/plugin/management/internal/PluginRequestInternal;)Lorg/gradle/plugin/use/resolve/internal/PluginResolutionResult;+37
j  org.gradle.plugin.use.resolve.internal.AlreadyOnClasspathPluginResolver.resolve(Lorg/gradle/plugin/management/internal/PluginRequestInternal;)Lorg/gradle/plugin/use/resolve/internal/PluginResolutionResult;+28
j  org.gradle.plugin.use.internal.DefaultPluginRequestApplicator.resolvePluginRequest(Lorg/gradle/plugin/use/resolve/internal/PluginResolver;Lorg/gradle/plugin/management/internal/PluginRequestInternal;)Lorg/gradle/plugin/use/resolve/internal/PluginResolution;+2
j  org.gradle.plugin.use.internal.DefaultPluginRequestApplicator.applyPlugins(Lorg/gradle/plugin/management/internal/PluginRequests;Lorg/gradle/api/internal/initialization/ScriptHandlerInternal;Lorg/gradle/api/internal/plugins/PluginManagerInternal;Lorg/gradle/api/internal/initialization/ClassLoaderScope;)V+136
j  org.gradle.kotlin.dsl.provider.PluginRequestsHandler.handle(Lorg/gradle/plugin/management/internal/PluginRequests;Lorg/gradle/api/internal/initialization/ScriptHandlerInternal;Lorg/gradle/api/internal/plugins/PluginAwareInternal;Lorg/gradle/api/internal/initialization/ClassLoaderScope;)V+71
j  org.gradle.kotlin.dsl.provider.StandardKotlinScriptEvaluator$InterpreterHost.applyPluginsTo(Lorg/gradle/kotlin/dsl/support/KotlinScriptHost;Lorg/gradle/plugin/management/internal/PluginRequests;)V+53
j  org.gradle.kotlin.dsl.execution.Interpreter$ProgramHost.applyPluginsTo(Lorg/gradle/kotlin/dsl/support/KotlinScriptHost;Lorg/gradle/plugin/management/internal/PluginRequests;)V+21
j  Program.execute(Lorg/gradle/kotlin/dsl/execution/ExecutableProgram$Host;Lorg/gradle/kotlin/dsl/support/KotlinScriptHost;)V+45
j  org.gradle.kotlin.dsl.execution.Interpreter$ProgramHost.eval(Lorg/gradle/kotlin/dsl/execution/CompiledScript;Lorg/gradle/kotlin/dsl/support/KotlinScriptHost;)V+90
j  org.gradle.kotlin.dsl.execution.Interpreter.eval(Ljava/lang/Object;Lorg/gradle/groovy/scripts/ScriptSource;Lorg/gradle/internal/hash/HashCode;Lorg/gradle/api/initialization/dsl/ScriptHandler;Lorg/gradle/api/internal/initialization/ClassLoaderScope;Lorg/gradle/api/internal/initialization/ClassLoaderScope;ZLjava/util/EnumSet;)V+213
j  org.gradle.kotlin.dsl.provider.StandardKotlinScriptEvaluator.evaluate(Ljava/lang/Object;Lorg/gradle/groovy/scripts/ScriptSource;Lorg/gradle/api/initialization/dsl/ScriptHandler;Lorg/gradle/api/internal/initialization/ClassLoaderScope;Lorg/gradle/api/internal/initialization/ClassLoaderScope;ZLjava/util/EnumSet;)V+167
j  org.gradle.kotlin.dsl.provider.KotlinScriptPluginFactory.create$lambda$0(Lorg/gradle/kotlin/dsl/provider/KotlinScriptPluginFactory;Lorg/gradle/groovy/scripts/ScriptSource;Lorg/gradle/api/internal/initialization/ClassLoaderScope;Lorg/gradle/api/initialization/dsl/ScriptHandler;Lorg/gradle/api/internal/initialization/ClassLoaderScope;ZLjava/lang/Object;)Lkotlin/Unit;+48
j  org.gradle.kotlin.dsl.provider.KotlinScriptPluginFactory$$Lambda$699+0x000001f157598eb8.invoke(Ljava/lang/Object;)Ljava/lang/Object;+25
j  org.gradle.kotlin.dsl.provider.KotlinScriptPlugin.apply(Ljava/lang/Object;)V+22
j  org.gradle.configuration.BuildOperationScriptPlugin$1.run(Lorg/gradle/internal/operations/BuildOperationContext;)V+11
j  org.gradle.internal.operations.DefaultBuildOperationRunner$1.execute(Lorg/gradle/internal/operations/RunnableBuildOperation;Lorg/gradle/internal/operations/BuildOperationContext;)V+2
j  org.gradle.internal.operations.DefaultBuildOperationRunner$1.execute(Lorg/gradle/internal/operations/BuildOperation;Lorg/gradle/internal/operations/BuildOperationContext;)V+6
j  org.gradle.internal.operations.DefaultBuildOperationRunner$2.execute(Lorg/gradle/internal/operations/BuildOperationDescriptor;Lorg/gradle/internal/operations/BuildOperationState;Lorg/gradle/internal/operations/BuildOperationState;Lorg/gradle/internal/operations/DefaultBuildOperationRunner$ReadableBuildOperationContext;Lorg/gradle/internal/operations/DefaultBuildOperationRunner$BuildOperationExecutionListener;)Lorg/gradle/internal/operations/BuildOperation;+22
j  org.gradle.internal.operations.DefaultBuildOperationRunner$2.execute(Lorg/gradle/internal/operations/BuildOperationDescriptor;Lorg/gradle/internal/operations/BuildOperationState;Lorg/gradle/internal/operations/BuildOperationState;Lorg/gradle/internal/operations/DefaultBuildOperationRunner$ReadableBuildOperationContext;Lorg/gradle/internal/operations/DefaultBuildOperationRunner$BuildOperationExecutionListener;)Ljava/lang/Object;+8
j  org.gradle.internal.operations.DefaultBuildOperationRunner.execute(Lorg/gradle/internal/operations/BuildOperationDescriptor$Builder;Lorg/gradle/internal/operations/BuildOperationState;Lorg/gradle/internal/operations/DefaultBuildOperationRunner$BuildOperationExecution;)Ljava/lang/Object;+141
j  org.gradle.internal.operations.DefaultBuildOperationRunner.execute(Lorg/gradle/internal/operations/BuildOperation;Lorg/gradle/internal/operations/BuildOperationWorker;Lorg/gradle/internal/operations/BuildOperationState;)V+18
j  org.gradle.internal.operations.DefaultBuildOperationRunner.run(Lorg/gradle/internal/operations/RunnableBuildOperation;)V+9
j  org.gradle.configuration.BuildOperationScriptPlugin.lambda$apply$0(Ljava/lang/Object;Lorg/gradle/internal/code/UserCodeApplicationId;)V+14
j  org.gradle.configuration.BuildOperationScriptPlugin$$Lambda$527+0x000001f1574a8688.execute(Ljava/lang/Object;)V+12
j  org.gradle.internal.code.DefaultUserCodeApplicationContext.apply(Lorg/gradle/internal/code/UserCodeSource;Lorg/gradle/api/Action;)V+37
j  org.gradle.configuration.BuildOperationScriptPlugin.apply(Ljava/lang/Object;)V+71
j  org.gradle.initialization.ScriptEvaluatingSettingsProcessor.applySettingsScript(Lorg/gradle/groovy/scripts/TextResourceScriptSource;Lorg/gradle/api/internal/SettingsInternal;)V+32
j  org.gradle.initialization.ScriptEvaluatingSettingsProcessor.process(Lorg/gradle/api/internal/GradleInternal;Lorg/gradle/initialization/SettingsLocation;Lorg/gradle/api/internal/initialization/ClassLoaderScope;Lorg/gradle/StartParameter;)Lorg/gradle/initialization/SettingsState;+90
j  org.gradle.initialization.SettingsEvaluatedCallbackFiringSettingsProcessor.process(Lorg/gradle/api/internal/GradleInternal;Lorg/gradle/initialization/SettingsLocation;Lorg/gradle/api/internal/initialization/ClassLoaderScope;Lorg/gradle/StartParameter;)Lorg/gradle/initialization/SettingsState;+9
j  org.gradle.initialization.RootBuildCacheControllerSettingsProcessor.process(Lorg/gradle/api/internal/GradleInternal;Lorg/gradle/initialization/SettingsLocation;Lorg/gradle/api/internal/initialization/ClassLoaderScope;Lorg/gradle/StartParameter;)Lorg/gradle/initialization/SettingsState;+9
j  org.gradle.initialization.BuildOperationSettingsProcessor$2.call(Lorg/gradle/internal/operations/BuildOperationContext;)Lorg/gradle/initialization/SettingsState;+23
j  org.gradle.initialization.BuildOperationSettingsProcessor$2.call(Lorg/gradle/internal/operations/BuildOperationContext;)Ljava/lang/Object;+2
j  org.gradle.internal.operations.DefaultBuildOperationRunner$CallableBuildOperationWorker.execute(Lorg/gradle/internal/operations/CallableBuildOperation;Lorg/gradle/internal/operations/BuildOperationContext;)V+3
j  org.gradle.internal.operations.DefaultBuildOperationRunner$CallableBuildOperationWorker.execute(Lorg/gradle/internal/operations/BuildOperation;Lorg/gradle/internal/operations/BuildOperationContext;)V+6
j  org.gradle.internal.operations.DefaultBuildOperationRunner$2.execute(Lorg/gradle/internal/operations/BuildOperationDescriptor;Lorg/gradle/internal/operations/BuildOperationState;Lorg/gradle/internal/operations/BuildOperationState;Lorg/gradle/internal/operations/DefaultBuildOperationRunner$ReadableBuildOperationContext;Lorg/gradle/internal/operations/DefaultBuildOperationRunner$BuildOperationExecutionListener;)Lorg/gradle/internal/operations/BuildOperation;+22
j  org.gradle.internal.operations.DefaultBuildOperationRunner$2.execute(Lorg/gradle/internal/operations/BuildOperationDescriptor;Lorg/gradle/internal/operations/BuildOperationState;Lorg/gradle/internal/operations/BuildOperationState;Lorg/gradle/internal/operations/DefaultBuildOperationRunner$ReadableBuildOperationContext;Lorg/gradle/internal/operations/DefaultBuildOperationRunner$BuildOperationExecutionListener;)Ljava/lang/Object;+8
j  org.gradle.internal.operations.DefaultBuildOperationRunner.execute(Lorg/gradle/internal/operations/BuildOperationDescriptor$Builder;Lorg/gradle/internal/operations/BuildOperationState;Lorg/gradle/internal/operations/DefaultBuildOperationRunner$BuildOperationExecution;)Ljava/lang/Object;+141
j  org.gradle.internal.operations.DefaultBuildOperationRunner.execute(Lorg/gradle/internal/operations/BuildOperation;Lorg/gradle/internal/operations/BuildOperationWorker;Lorg/gradle/internal/operations/BuildOperationState;)V+18
j  org.gradle.internal.operations.DefaultBuildOperationRunner.call(Lorg/gradle/internal/operations/CallableBuildOperation;)Ljava/lang/Object;+16
j  org.gradle.initialization.BuildOperationSettingsProcessor.process(Lorg/gradle/api/internal/GradleInternal;Lorg/gradle/initialization/SettingsLocation;Lorg/gradle/api/internal/initialization/ClassLoaderScope;Lorg/gradle/StartParameter;)Lorg/gradle/initialization/SettingsState;+17
j  org.gradle.initialization.DefaultSettingsLoader.findSettingsAndLoadIfAppropriate(Lorg/gradle/api/internal/GradleInternal;Lorg/gradle/StartParameter;Lorg/gradle/initialization/SettingsLocation;Lorg/gradle/api/internal/initialization/ClassLoaderScope;)Lorg/gradle/initialization/SettingsState;+9
j  org.gradle.initialization.DefaultSettingsLoader.findAndLoadSettings(Lorg/gradle/api/internal/GradleInternal;)Lorg/gradle/initialization/SettingsState;+103
j  org.gradle.initialization.SettingsAttachingSettingsLoader.findAndLoadSettings(Lorg/gradle/api/internal/GradleInternal;)Lorg/gradle/initialization/SettingsState;+5
j  org.gradle.internal.composite.CommandLineIncludedBuildSettingsLoader.findAndLoadSettings(Lorg/gradle/api/internal/GradleInternal;)Lorg/gradle/initialization/SettingsState;+5
j  org.gradle.internal.composite.ChildBuildRegisteringSettingsLoader.findAndLoadSettings(Lorg/gradle/api/internal/GradleInternal;)Lorg/gradle/initialization/SettingsState;+5
j  org.gradle.internal.composite.CompositeBuildSettingsLoader.findAndLoadSettings(Lorg/gradle/api/internal/GradleInternal;)Lorg/gradle/initialization/SettingsState;+5
j  org.gradle.initialization.InitScriptHandlingSettingsLoader.findAndLoadSettings(Lorg/gradle/api/internal/GradleInternal;)Lorg/gradle/initialization/SettingsState;+13
j  org.gradle.api.internal.initialization.CacheConfigurationsHandlingSettingsLoader.findAndLoadSettings(Lorg/gradle/api/internal/GradleInternal;)Lorg/gradle/initialization/SettingsState;+15
j  org.gradle.initialization.GradlePropertiesHandlingSettingsLoader.findAndLoadSettings(Lorg/gradle/api/internal/GradleInternal;)Lorg/gradle/initialization/SettingsState;+53
j  org.gradle.initialization.DefaultSettingsPreparer.prepareSettings(Lorg/gradle/api/internal/GradleInternal;)V+33
j  org.gradle.initialization.BuildOperationFiringSettingsPreparer$LoadBuild.doLoadBuild()V+11
j  org.gradle.initialization.BuildOperationFiringSettingsPreparer$LoadBuild.run(Lorg/gradle/internal/operations/BuildOperationContext;)V+1
j  org.gradle.internal.operations.DefaultBuildOperationRunner$1.execute(Lorg/gradle/internal/operations/RunnableBuildOperation;Lorg/gradle/internal/operations/BuildOperationContext;)V+2
j  org.gradle.internal.operations.DefaultBuildOperationRunner$1.execute(Lorg/gradle/internal/operations/BuildOperation;Lorg/gradle/internal/operations/BuildOperationContext;)V+6
j  org.gradle.internal.operations.DefaultBuildOperationRunner$2.execute(Lorg/gradle/internal/operations/BuildOperationDescriptor;Lorg/gradle/internal/operations/BuildOperationState;Lorg/gradle/internal/operations/BuildOperationState;Lorg/gradle/internal/operations/DefaultBuildOperationRunner$ReadableBuildOperationContext;Lorg/gradle/internal/operations/DefaultBuildOperationRunner$BuildOperationExecutionListener;)Lorg/gradle/internal/operations/BuildOperation;+22
j  org.gradle.internal.operations.DefaultBuildOperationRunner$2.execute(Lorg/gradle/internal/operations/BuildOperationDescriptor;Lorg/gradle/internal/operations/BuildOperationState;Lorg/gradle/internal/operations/BuildOperationState;Lorg/gradle/internal/operations/DefaultBuildOperationRunner$ReadableBuildOperationContext;Lorg/gradle/internal/operations/DefaultBuildOperationRunner$BuildOperationExecutionListener;)Ljava/lang/Object;+8
j  org.gradle.internal.operations.DefaultBuildOperationRunner.execute(Lorg/gradle/internal/operations/BuildOperationDescriptor$Builder;Lorg/gradle/internal/operations/BuildOperationState;Lorg/gradle/internal/operations/DefaultBuildOperationRunner$BuildOperationExecution;)Ljava/lang/Object;+141
j  org.gradle.internal.operations.DefaultBuildOperationRunner.execute(Lorg/gradle/internal/operations/BuildOperation;Lorg/gradle/internal/operations/BuildOperationWorker;Lorg/gradle/internal/operations/BuildOperationState;)V+18
j  org.gradle.internal.operations.DefaultBuildOperationRunner.run(Lorg/gradle/internal/operations/RunnableBuildOperation;)V+9
j  org.gradle.initialization.BuildOperationFiringSettingsPreparer.prepareSettings(Lorg/gradle/api/internal/GradleInternal;)V+31
j  org.gradle.initialization.VintageBuildModelController.lambda$prepareSettings$1()V+8
j  org.gradle.initialization.VintageBuildModelController$$Lambda$422+0x000001f157404cd0.run()V+4
j  org.gradle.internal.model.StateTransitionController.lambda$doTransition$14(Ljava/lang/Runnable;)Lorg/gradle/internal/build/ExecutionResult;+1
j  org.gradle.internal.model.StateTransitionController$$Lambda$424+0x000001f157405110.get()Ljava/lang/Object;+4
j  org.gradle.internal.model.StateTransitionController.doTransition(Lorg/gradle/internal/model/StateTransitionController$State;Lorg/gradle/internal/model/StateTransitionController$State;Ljava/util/function/Supplier;)Lorg/gradle/internal/build/ExecutionResult;+24
j  org.gradle.internal.model.StateTransitionController.doTransition(Lorg/gradle/internal/model/StateTransitionController$State;Lorg/gradle/internal/model/StateTransitionController$State;Ljava/lang/Runnable;)V+9
j  org.gradle.internal.model.StateTransitionController.lambda$transitionIfNotPreviously$11(Lorg/gradle/internal/model/StateTransitionController$State;Lorg/gradle/internal/model/StateTransitionController$State;Ljava/lang/Runnable;)V+16
j  org.gradle.internal.model.StateTransitionController$$Lambda$423+0x000001f157404ef0.run()V+16
j  org.gradle.internal.work.DefaultSynchronizer.withLock(Ljava/lang/Runnable;)V+6
j  org.gradle.internal.model.StateTransitionController.transitionIfNotPreviously(Lorg/gradle/internal/model/StateTransitionController$State;Lorg/gradle/internal/model/StateTransitionController$State;Ljava/lang/Runnable;)V+13
j  org.gradle.initialization.VintageBuildModelController.prepareSettings()V+16
j  org.gradle.initialization.VintageBuildModelController.getConfiguredModel()Lorg/gradle/api/internal/GradleInternal;+1
j  org.gradle.internal.build.DefaultBuildLifecycleController.lambda$withProjectsConfigured$1(Ljava/util/function/Function;)Ljava/lang/Object;+5
j  org.gradle.internal.build.DefaultBuildLifecycleController$$Lambda$420+0x000001f157404890.get()Ljava/lang/Object;+8
j  org.gradle.internal.model.StateTransitionController.lambda$notInState$3(Lorg/gradle/internal/model/StateTransitionController$State;Ljava/util/function/Supplier;)Ljava/lang/Object;+11
j  org.gradle.internal.model.StateTransitionController$$Lambda$421+0x000001f157404ab0.create()Ljava/lang/Object;+12
j  org.gradle.internal.work.DefaultSynchronizer.withLock(Lorg/gradle/internal/Factory;)Ljava/lang/Object;+6
j  org.gradle.internal.model.StateTransitionController.notInState(Lorg/gradle/internal/model/StateTransitionController$State;Ljava/util/function/Supplier;)Ljava/lang/Object;+12
j  org.gradle.internal.build.DefaultBuildLifecycleController.withProjectsConfigured(Ljava/util/function/Function;)Ljava/lang/Object;+14
j  org.gradle.internal.build.DefaultBuildToolingModelController.locateBuilderForTarget(Ljava/lang/String;Z)Lorg/gradle/tooling/provider/model/internal/ToolingModelScope;+38
j  org.gradle.internal.buildtree.DefaultBuildTreeModelCreator$DefaultBuildTreeModelController.lambda$locateBuilderForBuildTarget$0(Ljava/lang/String;ZLorg/gradle/internal/build/BuildToolingModelController;)Lorg/gradle/tooling/provider/model/internal/ToolingModelScope;+3
j  org.gradle.internal.buildtree.DefaultBuildTreeModelCreator$DefaultBuildTreeModelController$$Lambda$399+0x000001f1573e61e0.apply(Ljava/lang/Object;)Ljava/lang/Object;+12
j  org.gradle.internal.build.DefaultBuildLifecycleController.withToolingModels(Ljava/util/function/Function;)Ljava/lang/Object;+15
j  org.gradle.internal.build.AbstractBuildState.withToolingModels(Ljava/util/function/Function;)Ljava/lang/Object;+5
j  org.gradle.internal.buildtree.DefaultBuildTreeModelCreator$DefaultBuildTreeModelController.locateBuilderForBuildTarget(Lorg/gradle/internal/build/BuildState;Ljava/lang/String;Z)Lorg/gradle/tooling/provider/model/internal/ToolingModelScope;+8
j  org.gradle.internal.buildtree.DefaultBuildTreeModelCreator$DefaultBuildTreeModelController.locateBuilderForDefaultTarget(Ljava/lang/String;Z)Lorg/gradle/tooling/provider/model/internal/ToolingModelScope;+10
j  org.gradle.internal.buildtree.DefaultBuildTreeModelCreator$DefaultBuildTreeModelController.locateBuilderForTarget(Lorg/gradle/internal/buildtree/BuildTreeModelTarget;Ljava/lang/String;Z)Lorg/gradle/tooling/provider/model/internal/ToolingModelScope;+10
j  org.gradle.internal.buildtree.DefaultBuildTreeModelCreator$DefaultBuildTreeModelController.access$200(Lorg/gradle/internal/buildtree/DefaultBuildTreeModelCreator$DefaultBuildTreeModelController;Lorg/gradle/internal/buildtree/BuildTreeModelTarget;Ljava/lang/String;Z)Lorg/gradle/tooling/provider/model/internal/ToolingModelScope;+4
j  org.gradle.internal.buildtree.DefaultBuildTreeModelCreator$DefaultBuildTreeModelController$1.call(Lorg/gradle/internal/operations/BuildOperationContext;)Ljava/lang/Object;+24
j  org.gradle.internal.operations.DefaultBuildOperationRunner$CallableBuildOperationWorker.execute(Lorg/gradle/internal/operations/CallableBuildOperation;Lorg/gradle/internal/operations/BuildOperationContext;)V+3
j  org.gradle.internal.operations.DefaultBuildOperationRunner$CallableBuildOperationWorker.execute(Lorg/gradle/internal/operations/BuildOperation;Lorg/gradle/internal/operations/BuildOperationContext;)V+6
j  org.gradle.internal.operations.DefaultBuildOperationRunner$2.execute(Lorg/gradle/internal/operations/BuildOperationDescriptor;Lorg/gradle/internal/operations/BuildOperationState;Lorg/gradle/internal/operations/BuildOperationState;Lorg/gradle/internal/operations/DefaultBuildOperationRunner$ReadableBuildOperationContext;Lorg/gradle/internal/operations/DefaultBuildOperationRunner$BuildOperationExecutionListener;)Lorg/gradle/internal/operations/BuildOperation;+22
j  org.gradle.internal.operations.DefaultBuildOperationRunner$2.execute(Lorg/gradle/internal/operations/BuildOperationDescriptor;Lorg/gradle/internal/operations/BuildOperationState;Lorg/gradle/internal/operations/BuildOperationState;Lorg/gradle/internal/operations/DefaultBuildOperationRunner$ReadableBuildOperationContext;Lorg/gradle/internal/operations/DefaultBuildOperationRunner$BuildOperationExecutionListener;)Ljava/lang/Object;+8
j  org.gradle.internal.operations.DefaultBuildOperationRunner.execute(Lorg/gradle/internal/operations/BuildOperationDescriptor$Builder;Lorg/gradle/internal/operations/BuildOperationState;Lorg/gradle/internal/operations/DefaultBuildOperationRunner$BuildOperationExecution;)Ljava/lang/Object;+141
j  org.gradle.internal.operations.DefaultBuildOperationRunner.execute(Lorg/gradle/internal/operations/BuildOperation;Lorg/gradle/internal/operations/BuildOperationWorker;Lorg/gradle/internal/operations/BuildOperationState;)V+18
j  org.gradle.internal.operations.DefaultBuildOperationRunner.call(Lorg/gradle/internal/operations/CallableBuildOperation;)Ljava/lang/Object;+16
j  org.gradle.internal.buildtree.DefaultBuildTreeModelCreator$DefaultBuildTreeModelController.getModel(Lorg/gradle/internal/buildtree/BuildTreeModelTarget;Ljava/lang/String;Ljava/lang/Object;)Ljava/lang/Object;+18
j  org.gradle.tooling.internal.provider.runner.DefaultBuildController.getModel(Ljava/lang/Object;Lorg/gradle/tooling/internal/protocol/ModelIdentifier;Ljava/lang/Object;)Lorg/gradle/tooling/internal/protocol/BuildResult;+61
j  org.gradle.tooling.internal.consumer.connection.ParameterAwareBuildControllerAdapter.getModel(Ljava/lang/Object;Lorg/gradle/tooling/internal/protocol/ModelIdentifier;Ljava/lang/Object;)Lorg/gradle/tooling/internal/protocol/BuildResult;+7
j  org.gradle.tooling.internal.consumer.connection.UnparameterizedBuildController.getModel(Lorg/gradle/tooling/model/Model;Ljava/lang/Class;Ljava/lang/Class;Lorg/gradle/api/Action;)Ljava/lang/Object;+44
j  org.gradle.tooling.internal.consumer.connection.NestedActionAwareBuildControllerAdapter.getModel(Lorg/gradle/tooling/model/Model;Ljava/lang/Class;Ljava/lang/Class;Lorg/gradle/api/Action;)Ljava/lang/Object;+6
j  org.gradle.tooling.internal.consumer.connection.UnparameterizedBuildController.getModel(Lorg/gradle/tooling/model/Model;Ljava/lang/Class;)Ljava/lang/Object;+5
j  org.gradle.tooling.internal.consumer.connection.NestedActionAwareBuildControllerAdapter.getModel(Lorg/gradle/tooling/model/Model;Ljava/lang/Class;)Ljava/lang/Object;+3
j  org.gradle.tooling.internal.consumer.connection.UnparameterizedBuildController.getModel(Ljava/lang/Class;)Ljava/lang/Object;+3
j  org.gradle.tooling.internal.consumer.connection.NestedActionAwareBuildControllerAdapter.getModel(Ljava/lang/Class;)Ljava/lang/Object;+2
j  org.eclipse.buildship.core.internal.workspace.TellGradleToRunSynchronizationTasks.execute(Lorg/gradle/tooling/BuildController;)Ljava/lang/Void;+3
j  org.eclipse.buildship.core.internal.workspace.TellGradleToRunSynchronizationTasks.execute(Lorg/gradle/tooling/BuildController;)Ljava/lang/Object;+2
j  org.eclipse.buildship.core.internal.workspace.BuildActionSequence.execute(Lorg/gradle/tooling/BuildController;)Ljava/lang/Void;+26
j  org.eclipse.buildship.core.internal.workspace.BuildActionSequence.execute(Lorg/gradle/tooling/BuildController;)Ljava/lang/Object;+2
j  org.gradle.tooling.internal.consumer.connection.InternalBuildActionAdapter.execute(Lorg/gradle/tooling/internal/protocol/InternalBuildControllerVersion2;)Ljava/lang/Object;+11
j  org.gradle.tooling.internal.provider.runner.AbstractClientProvidedBuildActionRunner$ActionAdapter.executeAction(Ljava/lang/Object;Lorg/gradle/tooling/internal/provider/runner/DefaultBuildController;)Ljava/lang/Object;+12
j  org.gradle.tooling.internal.provider.runner.AbstractClientProvidedBuildActionRunner$ActionAdapter.runAction(Lorg/gradle/internal/buildtree/BuildTreeModelController;Ljava/lang/Object;Lorg/gradle/tooling/internal/protocol/PhasedActionResult$Phase;)V+29
j  org.gradle.tooling.internal.provider.runner.AbstractClientProvidedBuildActionRunner$ActionAdapter.beforeTasks(Lorg/gradle/internal/buildtree/BuildTreeModelController;)V+14
j  org.gradle.internal.buildtree.DefaultBuildTreeModelCreator.beforeTasks(Lorg/gradle/internal/buildtree/BuildTreeModelAction;)V+10
j  org.gradle.internal.cc.impl.barrier.BarrierAwareBuildTreeModelCreator.beforeTasks$lambda$0(Lorg/gradle/internal/cc/impl/barrier/BarrierAwareBuildTreeModelCreator;Lorg/gradle/internal/buildtree/BuildTreeModelAction;)Lkotlin/Unit;+5
j  org.gradle.internal.cc.impl.barrier.BarrierAwareBuildTreeModelCreator$$Lambda$398+0x000001f15739da58.invoke()Ljava/lang/Object;+8
j  org.gradle.internal.cc.impl.barrier.VintageConfigurationTimeActionRunner.runConfigurationTimeAction(Lkotlin/jvm/functions/Function0;)Ljava/lang/Object;+25
j  org.gradle.internal.cc.impl.barrier.BarrierAwareBuildTreeModelCreator.beforeTasks(Lorg/gradle/internal/buildtree/BuildTreeModelAction;)V+17
j  org.gradle.internal.buildtree.DefaultBuildTreeLifecycleController.lambda$fromBuildModel$2(Lorg/gradle/internal/buildtree/BuildTreeModelAction;Z)Lorg/gradle/internal/build/ExecutionResult;+5
j  org.gradle.internal.buildtree.DefaultBuildTreeLifecycleController$$Lambda$394+0x000001f1573d3228.get()Ljava/lang/Object;+12
j  org.gradle.internal.buildtree.DefaultBuildTreeLifecycleController.lambda$runBuild$4(Ljava/util/function/Supplier;)Ljava/lang/Object;+1
j  org.gradle.internal.buildtree.DefaultBuildTreeLifecycleController$$Lambda$395+0x000001f1573d3448.get()Ljava/lang/Object;+8
j  org.gradle.internal.model.StateTransitionController.lambda$transition$6(Ljava/util/function/Supplier;)Lorg/gradle/internal/build/ExecutionResult;+1
j  org.gradle.internal.model.StateTransitionController$$Lambda$397+0x000001f1573d3888.get()Ljava/lang/Object;+4
j  org.gradle.internal.model.StateTransitionController.doTransition(Lorg/gradle/internal/model/StateTransitionController$State;Lorg/gradle/internal/model/StateTransitionController$State;Ljava/util/function/Supplier;)Lorg/gradle/internal/build/ExecutionResult;+24
j  org.gradle.internal.model.StateTransitionController.lambda$transition$7(Lorg/gradle/internal/model/StateTransitionController$State;Lorg/gradle/internal/model/StateTransitionController$State;Ljava/util/function/Supplier;)Ljava/lang/Object;+9
j  org.gradle.internal.model.StateTransitionController$$Lambda$396+0x000001f1573d3668.create()Ljava/lang/Object;+16
j  org.gradle.internal.work.DefaultSynchronizer.withLock(Lorg/gradle/internal/Factory;)Ljava/lang/Object;+6
j  org.gradle.internal.model.StateTransitionController.transition(Lorg/gradle/internal/model/StateTransitionController$State;Lorg/gradle/internal/model/StateTransitionController$State;Ljava/util/function/Supplier;)Ljava/lang/Object;+13
j  org.gradle.internal.buildtree.DefaultBuildTreeLifecycleController.runBuild(Ljava/util/function/Supplier;)Ljava/lang/Object;+17
j  org.gradle.internal.buildtree.DefaultBuildTreeLifecycleController.fromBuildModel(ZLorg/gradle/internal/buildtree/BuildTreeModelAction;)Ljava/lang/Object;+9
j  org.gradle.tooling.internal.provider.runner.AbstractClientProvidedBuildActionRunner.runClientAction(Lorg/gradle/tooling/internal/provider/runner/AbstractClientProvidedBuildActionRunner$ClientAction;Lorg/gradle/internal/buildtree/BuildTreeLifecycleController;)Lorg/gradle/internal/buildtree/BuildActionRunner$Result;+22
j  org.gradle.tooling.internal.provider.runner.ClientProvidedPhasedActionRunner.run(Lorg/gradle/internal/invocation/BuildAction;Lorg/gradle/internal/buildtree/BuildTreeLifecycleController;)Lorg/gradle/internal/buildtree/BuildActionRunner$Result;+45
j  org.gradle.launcher.exec.ChainingBuildActionRunner.run(Lorg/gradle/internal/invocation/BuildAction;Lorg/gradle/internal/buildtree/BuildTreeLifecycleController;)Lorg/gradle/internal/buildtree/BuildActionRunner$Result;+34
j  org.gradle.internal.buildtree.ProblemReportingBuildActionRunner.run(Lorg/gradle/internal/invocation/BuildAction;Lorg/gradle/internal/buildtree/BuildTreeLifecycleController;)Lorg/gradle/internal/buildtree/BuildActionRunner$Result;+12
j  org.gradle.launcher.exec.BuildOutcomeReportingBuildActionRunner.run(Lorg/gradle/internal/invocation/BuildAction;Lorg/gradle/internal/buildtree/BuildTreeLifecycleController;)Lorg/gradle/internal/buildtree/BuildActionRunner$Result;+69
j  org.gradle.tooling.internal.provider.FileSystemWatchingBuildActionRunner.run(Lorg/gradle/internal/invocation/BuildAction;Lorg/gradle/internal/buildtree/BuildTreeLifecycleController;)Lorg/gradle/internal/buildtree/BuildActionRunner$Result;+317
j  org.gradle.launcher.exec.BuildCompletionNotifyingBuildActionRunner.run(Lorg/gradle/internal/invocation/BuildAction;Lorg/gradle/internal/buildtree/BuildTreeLifecycleController;)Lorg/gradle/internal/buildtree/BuildActionRunner$Result;+6
j  org.gradle.launcher.exec.RootBuildLifecycleBuildActionExecutor.lambda$execute$0(Lorg/gradle/internal/invocation/BuildAction;Lorg/gradle/internal/buildtree/BuildTreeLifecycleController;)Lorg/gradle/internal/buildtree/BuildActionRunner$Result;+6
j  org.gradle.launcher.exec.RootBuildLifecycleBuildActionExecutor$$Lambda$304+0x000001f1573a4a38.apply(Ljava/lang/Object;)Ljava/lang/Object;+12
j  org.gradle.composite.internal.DefaultRootBuildState.run(Ljava/util/function/Function;)Ljava/lang/Object;+92
j  org.gradle.launcher.exec.RootBuildLifecycleBuildActionExecutor.execute(Lorg/gradle/internal/invocation/BuildAction;Lorg/gradle/internal/buildtree/BuildTreeContext;)Lorg/gradle/internal/buildtree/BuildActionRunner$Result;+119
j  org.gradle.internal.buildtree.InitDeprecationLoggingActionExecutor.execute(Lorg/gradle/internal/invocation/BuildAction;Lorg/gradle/internal/buildtree/BuildTreeContext;)Lorg/gradle/internal/buildtree/BuildActionRunner$Result;+83
j  org.gradle.internal.buildtree.InitProblems.execute(Lorg/gradle/internal/invocation/BuildAction;Lorg/gradle/internal/buildtree/BuildTreeContext;)Lorg/gradle/internal/buildtree/BuildActionRunner$Result;+13
j  org.gradle.internal.buildtree.DefaultBuildTreeContext.execute(Lorg/gradle/internal/invocation/BuildAction;)Lorg/gradle/internal/buildtree/BuildActionRunner$Result;+64
j  org.gradle.launcher.exec.BuildTreeLifecycleBuildActionExecutor.lambda$execute$0(Lorg/gradle/internal/invocation/BuildAction;Lorg/gradle/internal/buildtree/BuildTreeContext;)Lorg/gradle/internal/buildtree/BuildActionRunner$Result;+2
j  org.gradle.launcher.exec.BuildTreeLifecycleBuildActionExecutor$$Lambda$238+0x000001f1572cb1a8.apply(Ljava/lang/Object;)Ljava/lang/Object;+8
j  org.gradle.internal.buildtree.BuildTreeState.run(Ljava/util/function/Function;)Ljava/lang/Object;+47
j  org.gradle.launcher.exec.BuildTreeLifecycleBuildActionExecutor.execute(Lorg/gradle/internal/invocation/BuildAction;Lorg/gradle/internal/session/BuildSessionContext;)Lorg/gradle/internal/buildtree/BuildActionRunner$Result;+74
j  org.gradle.launcher.exec.RunAsBuildOperationBuildActionExecutor$2.call(Lorg/gradle/internal/operations/BuildOperationContext;)Lorg/gradle/internal/buildtree/BuildActionRunner$Result;+25
j  org.gradle.launcher.exec.RunAsBuildOperationBuildActionExecutor$2.call(Lorg/gradle/internal/operations/BuildOperationContext;)Ljava/lang/Object;+2
j  org.gradle.internal.operations.DefaultBuildOperationRunner$CallableBuildOperationWorker.execute(Lorg/gradle/internal/operations/CallableBuildOperation;Lorg/gradle/internal/operations/BuildOperationContext;)V+3
j  org.gradle.internal.operations.DefaultBuildOperationRunner$CallableBuildOperationWorker.execute(Lorg/gradle/internal/operations/BuildOperation;Lorg/gradle/internal/operations/BuildOperationContext;)V+6
j  org.gradle.internal.operations.DefaultBuildOperationRunner$2.execute(Lorg/gradle/internal/operations/BuildOperationDescriptor;Lorg/gradle/internal/operations/BuildOperationState;Lorg/gradle/internal/operations/BuildOperationState;Lorg/gradle/internal/operations/DefaultBuildOperationRunner$ReadableBuildOperationContext;Lorg/gradle/internal/operations/DefaultBuildOperationRunner$BuildOperationExecutionListener;)Lorg/gradle/internal/operations/BuildOperation;+22
j  org.gradle.internal.operations.DefaultBuildOperationRunner$2.execute(Lorg/gradle/internal/operations/BuildOperationDescriptor;Lorg/gradle/internal/operations/BuildOperationState;Lorg/gradle/internal/operations/BuildOperationState;Lorg/gradle/internal/operations/DefaultBuildOperationRunner$ReadableBuildOperationContext;Lorg/gradle/internal/operations/DefaultBuildOperationRunner$BuildOperationExecutionListener;)Ljava/lang/Object;+8
j  org.gradle.internal.operations.DefaultBuildOperationRunner.execute(Lorg/gradle/internal/operations/BuildOperationDescriptor$Builder;Lorg/gradle/internal/operations/BuildOperationState;Lorg/gradle/internal/operations/DefaultBuildOperationRunner$BuildOperationExecution;)Ljava/lang/Object;+141
j  org.gradle.internal.operations.DefaultBuildOperationRunner.execute(Lorg/gradle/internal/operations/BuildOperation;Lorg/gradle/internal/operations/BuildOperationWorker;Lorg/gradle/internal/operations/BuildOperationState;)V+18
j  org.gradle.internal.operations.DefaultBuildOperationRunner.call(Lorg/gradle/internal/operations/CallableBuildOperation;)Ljava/lang/Object;+16
j  org.gradle.launcher.exec.RunAsBuildOperationBuildActionExecutor.execute(Lorg/gradle/internal/invocation/BuildAction;Lorg/gradle/internal/session/BuildSessionContext;)Lorg/gradle/internal/buildtree/BuildActionRunner$Result;+23
j  org.gradle.launcher.exec.RunAsWorkerThreadBuildActionExecutor.lambda$execute$0(Lorg/gradle/internal/invocation/BuildAction;Lorg/gradle/internal/session/BuildSessionContext;)Lorg/gradle/internal/buildtree/BuildActionRunner$Result;+6
j  org.gradle.launcher.exec.RunAsWorkerThreadBuildActionExecutor$$Lambda$232+0x000001f15729a3c0.create()Ljava/lang/Object;+12
j  org.gradle.internal.work.DefaultWorkerLeaseService.withLocks(Ljava/util/Collection;Lorg/gradle/internal/Factory;)Ljava/lang/Object;+28
j  org.gradle.internal.work.DefaultWorkerLeaseService.runAsWorkerThread(Lorg/gradle/internal/Factory;)Ljava/lang/Object;+33
j  org.gradle.launcher.exec.RunAsWorkerThreadBuildActionExecutor.execute(Lorg/gradle/internal/invocation/BuildAction;Lorg/gradle/internal/session/BuildSessionContext;)Lorg/gradle/internal/buildtree/BuildActionRunner$Result;+12
j  org.gradle.tooling.internal.provider.continuous.ContinuousBuildActionExecutor.execute(Lorg/gradle/internal/invocation/BuildAction;Lorg/gradle/internal/session/BuildSessionContext;)Lorg/gradle/internal/buildtree/BuildActionRunner$Result;+58
j  org.gradle.tooling.internal.provider.SubscribableBuildActionExecutor.execute(Lorg/gradle/internal/invocation/BuildAction;Lorg/gradle/internal/session/BuildSessionContext;)Lorg/gradle/internal/buildtree/BuildActionRunner$Result;+30
j  org.gradle.internal.session.DefaultBuildSessionContext.execute(Lorg/gradle/internal/invocation/BuildAction;)Lorg/gradle/internal/buildtree/BuildActionRunner$Result;+64
j  org.gradle.internal.buildprocess.execution.BuildSessionLifecycleBuildActionExecutor$ActionImpl.apply(Lorg/gradle/internal/session/BuildSessionContext;)Lorg/gradle/launcher/exec/BuildActionResult;+6
j  org.gradle.internal.buildprocess.execution.BuildSessionLifecycleBuildActionExecutor$ActionImpl.apply(Ljava/lang/Object;)Ljava/lang/Object;+5
j  org.gradle.internal.session.BuildSessionState.run(Ljava/util/function/Function;)Ljava/lang/Object;+5
j  org.gradle.internal.buildprocess.execution.BuildSessionLifecycleBuildActionExecutor.execute(Lorg/gradle/internal/invocation/BuildAction;Lorg/gradle/launcher/exec/BuildActionParameters;Lorg/gradle/initialization/BuildRequestContext;)Lorg/gradle/launcher/exec/BuildActionResult;+95
j  org.gradle.internal.buildprocess.execution.BuildSessionLifecycleBuildActionExecutor.execute(Lorg/gradle/internal/invocation/BuildAction;Ljava/lang/Object;Ljava/lang/Object;)Lorg/gradle/launcher/exec/BuildActionResult;+10
j  org.gradle.internal.buildprocess.execution.StartParamsValidatingActionExecutor.execute(Lorg/gradle/internal/invocation/BuildAction;Lorg/gradle/launcher/exec/BuildActionParameters;Lorg/gradle/initialization/BuildRequestContext;)Lorg/gradle/launcher/exec/BuildActionResult;+142
j  org.gradle.internal.buildprocess.execution.StartParamsValidatingActionExecutor.execute(Lorg/gradle/internal/invocation/BuildAction;Ljava/lang/Object;Ljava/lang/Object;)Lorg/gradle/launcher/exec/BuildActionResult;+10
j  org.gradle.internal.buildprocess.execution.SessionFailureReportingActionExecutor.execute(Lorg/gradle/internal/invocation/BuildAction;Lorg/gradle/launcher/exec/BuildActionParameters;Lorg/gradle/initialization/BuildRequestContext;)Lorg/gradle/launcher/exec/BuildActionResult;+7
j  org.gradle.internal.buildprocess.execution.SessionFailureReportingActionExecutor.execute(Lorg/gradle/internal/invocation/BuildAction;Ljava/lang/Object;Ljava/lang/Object;)Lorg/gradle/launcher/exec/BuildActionResult;+10
j  org.gradle.internal.buildprocess.execution.SetupLoggingActionExecutor.execute(Lorg/gradle/internal/invocation/BuildAction;Lorg/gradle/launcher/exec/BuildActionParameters;Lorg/gradle/initialization/BuildRequestContext;)Lorg/gradle/launcher/exec/BuildActionResult;+50
j  org.gradle.internal.buildprocess.execution.SetupLoggingActionExecutor.execute(Lorg/gradle/internal/invocation/BuildAction;Ljava/lang/Object;Ljava/lang/Object;)Lorg/gradle/launcher/exec/BuildActionResult;+10
j  org.gradle.launcher.daemon.server.exec.ExecuteBuild.doBuild(Lorg/gradle/launcher/daemon/server/api/DaemonCommandExecution;Lorg/gradle/launcher/daemon/protocol/Build;)V+147
j  org.gradle.launcher.daemon.server.exec.BuildCommandOnly.execute(Lorg/gradle/launcher/daemon/server/api/DaemonCommandExecution;)V+49
j  org.gradle.launcher.daemon.server.api.DaemonCommandExecution.proceed()Z+23
j  org.gradle.launcher.daemon.server.exec.WatchForDisconnection.execute(Lorg/gradle/launcher/daemon/server/api/DaemonCommandExecution;)V+19
j  org.gradle.launcher.daemon.server.api.DaemonCommandExecution.proceed()Z+23
j  org.gradle.launcher.daemon.server.exec.ResetDeprecationLogger.execute(Lorg/gradle/launcher/daemon/server/api/DaemonCommandExecution;)V+7
j  org.gradle.launcher.daemon.server.api.DaemonCommandExecution.proceed()Z+23
j  org.gradle.launcher.daemon.server.exec.RequestStopIfSingleUsedDaemon.execute(Lorg/gradle/launcher/daemon/server/api/DaemonCommandExecution;)V+33
j  org.gradle.launcher.daemon.server.api.DaemonCommandExecution.proceed()Z+23
j  org.gradle.launcher.daemon.server.exec.ForwardClientInput.lambda$execute$0(Lorg/gradle/launcher/daemon/server/api/DaemonCommandExecution;Lorg/gradle/internal/daemon/clientinput/StdinHandler;)Ljava/lang/Object;+11
j  org.gradle.launcher.daemon.server.exec.ForwardClientInput$$Lambda$125+0x000001f15713eb68.apply(Ljava/lang/Object;)Ljava/lang/Object;+8
j  org.gradle.internal.daemon.clientinput.ClientInputForwarder.forwardInput(Ljava/util/function/Function;)Ljava/lang/Object;+46
j  org.gradle.launcher.daemon.server.exec.ForwardClientInput.execute(Lorg/gradle/launcher/daemon/server/api/DaemonCommandExecution;)V+10
j  org.gradle.launcher.daemon.server.api.DaemonCommandExecution.proceed()Z+23
j  org.gradle.launcher.daemon.server.exec.LogAndCheckHealth.execute(Lorg/gradle/launcher/daemon/server/api/DaemonCommandExecution;)V+51
j  org.gradle.launcher.daemon.server.api.DaemonCommandExecution.proceed()Z+23
j  org.gradle.launcher.daemon.server.exec.LogToClient.doBuild(Lorg/gradle/launcher/daemon/server/api/DaemonCommandExecution;Lorg/gradle/launcher/daemon/protocol/Build;)V+87
j  org.gradle.launcher.daemon.server.exec.BuildCommandOnly.execute(Lorg/gradle/launcher/daemon/server/api/DaemonCommandExecution;)V+49
j  org.gradle.launcher.daemon.server.api.DaemonCommandExecution.proceed()Z+23
j  org.gradle.launcher.daemon.server.exec.EstablishBuildEnvironment.doBuild(Lorg/gradle/launcher/daemon/server/api/DaemonCommandExecution;Lorg/gradle/launcher/daemon/protocol/Build;)V+356
j  org.gradle.launcher.daemon.server.exec.BuildCommandOnly.execute(Lorg/gradle/launcher/daemon/server/api/DaemonCommandExecution;)V+49
j  org.gradle.launcher.daemon.server.api.DaemonCommandExecution.proceed()Z+23
j  org.gradle.launcher.daemon.server.exec.StartBuildOrRespondWithBusy$1.run()V+44
j  org.gradle.launcher.daemon.server.DaemonStateCoordinator.lambda$runCommand$0(Ljava/lang/Runnable;)V+1
j  org.gradle.launcher.daemon.server.DaemonStateCoordinator$$Lambda$124+0x000001f15713d7d0.run()V+8
j  org.gradle.internal.concurrent.ExecutorPolicy$CatchAndRecordFailures.onExecute(Ljava/lang/Runnable;)V+1
j  org.gradle.internal.concurrent.AbstractManagedExecutor$1.run()V+25
j  java.util.concurrent.ThreadPoolExecutor.runWorker(Ljava/util/concurrent/ThreadPoolExecutor$Worker;)V+92 java.base@17.0.19
j  java.util.concurrent.ThreadPoolExecutor$Worker.run()V+5 java.base@17.0.19
j  java.lang.Thread.run()V+11 java.base@17.0.19
v  ~StubRoutines::call_stub

Compiled method (n/a) 64302  783     n 0       java.lang.ClassLoader::defineClass1 (native)
 total in heap  [0x000001f12f5c2090,0x000001f12f5c2590] = 1280
 relocation     [0x000001f12f5c21f0,0x000001f12f5c2228] = 56
 main code      [0x000001f12f5c2240,0x000001f12f5c2590] = 848

[Constant Pool (empty)]

[MachCode]
[Entry Point]
  # {method} {0x000001f156010f18} 'defineClass1' '(Ljava/lang/ClassLoader;Ljava/lang/String;[BIILjava/security/ProtectionDomain;Ljava/lang/String;)Ljava/lang/Class;' in 'java/lang/ClassLoader'
  # parm0:    rdx:rdx   = 'java/lang/ClassLoader'
  # parm1:    r8:r8     = 'java/lang/String'
  # parm2:    r9:r9     = '[B'
  # parm3:    rdi       = int
  # parm4:    rsi       = int
  # parm5:    rcx:rcx   = 'java/security/ProtectionDomain'
  # parm6:    [sp+0xa0]   = 'java/lang/String'  (sp of caller)
  0x000001f12f5c2240: 448b 5208 | 49bb 0000 | 0056 f101 | 0000 4d03 | d349 3bc2 | 0f84 0600 

  0x000001f12f5c2258: ;   {runtime_call ic_miss_stub}
  0x000001f12f5c2258: 0000 e921 | eea5 ff90 
[Verified Entry Point]
  0x000001f12f5c2260: 8984 2400 | 90ff ff55 | 488b ec48 | 81ec 9000 | 0000 4881 | 7d10 0000 | 0000 488d | 4510 480f 
  0x000001f12f5c2280: 4445 1048 | 8944 2440 | 4889 4c24 | 7048 83f9 | 0048 8d44 | 2470 480f | 4444 2470 | 4889 4424 
  0x000001f12f5c22a0: 3848 8974 | 2430 4889 | 7c24 284c | 894c 2458 | 4983 f900 | 488d 4424 | 5848 0f44 | 4424 5848 
  0x000001f12f5c22c0: 8944 2420 | 4c89 4424 | 5049 83f8 | 004c 8d4c | 2450 4c0f | 444c 2450 | 4889 5424 | 4848 83fa 
  0x000001f12f5c22e0: 004c 8d44 | 2448 4c0f | 4444 2448 

  0x000001f12f5c22ec: ;   {oop(a 'java/lang/Class'{0x00000006005409d8} = 'java/lang/ClassLoader')}
  0x000001f12f5c22ec: 49be d809 | 5400 0600 | 0000 4c89 | 7424 784c | 8d74 2478 | 498b d6c5 

  0x000001f12f5c2304: ;   {internal_word}
  0x000001f12f5c2304: f877 49ba | 0323 5c2f | f101 0000 | 4d89 97a0 | 0200 0049 | 89a7 9802 

  0x000001f12f5c231c: ;   {external_word}
  0x000001f12f5c231c: 0000 49ba | d5d6 afb5 | fb7f 0000 | 4180 3a00 | 0f84 5200 | 0000 5241 

  0x000001f12f5c2334: ;   {metadata({method} {0x000001f156010f18} 'defineClass1' '(Ljava/lang/ClassLoader;Ljava/lang/String;[BIILjava/security/ProtectionDomain;Ljava/lang/String;)Ljava/lang/Class;' in 'java/lang/ClassLoader')}
  0x000001f12f5c2334: 5041 5148 | ba10 0f01 | 56f1 0100 | 0049 8bcf | 4883 ec20 | f7c4 0f00 | 0000 0f84 | 1a00 0000 
  0x000001f12f5c2354: 4883 ec08 

  0x000001f12f5c2358: ;   {runtime_call}
  0x000001f12f5c2358: 49ba 80a4 | 65b5 fb7f | 0000 41ff | d248 83c4 | 08e9 0d00 

  0x000001f12f5c236c: ;   {runtime_call}
  0x000001f12f5c236c: 0000 49ba | 80a4 65b5 | fb7f 0000 | 41ff d248 | 83c4 2041 | 5941 585a | 498d 8fb8 | 0200 0041 
  0x000001f12f5c238c: c787 4003 | 0000 0400 

  0x000001f12f5c2394: ;   {runtime_call}
  0x000001f12f5c2394: 0000 49ba | ac16 42e9 | fb7f 0000 | 41ff d2c5 | f877 41c7 | 8740 0300 | 0005 0000 | 00f0 8344 
  0x000001f12f5c23b4: 24c0 0049 | 3baf 4803 | 0000 0f87 | 1100 0000 | 4181 bf30 | 0300 0000 | 0000 000f | 842c 0000 
  0x000001f12f5c23d4: 00c5 f877 | 4889 45f8 | 498b cf4c | 8be4 4883 | ec20 4883 

  0x000001f12f5c23e8: ;   {runtime_call}
  0x000001f12f5c23e8: e4f0 49ba | d0b3 75b5 | fb7f 0000 | 41ff d249 | 8be4 4d33 | e448 8b45 | f841 c787 | 4003 0000 
  0x000001f12f5c2408: 0800 0000 | 4181 bfb0 | 0300 0002 | 0000 000f | 843f 0100 

  0x000001f12f5c241c: ;   {external_word}
  0x000001f12f5c241c: 0049 bad5 | d6af b5fb | 7f00 0041 | 803a 000f | 8450 0000 | 0048 8945 

  0x000001f12f5c2434: ;   {metadata({method} {0x000001f156010f18} 'defineClass1' '(Ljava/lang/ClassLoader;Ljava/lang/String;[BIILjava/security/ProtectionDomain;Ljava/lang/String;)Ljava/lang/Class;' in 'java/lang/ClassLoader')}
  0x000001f12f5c2434: f848 ba10 | 0f01 56f1 | 0100 0049 | 8bcf 4883 | ec20 f7c4 | 0f00 0000 | 0f84 1a00 | 0000 4883 
  0x000001f12f5c2454: ;   {runtime_call}
  0x000001f12f5c2454: ec08 49ba | 80a4 65b5 | fb7f 0000 | 41ff d248 | 83c4 08e9 | 0d00 0000 

  0x000001f12f5c246c: ;   {runtime_call}
  0x000001f12f5c246c: 49ba 80a4 | 65b5 fb7f | 0000 41ff | d248 83c4 | 2048 8b45 | f849 c787 | 9802 0000 | 0000 0000 
  0x000001f12f5c248c: 49c7 87a0 | 0200 0000 | 0000 00c5 | f877 4885 | c00f 8493 | 0000 0048 | f7c0 0100 | 0000 0f84 
  0x000001f12f5c24ac: 8300 0000 | 488b 40ff | 4180 7f38 | 000f 846f | 0000 0048 | 83f8 000f | 8465 0000 | 0049 8b4f 
  0x000001f12f5c24cc: 2048 83f9 | 000f 8414 | 0000 0048 | 83e9 0849 | 894f 2049 | 034f 3048 | 8901 e943 | 0000 0050 
  0x000001f12f5c24ec: 498b d748 | 8bc8 4883 | ec20 f7c4 | 0f00 0000 | 0f84 1a00 | 0000 4883 

  0x000001f12f5c2504: ;   {runtime_call}
  0x000001f12f5c2504: ec08 49ba | 706b 24b5 | fb7f 0000 | 41ff d248 | 83c4 08e9 | 0d00 0000 

  0x000001f12f5c251c: ;   {runtime_call}
  0x000001f12f5c251c: 49ba 706b | 24b5 fb7f | 0000 41ff | d248 83c4 | 2058 e903 | 0000 0048 | 8b00 498b | 8fd8 0000 
  0x000001f12f5c253c: 00c7 8100 | 0100 0000 | 0000 00c9 | 4981 7f08 | 0000 0000 | 0f85 0100 

  0x000001f12f5c2554: ;   {runtime_call StubRoutines (1)}
  0x000001f12f5c2554: 0000 c3e9 | a4e9 a0ff | c5f8 7748 | 8945 f84c | 8be4 4883 | ec20 4883 

  0x000001f12f5c256c: ;   {runtime_call}
  0x000001f12f5c256c: e4f0 49ba | 70d5 65b5 | fb7f 0000 | 41ff d249 | 8be4 4d33 | e448 8b45 | f8e9 93fe | ffff f4f4 
  0x000001f12f5c258c: f4f4 f4f4 
[/MachCode]


Compiled method (c2) 64339 4805       4       java.security.SecureClassLoader::defineClass (16 bytes)
 total in heap  [0x000001f12f883290,0x000001f12f8897c8] = 25912
 relocation     [0x000001f12f8833f0,0x000001f12f883610] = 544
 main code      [0x000001f12f883620,0x000001f12f887380] = 15712
 stub code      [0x000001f12f887380,0x000001f12f887468] = 232
 oops           [0x000001f12f887468,0x000001f12f887478] = 16
 metadata       [0x000001f12f887478,0x000001f12f887648] = 464
 scopes data    [0x000001f12f887648,0x000001f12f888b98] = 5456
 scopes pcs     [0x000001f12f888b98,0x000001f12f8893c8] = 2096
 dependencies   [0x000001f12f8893c8,0x000001f12f889410] = 72
 handler table  [0x000001f12f889410,0x000001f12f8896c8] = 696
 nul chk table  [0x000001f12f8896c8,0x000001f12f8897c8] = 256

[Constant Pool (empty)]

[MachCode]
[Entry Point]
  # {method} {0x000001f156435008} 'defineClass' '(Ljava/lang/String;[BIILjava/security/CodeSource;)Ljava/lang/Class;' in 'java/security/SecureClassLoader'
  # this:     rdx:rdx   = 'java/security/SecureClassLoader'
  # parm0:    r8:r8     = 'java/lang/String'
  # parm1:    r9:r9     = '[B'
  # parm2:    rdi       = int
  # parm3:    rsi       = int
  # parm4:    rcx:rcx   = 'java/security/CodeSource'
  #           [sp+0xd0]  (sp of caller)
  0x000001f12f883620: 448b 5208 | 49bb 0000 | 0056 f101 | 0000 4d03 | d349 3bc2 

  0x000001f12f883634: ;   {runtime_call ic_miss_stub}
  0x000001f12f883634: 0f85 46da | 79ff 6690 | 0f1f 4000 
[Verified Entry Point]
  0x000001f12f883640: 8984 2400 | 90ff ff55 | 4881 ecc0 | 0000 0089 | 7424 5889 | 7c24 3c4c | 894c 2450 | 4c89 4424 
  0x000001f12f883660: 4848 8954 | 2440 4889 | 4c24 6048 | 85c9 0f84 | f82a 0000 | 4d8b 8708 | 0100 004d | 8bd0 4983 
  0x000001f12f883680: c210 4d3b | 9718 0100 | 000f 83b8 | 2200 004d | 8997 0801 | 0000 410f | 0d8a c000 | 0000 49c7 
  0x000001f12f8836a0: 0001 0000 

  0x000001f12f8836a4: ;   {metadata('java/security/SecureClassLoader$CodeSourceKey')}
  0x000001f12f8836a4: 0041 c740 | 08e0 8314 | 004c 8b54 | 2460 4d8b | da49 c1eb | 0345 8958 | 0c4d 8b8f | 0801 0000 
  0x000001f12f8836c4: 4c8b 5424 | 4041 8b6a | 504d 8bd1 | 4983 c218 | 0f1f 8400 | 0000 0000 | 6666 6690 | 4d3b 9718 
  0x000001f12f8836e4: 0100 000f | 837b 2200 | 004d 8997 | 0801 0000 | 410f 0d8a | c000 0000 | 49c7 0101 

  0x000001f12f883700: ;   {metadata('java/security/SecureClassLoader$1')}
  0x000001f12f883700: 0000 0041 | c741 08f0 | 8514 0045 | 8961 1445 | 8959 0c4c | 8b54 2440 | 4d8b da49 | c1eb 0345 
  0x000001f12f883720: 8959 1045 | 8b5c ec08 

  0x000001f12f883728: ;   {metadata('java/util/concurrent/ConcurrentHashMap')}
  0x000001f12f883728: 4181 fb38 | e400 000f | 850f 2600 | 0049 8d14 | ec66 6690 

  0x000001f12f88373c: ;   {optimized virtual_call}
  0x000001f12f88373c: c5f8 77e8 

  0x000001f12f883740: ; ImmutableOopMap {[64]=Oop [72]=Oop [80]=Oop }
                      ;*invokeinterface computeIfAbsent {reexecute=0 rethrow=0 return_oop=1}
                      ; - java.security.SecureClassLoader::getProtectionDomain@29 (line 222)
                      ; - java.security.SecureClassLoader::defineClass@9 (line 150)
  0x000001f12f883740: 9c82 55f0 

  0x000001f12f883744: ; implicit exception: dispatches to 0x000001f12f886de0
  0x000001f12f883744: 448b 5008 

  0x000001f12f883748: ;   {metadata('java/security/ProtectionDomain')}
  0x000001f12f883748: 4181 fa80 | ec00 000f | 85cb 3500 | 0048 8984 | 2498 0000 | 004c 8b54 | 2448 458b | 6a14 478b 
  0x000001f12f883768: 54ec 0c45 | 85d2 0f86 | 0826 0000 | 4c8b 5c24 | 4845 0fbe | 4b10 6690 | 4585 c90f | 85d7 2800 
  0x000001f12f883788: 004f 8d1c | ec4f 8d44 | ec10 b82f | 0000 0049 | 8bf8 418b | d248 8bdf | 83fa 100f | 8c79 0000 
  0x000001f12f8837a8: 0083 fa20 | 0f8c 3600 | 0000 c5f9 | 6ec8 c4e2 | 7d78 c9c5 | edef d28b | ca83 e1e0 | 83e2 1fc5 
  0x000001f12f8837c8: fe6f 03c5 | fd74 c1c4 | e27d 17d0 | 0f83 6900 | 0000 4883 | c320 83e9 | 2075 e4e9 | 0d00 0000 
  0x000001f12f8837e8: c5f9 6ec8 | c5e9 efd2 | c4e2 7100 | ca83 fa10 | 0f8c 2400 | 0000 8bca | 83e1 f083 | e20f c5fa 
  0x000001f12f883808: 6f03 c5f9 | 74c1 c4e2 | 7917 d00f | 832a 0000 | 0048 83c3 | 1083 e910 | 75e4 85d2 | 0f84 1200 
  0x000001f12f883828: 0000 0fb6 | 0b3b c174 | 1c48 83c3 | 0183 ea01 | 7402 ebee | bbff ffff | ffeb 0dc5 | fdd7 c80f 
  0x000001f12f883848: bcc1 4803 | d848 2bdf | 83fb ff0f | 8553 2800 | 0041 0fb6 | 2866 6690 | 83fd 5b0f | 8423 2900 
  0x000001f12f883868: 0041 8bea | 418b c9d3 | fd44 8bcd | 4183 c1fb | 4585 c97c | 0d66 6690 | 4180 386a | 0f84 3b01 
  0x000001f12f883888: 0000 488b | 5c24 404c | 8b8c 2498 | 0000 0041 | 8b49 1089 | 4c24 608b | fdff cf45 | 8bca 41ff 
  0x000001f12f8838a8: c941 3bf9 | 440f 4ccf | 4585 c90f | 8cfb 1400 | 0045 3bca | 0f1f 4000 | 0f83 2e24 | 0000 4585 
  0x000001f12f8838c8: c90f 8eed | 2400 0041 | 8bf9 ffcf | 4533 f6c4 | c1f9 6ec0 | 430f be4c | 0b10 83f9 | 2e0f 84fb 
  0x000001f12f8838e8: 0e00 0041 | ffc9 443b | cf7f e941 | 83f9 020f | 8e90 0000 | 0041 8bc9 | 83c1 fe41 | 83f9 0241 
  0x000001f12f883908: 0f4c ce81 | f9a0 0f00 | 0041 b8a0 | 0f00 0041 | 0f47 c841 | 8bd1 2bd1 | 4963 c945 | 0fbe 440b 
  0x000001f12f883928: 1041 83f8 | 2e0f 8405 | 0100 0041 | 0fbe 4c0b | 0f83 f92e | 0f1f 4000 | 0f84 f700 | 0000 418b 
  0x000001f12f883948: c983 c1fe | 410f be7c | 0b10 83ff | 2e0f 84e7 | 0000 0041 | 8bc9 83c1 | fd45 0fbe | 440b 1041 
  0x000001f12f883968: 83f8 2e0f | 84d1 0000 | 0041 83c1 | fc44 3bca | 7fa6 498b | b750 0300 

  0x000001f12f883980: ; ImmutableOopMap {r11=Oop rbx=Oop r13=NarrowOop xmm0=Derived_oop_r11 [64]=Oop [72]=Oop [80]=Oop [96]=NarrowOop [152]=Oop }
                      ;*goto {reexecute=1 rethrow=0 return_oop=0}
                      ; - (reexecute) java.lang.StringLatin1::lastIndexOf@35 (line 294)
                      ; - java.lang.String::lastIndexOf@13 (line 2489)
                      ; - java.lang.String::lastIndexOf@8 (line 2451)
                      ; - java.lang.ClassLoader::checkCerts@3 (line 1153)
                      ; - java.lang.ClassLoader::preDefineClass@113 (line 907)
                      ; - java.lang.ClassLoader::defineClass@4 (line 1015)
                      ; - java.security.SecureClassLoader::defineClass@12 (line 150)
                      ;   {poll}
  0x000001f12f883980: 0085 0641 | 83f9 020f | 8f70 ffff | ff41 83f9 | ff7e 2643 | 0fbe 4c0b | 1083 f92e | 0f1f 4000 
  0x000001f12f8839a0: 0f84 7e28 | 0000 41ff | c941 83f9 | ff7f e4c4 | c1f9 7ec0 | e9fe 1300 | 00c4 c1f9 | 7ec0 6690 
  0x000001f12f8839c0: e9f2 1300 | 0041 83fa | 040f 861d | 2500 0043 | 807c ec11 | 610f 85af | feff ff0f | 1f44 0000 
  0x000001f12f8839e0: 4380 7cec | 1276 0f85 | 9efe ffff | 4380 7cec | 1361 0f85 | 92fe ffff | 0f1f 8400 | 0000 0000 
  0x000001f12f883a00: 4380 7cec | 142e 0f85 | 7efe ffff 

  0x000001f12f883a0c: ;   {oop(a 'jdk/internal/loader/ClassLoaders$PlatformClassLoader'{0x00000006004026e0})}
  0x000001f12f883a0c: 49b9 e026 | 4000 0600 | 0000 488b | 4c24 400f | 1f44 0000 | 493b c90f | 857c 2900 

  0x000001f12f883a28: ;   {oop(a 'jdk/internal/loader/ClassLoaders$PlatformClassLoader'{0x00000006004026e0})}
  0x000001f12f883a28: 0048 bbe0 | 2640 0006 | 0000 00e9 | 57fe ffff | 418b c9eb | 0541 8bc9 | ffc9 c4c1 | f97e c083 
  0x000001f12f883a48: f9ff 0f84 | 4b13 0000 | 85c9 0f8c | a826 0000 | 3bcd 660f | 1f44 0000 | 0f8f 5227 | 0000 3bcd 
  0x000001f12f883a68: 0f84 6e0d | 0000 85c9 | 0f84 4f13 | 0000 498b | b708 0100 | 004c 8bce | 4983 c118 | 4d3b 8f18 
  0x000001f12f883a88: 0100 000f | 8323 1f00 | 004d 898f | 0801 0000 | 410f 0d89 | c000 0000 | 48c7 0601 

  0x000001f12f883aa4: ;   {metadata('java/lang/String')}
  0x000001f12f883aa4: 0000 00c7 | 4608 e0e9 | 0000 4489 | 660c 4c89 | 6610 6666 | 0f1f 8400 | 0000 0000 | 81f9 0000 
  0x000001f12f883ac4: 1000 0f87 | 4023 0000 | 4c63 c949 | 8bf8 443b | d18b e941 | 0f4c ea0f | 1f44 0000 | 443b d50f 
  0x000001f12f883ae4: 829c 2300 | 003b cd0f | 8294 2300 | 0049 83c1 | 174d 8bc1 | 4983 e0f8 | 0f1f 4000 | 81f9 0000 
  0x000001f12f883b04: 1000 0f87 | 4e1f 0000 | 4d8b 9708 | 0100 0049 | 8bd2 4903 | d00f 1f80 | 0000 0000 | 493b 9718 
  0x000001f12f883b24: 0100 000f | 832d 1f00 | 0049 8997 | 0801 0000 | 0f0d 8ac0 | 0000 0049 | c702 0100 | 0000 0f0d 
  0x000001f12f883b44: 8a00 0100 

  0x000001f12f883b48: ;   {metadata({type array byte})}
  0x000001f12f883b48: 0041 c742 | 0828 6700 | 0041 894a | 0c0f 0d8a | 4001 0000 | 0f0d 8a80 | 0100 0049 | 8bd2 4883 
  0x000001f12f883b68: c210 49c1 | e903 4d8b | ea49 c1ed | 0385 ed0f | 8497 2200 | 0066 6690 | 3be9 0f8c | 4c12 0000 
  0x000001f12f883b88: 498b ea49 | 83c0 f049 | c1e8 0348 | 8bcf 6666 | 0f1f 8400 | 0000 0000 | c5f8 7749 | ba60 8600 
  0x000001f12f883ba8: 2ff1 0100 | 0041 ffd2 | 4c8b d544 | 896e 144c | 8bde 4d33 | d349 c1ea | 164d 85d2 | 7420 49c1 
  0x000001f12f883bc8: eb09 48b9 | 0000 7f3d | f101 0000 | 4903 cb80 | 3904 660f | 1f44 0000 | 0f85 c112 | 0000 4488 
  0x000001f12f883be8: 6610 448b | 5424 6047 | 8b4c d414 | 4585 c90f | 8528 0c00 | 0047 8b4c | d410 4585 | c90f 85a5 
  0x000001f12f883c08: ;   {oop(""{0x000000060042a410})}
  0x000001f12f883c08: 1500 0049 | b810 a442 | 0006 0000 | 0049 b900 | 007f 3df1 

  0x000001f12f883c1c: ;   {oop(a 'java/security/cert/Certificate'[0] {0x00000006004b0fb0})}
  0x000001f12f883c1c: 0100 0049 | bab0 0f4b | 0006 0000 | 0044 8b5b | 2c45 85db | 0f84 9720 | 0000 4c89 | 5424 684c 
  0x000001f12f883c3c: 894c 2460 | 4c89 4424 | 3044 8974 | 2420 4889 | 5c24 284b | 8d14 dc4c | 8bc6 4d8b | cabf 0100 
  0x000001f12f883c5c: 0000 6690 

  0x000001f12f883c60: ;   {optimized virtual_call}
  0x000001f12f883c60: c5f8 77e8 

  0x000001f12f883c64: ; ImmutableOopMap {[40]=Oop [48]=Oop [64]=Oop [72]=Oop [80]=Oop [104]=Oop [152]=Oop }
                      ;*invokevirtual putVal {reexecute=0 rethrow=0 return_oop=1}
                      ; - java.util.concurrent.ConcurrentHashMap::putIfAbsent@4 (line 1541)
                      ; - java.lang.ClassLoader::checkCerts@62 (line 1161)
                      ; - java.lang.ClassLoader::preDefineClass@113 (line 907)
                      ; - java.lang.ClassLoader::defineClass@4 (line 1015)
                      ; - java.security.SecureClassLoader::defineClass@12 (line 150)
  0x000001f12f883c64: 5832 0800 | 4885 c074 | 2e44 8b50 

  0x000001f12f883c70: ;   {metadata('java/security/cert/Certificate'[])}
  0x000001f12f883c70: 0841 81fa | a029 1200 | 0f85 be30 | 0000 488b | 4c24 688b | 590c 448b | 480c 85db | 0f87 6d0c 
  0x000001f12f883c90: 0000 4585 | c90f 8755 | 2500 004c | 8b9c 2498 | 0000 0045 | 8b4b 1043 | 8b6c cc0c 

  0x000001f12f883cac: ; implicit exception: dispatches to 0x000001f12f886f08
  0x000001f12f883cac: 458b 54ec | 3845 85d2 | 0f84 2a20 | 0000 48ff | b424 9800 | 0000 488f | 4424 684b | 8d14 d44d 
  0x000001f12f883ccc: 8d04 ec90 

  0x000001f12f883cd0: ;   {optimized virtual_call}
  0x000001f12f883cd0: c5f8 77e8 

  0x000001f12f883cd4: ; ImmutableOopMap {[48]=Oop [64]=Oop [72]=Oop [80]=Oop [104]=Oop [152]=Oop }
                      ;*invokevirtual toExternalForm {reexecute=0 rethrow=0 return_oop=1}
                      ; - java.net.URL::toExternalForm@5 (line 1039)
                      ; - java.net.URL::toString@1 (line 1025)
                      ; - java.lang.ClassLoader::defineClassSourceLocation@22 (line 917)
                      ; - java.lang.ClassLoader::defineClass@12 (line 1016)
                      ; - java.security.SecureClassLoader::defineClass@12 (line 150)
  0x000001f12f883cd4: c866 efff | 488b 5424 | 404c 8b44 | 2448 4c8b | 4c24 508b | 7c24 3c8b | 7424 5848 | 8b8c 2498 
  0x000001f12f883cf4: 0000 0048 | 8904 2490 

  0x000001f12f883cfc: ;   {static_call}
  0x000001f12f883cfc: c5f8 77e8 

  0x000001f12f883d00: ; ImmutableOopMap {[48]=Oop [64]=Oop [104]=Oop [152]=Oop }
                      ;*invokestatic defineClass1 {reexecute=0 rethrow=0 return_oop=1}
                      ; - java.lang.ClassLoader::defineClass@27 (line 1017)
                      ; - java.security.SecureClassLoader::defineClass@12 (line 150)
  0x000001f12f883d00: 5ce5 d3ff | 4889 4424 | 4844 8b50 | 3c45 85d2 | 7409 4f8d | 1cd4 e97d | 0300 004c | 8b50 1090 
  0x000001f12f883d20: ; implicit exception: dispatches to 0x000001f12f886e30
  0x000001f12f883d20: 458b 5a08 | 4585 db0f | 8c33 2200 | 0044 8b50 | 2c45 85d2 | 0f84 770a | 0000 4b8d | 04d4 448b 
  0x000001f12f883d40: 4014 478b | 4cc4 0c0f | be48 1045 | 8bd9 41d3 | fb45 8bd3 | 41ff ca85 | c90f 8561 | 2500 004b 
  0x000001f12f883d60: 8d2c c441 | 8bc9 ffc9 | 443b d141 | 0f4c ca85 | c90f 8cee | 0000 0045 | 85c9 660f | 1f44 0000 
  0x000001f12f883d80: 0f86 ae21 | 0000 413b | c90f 83a5 | 2100 0085 | c90f 8eed | 2100 0044 | 8bd1 41ff | ca0f be5c 
  0x000001f12f883da0: 0d10 83fb | 2e0f 844b | 0a00 00ff | c941 3bca | 7feb 83f9 | 020f 8e90 | 0000 008b | d983 c3fe 
  0x000001f12f883dc0: 83f9 020f | 4c5c 2420 | 81fb a00f | 0000 bfa0 | 0f00 000f | 47df 8bf9 | 2bfb 660f | 1f44 0000 
  0x000001f12f883de0: 4863 d944 | 0fbe 541d | 1041 83fa | 2e0f 847a | 0000 000f | be5c 1d0f | 83fb 2e0f | 1f44 0000 
  0x000001f12f883e00: 0f84 6c00 | 0000 448b | d141 83c2 | fe42 0fbe | 5c15 1083 | fb2e 0f84 | 5c00 0000 | 448b d141 
  0x000001f12f883e20: 83c2 fd42 | 0fbe 5415 | 1083 fa2e | 0f84 4600 | 0000 83c1 | fc3b cf7f | a749 8bb7 

  0x000001f12f883e3c: ; ImmutableOopMap {r8=NarrowOop rax=Oop rbp=Oop [48]=Oop [64]=Oop [72]=Oop [104]=Oop }
                      ;*goto {reexecute=1 rethrow=0 return_oop=0}
                      ; - (reexecute) java.lang.StringLatin1::lastIndexOf@35 (line 294)
                      ; - java.lang.String::lastIndexOf@13 (line 2489)
                      ; - java.lang.String::lastIndexOf@8 (line 2451)
                      ; - java.lang.Class::getPackageName@47 (line 1085)
                      ; - java.lang.ClassLoader::postDefineClass@2 (line 924)
                      ; - java.lang.ClassLoader::defineClass@37 (line 1018)
                      ; - java.security.SecureClassLoader::defineClass@12 (line 150)
  0x000001f12f883e3c: 5003 0000 

  0x000001f12f883e40: ;   {poll}
  0x000001f12f883e40: 8506 83f9 | 020f 8f70 | ffff ff83 | f9ff 7e15 | 0fbe 5c0d | 1083 fb2e | 0f84 3a25 | 0000 ffc9 
  0x000001f12f883e60: 83f9 ff7f | eb41 baff | ffff ffeb | 0b44 8bd1 | eb06 448b | d141 ffca | 0f1f 8400 | 0000 0000 
  0x000001f12f883e80: 4183 faff | 0f84 b301 | 0000 4585 | d20f 8c82 | 2400 0045 | 3bd3 0f8f | b824 0000 | 0f1f 4000 
  0x000001f12f883ea0: 453b d30f | 8445 0900 | 0045 85d2 | 0f84 d510 | 0000 498b | 9f08 0100 | 004c 8bdb | 4983 c318 
  0x000001f12f883ec0: 4d3b 9f18 | 0100 000f | 8371 1c00 | 004d 899f | 0801 0000 | 410f 0d8b | c000 0000 | 48c7 0301 
  0x000001f12f883ee0: ;   {metadata('java/lang/String')}
  0x000001f12f883ee0: 0000 00c7 | 4308 e0e9 | 0000 4489 | 630c 4c89 | 6310 6666 | 0f1f 8400 | 0000 0000 | 6666 6690 
  0x000001f12f883f00: 4181 fa00 | 0010 000f | 87a3 2000 | 004d 63da | 453b ca41 | 8bca 410f | 4cc9 660f | 1f44 0000 
  0x000001f12f883f20: 443b c90f | 82fc 2000 | 0044 3bd1 | 0f82 f320 | 0000 4983 | c317 498b | fb48 83e7 | f866 6690 
  0x000001f12f883f40: 4181 fa00 | 0010 000f | 872a 1c00 | 004d 8baf | 0801 0000 | 4d8b cd4c | 03cf 660f | 1f44 0000 
  0x000001f12f883f60: 4d3b 8f18 | 0100 000f | 830a 1c00 | 004d 898f | 0801 0000 | 410f 0d89 | c000 0000 | 49c7 4500 
  0x000001f12f883f80: 0100 0000 | 410f 0d89 | 0001 0000 

  0x000001f12f883f8c: ;   {metadata({type array byte})}
  0x000001f12f883f8c: 41c7 4508 | 2867 0000 | 4589 550c | 410f 0d89 | 4001 0000 | 410f 0d89 | 8001 0000 | 4d8b cd49 
  0x000001f12f883fac: 83c1 1049 | c1eb 0349 | 8bf5 48c1 | ee03 85c9 | 0f1f 4000 | 0f84 f21f | 0000 4b8d | 54c4 1041 
  0x000001f12f883fcc: 3bca 0f8c | c20f 0000 | 4883 c7f0 | 48c1 ef03 | 488b ca49 | 8bd1 4c8b | c7c5 f877 | 49ba 6086 
  0x000001f12f883fec: 002f f101 | 0000 41ff | d289 7314 | 4c8b d34d | 8bdd 4d33 | da49 c1eb | 164d 85db | 741f 49c1 
  0x000001f12f88400c: ea09 48b9 | 0000 7f3d | f101 0000 | 4903 ca0f | 1f44 0000 | 8039 040f | 850c 1000 | 0044 8863 
  0x000001f12f88402c: 1048 8bd3 

  0x000001f12f884030: ;   {optimized virtual_call}
  0x000001f12f884030: c5f8 77e8 

  0x000001f12f884034: ; ImmutableOopMap {[64]=Oop [72]=Oop [104]=Oop }
                      ;*invokevirtual intern {reexecute=0 rethrow=0 return_oop=1}
                      ; - java.lang.Class::getPackageName@65 (line 1086)
                      ; - java.lang.ClassLoader::postDefineClass@2 (line 924)
                      ; - java.lang.ClassLoader::defineClass@37 (line 1018)
                      ; - java.security.SecureClassLoader::defineClass@12 (line 150)
  0x000001f12f884034: a81b d0ff | 4889 4424 | 3066 6690 | 4180 7f38 | 000f 85a5 | 0e00 004c | 8b54 2448 | 488b 5c24 
  0x000001f12f884054: 304c 8bdb | 49c1 eb03 | 4c8b 4424 | 4845 8958 | 3c4c 8bdb | 4d33 da49 | c1eb 164d | 85db 741f 
  0x000001f12f884074: 4885 db74 | 1a49 c1ea | 0948 b900 | 007f 3df1 | 0100 0049 | 03ca 8039 | 040f 859d | 0e00 004c 
  0x000001f12f884094: 8b5c 2430 | 4c8b 6c24 | 4045 8b55 | 3843 8b5c | d428 418b | 7b0c 4c8b | 4424 4845 | 8b48 3085 
  0x000001f12f8840b4: ff0f 8490 | 0500 0085 | db66 6690 | 0f84 ee01 | 0000 458b | 44dc 0c44 | 8bd7 41c1 | ea10 4433 
  0x000001f12f8840d4: d741 81e2 | ffff ff7f | 0f1f 4000 | 4585 c00f | 864f 2000 | 0049 8d0c | dc41 ffc8 | 4523 c24d 
  0x000001f12f8840f4: 63c0 468b | 4481 100f | 1f44 0000 | 4585 c00f | 84ab 0100 | 0043 8b6c | c40c 413b | ea0f 8475 
  0x000001f12f884114: 0300 0085 | ed0f 8ccd | 2400 0043 | 8b54 c418 | 85d2 0f84 | 8801 0000 | 4d8d 04d4 | 498b b750 
  0x000001f12f884134: 0300 0041 | 8b58 0c49 

  0x000001f12f88413c: ; ImmutableOopMap {r11=Oop r8=Oop r9=NarrowOop rdi=Oop r13=Oop [72]=Oop [104]=Oop }
                      ;*if_icmpne {reexecute=1 rethrow=0 return_oop=0}
                      ; - (reexecute) java.util.concurrent.ConcurrentHashMap::get@127 (line 946)
                      ; - java.lang.ClassLoader::getNamedPackage@5 (line 340)
                      ; - java.lang.ClassLoader::postDefineClass@9 (line 924)
                      ; - java.lang.ClassLoader::defineClass@37 (line 1018)
                      ; - java.security.SecureClassLoader::defineClass@12 (line 150)
                      ;   {poll}
  0x000001f12f88413c: 8bfd 8506 | 418b 5018 | 413b da0f | 85c5 0600 | 0041 8b68 | 1048 8bcd | 48c1 e103 | 493b cb0f 
  0x000001f12f88415c: 1f44 0000 | 0f84 4201 | 0000 418b | 5cec 0849 | 8d3c ec4c | 3bdf 0f84 | 0d0c 0000 | 0f1f 8400 
  0x000001f12f88417c: 0000 0000 

  0x000001f12f884180: ;   {metadata('java/lang/String')}
  0x000001f12f884180: 81fb e0e9 | 0000 0f85 | 0201 0000 | 410f be4b | 100f be6f | 103b cd0f | 855f 2600 | 008b 4714 
  0x000001f12f8841a0: 418b 7b14 | 418b 5cc4 | 0c41 8b4c | fc0c 3bcb | 0f85 d800 | 0000 498d | 1cc4 498d | 74c4 1049 
  0x000001f12f8841c0: 8d1c fc49 | 8d7c fc10 | 85c9 0f84 | a500 0000 | 8bc1 83e0 | 1f83 e1e0 | 0f84 4b00 | 0000 488d 
  0x000001f12f8841e0: 3c0f 488d | 340e 48f7 | d9c5 fe6f | 040f c5fe | 6f0c 0ec5 | fdef c1c4 | e27d 17c0 | 0f85 7a00 
  0x000001f12f884200: 0000 4883 | c120 75e1 | 85c0 0f84 | 6500 0000 | c5fe 6f44 | 07e0 c5fe | 6f4c 06e0 | c5fd efc1 
  0x000001f12f884220: c4e2 7d17 | c075 55eb | 4c8b c883 | e1fc 7419 | 488d 3c0f | 488d 340e | 48f7 d98b | 1c0f 3b1c 
  0x000001f12f884240: 0e75 3948 | 83c1 0475 | f2f7 c002 | 0000 0074 | 120f b71f | 0fb7 0e3b | d975 2148 | 8d7f 0248 
  0x000001f12f884260: 8d76 02f7 | c001 0000 | 0074 0a0f | b61f 0fb6 | 0e3b d975 | 07b8 0100 | 0000 eb02 | 33c0 c5fd 
  0x000001f12f884280: efc0 c5f5 | efc9 85c0 | 0f85 1c0b | 0000 33c9 | 498b af50 | 0300 0049 

  0x000001f12f884298: ; ImmutableOopMap {r11=Oop r8=Oop r9=NarrowOop rdi=Oop rdx=NarrowOop r13=Oop [72]=Oop [104]=Oop }
                      ;*ifeq {reexecute=1 rethrow=0 return_oop=0}
                      ; - (reexecute) java.util.concurrent.ConcurrentHashMap::get@152 (line 947)
                      ; - java.lang.ClassLoader::getNamedPackage@5 (line 340)
                      ; - java.lang.ClassLoader::postDefineClass@9 (line 924)
                      ; - java.lang.ClassLoader::defineClass@37 (line 1018)
                      ; - java.security.SecureClassLoader::defineClass@12 (line 150)
                      ;   {poll}
  0x000001f12f884298: 8bfd 8545 | 0066 6690 | 85c9 0f84 | 7cfe ffff | 418b 6814 | 85ed 0f85 | 2703 0000 | 498b 8708 
  0x000001f12f8842b8: 0100 004c | 8bd0 4983 | c218 4d3b | 9718 0100 | 000f 8302 | 1900 004d | 8997 0801 | 0000 410f 
  0x000001f12f8842d8: 0d8a c000 | 0000 48c7 | 0001 0000 

  0x000001f12f8842e4: ;   {metadata('java/lang/NamedPackage')}
  0x000001f12f8842e4: 00c7 4008 | 40f1 0100 | 4489 600c | 4c89 6010 | 458b 5314 | 0f1f 8400 | 0000 0000 

  0x000001f12f884300: ; implicit exception: dispatches to 0x000001f12f886f40
  0x000001f12f884300: 478b 44d4 | 0c45 85c0 | 0f87 f004 | 0000 4585 | c90f 8475 | 1f00 0048 | 8944 2458 | 4c89 5c24 
  0x000001f12f884320: 404c 896c | 2438 4b8d | 14cc 4489 | 4c24 504c | 896c 2428 | 4889 4424 | 3041 8be9 

  0x000001f12f88433c: ;   {optimized virtual_call}
  0x000001f12f88433c: c5f8 77e8 

  0x000001f12f884340: ; ImmutableOopMap {rbp=NarrowOop [40]=Oop [48]=Oop [56]=Oop [64]=Oop [72]=Oop [80]=NarrowOop [88]=Oop [104]=Oop }
                      ;*invokevirtual isNamed {reexecute=0 rethrow=0 return_oop=0}
                      ; - java.lang.NamedPackage::<init>@12 (line 48)
                      ; - java.lang.ClassLoader::getNamedPackage@22 (line 342)
                      ; - java.lang.ClassLoader::postDefineClass@9 (line 924)
                      ; - java.lang.ClassLoader::defineClass@37 (line 1018)
                      ; - java.security.SecureClassLoader::defineClass@12 (line 150)
  0x000001f12f884340: fca5 b8ef | 85c0 0f85 | 501f 0000 | 448b cd49 | 8be9 48c1 | e503 4489 | 4c24 2448 | 8b54 2440 
  0x000001f12f884360: ;   {optimized virtual_call}
  0x000001f12f884360: c5f8 77e8 

  0x000001f12f884364: ; ImmutableOopMap {rbp=Oop [36]=NarrowOop [56]=Oop [64]=Oop [72]=Oop [88]=Oop [104]=Oop }
                      ;*invokevirtual intern {reexecute=0 rethrow=0 return_oop=1}
                      ; - java.lang.NamedPackage::<init>@47 (line 51)
                      ; - java.lang.ClassLoader::getNamedPackage@22 (line 342)
                      ; - java.lang.ClassLoader::postDefineClass@9 (line 924)
                      ; - java.lang.ClassLoader::defineClass@37 (line 1018)
                      ; - java.security.SecureClassLoader::defineClass@12 (line 150)
  0x000001f12f884364: 7818 d0ff | 488b d841 | 807f 3800 | 0f85 180d | 0000 488b | 7c24 584c | 8bdb 49c1 | eb03 4489 
  0x000001f12f884384: 5f0c 4c8b | d74c 8bdb | 4d33 da49 | c1eb 164d | 85db 741f | 4885 db74 | 1a49 c1ea | 0948 b900 
  0x000001f12f8843a4: 007f 3df1 | 0100 0049 | 03ca 8039 | 040f 855a | 0d00 0066 | 0f1f 8400 | 0000 0000 | 4180 7f38 
  0x000001f12f8843c4: 000f 8505 | 0d00 008b | 5c24 2489 | 5f10 4c8b | d54c 8bdf | 4d33 d349 | c1ea 1690 | 4d85 d274 
  0x000001f12f8843e4: 2485 db74 | 2049 c1eb | 0948 b900 | 007f 3df1 | 0100 0049 | 03cb 660f | 1f44 0000 | 8039 040f 
  0x000001f12f884404: 855e 0d00 | 004c 8b54 | 2438 458b | 5a38 4585 | db0f 8411 | 1e00 0048 | 897c 2458 | 895c 2450 
  0x000001f12f884424: 48ff 7424 | 3848 8f44 | 2428 4b8d | 14dc 4c8b | 4424 404c | 8bcf bf01 | 0000 0090 

  0x000001f12f884440: ;   {optimized virtual_call}
  0x000001f12f884440: c5f8 77e8 

  0x000001f12f884444: ; ImmutableOopMap {[36]=NarrowOop [40]=Oop [56]=Oop [72]=Oop [80]=NarrowOop [88]=Oop [104]=Oop }
                      ;*invokevirtual putVal {reexecute=0 rethrow=0 return_oop=1}
                      ; - java.util.concurrent.ConcurrentHashMap::putIfAbsent@4 (line 1541)
                      ; - java.lang.ClassLoader::getNamedPackage@32 (line 344)
                      ; - java.lang.ClassLoader::postDefineClass@9 (line 924)
                      ; - java.lang.ClassLoader::defineClass@37 (line 1018)
                      ; - java.security.SecureClassLoader::defineClass@12 (line 150)
  0x000001f12f884444: 782a 0800 | 4885 c00f | 84b6 0c00 | 0044 8b58 | 0849 ba00 | 0000 56f1 | 0100 004d | 03d3 4d8b 
  0x000001f12f884464: ;   {metadata('java/lang/NamedPackage')}
  0x000001f12f884464: 5238 49bb | 40f1 0156 | f101 0000 | 4d3b d30f | 84c7 1d00 | 00ba deff | ffff 488b | e866 6690 
  0x000001f12f884484: ;   {runtime_call UncommonTrapBlob}
  0x000001f12f884484: c5f8 77e8 

  0x000001f12f884488: ; ImmutableOopMap {rbp=Oop }
                      ;*checkcast {reexecute=0 rethrow=0 return_oop=0}
                      ; - java.lang.ClassLoader::getNamedPackage@35 (line 344)
                      ; - java.lang.ClassLoader::postDefineClass@9 (line 924)
                      ; - java.lang.ClassLoader::defineClass@37 (line 1018)
                      ; - java.security.SecureClassLoader::defineClass@12 (line 150)
  0x000001f12f884488: 7424 7aff | 438b 6cc4 | 1048 8bcd | 48c1 e103 | 493b cb0f | 1f44 0000 | 0f84 2801 | 0000 418b 
  0x000001f12f8844a8: 5cec 0849 | 8d0c ec4c | 3bd9 0f84 | 1601 0000 | 0f1f 8400 | 0000 0000 

  0x000001f12f8844c0: ;   {metadata('java/lang/String')}
  0x000001f12f8844c0: 81fb e0e9 | 0000 0f85 | 901d 0000 | 410f be5b | 100f be69 | 103b dd0f | 8518 2000 | 008b 7914 
  0x000001f12f8844e0: 418b 5b14 | 418b 74fc | 0c41 8b4c | dc0c 3bce | 0f85 661d | 0000 498d | 14fc 498d | 74fc 1049 
  0x000001f12f884500: 8d3c dc49 | 8d7c dc10 | 85c9 0f84 | a500 0000 | 8bc1 83e0 | 1f83 e1e0 | 0f84 4b00 | 0000 488d 
  0x000001f12f884520: 3c0f 488d | 340e 48f7 | d9c5 fe6f | 040f c5fe | 6f0c 0ec5 | fdef c1c4 | e27d 17c0 | 0f85 7a00 
  0x000001f12f884540: 0000 4883 | c120 75e1 | 85c0 0f84 | 6500 0000 | c5fe 6f44 | 07e0 c5fe | 6f4c 06e0 | c5fd efc1 
  0x000001f12f884560: c4e2 7d17 | c075 55eb | 4c8b c883 | e1fc 7419 | 488d 3c0f | 488d 340e | 48f7 d98b | 1c0f 3b1c 
  0x000001f12f884580: 0e75 3948 | 83c1 0475 | f2f7 c002 | 0000 0074 | 120f b71f | 0fb7 0e3b | d975 2148 | 8d7f 0248 
  0x000001f12f8845a0: 8d76 02f7 | c001 0000 | 0074 0a0f | b61f 0fb6 | 0e3b d975 | 07b8 0100 | 0000 eb02 | 33c0 c5fd 
  0x000001f12f8845c0: efc0 c5f5 | efc9 85c0 | 0f84 8e1c | 0000 438b | 6cc4 1485 | ed0f 84d9 | fcff ff45 | 8b54 ec08 
  0x000001f12f8845e0: 49bb 0000 | 0056 f101 | 0000 4d03 | da4d 8b53 

  0x000001f12f8845f0: ;   {metadata('java/lang/NamedPackage')}
  0x000001f12f8845f0: 3849 bb40 | f101 56f1 | 0100 000f | 1f44 0000 | 4d3b d30f | 851b 1900 | 004c 8b54 | 2468 458b 
  0x000001f12f884610: 4210 438b | 4cc4 1485 | c90f 85a6 | 0600 0047 | 8b54 c410 | 4585 d20f | 85dd 0f00 | 0048 8b44 
  0x000001f12f884630: 2448 c5f8 | 7748 81c4 | c000 0000 

  0x000001f12f88463c: ;   {poll_return}
  0x000001f12f88463c: 5d49 3ba7 | 4803 0000 | 0f87 022d | 0000 c345 | 0fb6 4311 | 4585 c00f | 852e 0a00 | 0045 0fbe 
  0x000001f12f88465c: 4310 6690 | 4585 c00f | 85b3 1f00 | 0041 8b6b | 1445 8b44 | ec0c 4585 | c00f 8614 | 0700 0041 
  0x000001f12f88467c: 8bf8 ffcf | 413b f80f | 83e1 1d00 | 0041 0fb6 | 44ec 1041 | 8bf0 83c6 | fd8b f8c1 | e705 2bf8 
  0x000001f12f88469c: 48c1 e503 | 83fe 010f | 8efb 1d00 | 004f 8d34 | d4b9 0100 | 0000 eb32 | 440f b654 | 0d10 4103 
  0x000001f12f8846bc: faff c190 | 413b c80f | 8dd6 0000 | 0044 8bd7 | 41c1 e205 | 442b d741 | 8bfa ebdc | c4c1 f97e 
  0x000001f12f8846dc: c3c5 f97e | d3c4 c179 | 7ec9 418b | d02b d183 | c2fd 3bf1 | 0f4c 5424 | 2081 faa0 | 0f00 0041 
  0x000001f12f8846fc: baa0 0f00 | 0041 0f47 | d203 d1c4 | c1f9 6ec3 | c5f9 6ed3 | c4c1 796e | c966 6666 | 0f1f 8400 
  0x000001f12f88471c: 0000 0000 | 4c63 c946 | 0fb6 5c0d | 1042 0fb6 | 5c0d 1346 | 0fb6 540d | 1146 0fb6 | 4c0d 1241 
  0x000001f12f88473c: 03fb 8bc7 | c1e0 052b | c741 03c2 | 448b d041 | c1e2 0544 | 2bd0 4503 | d141 8bc2 | c1e0 0541 
  0x000001f12f88475c: 2bc2 03c3 | 8bf8 c1e7 | 052b f883 | c104 3bca | 7cb2 4d8b | 9750 0300 

  0x000001f12f884774: ; ImmutableOopMap {rbp=Oop r13=Oop r14=Oop xmm0=Oop xmm1=NarrowOop xmm2=NarrowOop [72]=Oop [104]=Oop }
                      ;*goto {reexecute=1 rethrow=0 return_oop=0}
                      ; - (reexecute) java.lang.StringLatin1::hashCode@37 (line 196)
                      ; - java.lang.String::hashCode@27 (line 2344)
                      ; - java.util.concurrent.ConcurrentHashMap::get@1 (line 936)
                      ; - java.lang.ClassLoader::getNamedPackage@5 (line 340)
                      ; - java.lang.ClassLoader::postDefineClass@9 (line 924)
                      ; - java.lang.ClassLoader::defineClass@37 (line 1018)
                      ; - java.security.SecureClassLoader::defineClass@12 (line 150)
                      ;   {poll}
  0x000001f12f884774: 0041 8502 | 3bce 660f | 1f44 0000 | 0f8c 52ff | ffff c4c1 | f97e c3c5 | f97e d3c4 | c179 7ec9 
  0x000001f12f884794: 413b c80f | 8c17 ffff | ff8b f890 | 85ff 0f84 | e705 0000 | 4189 7b0c | e90a f9ff | ff48 8bd0 
  0x000001f12f8847b4: 4889 4424 | 2866 6690 

  0x000001f12f8847bc: ;   {optimized virtual_call}
  0x000001f12f8847bc: c5f8 77e8 

  0x000001f12f8847c0: ; ImmutableOopMap {[40]=Oop [48]=Oop [64]=Oop [72]=Oop [104]=Oop [152]=Oop }
                      ;*invokevirtual initClassName {reexecute=0 rethrow=0 return_oop=1}
                      ; - java.lang.Class::getName@14 (line 865)
                      ; - java.lang.Class::getPackageName@40 (line 1084)
                      ; - java.lang.ClassLoader::postDefineClass@2 (line 924)
                      ; - java.lang.ClassLoader::defineClass@37 (line 1018)
                      ; - java.security.SecureClassLoader::defineClass@12 (line 150)
  0x000001f12f8847c0: 1c72 d3ff | 4885 c00f | 8571 f5ff | ffba f6ff | ffff 6690 

  0x000001f12f8847d4: ;   {runtime_call UncommonTrapBlob}
  0x000001f12f8847d4: c5f8 77e8 

  0x000001f12f8847d8: ; ImmutableOopMap {}
                      ;*invokevirtual lastIndexOf {reexecute=0 rethrow=0 return_oop=0}
                      ; - java.lang.Class::getPackageName@47 (line 1085)
                      ; - java.lang.ClassLoader::postDefineClass@2 (line 924)
                      ; - java.lang.ClassLoader::defineClass@37 (line 1018)
                      ; - java.security.SecureClassLoader::defineClass@12 (line 150)
  0x000001f12f8847d8: 2421 7aff | 488b 7424 | 48e9 04f4 | ffff 418b | c9e9 54f2 | ffff 488b | d8e9 37f8 | ffff 448b 
  0x000001f12f8847f8: d1e9 7af6 | ffff 4c89 | 6c24 384c | 895c 2440 | 4889 4424 | 58e9 3dfb | ffff 85d2 | 0f84 9afa 
  0x000001f12f884818: ffff 4d8d | 04d4 6690 | e90b f9ff | ff47 8b54 | cc0c 478b | 5ccc 084b | 8d2c cc4d | 63c2 49c1 
  0x000001f12f884838: e002 4983 | c017 4983 | e0f8 4181 | fa00 0004 | 000f 87c9 | 1300 0049 | 8bbf 0801 | 0000 488b 
  0x000001f12f884858: cf49 03c8 | 0f1f 4000 | 493b 8f18 | 0100 000f | 83ab 1300 | 0049 898f | 0801 0000 | 0f0d 89c0 
  0x000001f12f884878: 0000 0048 | c707 0100 | 0000 4489 | 5f08 4489 | 570c 0f0d | 8900 0100 | 000f 0d89 | 4001 0000 
  0x000001f12f884898: 0f0d 8980 | 0100 004b | 8d4c cc10 | 488b d748 | 83c2 1049 | 83c0 f049 | c1e8 0366 | 0f1f 8400 
  0x000001f12f8848b8: 0000 0000 | 6666 6690 | c5f8 7749 | ba60 8600 | 2ff1 0100 | 0041 ffd2 

  0x000001f12f8848d0: ;   {oop(""{0x000000060042a410})}
  0x000001f12f8848d0: 49b8 10a4 | 4200 0600 | 0000 49b9 | 0000 7f3d | f101 0000 | 4c8b d7e9 | 3df3 ffff | 498b cd49 
  0x000001f12f8848f0: 8bc1 418b | de44 8b4c | 2474 e93f | 0000 0090 | 413b d90f | 85df 2100 | 0044 8bc3 | 41ff c844 
  0x000001f12f884910: 3bc3 0f83 | 8220 0000 | 4585 c90f | 1f44 0000 | 0f86 7420 | 0000 458b | c141 ffc8 | 453b c10f 
  0x000001f12f884930: 83bf 2000 | 0041 b8e8 | 0300 0045 | 33d2 428b | 7c91 1041 | 8b54 fc20 | 85d2 0f84 | e01d 0000 
  0x000001f12f884950: 488b f248 | c1e6 0345 | 33db 418b | eb4c 8be9 | 448b f344 | 894c 2474 | c4c1 796e | c2c5 f96e 
  0x000001f12f884970: d7c5 f96e | cac4 e1f9 | 6ede 4c8b | c844 8b54 | a810 c5f9 | 7ed3 413b | da0f 8442 | 0100 0043 
  0x000001f12f884990: 8b4c d420 | 85c9 0f84 | bc1c 0000 | 488b f148 | c1e6 03c4 | e1f9 7edf | 483b fe0f | 84d3 0000 
  0x000001f12f8849b0: 0048 85ff | 0f84 d100 | 0000 4885 | f60f 84c8 | 0000 008b | 4f0c 3b4e | 0c0f 85bc | 0000 0085 
  0x000001f12f8849d0: c90f 84ad | 0000 0048 | 8d7f 1048 | 8d76 108b | c183 e01f | 83e1 e00f | 844b 0000 | 0048 8d3c 
  0x000001f12f8849f0: 0f48 8d34 | 0e48 f7d9 | c5fe 6f2c | 0fc5 fe6f | 240e c5d5 | efec c4e2 | 7d17 ed0f | 857a 0000 
  0x000001f12f884a10: 0048 83c1 | 2075 e185 | c00f 8465 | 0000 00c5 | fe6f 6c07 | e0c5 fe6f | 6406 e0c5 | d5ef ecc4 
  0x000001f12f884a30: e27d 17ed | 7555 eb4c | 8bc8 83e1 | fc74 1948 | 8d3c 0f48 | 8d34 0e48 | f7d9 8b1c | 0f3b 1c0e 
  0x000001f12f884a50: 7539 4883 | c104 75f2 | f7c0 0200 | 0000 7412 | 0fb7 1f0f | b70e 3bd9 | 7521 488d | 7f02 488d 
  0x000001f12f884a70: 7602 f7c0 | 0100 0000 | 740a 0fb6 | 1f0f b60e | 3bd9 7507 | b801 0000 | 00eb 0233 | c0c5 d5ef 
  0x000001f12f884a90: edc5 ddef | e485 c075 | 3844 8b54 | 2474 452b | d38b 5c24 | 7441 3bdb | 440f 4c54 | 2420 4181 
  0x000001f12f884ab0: fae8 0300 | 0045 0f47 | d045 03d3 | ffc5 6690 | 413b ea0f | 8d7b 1d00 | 0049 8bc1 | e9a9 feff 
  0x000001f12f884ad0: ff4d 8b9f | 5003 0000 | c4c1 797e 

  0x000001f12f884adc: ; ImmutableOopMap {r9=Oop r13=Oop [48]=Oop [64]=Oop [72]=Oop [80]=Oop [152]=Oop }
                      ;*goto {reexecute=1 rethrow=0 return_oop=0}
                      ; - (reexecute) java.lang.ClassLoader::compareCerts@107 (line 1185)
                      ; - java.lang.ClassLoader::checkCerts@80 (line 1162)
                      ; - java.lang.ClassLoader::preDefineClass@113 (line 907)
                      ; - java.lang.ClassLoader::defineClass@4 (line 1015)
                      ; - java.security.SecureClassLoader::defineClass@12 (line 150)
  0x000001f12f884adc: c241 ffc2 

  0x000001f12f884ae0: ;   {poll}
  0x000001f12f884ae0: 4185 0345 | 3bd6 0f8c | 00fe ffff | 33c9 4d8b | d941 8b7c | 8910 6666 | 0f1f 8400 | 0000 0000 
  0x000001f12f884b00: ; implicit exception: dispatches to 0x000001f12f8870e0
  0x000001f12f884b00: 418b 5cfc | 2085 db0f | 848b 1c00 | 0048 8bd3 | 48c1 e203 | 4533 d241 | 8bea 4d8b | cbc5 f96e 
  0x000001f12f884b20: c1c5 f96e | cfc5 f96e | db41 8b4c | ad10 c4c1 | 797e cb44 | 3bd9 0f84 | 6901 0000 | 0f1f 4000 
  0x000001f12f884b40: ; implicit exception: dispatches to 0x000001f12f88700c
  0x000001f12f884b40: 458b 5ccc | 2045 85db | 0f84 721b | 0000 498b | f348 c1e6 | 0348 8bfa | 483b fe0f | 84d3 0000 
  0x000001f12f884b60: 0048 85ff | 0f84 d100 | 0000 4885 | f60f 84c8 | 0000 008b | 4f0c 3b4e | 0c0f 85bc | 0000 0085 
  0x000001f12f884b80: c90f 84ad | 0000 0048 | 8d7f 1048 | 8d76 108b | c183 e01f | 83e1 e00f | 844b 0000 | 0048 8d3c 
  0x000001f12f884ba0: 0f48 8d34 | 0e48 f7d9 | c5fe 6f24 | 0fc5 fe6f | 140e c5dd | efe2 c4e2 | 7d17 e40f | 857a 0000 
  0x000001f12f884bc0: 0048 83c1 | 2075 e185 | c00f 8465 | 0000 00c5 | fe6f 6407 | e0c5 fe6f | 5406 e0c5 | ddef e2c4 
  0x000001f12f884be0: e27d 17e4 | 7555 eb4c | 8bc8 83e1 | fc74 1948 | 8d3c 0f48 | 8d34 0e48 | f7d9 8b1c | 0f3b 1c0e 
  0x000001f12f884c00: 7539 4883 | c104 75f2 | f7c0 0200 | 0000 7412 | 0fb7 1f0f | b70e 3bd9 | 7521 488d | 7f02 488d 
  0x000001f12f884c20: 7602 f7c0 | 0100 0000 | 740a 0fb6 | 1f0f b60e | 3bd9 7507 | b801 0000 | 00eb 0233 | c0c5 ddef 
  0x000001f12f884c40: e4c5 edef | d285 c00f | 8558 0000 | 0041 8bce | 412b ca45 | 3bf2 0f4c | 4c24 2081 | f9e8 0300 
  0x000001f12f884c60: 0041 0f47 | c841 03ca | ffc5 3be9 | 0f8c b7fe | ffff 4d8b | 9750 0300 | 00c4 c179 | 7ecb 49c1 
  0x000001f12f884c80: ; ImmutableOopMap {r11=Oop r9=Oop rdx=Oop r13=Oop xmm1=NarrowOop xmm3=NarrowOop [48]=Oop [64]=Oop [72]=Oop [80]=Oop [152]=Oop }
                      ;*goto {reexecute=1 rethrow=0 return_oop=0}
                      ; - (reexecute) java.lang.ClassLoader::compareCerts@180 (line 1199)
                      ; - java.lang.ClassLoader::checkCerts@80 (line 1162)
                      ; - java.lang.ClassLoader::preDefineClass@113 (line 907)
                      ; - java.lang.ClassLoader::defineClass@4 (line 1015)
                      ; - java.security.SecureClassLoader::defineClass@12 (line 150)
                      ;   {poll}
  0x000001f12f884c80: e303 4185 | 0241 3bee | 0f8d 2620 | 0000 448b | d54d 8bd9 | c5f9 7ec1 | c5f9 7ecf | c5f9 7edb 
  0x000001f12f884ca0: e972 feff | ff4d 8b97 | 5003 0000 | c5f9 7ec1 

  0x000001f12f884cb0: ; ImmutableOopMap {r9=Oop r13=Oop [48]=Oop [64]=Oop [72]=Oop [80]=Oop [152]=Oop }
                      ;*goto {reexecute=1 rethrow=0 return_oop=0}
                      ; - (reexecute) java.lang.ClassLoader::compareCerts@192 (line 1197)
                      ; - java.lang.ClassLoader::checkCerts@80 (line 1162)
                      ; - java.lang.ClassLoader::preDefineClass@113 (line 907)
                      ; - java.lang.ClassLoader::defineClass@4 (line 1015)
                      ; - java.security.SecureClassLoader::defineClass@12 (line 150)
                      ;   {poll}
  0x000001f12f884cb0: ffc1 4185 | 023b 4c24 | 740f 8c2f | feff ff90 | e9d6 efff | ff45 8b4c | cc0c 458b | 44cc 0849 
  0x000001f12f884cd0: 8d2c cc4d | 63d9 49c1 | e302 4983 | c317 4983 | e3f8 4181 | f900 0004 | 000f 87a6 | 0f00 0049 
  0x000001f12f884cf0: 8b9f 0801 | 0000 4c8b | d34d 03d3 | 0f1f 4000 | 4d3b 9718 | 0100 000f | 8388 0f00 | 004d 8997 
  0x000001f12f884d10: 0801 0000 | 410f 0d8a | c000 0000 | 48c7 0301 | 0000 0044 | 8943 0844 | 894b 0c41 | 0f0d 8a00 
  0x000001f12f884d30: 0100 0041 | 0f0d 8a40 | 0100 0041 | 0f0d 8a80 | 0100 0049 | 8d4c cc10 | 488b d348 | 83c2 1049 
  0x000001f12f884d50: 83c3 f049 | c1eb 034d | 8bc3 660f | 1f44 0000 | c5f8 7749 | ba60 8600 | 2ff1 0100 | 0041 ffd2 
  0x000001f12f884d70: 488b 5424 | 484c 8bc3 

  0x000001f12f884d78: ;   {optimized virtual_call}
  0x000001f12f884d78: c5f8 77e8 

  0x000001f12f884d7c: ; ImmutableOopMap {[72]=Oop }
                      ;*invokevirtual setSigners {reexecute=0 rethrow=0 return_oop=0}
                      ; - java.lang.ClassLoader::setSigners@2 (line 1308)
                      ; - java.lang.ClassLoader::postDefineClass@35 (line 929)
                      ; - java.lang.ClassLoader::defineClass@37 (line 1018)
                      ; - java.security.SecureClassLoader::defineClass@12 (line 150)
  0x000001f12f884d7c: 00c6 79ff | e9a8 f8ff | ffb9 0100 | 0000 e901 | f5ff ff41 | c643 1101 | 33ff e920 

  0x000001f12f884d98: ;   {oop(""{0x000000060042a410})}
  0x000001f12f884d98: f3ff ff48 | be10 a442 | 0006 0000 | 00e9 40ee | ffff b901 | 0000 00e9 | dcf4 ffff | 4533 f6b9 
  0x000001f12f884db8: ffff ffff | 0f1f 4000 | e982 ecff 

  0x000001f12f884dc4: ;   {oop(""{0x000000060042a410})}
  0x000001f12f884dc4: ff48 be10 | a442 0006 | 0000 00e9 | 16ee ffff | c4e1 f96e | c248 8974 | 2430 4489 | 7424 2c48 
  0x000001f12f884de4: 895c 2420 | 4c8b df4c | 63c5 498b | c848 83c1 | 1048 8bd1 | 4883 e2f8 | 498b fa48 | 03fa 498b 
  0x000001f12f884e04: ea48 c1e9 | 034c 2bc9 | 498b c948 | 33c0 4883 | f908 7f10 | 48ff c978 | 4f48 8904 | cf48 ffc9 
  0x000001f12f884e24: 7df7 eb44 | c5f5 efc9 | e90d 0000 | 00c5 fe7f | 0fc5 fe7f | 4f20 4883 | c740 4883 | e908 7ded 
  0x000001f12f884e44: 4883 c104 | 7c0c c5fe | 7f0f 4883 | c720 4883 | e904 4883 | c104 7e10 | 48ff c9c5 | f9d6 0f48 
  0x000001f12f884e64: 83c7 0848 | ffc9 7df3 | 498b cbc4 | e1f9 7ec2 | 0f1f 8400 | 0000 0000 | 6666 6690 | c5f8 7749 
  0x000001f12f884e84: ba60 7f00 | 2ff1 0100 | 0041 ffd2 | 488b 5c24 | 2044 8b74 | 242c 488b | 7424 304c | 8bd5 e90c 
  0x000001f12f884ea4: edff ff4d | 8b57 404d | 8b5f 50f0 | 8344 24c0 | 0080 3900 | 0f84 28ed | ffff 4488 | 214d 85d2 
  0x000001f12f884ec4: 7518 498b | d7c5 f877 | 49ba 506b | 24b5 fb7f | 0000 41ff | d2e9 08ed | ffff 4b89 | 4c13 f849 
  0x000001f12f884ee4: 83c2 f84d | 8957 40e9 | f6ec ffff | 4c8b 5424 | 4845 8b5a | 3c45 85db | 0f1f 4000 | 0f84 45f1 
  0x000001f12f884f04: ffff 4d8b | 5720 498b | cb48 c1e1 | 034d 85d2 | 0f84 d613 | 0000 4d8b | 5f30 4b89 | 4c13 f849 
  0x000001f12f884f24: 83c2 f84d | 8957 20e9 | 1bf1 ffff | 4d8b 5740 | 4d8b 5f50 | f083 4424 | c000 6690 | 8039 000f 
  0x000001f12f884f44: 844a f1ff | ff44 8821 | 4d85 d275 | 2449 8bd7 | 0f1f 8400 | 0000 0000 | 6666 6690 | c5f8 7749 
  0x000001f12f884f64: ba50 6b24 | b5fb 7f00 | 0041 ffd2 | e91e f1ff | ff4b 894c | 13f8 4983 | c2f8 4d89 | 5740 e90c 
  0x000001f12f884f84: ;   {oop(""{0x000000060042a410})}
  0x000001f12f884f84: f1ff ff48 | bb10 a442 | 0006 0000 | 00e9 97f0 | ffff 4c63 | c14d 8bd0 | 4983 c210 | 498b ca48 
  0x000001f12f884fa4: 83e1 f849 | 8bfd 4803 | f949 c1ea | 034d 2bda | 498b cb48 | 33c0 4883 | f908 7f10 | 48ff c978 
  0x000001f12f884fc4: 4f48 8904 | cf48 ffc9 | 7df7 eb44 | c5fd efc0 | e90d 0000 | 00c5 fe7f | 07c5 fe7f | 4720 4883 
  0x000001f12f884fe4: c740 4883 | e908 7ded | 4883 c104 | 7c0c c5fe | 7f07 4883 | c720 4883 | e904 4883 | c104 7e10 
  0x000001f12f885004: 48ff c9c5 | f9d6 0748 | 83c7 0848 | ffc9 7df3 | 488b ca49 | 8bd1 660f | 1f44 0000 | c5f8 7749 
  0x000001f12f885024: ba60 7f00 | 2ff1 0100 | 0041 ffd2 | e9c0 efff | ff4d 8b57 | 404d 8b5f | 50f0 8344 | 24c0 0080 
  0x000001f12f885044: 3900 0f84 | ddef ffff | 4488 214d | 85d2 7521 | 498b d766 | 0f1f 8400 | 0000 0000 | c5f8 7749 
  0x000001f12f885064: ba50 6b24 | b5fb 7f00 | 0041 ffd2 | e9b4 efff | ff4b 894c | 13f8 4983 | c2f8 4d89 | 5740 e9a2 
  0x000001f12f885084: efff ff33 | ffe9 2df0 | ffff 488b | 7c24 5844 | 8b57 0c45 | 85d2 660f | 1f44 0000 | 0f84 d5f2 
  0x000001f12f8850a4: ffff 4d8b | 5f20 498b | ca48 c1e1 | 034d 85db | 0f84 f413 | 0000 4d8b | 5730 4b89 | 4c1a f849 
  0x000001f12f8850c4: 83c3 f84d | 895f 20e9 | abf2 ffff | 448b 5f10 | 4585 db0f | 84ee f2ff | ff4d 8b57 | 2049 8bcb 
  0x000001f12f8850e4: 48c1 e103 | 4d85 d20f | 84e4 1300 | 004d 8b5f | 304b 894c | 13f8 4983 | c2f8 4d89 | 5720 e9c4 
  0x000001f12f885104: f2ff ff4c | 8b6c 2438 | e9f8 f4ff | ff4d 8b57 | 504d 8b5f | 40f0 8344 | 24c0 0090 | 8039 000f 
  0x000001f12f885124: 848e f2ff | ff44 8821 | 4d85 db75 | 2449 8bd7 | 0f1f 8400 | 0000 0000 | 6666 6690 | c5f8 7749 
  0x000001f12f885144: ba50 6b24 | b5fb 7f00 | 0041 ffd2 | e962 f2ff | ff4b 894c | 1af8 4983 | c3f8 4d89 | 5f40 e950 
  0x000001f12f885164: f2ff ff4d | 8b57 404d | 8b5f 50f0 | 8344 24c0 | 0080 3900 | 0f84 8bf2 | ffff 4488 | 214d 85d2 
  0x000001f12f885184: 7518 498b | d7c5 f877 | 49ba 506b | 24b5 fb7f | 0000 41ff | d2e9 6bf2 | ffff 4b89 | 4c13 f849 
  0x000001f12f8851a4: 83c2 f84d | 8957 40e9 | 59f2 ffff | 498b 8708 | 0100 004c | 8bd0 4983 | c218 448b | 5c24 604b 
  0x000001f12f8851c4: 8d14 dc4d | 3b97 1801 | 0000 0f83 | b316 0000 | 4d89 9708 | 0100 0041 | 0f0d 8ac0 | 0000 0048 
  0x000001f12f8851e4: c700 0100 

  0x000001f12f8851e8: ;   {metadata('java/util/ArrayList')}
  0x000001f12f8851e8: 0000 c740 | 0810 df00 | 0044 8960 | 0c44 8960 | 1047 8b54 

  0x000001f12f8851fc: ;   {oop(a 'java/lang/Object'[0] {0x0000000600429990})}
  0x000001f12f8851fc: cc0c c740 | 1432 5308 | c04c 8be8 | 4585 d276 

  0x000001f12f88520c: ;   {oop(""{0x000000060042a410})}
  0x000001f12f88520c: 1949 b810 | a442 0006 | 0000 0048 | b900 007f | 3df1 0100 | 0045 33db | eb62 4533 

  0x000001f12f885228: ;   {oop(""{0x000000060042a410})}
  0x000001f12f885228: c049 ba10 | a442 0006 | 0000 0049 | bb00 007f | 3df1 0100 | 0066 6690 | e925 0100 | 0066 6666 
  0x000001f12f885248: 0f1f 8400 | 0000 0000 | 4889 6c24 | 4048 ff74 | 2420 488f | 4424 4848 | 8b5c 2430 | 448b 7424 
  0x000001f12f885268: 5c4c 8b44 | 2468 488b | 4c24 7048 | 8b74 2478 | 488b 9424 | 8000 0000 | 4c8b ac24 | 8800 0000 
  0x000001f12f885288: ; implicit exception: dispatches to 0x000001f12f887174
  0x000001f12f885288: 478b 54cc | 0c45 3bda | 0f83 aa18 | 0000 4f8d | 14cc 478b | 4c9a 1090 

  0x000001f12f8852a0: ; implicit exception: dispatches to 0x000001f12f887184
  0x000001f12f8852a0: 478b 54cc | 1047 8b4c | d410 4489 | 5c24 644c | 89ac 2488 | 0000 0048 | 8994 2480 | 0000 0048 
  0x000001f12f8852c0: 8974 2478 | 4889 4c24 | 704c 8944 | 2468 4489 | 7424 5c48 | 895c 2430 | 48ff 7424 | 4848 8f44 
  0x000001f12f8852e0: 2420 488b | 6c24 404d | 8bc1 49c1 | e003 498b | d566 6690 

  0x000001f12f8852f4: ;   {optimized virtual_call}
  0x000001f12f8852f4: c5f8 77e8 

  0x000001f12f8852f8: ; ImmutableOopMap {rbp=Oop [32]=Oop [48]=Oop [80]=Oop [96]=NarrowOop [104]=Oop [120]=Oop [128]=Oop [136]=Oop [152]=Oop }
                      ;*invokevirtual addAll {reexecute=0 rethrow=0 return_oop=0}
                      ; - java.security.CodeSource::getCertificates@57 (line 210)
                      ; - java.lang.ClassLoader::checkCerts@34 (line 1158)
                      ; - java.lang.ClassLoader::preDefineClass@113 (line 907)
                      ; - java.lang.ClassLoader::defineClass@4 (line 1015)
                      ; - java.security.SecureClassLoader::defineClass@12 (line 150)
  0x000001f12f8852f8: 84c0 79ff | 4d8b 9750 | 0300 0044 | 8b5c 2460 | 478b 4cdc | 1044 8b5c | 2464 41ff 

  0x000001f12f885314: ; ImmutableOopMap {r9=NarrowOop rbp=Oop [32]=Oop [48]=Oop [80]=Oop [96]=NarrowOop [104]=Oop [120]=Oop [128]=Oop [136]=Oop [152]=Oop }
                      ;*goto {reexecute=1 rethrow=0 return_oop=0}
                      ; - (reexecute) java.security.CodeSource::getCertificates@64 (line 209)
                      ; - java.lang.ClassLoader::checkCerts@34 (line 1158)
                      ; - java.lang.ClassLoader::preDefineClass@113 (line 907)
                      ; - java.lang.ClassLoader::defineClass@4 (line 1015)
                      ; - java.security.SecureClassLoader::defineClass@12 (line 150)
                      ;   {poll}
  0x000001f12f885314: c341 8502 | 0f1f 8400 | 0000 0000 

  0x000001f12f885320: ; implicit exception: dispatches to 0x000001f12f8871a4
  0x000001f12f885320: 478b 44cc | 0c45 3bd8 | 0f8c 22ff | ffff 4c8b | ac24 8800 | 0000 458b | 4510 4889 | 6c24 4048 
  0x000001f12f885340: ff74 2420 | 488f 4424 | 4848 8b5c | 2430 448b | 7424 5c4c | 8b54 2468 | 4c8b 5c24 | 7048 8b74 
  0x000001f12f885360: 2478 488b | 9424 8000 | 0000 4181 | f800 0004 | 000f 8765 | 1800 0049 | 63c8 660f | 1f44 0000 
  0x000001f12f885380: 4181 f800 | 0004 000f | 8764 1500 | 004d 8b8f | 0801 0000 | 48c1 e102 | 4883 c117 | 488b f948 
  0x000001f12f8853a0: 83e7 f849 | 8bc1 4803 | c749 3b87 | 1801 0000 | 0f83 3b15 | 0000 4989 | 8708 0100 | 000f 0d88 
  0x000001f12f8853c0: c000 0000 | 49c7 0101 | 0000 000f | 0d88 0001 

  0x000001f12f8853d0: ;   {metadata('java/security/cert/Certificate'[])}
  0x000001f12f8853d0: 0000 41c7 | 4108 a029 | 1200 4589 | 410c 0f0d | 8840 0100 | 0049 8bf9 | 4883 c710 | 0f0d 8880 
  0x000001f12f8853f0: 0100 0048 | c1e9 0348 | 83c1 fe48 | 33c0 4883 | f908 7f10 | 48ff c978 | 4f48 8904 | cf48 ffc9 
  0x000001f12f885410: 7df7 eb44 | c5fd efc0 | e90d 0000 | 00c5 fe7f | 07c5 fe7f | 4720 4883 | c740 4883 | e908 7ded 
  0x000001f12f885430: 4883 c104 | 7c0c c5fe | 7f07 4883 | c720 4883 | e904 4883 | c104 7e10 | 48ff c9c5 | f9d6 0748 
  0x000001f12f885450: 83c7 0848 | ffc9 7df3 | 488b 6c24 | 4048 ff74 | 2448 488f | 4424 2848 | ffb4 2498 | 0000 0048 
  0x000001f12f885470: 8f44 2420 | 4889 5c24 | 3048 8944 | 24f8 8b44 | 2460 8944 | 2438 488b | 4424 f844 | 8974 245c 
  0x000001f12f885490: 4c89 5424 | 684c 895c | 2470 4889 | 7424 7848 | 8994 2480 | 0000 004c | 89ac 2488 | 0000 004d 
  0x000001f12f8854b0: 8bc1 488b | 9424 8800 | 0000 6690 

  0x000001f12f8854bc: ;   {optimized virtual_call}
  0x000001f12f8854bc: c5f8 77e8 

  0x000001f12f8854c0: ; ImmutableOopMap {rbp=Oop [32]=Oop [40]=Oop [48]=Oop [56]=NarrowOop [80]=Oop [104]=Oop [120]=Oop [128]=Oop }
                      ;*invokevirtual toArray {reexecute=0 rethrow=0 return_oop=1}
                      ; - java.security.CodeSource::getCertificates@76 (line 213)
                      ; - java.lang.ClassLoader::checkCerts@34 (line 1158)
                      ; - java.lang.ClassLoader::preDefineClass@113 (line 907)
                      ; - java.lang.ClassLoader::defineClass@4 (line 1015)
                      ; - java.security.SecureClassLoader::defineClass@12 (line 150)
  0x000001f12f8854c0: bcbe 79ff | 488b d844 

  0x000001f12f8854c8: ;   {metadata('java/security/cert/Certificate'[])}
  0x000001f12f8854c8: 8b50 0841 | 81fa a029 | 1200 0f85 | c018 0000 | 0f1f 8400 | 0000 0000 | 4180 7f38 | 000f 85dd 
  0x000001f12f8854e8: 0e00 008b | 7c24 384c | 8b94 2480 | 0000 004d | 8bda 4c8b | d349 c1ea | 0345 8954 | fc14 4c8b 
  0x000001f12f885508: d34d 33d3 | 49c1 ea16 | 4d85 d274 | 1a49 c1eb | 0948 b900 | 007f 3df1 | 0100 0049 | 03cb 8039 
  0x000001f12f885528: 040f 85d6 | 0e00 0044 | 8b5b 0c44 | 8b53 084d | 63c3 49c1 | e002 4983 | c017 4983 | e0f8 4181 
  0x000001f12f885548: fb00 0004 | 000f 8712 | 1400 0049 | 8bbf 0801 | 0000 4c8b | cf4d 03c8 | 4d3b 8f18 | 0100 000f 
  0x000001f12f885568: 83f8 1300 | 004d 898f | 0801 0000 | 410f 0d89 | c000 0000 | 48c7 0701 | 0000 0044 | 8957 0844 
  0x000001f12f885588: 895f 0c41 | 0f0d 8900 | 0100 0041 | 0f0d 8940 | 0100 0041 | 0f0d 8980 | 0100 0048 | 8bcb 4883 
  0x000001f12f8855a8: c110 488b | d748 83c2 | 1049 83c0 | f049 c1e8 | 030f 1f80 | 0000 0000 | c5f8 7749 | ba60 8600 
  0x000001f12f8855c8: 2ff1 0100 | 0041 ffd2 | 4889 6c24 | 4048 ff74 | 2428 488f | 4424 4848 | ff74 2420 | 488f 8424 
  0x000001f12f8855e8: 9800 0000 | 488b 5c24 | 3044 8b74 | 245c 4c8b | 4424 684c | 8b4c 2470 | 488b 7424 | 78e9 daf2 
  0x000001f12f885608: ffff 498b | 8708 0100 | 004c 8bd8 | 4983 c318 | 4b8d 1cc4 | 0f1f 4000 | 4d3b 9f18 | 0100 000f 
  0x000001f12f885628: 831f 1400 | 004d 899f | 0801 0000 | 410f 0d8b | c000 0000 | 48c7 0001 

  0x000001f12f885640: ;   {metadata('java/util/ArrayList')}
  0x000001f12f885640: 0000 00c7 | 4008 10df | 0000 4489 | 600c 4489 | 6010 438b 

  0x000001f12f885654: ;   {oop(a 'java/lang/Object'[0] {0x0000000600429990})}
  0x000001f12f885654: 7cd4 0cc7 | 4014 3253 | 08c0 4c8b | c885 ff77 | 1d44 8b5c | 2420 e99b | 0000 0090 | 4c8b ed44 
  0x000001f12f885674: 894c 2420 | 488b 5c24 | 304c 8b4c | 2438 438b | 7cd4 0c44 | 8b5c 2420 | 443b df0f | 8317 1500 
  0x000001f12f885694: 0049 c1e2 | 0347 8b54 | 9a10 6690 

  0x000001f12f8856a0: ; implicit exception: dispatches to 0x000001f12f8871c4
  0x000001f12f8856a0: 438b 4cd4 | 1045 8b54 | cc10 4c89 | 4c24 3848 | 895c 2430 | 4489 4424 | 2449 8bed | 4d8b c249 
  0x000001f12f8856c0: c1e0 0349 | 8bd1 6690 

  0x000001f12f8856c8: ;   {optimized virtual_call}
  0x000001f12f8856c8: c5f8 77e8 

  0x000001f12f8856cc: ; ImmutableOopMap {rbp=Oop [36]=NarrowOop [48]=Oop [56]=Oop [72]=Oop }
                      ;*invokevirtual addAll {reexecute=0 rethrow=0 return_oop=0}
                      ; - java.security.CodeSource::getCertificates@57 (line 210)
                      ; - java.lang.ClassLoader::postDefineClass@24 (line 927)
                      ; - java.lang.ClassLoader::defineClass@37 (line 1018)
                      ; - java.security.SecureClassLoader::defineClass@12 (line 150)
  0x000001f12f8856cc: b0bc 79ff | 498b 8f50 | 0300 0044 | 8b44 2424 | 478b 54c4 | 1044 8b4c | 2420 41ff 

  0x000001f12f8856e8: ; ImmutableOopMap {r10=NarrowOop r8=NarrowOop rbp=Oop [48]=Oop [56]=Oop [72]=Oop }
                      ;*goto {reexecute=1 rethrow=0 return_oop=0}
                      ; - (reexecute) java.security.CodeSource::getCertificates@64 (line 209)
                      ; - java.lang.ClassLoader::postDefineClass@24 (line 927)
                      ; - java.lang.ClassLoader::defineClass@37 (line 1018)
                      ; - java.security.SecureClassLoader::defineClass@12 (line 150)
                      ;   {poll}
  0x000001f12f8856e8: c185 0147 | 8b5c d40c | 453b cb0f | 8c77 ffff | ff4c 8b4c | 2438 458b | 5910 4c8b | ed48 8b5c 
  0x000001f12f885708: 2430 4181 | fb00 0004 | 000f 87ce | 1400 0049 | 63cb 660f | 1f44 0000 | 4181 fb00 | 0004 000f 
  0x000001f12f885728: 875a 1300 | 004d 8b97 | 0801 0000 | 48c1 e102 | 4883 c117 | 488b f948 | 83e7 f849 | 8bd2 4803 
  0x000001f12f885748: d749 3b97 | 1801 0000 | 0f83 3113 | 0000 4989 | 9708 0100 | 000f 0d8a | c000 0000 | 49c7 0201 
  0x000001f12f885768: 0000 000f | 0d8a 0001 

  0x000001f12f885770: ;   {metadata('java/security/cert/Certificate'[])}
  0x000001f12f885770: 0000 41c7 | 4208 a029 | 1200 4589 | 5a0c 0f0d | 8a40 0100 | 0049 8bfa | 4883 c710 | 0f0d 8a80 
  0x000001f12f885790: 0100 0048 | c1e9 0348 | 83c1 fe48 | 33c0 4883 | f908 7f10 | 48ff c978 | 4f48 8904 | cf48 ffc9 
  0x000001f12f8857b0: 7df7 eb44 | c5fd efc0 | e90d 0000 | 00c5 fe7f | 07c5 fe7f | 4720 4883 | c740 4883 | e908 7ded 
  0x000001f12f8857d0: 4883 c104 | 7c0c c5fe | 7f07 4883 | c720 4883 | e904 4883 | c104 7e10 | 48ff c9c5 | f9d6 0748 
  0x000001f12f8857f0: 83c7 0848 | ffc9 7df3 | 4c89 6c24 | 2048 ff74 | 2448 488f | 4424 2844 | 8944 2430 | 488b eb4c 
  0x000001f12f885810: 894c 2438 | 4d8b c248 | 8b54 2438 

  0x000001f12f88581c: ;   {optimized virtual_call}
  0x000001f12f88581c: c5f8 77e8 

  0x000001f12f885820: ; ImmutableOopMap {rbp=Oop [32]=Oop [40]=Oop [48]=NarrowOop }
                      ;*invokevirtual toArray {reexecute=0 rethrow=0 return_oop=1}
                      ; - java.security.CodeSource::getCertificates@76 (line 213)
                      ; - java.lang.ClassLoader::postDefineClass@24 (line 927)
                      ; - java.lang.ClassLoader::defineClass@37 (line 1018)
                      ; - java.security.SecureClassLoader::defineClass@12 (line 150)
  0x000001f12f885820: 5cbb 79ff | 488b f844 

  0x000001f12f885828: ;   {metadata('java/security/cert/Certificate'[])}
  0x000001f12f885828: 8b50 0841 | 81fa a029 | 1200 0f85 | 4c15 0000 | 0f1f 8400 | 0000 0000 | 4180 7f38 | 000f 85f5 
  0x000001f12f885848: 0c00 008b | 5c24 304c | 8bd7 4c89 | 5424 384c | 8bd5 4c8b | 5c24 3849 | c1eb 0345 | 895c dc14 
  0x000001f12f885868: 4c8b 5c24 | 384d 33da | 49c1 eb16 | 4d85 db74 | 1649 c1ea | 094c 8b44 | 2460 4d03 | c241 8038 
  0x000001f12f885888: 040f 85f0 | 0c00 004c | 8b54 2438 | 458b 520c | 4c8b 5c24 | 3845 8b5b | 0849 63ea | 48c1 e502 
  0x000001f12f8858a8: 4883 c517 | 4883 e5f8 | 4181 fa00 | 0004 000f | 8708 1200 | 0049 8b9f | 0801 0000 | 4c8b c34c 
  0x000001f12f8858c8: 03c5 4d3b | 8718 0100 | 000f 83ee | 1100 004d | 8987 0801 | 0000 410f | 0d88 c000 | 0000 48c7 
  0x000001f12f8858e8: 0301 0000 | 0044 895b | 0844 8953 | 0c41 0f0d | 8800 0100 | 0041 0f0d | 8840 0100 | 0041 0f0d 
  0x000001f12f885908: 8880 0100 | 0048 8b4c | 2438 4883 | c110 488b | d348 83c2 | 1048 83c5 | f048 c1ed | 034c 8bc5 
  0x000001f12f885928: c5f8 7749 | ba60 8600 | 2ff1 0100 | 0041 ffd2 | 48ff 7424 | 2848 8f44 | 2448 e929 

  0x000001f12f885944: ;   {metadata('java/security/SecureClassLoader$CodeSourceKey')}
  0x000001f12f885944: f4ff ff48 | bae0 8314 | 56f1 0100 | 0048 8b6c | 2440 6690 

  0x000001f12f885958: ;   {runtime_call _new_instance_Java}
  0x000001f12f885958: c5f8 77e8 

  0x000001f12f88595c: ; ImmutableOopMap {rbp=Oop [64]=Oop [72]=Oop [80]=Oop [96]=Oop }
                      ;*new {reexecute=0 rethrow=0 return_oop=1}
                      ; - java.security.SecureClassLoader::getProtectionDomain@6 (line 221)
                      ; - java.security.SecureClassLoader::defineClass@9 (line 150)
  0x000001f12f88595c: a025 7bff | 4c8b c0e9 | 45dd ffff | 4489 5c24 | 304c 8944 | 2428 48ff | 7424 4048 | 8f44 2420 
  0x000001f12f88597c: 4c8b 5424 

  0x000001f12f885980: ;   {metadata('java/security/SecureClassLoader$1')}
  0x000001f12f885980: 6048 baf0 | 8514 56f1 | 0100 004c | 8954 2468 

  0x000001f12f885990: ;   {runtime_call _new_instance_Java}
  0x000001f12f885990: c5f8 77e8 

  0x000001f12f885994: ; ImmutableOopMap {rbp=NarrowOop [32]=Oop [40]=Oop [48]=NarrowOop [72]=Oop [80]=Oop [104]=Oop }
                      ;*new {reexecute=0 rethrow=0 return_oop=1}
                      ; - java.security.SecureClassLoader::getProtectionDomain@20 (line 222)
                      ; - java.security.SecureClassLoader::defineClass@9 (line 150)
  0x000001f12f885994: 6825 7bff | 48ff 7424 | 2048 8f44 | 2440 4c8b | 4424 2844 | 8b5c 2430 | 4c8b c8e9 | 5bdd ffff 
  0x000001f12f8859b4: 894c 2478 | 4489 7424 | 5c48 8944 | 24f8 8b44 | 2460 8944 | 2438 488b | 4424 f848 | 895c 2470 
  0x000001f12f8859d4: 4c89 4424 | 684c 895c | 2460 4489 | 5424 3444 | 896c 2430 | 48ff 7424 | 4848 8f44 | 2420 488b 
  0x000001f12f8859f4: ;   {metadata('java/lang/String')}
  0x000001f12f8859f4: 6c24 4048 | bae0 e900 | 56f1 0100 | 0066 6690 

  0x000001f12f885a04: ;   {runtime_call _new_instance_Java}
  0x000001f12f885a04: c5f8 77e8 

  0x000001f12f885a08: ; ImmutableOopMap {rbp=Oop [32]=Oop [48]=NarrowOop [56]=NarrowOop [80]=Oop [96]=Oop [104]=Derived_oop_[96] [112]=Oop [152]=Oop }
                      ;*new {reexecute=0 rethrow=0 return_oop=1}
                      ; - java.lang.StringLatin1::newString@7 (line 769)
                      ; - java.lang.String::substring@41 (line 2714)
                      ; - java.lang.ClassLoader::checkCerts@21 (line 1154)
                      ; - java.lang.ClassLoader::preDefineClass@113 (line 907)
                      ; - java.lang.ClassLoader::defineClass@4 (line 1015)
                      ; - java.security.SecureClassLoader::defineClass@12 (line 150)
  0x000001f12f885a08: f424 7bff | 4889 6c24 | 4048 ff74 | 2420 488f | 4424 4844 | 8b6c 2430 | 448b 5424 | 344c 8b5c 
  0x000001f12f885a28: 2460 4c8b | 4c24 6848 | 8b5c 2470 | 4889 4424 | f88b 4424 | 3889 4424 | 6048 8b44 | 24f8 448b 
  0x000001f12f885a48: 7424 5c8b | 4c24 7848 | 8bf0 4d8b | c1e9 5ce0 | ffff 4c89 | 8424 9000 | 0000 4c89 | 8c24 8800 
  0x000001f12f885a68: 0000 4889 | b424 8000 | 0000 894c | 2478 4489 | 7424 5c48 | 8944 24f8 | 8b44 2460 | 8944 2438 
  0x000001f12f885a88: 488b 4424 | f848 895c | 2470 4889 | 7c24 684c | 895c 2460 | 48ff b424 | 9800 0000 | 488f 4424 
  0x000001f12f885aa8: 3048 ff74 | 2448 488f | 4424 2848 | ff74 2440 | 488f 4424 

  0x000001f12f885abc: ;   {metadata({type array byte})}
  0x000001f12f885abc: 2048 ba28 | 6700 56f1 | 0100 0044 | 8bc1 4489 | 6c24 4c90 

  0x000001f12f885ad0: ;   {runtime_call _new_array_nozero_Java}
  0x000001f12f885ad0: c5f8 77e8 

  0x000001f12f885ad4: ; ImmutableOopMap {[32]=Oop [40]=Oop [48]=Oop [56]=NarrowOop [76]=NarrowOop [80]=Oop [96]=Oop [104]=Derived_oop_[96] [112]=Oop [128]=Oop }
                      ;*newarray {reexecute=0 rethrow=0 return_oop=1}
                      ; - java.util.Arrays::copyOfRange@41 (line 3822)
                      ; - java.lang.StringLatin1::newString@16 (line 769)
                      ; - java.lang.String::substring@41 (line 2714)
                      ; - java.lang.ClassLoader::checkCerts@21 (line 1154)
                      ; - java.lang.ClassLoader::preDefineClass@113 (line 907)
                      ; - java.lang.ClassLoader::defineClass@4 (line 1015)
                      ; - java.security.SecureClassLoader::defineClass@12 (line 150)
  0x000001f12f885ad4: a81d 7bff | 48ff 7424 | 2048 8f44 | 2440 48ff | 7424 2848 | 8f44 2448 | 48ff 7424 | 3048 8f84 
  0x000001f12f885af4: 2498 0000 | 0048 8b7c | 2468 488b | 5c24 7048 | 8944 24f8 | 8b44 2438 | 8944 2460 | 488b 4424 
  0x000001f12f885b14: f844 8b74 | 245c 8b4c | 2478 488b | b424 8000 | 0000 4c8b | 8c24 8800 | 0000 4c8b | 8424 9000 
  0x000001f12f885b34: 0000 4c8b | d0e9 25e0 | ffff 4489 | 5424 3444 | 894c 2430 | 4489 4424 

  0x000001f12f885b4c: ;   {metadata('java/lang/String')}
  0x000001f12f885b4c: 2448 bae0 | e900 56f1 | 0100 0090 

  0x000001f12f885b58: ;   {runtime_call _new_instance_Java}
  0x000001f12f885b58: c5f8 77e8 

  0x000001f12f885b5c: ; ImmutableOopMap {rbp=Oop [36]=NarrowOop [64]=Oop [72]=Oop [104]=Oop }
                      ;*new {reexecute=0 rethrow=0 return_oop=1}
                      ; - java.lang.StringLatin1::newString@7 (line 769)
                      ; - java.lang.String::substring@41 (line 2714)
                      ; - java.lang.Class::getPackageName@62 (line 1086)
                      ; - java.lang.ClassLoader::postDefineClass@2 (line 924)
                      ; - java.lang.ClassLoader::defineClass@37 (line 1018)
                      ; - java.security.SecureClassLoader::defineClass@12 (line 150)
  0x000001f12f885b5c: a023 7bff | 448b 4424 | 2444 8b4c | 2430 448b | 5424 3448 | 8bd8 e97b | e3ff ff89 | 4c24 3448 
  0x000001f12f885b7c: 897c 2458 | 4c89 5c24 | 5048 895c | 2438 4489 | 5424 3044 | 8944 2424 

  0x000001f12f885b94: ;   {metadata({type array byte})}
  0x000001f12f885b94: 48ba 2867 | 0056 f101 | 0000 458b | c266 6690 

  0x000001f12f885ba4: ;   {runtime_call _new_array_nozero_Java}
  0x000001f12f885ba4: c5f8 77e8 

  0x000001f12f885ba8: ; ImmutableOopMap {rbp=Oop [36]=NarrowOop [56]=Oop [64]=Oop [72]=Oop [104]=Oop }
                      ;*newarray {reexecute=0 rethrow=0 return_oop=1}
                      ; - java.util.Arrays::copyOfRange@41 (line 3822)
                      ; - java.lang.StringLatin1::newString@16 (line 769)
                      ; - java.lang.String::substring@41 (line 2714)
                      ; - java.lang.Class::getPackageName@62 (line 1086)
                      ; - java.lang.ClassLoader::postDefineClass@2 (line 924)
                      ; - java.lang.ClassLoader::defineClass@37 (line 1018)
                      ; - java.security.SecureClassLoader::defineClass@12 (line 150)
  0x000001f12f885ba8: d41c 7bff | 448b 4424 | 2444 8b54 | 2430 488b | 5c24 384c | 8b5c 2450 | 488b 7c24 | 584c 8be8 
  0x000001f12f885bc8: 8b4c 2434 | e9d7 e3ff | ff44 894c | 2424 4c89 | 5c24 3048 | ff74 2448 | 488f 4424 | 2849 8bed 
  0x000001f12f885be8: ;   {metadata('java/lang/NamedPackage')}
  0x000001f12f885be8: 48ba 40f1 | 0156 f101 | 0000 6690 

  0x000001f12f885bf4: ;   {runtime_call _new_instance_Java}
  0x000001f12f885bf4: c5f8 77e8 

  0x000001f12f885bf8: ; ImmutableOopMap {rbp=Oop [36]=NarrowOop [40]=Oop [48]=Oop [104]=Oop }
                      ;*new {reexecute=0 rethrow=0 return_oop=1}
                      ; - java.lang.ClassLoader::getNamedPackage@16 (line 342)
                      ; - java.lang.ClassLoader::postDefineClass@9 (line 924)
                      ; - java.lang.ClassLoader::defineClass@37 (line 1018)
                      ; - java.security.SecureClassLoader::defineClass@12 (line 150)
  0x000001f12f885bf8: 0423 7bff | 4c8b ed48 | ff74 2428 | 488f 4424 | 484c 8b5c | 2430 448b | 4c24 24e9 | dce6 ffff 
  0x000001f12f885c18: 4c89 4424 | 7044 894c | 245c 4889 | 7424 6844 | 8974 2438 | 4889 5c24 | 6048 ff74 | 2448 488f 
  0x000001f12f885c38: 4424 2848 | ff74 2440 | 488f 4424 | 2048 ba00 | 0000 56f1 | 0100 0049 | 03d3 458b | c266 6690 
  0x000001f12f885c58: ;   {runtime_call _new_array_Java}
  0x000001f12f885c58: c5f8 77e8 

  0x000001f12f885c5c: ; ImmutableOopMap {rbp=Oop [32]=Oop [40]=Oop [80]=Oop [92]=NarrowOop [96]=Oop [104]=Oop [152]=Oop }
                      ;*invokevirtual clone {reexecute=1 rethrow=0 return_oop=1}
                      ; - (reexecute) java.security.CodeSource::getCertificates@11 (line 203)
                      ; - java.lang.ClassLoader::checkCerts@34 (line 1158)
                      ; - java.lang.ClassLoader::preDefineClass@113 (line 907)
                      ; - java.lang.ClassLoader::defineClass@4 (line 1015)
                      ; - java.security.SecureClassLoader::defineClass@12 (line 150)
  0x000001f12f885c5c: a01f 7bff | 48ff 7424 | 2048 8f44 | 2440 48ff | 7424 2848 | 8f44 2448 | 488b 5c24 | 6044 8b74 
  0x000001f12f885c7c: 2438 488b | 7424 6844 | 8b4c 245c | 4c8b 4424 | 7048 8bf8 | e90a ecff | ff4c 895c | 2438 894c 
  0x000001f12f885c9c: 2430 4c89 | 6c24 2048 | ba00 0000 | 56f1 0100 | 0049 03d0 | 458b c190 

  0x000001f12f885cb4: ;   {runtime_call _new_array_Java}
  0x000001f12f885cb4: c5f8 77e8 

  0x000001f12f885cb8: ; ImmutableOopMap {rbp=Oop [32]=Oop [48]=NarrowOop [72]=Oop }
                      ;*invokevirtual clone {reexecute=1 rethrow=0 return_oop=1}
                      ; - (reexecute) java.security.CodeSource::getCertificates@11 (line 203)
                      ; - java.lang.ClassLoader::postDefineClass@24 (line 927)
                      ; - java.lang.ClassLoader::defineClass@37 (line 1018)
                      ; - java.security.SecureClassLoader::defineClass@12 (line 150)
  0x000001f12f885cb8: 441f 7bff | 8b4c 2430 | 4c8b 5c24 | 3848 8bd8 | e976 f0ff | ffba f6ff | ffff 488b | ee4c 8954 
  0x000001f12f885cd8: 2420 6690 

  0x000001f12f885cdc: ;   {runtime_call UncommonTrapBlob}
  0x000001f12f885cdc: c5f8 77e8 

  0x000001f12f885ce0: ; ImmutableOopMap {rbp=Oop [32]=Oop }
                      ;*invokevirtual putIfAbsent {reexecute=0 rethrow=0 return_oop=0}
                      ; - java.lang.ClassLoader::checkCerts@62 (line 1161)
                      ; - java.lang.ClassLoader::preDefineClass@113 (line 907)
                      ; - java.lang.ClassLoader::defineClass@4 (line 1015)
                      ; - java.security.SecureClassLoader::defineClass@12 (line 150)
  0x000001f12f885ce0: 1c0c 7aff | baf6 ffff | ff66 6690 

  0x000001f12f885cec: ;   {runtime_call UncommonTrapBlob}
  0x000001f12f885cec: c5f8 77e8 

  0x000001f12f885cf0: ; ImmutableOopMap {rbp=NarrowOop }
                      ;*invokevirtual toExternalForm {reexecute=0 rethrow=0 return_oop=0}
                      ; - java.net.URL::toExternalForm@5 (line 1039)
                      ; - java.net.URL::toString@1 (line 1025)
                      ; - java.lang.ClassLoader::defineClassSourceLocation@22 (line 917)
                      ; - java.lang.ClassLoader::defineClass@12 (line 1016)
                      ; - java.security.SecureClassLoader::defineClass@12 (line 150)
  0x000001f12f885cf0: 0c0c 7aff | ba76 ffff | ff48 8b6c | 2440 4489 | 4c24 2c48 | ff74 2450 | 488f 4424 | 4048 8944 
  0x000001f12f885d10: 24f8 8b44 | 243c 8944 | 2438 488b | 4424 f848 | 8944 24f8 | 8b44 2458 | 8944 243c | 488b 4424 
  0x000001f12f885d30: f848 895c | 2450 4489 | 6c24 5c90 

  0x000001f12f885d3c: ;   {runtime_call UncommonTrapBlob}
  0x000001f12f885d3c: c5f8 77e8 

  0x000001f12f885d40: ; ImmutableOopMap {rbp=Oop [64]=Oop [72]=Oop [80]=Oop [92]=NarrowOop [96]=NarrowOop [152]=Oop }
                      ;*iflt {reexecute=1 rethrow=0 return_oop=0}
                      ; - (reexecute) java.lang.StringLatin1::lastIndexOf@19 (line 294)
                      ; - java.lang.String::lastIndexOf@13 (line 2489)
                      ; - java.lang.String::lastIndexOf@8 (line 2451)
                      ; - java.lang.ClassLoader::checkCerts@3 (line 1153)
                      ; - java.lang.ClassLoader::preDefineClass@113 (line 907)
                      ; - java.lang.ClassLoader::defineClass@4 (line 1015)
                      ; - java.security.SecureClassLoader::defineClass@12 (line 150)
  0x000001f12f885d40: bc0b 7aff | bade ffff | ff48 ff74 | 2440 488f | 4424 2048 | ff74 2448 | 488f 4424 | 2844 8b5c 
  0x000001f12f885d60: 243c 4489 | 5c24 384c | 8944 2440 | 4c89 4c24 | 4866 6690 

  0x000001f12f885d74: ;   {runtime_call UncommonTrapBlob}
  0x000001f12f885d74: c5f8 77e8 

  0x000001f12f885d78: ; ImmutableOopMap {rbp=NarrowOop [32]=Oop [40]=Oop [64]=Oop [72]=Oop [80]=Oop }
                      ;*invokeinterface computeIfAbsent {reexecute=0 rethrow=0 return_oop=0}
                      ; - java.security.SecureClassLoader::getProtectionDomain@29 (line 222)
                      ; - java.security.SecureClassLoader::defineClass@9 (line 150)
  0x000001f12f885d78: 840b 7aff | ba45 ffff | ff48 ff74 | 2440 488f | 4424 2048 | ff74 2448 | 488f 4424 | 3048 ff74 
  0x000001f12f885d98: 2450 488f | 4424 4048 | 8944 24f8 | 8b44 243c | 8944 2438 | 488b 4424 | f866 6690 

  0x000001f12f885db4: ;   {runtime_call UncommonTrapBlob}
  0x000001f12f885db4: c5f8 77e8 

  0x000001f12f885db8: ; ImmutableOopMap {[32]=Oop [48]=Oop [64]=Oop [152]=Oop }
                      ;*ifeq {reexecute=1 rethrow=0 return_oop=0}
                      ; - (reexecute) java.lang.ClassLoader::checkName@8 (line 1145)
                      ; - java.lang.ClassLoader::preDefineClass@1 (line 890)
                      ; - java.lang.ClassLoader::defineClass@4 (line 1015)
                      ; - java.security.SecureClassLoader::defineClass@12 (line 150)
  0x000001f12f885db8: 440b 7aff | ba6e ffff | ff48 8b6c | 2440 4489 | 4c24 2c48 | ff74 2450 | 488f 4424 | 4048 8944 
  0x000001f12f885dd8: 24f8 8b44 | 243c 8944 | 2438 488b | 4424 f848 | 8944 24f8 | 8b44 2458 | 8944 243c | 488b 4424 
  0x000001f12f885df8: f848 895c | 2450 4489 | 6c24 5c90 

  0x000001f12f885e04: ;   {runtime_call UncommonTrapBlob}
  0x000001f12f885e04: c5f8 77e8 

  0x000001f12f885e08: ; ImmutableOopMap {rbp=Oop [64]=Oop [72]=Oop [80]=Oop [92]=NarrowOop [96]=NarrowOop [152]=Oop }
                      ;*iflt {reexecute=1 rethrow=0 return_oop=0}
                      ; - (reexecute) java.lang.StringLatin1::lastIndexOf@19 (line 294)
                      ; - java.lang.String::lastIndexOf@13 (line 2489)
                      ; - java.lang.String::lastIndexOf@8 (line 2451)
                      ; - java.lang.ClassLoader::checkCerts@3 (line 1153)
                      ; - java.lang.ClassLoader::preDefineClass@113 (line 907)
                      ; - java.lang.ClassLoader::defineClass@4 (line 1015)
                      ; - java.security.SecureClassLoader::defineClass@12 (line 150)
  0x000001f12f885e08: f40a 7aff | 4c63 c9e9 | bbdc ffff | 4983 c1fe | 498b c948 | 8bfa 4833 | c048 83f9 | 087f 1048 
  0x000001f12f885e28: ffc9 784f | 4889 04cf | 48ff c97d | f7eb 44c5 | fdef c0e9 | 0d00 0000 | c5fe 7f07 | c5fe 7f47 
  0x000001f12f885e48: 2048 83c7 | 4048 83e9 | 087d ed48 | 83c1 047c | 0cc5 fe7f | 0748 83c7 | 2048 83e9 | 0448 83c1 
  0x000001f12f885e68: 047e 1048 | ffc9 c5f9 | d607 4883 | c708 48ff | c97d f30f | 1f44 0000 | e92e ddff | ffba ccff 
  0x000001f12f885e88: ffff 488b | 6c24 4089 | 4c24 2c48 | ff74 2450 | 488f 4424 | 4048 8944 | 24f8 8b44 | 243c 8944 
  0x000001f12f885ea8: 2438 488b | 4424 f848 | 8944 24f8 | 8b44 2458 | 8944 243c | 488b 4424 | f848 895c | 2450 4889 
  0x000001f12f885ec8: 4424 f88b | 4424 6089 | 4424 5848 | 8b44 24f8 | 4889 7424 | 6844 896c | 245c 6690 

  0x000001f12f885ee4: ;   {runtime_call UncommonTrapBlob}
  0x000001f12f885ee4: c5f8 77e8 

  0x000001f12f885ee8: ; ImmutableOopMap {rbp=Oop [64]=Oop [72]=Oop [80]=Oop [88]=NarrowOop [92]=NarrowOop [104]=Oop [152]=Oop }
                      ;*newarray {reexecute=1 rethrow=0 return_oop=0}
                      ; - (reexecute) java.util.Arrays::copyOfRange@41 (line 3822)
                      ; - java.lang.StringLatin1::newString@16 (line 769)
                      ; - java.lang.String::substring@41 (line 2714)
                      ; - java.lang.ClassLoader::checkCerts@21 (line 1154)
                      ; - java.lang.ClassLoader::preDefineClass@113 (line 907)
                      ; - java.lang.ClassLoader::defineClass@4 (line 1015)
                      ; - java.security.SecureClassLoader::defineClass@12 (line 150)
  0x000001f12f885ee8: 140a 7aff | bae4 ffff | ff48 ff74 | 2440 488f | 4424 2048 | ff74 2450 | 488f 4424 | 4048 8944 
  0x000001f12f885f08: 24f8 8b44 | 243c 8944 | 2438 488b | 4424 f844 | 896c 2454 

  0x000001f12f885f1c: ;   {runtime_call UncommonTrapBlob}
  0x000001f12f885f1c: c5f8 77e8 

  0x000001f12f885f20: ; ImmutableOopMap {[32]=Oop [64]=Oop [72]=Oop [84]=NarrowOop [152]=Oop }
                      ;*baload {reexecute=0 rethrow=0 return_oop=0}
                      ; - java.lang.String::startsWith@80 (line 2270)
                      ; - java.lang.String::startsWith@3 (line 2302)
                      ; - java.lang.ClassLoader::preDefineClass@43 (line 896)
                      ; - java.lang.ClassLoader::defineClass@4 (line 1015)
                      ; - java.security.SecureClassLoader::defineClass@12 (line 150)
  0x000001f12f885f20: dc09 7aff | bade ffff | ff66 6690 

  0x000001f12f885f2c: ;   {runtime_call UncommonTrapBlob}
  0x000001f12f885f2c: c5f8 77e8 

  0x000001f12f885f30: ; ImmutableOopMap {rbp=NarrowOop }
                      ;*checkcast {reexecute=0 rethrow=0 return_oop=0}
                      ; - java.lang.ClassLoader::getNamedPackage@8 (line 340)
                      ; - java.lang.ClassLoader::postDefineClass@9 (line 924)
                      ; - java.lang.ClassLoader::defineClass@37 (line 1018)
                      ; - java.security.SecureClassLoader::defineClass@12 (line 150)
  0x000001f12f885f30: cc09 7aff | ba76 ffff | ff48 8b6c | 2448 4c8b | 5424 404c | 8954 2438 | 894c 244c | 4889 4424 
  0x000001f12f885f50: 5044 8944 | 2458 6690 

  0x000001f12f885f58: ;   {runtime_call UncommonTrapBlob}
  0x000001f12f885f58: c5f8 77e8 

  0x000001f12f885f5c: ; ImmutableOopMap {rbp=Oop [56]=Oop [80]=Oop [88]=NarrowOop [152]=Oop }
                      ;*iflt {reexecute=1 rethrow=0 return_oop=0}
                      ; - (reexecute) java.lang.StringLatin1::lastIndexOf@19 (line 294)
                      ; - java.lang.String::lastIndexOf@13 (line 2489)
                      ; - java.lang.String::lastIndexOf@8 (line 2451)
                      ; - java.lang.Class::getPackageName@47 (line 1085)
                      ; - java.lang.ClassLoader::postDefineClass@2 (line 924)
                      ; - java.lang.ClassLoader::defineClass@37 (line 1018)
                      ; - java.security.SecureClassLoader::defineClass@12 (line 150)
  0x000001f12f885f5c: a009 7aff | ba45 ffff | ff48 8944 | 2428 4c8b | 5424 404c | 8954 2438 | 4889 4424 | 4066 6690 
  0x000001f12f885f7c: ;   {runtime_call UncommonTrapBlob}
  0x000001f12f885f7c: c5f8 77e8 

  0x000001f12f885f80: ; ImmutableOopMap {[40]=Oop [56]=Oop [64]=Oop [152]=Oop }
                      ;*ifeq {reexecute=1 rethrow=0 return_oop=0}
                      ; - (reexecute) java.lang.Class::getPackageName@13 (line 1080)
                      ; - java.lang.ClassLoader::postDefineClass@2 (line 924)
                      ; - java.lang.ClassLoader::defineClass@37 (line 1018)
                      ; - java.security.SecureClassLoader::defineClass@12 (line 150)
  0x000001f12f885f80: 7c09 7aff | ba6e ffff | ff48 8b6c | 2448 4c8b | 5424 404c | 8954 2438 | 894c 244c | 4889 4424 
  0x000001f12f885fa0: 5044 8944 | 2458 6690 

  0x000001f12f885fa8: ;   {runtime_call UncommonTrapBlob}
  0x000001f12f885fa8: c5f8 77e8 

  0x000001f12f885fac: ; ImmutableOopMap {rbp=Oop [56]=Oop [80]=Oop [88]=NarrowOop [152]=Oop }
                      ;*iflt {reexecute=1 rethrow=0 return_oop=0}
                      ; - (reexecute) java.lang.StringLatin1::lastIndexOf@19 (line 294)
                      ; - java.lang.String::lastIndexOf@13 (line 2489)
                      ; - java.lang.String::lastIndexOf@8 (line 2451)
                      ; - java.lang.Class::getPackageName@47 (line 1085)
                      ; - java.lang.ClassLoader::postDefineClass@2 (line 924)
                      ; - java.lang.ClassLoader::defineClass@37 (line 1018)
                      ; - java.security.SecureClassLoader::defineClass@12 (line 150)
  0x000001f12f885fac: 5009 7aff | 4d63 dae9 | 58df ffff | 4983 c3fe | 498b cb49 | 8bf9 4833 | c048 83f9 | 087f 1048 
  0x000001f12f885fcc: ffc9 784f | 4889 04cf | 48ff c97d | f7eb 44c5 | fdef c0e9 | 0d00 0000 | c5fe 7f07 | c5fe 7f47 
  0x000001f12f885fec: 2048 83c7 | 4048 83e9 | 087d ed48 | 83c1 047c | 0cc5 fe7f | 0748 83c7 | 2048 83e9 | 0448 83c1 
  0x000001f12f88600c: 047e 1048 | ffc9 c5f9 | d607 4883 | c708 48ff | c97d f390 | e9d0 dfff | ffba ccff | ffff 48ff 
  0x000001f12f88602c: 7424 4848 | 8f44 2428 | 4c8b 5c24 | 404c 895c | 2438 48ff | 7424 4848 | 8f44 2440 | 4489 5424 
  0x000001f12f88604c: 4c48 895c | 2458 4489 | 4424 6090 

  0x000001f12f886058: ;   {runtime_call UncommonTrapBlob}
  0x000001f12f886058: c5f8 77e8 

  0x000001f12f88605c: ; ImmutableOopMap {[40]=Oop [56]=Oop [64]=Oop [88]=Oop [96]=NarrowOop [104]=Oop }
                      ;*newarray {reexecute=1 rethrow=0 return_oop=0}
                      ; - (reexecute) java.util.Arrays::copyOfRange@41 (line 3822)
                      ; - java.lang.StringLatin1::newString@16 (line 769)
                      ; - java.lang.String::substring@41 (line 2714)
                      ; - java.lang.Class::getPackageName@62 (line 1086)
                      ; - java.lang.ClassLoader::postDefineClass@2 (line 924)
                      ; - java.lang.ClassLoader::defineClass@37 (line 1018)
                      ; - java.security.SecureClassLoader::defineClass@12 (line 150)
  0x000001f12f88605c: a008 7aff | 4585 c940 | 0f95 c540 | 0fb6 ed83 | f501 ba45 | ffff ff48 | ff74 2440 | 488f 4424 
  0x000001f12f88607c: 2848 8944 | 24f8 8b44 | 243c 8944 | 2438 488b | 4424 f848 | 8944 24f8 | 8b44 2458 | 8944 243c 
  0x000001f12f88609c: 488b 4424 | f866 6690 

  0x000001f12f8860a4: ;   {runtime_call UncommonTrapBlob}
  0x000001f12f8860a4: c5f8 77e8 

  0x000001f12f8860a8: ; ImmutableOopMap {[40]=Oop [72]=Oop [80]=Oop [152]=Oop }
                      ;*ifeq {reexecute=1 rethrow=0 return_oop=0}
                      ; - (reexecute) java.lang.String::indexOf@4 (line 2423)
                      ; - java.lang.String::indexOf@3 (line 2380)
                      ; - java.lang.ClassLoader::checkName@16 (line 1147)
                      ; - java.lang.ClassLoader::preDefineClass@1 (line 890)
                      ; - java.lang.ClassLoader::defineClass@4 (line 1015)
                      ; - java.security.SecureClassLoader::defineClass@12 (line 150)
  0x000001f12f8860a8: 5408 7aff | ba45 ffff | ff48 ff74 | 2440 488f | 4424 2048 | ff74 2448 | 488f 4424 | 3048 ff74 
  0x000001f12f8860c8: 2450 488f | 4424 4048 | 8944 24f8 | 8b44 243c | 8944 2438 | 488b 4424 | f848 8944 | 24f8 8b44 
  0x000001f12f8860e8: 2458 8944 | 243c 488b | 4424 f889 | 5c24 5890 

  0x000001f12f8860f8: ;   {runtime_call UncommonTrapBlob}
  0x000001f12f8860f8: c5f8 77e8 

  0x000001f12f8860fc: ; ImmutableOopMap {[32]=Oop [48]=Oop [64]=Oop [152]=Oop }
                      ;*if_icmpne {reexecute=1 rethrow=0 return_oop=0}
                      ; - (reexecute) java.lang.ClassLoader::checkName@20 (line 1147)
                      ; - java.lang.ClassLoader::preDefineClass@1 (line 890)
                      ; - java.lang.ClassLoader::defineClass@4 (line 1015)
                      ; - java.security.SecureClassLoader::defineClass@12 (line 150)
  0x000001f12f8860fc: 0008 7aff | ba45 ffff | ff48 ff74 | 2440 488f | 4424 2089 | 4c24 3489 | 4c24 3848 | 895c 2468 
  0x000001f12f88611c: 4889 4424 | f88b 4424 | 6089 4424 | 5c48 8b44 | 24f8 6690 

  0x000001f12f886130: ;   {runtime_call UncommonTrapBlob}
  0x000001f12f886130: c5f8 77e8 

  0x000001f12f886134: ; ImmutableOopMap {[32]=Oop [72]=Oop [80]=Oop [92]=NarrowOop [104]=Oop [152]=Oop }
                      ;*if_icmpgt {reexecute=1 rethrow=0 return_oop=0}
                      ; - (reexecute) java.lang.String::checkBoundsBeginEnd@6 (line 4605)
                      ; - java.lang.String::substring@8 (line 2709)
                      ; - java.lang.ClassLoader::checkCerts@21 (line 1154)
                      ; - java.lang.ClassLoader::preDefineClass@113 (line 907)
                      ; - java.lang.ClassLoader::defineClass@4 (line 1015)
                      ; - java.security.SecureClassLoader::defineClass@12 (line 150)
  0x000001f12f886134: c807 7aff | ba45 ffff | ff48 ff74 | 2448 488f | 4424 284c | 896c 2438 | 4489 4c24 | 484c 895c 
  0x000001f12f886154: 2450 895c | 244c 4489 | 5424 5c44 | 8944 2460 

  0x000001f12f886164: ;   {runtime_call UncommonTrapBlob}
  0x000001f12f886164: c5f8 77e8 

  0x000001f12f886168: ; ImmutableOopMap {[40]=Oop [56]=Oop [72]=NarrowOop [76]=NarrowOop [80]=Oop [104]=Oop }
                      ;*ifle {reexecute=1 rethrow=0 return_oop=0}
                      ; - (reexecute) java.util.concurrent.ConcurrentHashMap::get@23 (line 937)
                      ; - java.lang.ClassLoader::getNamedPackage@5 (line 340)
                      ; - java.lang.ClassLoader::postDefineClass@9 (line 924)
                      ; - java.lang.ClassLoader::defineClass@37 (line 1018)
                      ; - java.security.SecureClassLoader::defineClass@12 (line 150)
  0x000001f12f886168: 9407 7aff | ba45 ffff | ff48 8b6c | 2440 4c89 | 4424 2889 | 7c24 3848 | 894c 2448 

  0x000001f12f886184: ;   {runtime_call UncommonTrapBlob}
  0x000001f12f886184: c5f8 77e8 

  0x000001f12f886188: ; ImmutableOopMap {rbp=Oop [40]=Oop [72]=Oop [80]=Oop [96]=Oop }
                      ;*ifnonnull {reexecute=1 rethrow=0 return_oop=0}
                      ; - (reexecute) java.security.SecureClassLoader::getProtectionDomain@1 (line 213)
                      ; - java.security.SecureClassLoader::defineClass@9 (line 150)
  0x000001f12f886188: 7407 7aff | ba45 ffff | ff48 ff74 | 2440 488f | 4424 2848 | 8944 24f8 | 8b44 243c | 8944 2438 
  0x000001f12f8861a8: 488b 4424 | f866 6690 

  0x000001f12f8861b0: ;   {runtime_call UncommonTrapBlob}
  0x000001f12f8861b0: c5f8 77e8 

  0x000001f12f8861b4: ; ImmutableOopMap {[40]=Oop [72]=Oop [80]=Oop [152]=Oop }
                      ;*if_icmpne {reexecute=1 rethrow=0 return_oop=0}
                      ; - (reexecute) java.lang.ClassLoader::checkName@30 (line 1147)
                      ; - java.lang.ClassLoader::preDefineClass@1 (line 890)
                      ; - java.lang.ClassLoader::defineClass@4 (line 1015)
                      ; - java.security.SecureClassLoader::defineClass@12 (line 150)
  0x000001f12f8861b4: 4807 7aff | ba45 ffff | ff48 ff74 | 2440 488f | 4424 2089 | 4c24 3489 | 4c24 3848 | 895c 2468 
  0x000001f12f8861d4: 4889 4424 | f88b 4424 | 6089 4424 | 5c48 8b44 | 24f8 6690 

  0x000001f12f8861e8: ;   {runtime_call UncommonTrapBlob}
  0x000001f12f8861e8: c5f8 77e8 

  0x000001f12f8861ec: ; ImmutableOopMap {[32]=Oop [72]=Oop [80]=Oop [92]=NarrowOop [104]=Oop [152]=Oop }
                      ;*if_icmple {reexecute=1 rethrow=0 return_oop=0}
                      ; - (reexecute) java.lang.String::checkBoundsBeginEnd@11 (line 4605)
                      ; - java.lang.String::substring@8 (line 2709)
                      ; - java.lang.ClassLoader::checkCerts@21 (line 1154)
                      ; - java.lang.ClassLoader::preDefineClass@113 (line 907)
                      ; - java.lang.ClassLoader::defineClass@4 (line 1015)
                      ; - java.security.SecureClassLoader::defineClass@12 (line 150)
  0x000001f12f8861ec: 1007 7aff | ba45 ffff | ff48 8b6c | 2440 4889 | 4424 f88b | 4424 3c89 | 4424 3848 | 8b44 24f8 
  0x000001f12f88620c: 48ff 7424 | 4848 8f44 | 2440 4489 | 4c24 4890 

  0x000001f12f88621c: ;   {runtime_call UncommonTrapBlob}
  0x000001f12f88621c: c5f8 77e8 

  0x000001f12f886220: ; ImmutableOopMap {rbp=Oop [64]=Oop [80]=Oop [152]=Oop }
                      ;*ifne {reexecute=1 rethrow=0 return_oop=0}
                      ; - (reexecute) java.lang.ClassLoader::compareCerts@7 (line 1176)
                      ; - java.lang.ClassLoader::checkCerts@80 (line 1162)
                      ; - java.lang.ClassLoader::preDefineClass@113 (line 907)
                      ; - java.lang.ClassLoader::defineClass@4 (line 1015)
                      ; - java.security.SecureClassLoader::defineClass@12 (line 150)
  0x000001f12f886220: dc06 7aff | 418b c9e9 | 16d8 ffff | baf6 ffff | ff48 897c | 2420 6690 

  0x000001f12f886238: ;   {runtime_call UncommonTrapBlob}
  0x000001f12f886238: c5f8 77e8 

  0x000001f12f88623c: ; ImmutableOopMap {[32]=Oop [64]=Oop }
                      ;*invokevirtual putIfAbsent {reexecute=0 rethrow=0 return_oop=0}
                      ; - java.lang.ClassLoader::getNamedPackage@32 (line 344)
                      ; - java.lang.ClassLoader::postDefineClass@9 (line 924)
                      ; - java.lang.ClassLoader::defineClass@37 (line 1018)
                      ; - java.security.SecureClassLoader::defineClass@12 (line 150)
  0x000001f12f88623c: c006 7aff | 488b e8ba | 54ff ffff | 48ff 7424 | 4848 8f44 | 2430 6690 

  0x000001f12f886254: ;   {runtime_call UncommonTrapBlob}
  0x000001f12f886254: c5f8 77e8 

  0x000001f12f886258: ; ImmutableOopMap {rbp=Oop [40]=Oop [48]=Oop [80]=NarrowOop [88]=Oop [104]=Oop }
                      ;*ifnull {reexecute=1 rethrow=0 return_oop=0}
                      ; - (reexecute) java.lang.ClassLoader::getNamedPackage@42 (line 345)
                      ; - java.lang.ClassLoader::postDefineClass@9 (line 924)
                      ; - java.lang.ClassLoader::defineClass@37 (line 1018)
                      ; - java.security.SecureClassLoader::defineClass@12 (line 150)
  0x000001f12f886258: a406 7aff | ba45 ffff | ff48 ff74 | 2448 488f | 4424 284c | 896c 2438 | 4489 4c24 | 484c 895c 
  0x000001f12f886278: 2450 4489 | 4424 4c44 | 8954 2458 

  0x000001f12f886284: ;   {runtime_call UncommonTrapBlob}
  0x000001f12f886284: c5f8 77e8 

  0x000001f12f886288: ; ImmutableOopMap {[40]=Oop [56]=Oop [72]=NarrowOop [76]=NarrowOop [80]=Oop [104]=Oop }
                      ;*ifeq {reexecute=1 rethrow=0 return_oop=0}
                      ; - (reexecute) java.util.concurrent.ConcurrentHashMap::get@76 (line 940)
                      ; - java.lang.ClassLoader::getNamedPackage@5 (line 340)
                      ; - java.lang.ClassLoader::postDefineClass@9 (line 924)
                      ; - java.lang.ClassLoader::defineClass@37 (line 1018)
                      ; - java.security.SecureClassLoader::defineClass@12 (line 150)
  0x000001f12f886288: 7406 7aff | baf6 ffff | ff66 6690 

  0x000001f12f886294: ;   {runtime_call UncommonTrapBlob}
  0x000001f12f886294: c5f8 77e8 

  0x000001f12f886298: ; ImmutableOopMap {}
                      ;*invokevirtual isNamed {reexecute=0 rethrow=0 return_oop=0}
                      ; - java.lang.NamedPackage::<init>@12 (line 48)
                      ; - java.lang.ClassLoader::getNamedPackage@22 (line 342)
                      ; - java.lang.ClassLoader::postDefineClass@9 (line 924)
                      ; - java.lang.ClassLoader::defineClass@37 (line 1018)
                      ; - java.security.SecureClassLoader::defineClass@12 (line 150)
  0x000001f12f886298: 6406 7aff | ba12 0000 | 0048 8b6c | 2448 4889 | 4424 f88b | 4424 5089 | 4424 4848 | 8b44 24f8 
  0x000001f12f8862b8: ;   {runtime_call UncommonTrapBlob}
  0x000001f12f8862b8: c5f8 77e8 

  0x000001f12f8862bc: ; ImmutableOopMap {rbp=Oop [56]=Oop [64]=Oop [72]=NarrowOop [88]=Oop [104]=Oop }
                      ;*new {reexecute=0 rethrow=0 return_oop=0}
                      ; - java.lang.NamedPackage::<init>@18 (line 49)
                      ; - java.lang.ClassLoader::getNamedPackage@22 (line 342)
                      ; - java.lang.ClassLoader::postDefineClass@9 (line 924)
                      ; - java.lang.ClassLoader::defineClass@37 (line 1018)
                      ; - java.security.SecureClassLoader::defineClass@12 (line 150)
  0x000001f12f8862bc: 4006 7aff | 85c9 400f | 95c5 400f | b6ed 83f5 | 01ba 45ff | ffff 48ff | 7424 4848 | 8f44 2420 
  0x000001f12f8862dc: 4889 4424 | 5844 8954 | 2460 6690 

  0x000001f12f8862e8: ;   {runtime_call UncommonTrapBlob}
  0x000001f12f8862e8: c5f8 77e8 

  0x000001f12f8862ec: ; ImmutableOopMap {[32]=Oop [64]=Oop [88]=Oop [152]=Oop }
                      ;*ifeq {reexecute=1 rethrow=0 return_oop=0}
                      ; - (reexecute) java.lang.String::lastIndexOf@4 (line 2489)
                      ; - java.lang.String::lastIndexOf@8 (line 2451)
                      ; - java.lang.Class::getPackageName@47 (line 1085)
                      ; - java.lang.ClassLoader::postDefineClass@2 (line 924)
                      ; - java.lang.ClassLoader::defineClass@37 (line 1018)
                      ; - java.security.SecureClassLoader::defineClass@12 (line 150)
  0x000001f12f8862ec: 1006 7aff | 498b d766 | 0f1f 8400 | 0000 0000 | 6666 6690 | c5f8 7749 | ba70 6b24 | b5fb 7f00 
  0x000001f12f88630c: 0041 ffd2 | e936 ddff | ffba 45ff | ffff 48ff | 7424 4848 | 8f44 2428 | 4c8b 4424 | 404c 8944 
  0x000001f12f88632c: 2438 48ff | 7424 4848 | 8f44 2440 | 4489 5424 | 4c44 8954 | 2450 4889 | 4424 5844 | 895c 2460 
  0x000001f12f88634c: ;   {runtime_call UncommonTrapBlob}
  0x000001f12f88634c: c5f8 77e8 

  0x000001f12f886350: ; ImmutableOopMap {[40]=Oop [56]=Oop [64]=Oop [88]=Oop [104]=Oop }
                      ;*if_icmpgt {reexecute=1 rethrow=0 return_oop=0}
                      ; - (reexecute) java.lang.String::checkBoundsBeginEnd@6 (line 4605)
                      ; - java.lang.String::substring@8 (line 2709)
                      ; - java.lang.Class::getPackageName@62 (line 1086)
                      ; - java.lang.ClassLoader::postDefineClass@2 (line 924)
                      ; - java.lang.ClassLoader::defineClass@37 (line 1018)
                      ; - java.security.SecureClassLoader::defineClass@12 (line 150)
  0x000001f12f886350: ac05 7aff | ba45 ffff | ff48 ff74 | 2448 488f | 4424 284c | 8b44 2440 | 4c89 4424 | 3848 ff74 
  0x000001f12f886370: 2448 488f | 4424 4044 | 8954 244c | 4489 5424 | 5048 8944 | 2458 4489 | 5c24 6044 | 895c 2464 
  0x000001f12f886390: ;   {runtime_call UncommonTrapBlob}
  0x000001f12f886390: c5f8 77e8 

  0x000001f12f886394: ; ImmutableOopMap {[40]=Oop [56]=Oop [64]=Oop [88]=Oop [104]=Oop }
                      ;*if_icmple {reexecute=1 rethrow=0 return_oop=0}
                      ; - (reexecute) java.lang.String::checkBoundsBeginEnd@11 (line 4605)
                      ; - java.lang.String::substring@8 (line 2709)
                      ; - java.lang.Class::getPackageName@62 (line 1086)
                      ; - java.lang.ClassLoader::postDefineClass@2 (line 924)
                      ; - java.lang.ClassLoader::defineClass@37 (line 1018)
                      ; - java.security.SecureClassLoader::defineClass@12 (line 150)
  0x000001f12f886394: 6805 7aff | 448b d10f | 1f44 0000 | e9d3 daff | ffba 3701 | 0000 48ff | 7424 4848 | 8f44 2420 
  0x000001f12f8863b4: 448b 5424 | 3c44 8954 | 2430 6690 

  0x000001f12f8863c0: ;   {runtime_call UncommonTrapBlob}
  0x000001f12f8863c0: c5f8 77e8 

  0x000001f12f8863c4: ; ImmutableOopMap {[32]=Oop [64]=Oop [80]=Oop }
                      ;*new {reexecute=0 rethrow=0 return_oop=0}
                      ; - java.lang.ClassLoader::preDefineClass@56 (line 898)
                      ; - java.lang.ClassLoader::defineClass@4 (line 1015)
                      ; - java.security.SecureClassLoader::defineClass@12 (line 150)
  0x000001f12f8863c4: 3805 7aff | 8b7c 2438 | 458b 5cfc | 1445 85db | 0f84 15f1 | ffff 4d8b | 5720 498b | cb48 c1e1 
  0x000001f12f8863e4: 034d 85d2 | 0f84 ff07 | 0000 4d8b | 5f30 4b89 | 4c13 f849 | 83c2 f84d | 8957 2090 | e9ea f0ff 
  0x000001f12f886404: ff4d 8b57 | 404d 8b5f | 50f0 8344 | 24c0 0080 | 3900 7438 | 4488 210f | 1f44 0000 | 4d85 d274 
  0x000001f12f886424: 0f4b 894c | 13f8 4983 | c2f8 4d89 | 5740 eb1c | 498b d766 | 0f1f 8400 | 0000 0000 | c5f8 7749 
  0x000001f12f886444: ba50 6b24 | b5fb 7f00 | 0041 ffd2 | 458b 54fc | 1445 85d2 | 0f84 d707 | 0000 498b | da48 c1e3 
  0x000001f12f886464: 03e9 c5f0 | ffff ba76 | ffff ff48 | ff74 2448 | 488f 4424 | 3048 8b4c | 2468 4889 | 4c24 3844 
  0x000001f12f886484: 894c 2450 | 4c89 5c24 | 584c 895c | 2460 4489 | 4424 6844 | 8954 246c 

  0x000001f12f88649c: ;   {runtime_call UncommonTrapBlob}
  0x000001f12f88649c: c5f8 77e8 

  0x000001f12f8864a0: ; ImmutableOopMap {rbp=NarrowOop [48]=Oop [56]=Oop [64]=Oop [80]=NarrowOop [88]=Oop [96]=Oop [108]=NarrowOop }
                      ;*if_icmpge {reexecute=1 rethrow=0 return_oop=0}
                      ; - (reexecute) java.lang.StringLatin1::hashCode@13 (line 196)
                      ; - java.lang.String::hashCode@27 (line 2344)
                      ; - java.util.concurrent.ConcurrentHashMap::get@1 (line 936)
                      ; - java.lang.ClassLoader::getNamedPackage@5 (line 340)
                      ; - java.lang.ClassLoader::postDefineClass@9 (line 924)
                      ; - java.lang.ClassLoader::defineClass@37 (line 1018)
                      ; - java.security.SecureClassLoader::defineClass@12 (line 150)
  0x000001f12f8864a0: 5c04 7aff | b901 0000 | 00e9 e6e2 | ffff 498b | d766 6666 | 0f1f 8400 | 0000 0000 | 6666 6690 
  0x000001f12f8864c0: c5f8 7749 | ba70 6b24 | b5fb 7f00 | 0041 ffd2 | e9a6 deff | ff49 8bd7 | 0f1f 8400 | 0000 0000 
  0x000001f12f8864e0: c5f8 7749 | ba70 6b24 | b5fb 7f00 | 0041 ffd2 | e9d6 deff | ffba 45ff | ffff 48ff | 7424 4848 
  0x000001f12f886500: 8f44 2430 | 488b 7c24 | 6848 897c | 2438 4c89 | 6c24 4044 | 894c 2450 | 4c89 5c24 | 584c 895c 
  0x000001f12f886520: 2460 4489 | 4424 5444 | 8954 2468 | 4889 4c24 | 7089 5c24 | 6c66 6690 

  0x000001f12f886538: ;   {runtime_call UncommonTrapBlob}
  0x000001f12f886538: c5f8 77e8 

  0x000001f12f88653c: ; ImmutableOopMap {[48]=Oop [56]=Oop [64]=Oop [80]=NarrowOop [84]=NarrowOop [88]=Oop [96]=Oop [112]=Oop }
                      ;*if_icmpne {reexecute=1 rethrow=0 return_oop=0}
                      ; - (reexecute) java.lang.String::equals@33 (line 1830)
                      ; - java.util.concurrent.ConcurrentHashMap::get@73 (line 940)
                      ; - java.lang.ClassLoader::getNamedPackage@5 (line 340)
                      ; - java.lang.ClassLoader::postDefineClass@9 (line 924)
                      ; - java.lang.ClassLoader::defineClass@37 (line 1018)
                      ; - java.security.SecureClassLoader::defineClass@12 (line 150)
  0x000001f12f88653c: c003 7aff | 8b5c 2430 | 458b 5cdc | 1445 85db | 0f84 fdf2 | ffff 4d8b | 5720 498b | cb48 c1e1 
  0x000001f12f88655c: 0366 6690 | 4d85 d20f | 84ac 0600 | 004d 8b5f | 304b 894c | 13f8 4983 | c2f8 4d89 | 5720 e9d0 
  0x000001f12f88657c: f2ff ff4d | 8b57 404d | 8b5f 50f0 | 8344 24c0 | 0041 8038 | 0074 3d45 | 8820 4d85 | d274 0f4f 
  0x000001f12f88659c: 8944 13f8 | 4983 c2f8 | 4d89 5740 | eb26 498b | c849 8bd7 | 6666 660f | 1f84 0000 | 0000 0066 
  0x000001f12f8865bc: 6666 9090 | c5f8 7749 | ba50 6b24 | b5fb 7f00 | 0041 ffd2 | 458b 54dc | 1445 85d2 | 0f84 6606 
  0x000001f12f8865dc: 0000 49c1 | e203 4c89 | 5424 38e9 | a3f2 ffff | ba45 ffff | ff48 ff74 | 2448 488f | 4424 304c 
  0x000001f12f8865fc: 896c 2440 | 4489 4c24 | 504c 895c | 2458 4489 | 4424 5444 | 8954 2460 

  0x000001f12f886614: ;   {runtime_call UncommonTrapBlob}
  0x000001f12f886614: c5f8 77e8 

  0x000001f12f886618: ; ImmutableOopMap {[48]=Oop [64]=Oop [80]=NarrowOop [84]=NarrowOop [88]=Oop [104]=Oop }
                      ;*ifge {reexecute=1 rethrow=0 return_oop=0}
                      ; - (reexecute) java.util.concurrent.ConcurrentHashMap::get@86 (line 943)
                      ; - java.lang.ClassLoader::getNamedPackage@5 (line 340)
                      ; - java.lang.ClassLoader::postDefineClass@9 (line 924)
                      ; - java.lang.ClassLoader::defineClass@37 (line 1018)
                      ; - java.security.SecureClassLoader::defineClass@12 (line 150)
  0x000001f12f886618: e402 7aff | 4585 c040 | 0f95 c540 | 0fb6 ed83 | f501 ba45 | ffff ff48 | ff74 2448 | 488f 4424 
  0x000001f12f886638: 3044 894c | 2450 4c89 | 5c24 584c | 895c 2460 | 4489 5424 | 5466 6690 

  0x000001f12f886650: ;   {runtime_call UncommonTrapBlob}
  0x000001f12f886650: c5f8 77e8 

  0x000001f12f886654: ; ImmutableOopMap {[48]=Oop [64]=Oop [80]=NarrowOop [84]=NarrowOop [88]=Oop [96]=Oop [104]=Oop }
                      ;*ifeq {reexecute=1 rethrow=0 return_oop=0}
                      ; - (reexecute) java.lang.String::hashCode@20 (line 2344)
                      ; - java.util.concurrent.ConcurrentHashMap::get@1 (line 936)
                      ; - java.lang.ClassLoader::getNamedPackage@5 (line 340)
                      ; - java.lang.ClassLoader::postDefineClass@9 (line 924)
                      ; - java.lang.ClassLoader::defineClass@37 (line 1018)
                      ; - java.security.SecureClassLoader::defineClass@12 (line 150)
  0x000001f12f886654: a802 7aff | baa4 0000 | 004c 8b54 | 2440 4c89 | 5424 2048 | ff74 2450 | 488f 4424 | 4048 8944 
  0x000001f12f886674: 24f8 8b44 | 243c 8944 | 2438 488b | 4424 f848 | 8944 24f8 | 8b44 2458 | 8944 243c | 488b 4424 
  0x000001f12f886694: f84c 896c | 2460 4489 | 7424 68c5 | fa11 4424 | 6c89 5c24 | 7048 8944 | 2478 c5fa | 118c 2480 
  0x000001f12f8866b4: 0000 0090 

  0x000001f12f8866b8: ;   {runtime_call UncommonTrapBlob}
  0x000001f12f8866b8: c5f8 77e8 

  0x000001f12f8866bc: ; ImmutableOopMap {[32]=Oop [64]=Oop [72]=Oop [96]=Oop [112]=NarrowOop [120]=Oop [128]=NarrowOop [152]=Oop }
                      ;*new {reexecute=0 rethrow=0 return_oop=0}
                      ; - sun.security.x509.X509CertImpl::getEncodedInternal@7 (line 360)
                      ; - sun.security.x509.X509CertImpl::getEncodedInternal@11 (line 1860)
                      ; - java.security.cert.Certificate::equals@25 (line 116)
                      ; - java.lang.ClassLoader::compareCerts@81 (line 1188)
                      ; - java.lang.ClassLoader::checkCerts@80 (line 1162)
                      ; - java.lang.ClassLoader::preDefineClass@113 (line 907)
                      ; - java.lang.ClassLoader::defineClass@4 (line 1015)
                      ; - java.security.SecureClassLoader::defineClass@12 (line 150)
  0x000001f12f8866bc: 4002 7aff | baa4 0000 | 004c 8b54 | 2440 4c89 | 5424 2048 | ff74 2450 | 488f 4424 | 4048 8944 
  0x000001f12f8866dc: 24f8 8b44 | 243c 8944 | 2438 488b | 4424 f848 | 8944 24f8 | 8b44 2458 | 8944 243c | 488b 4424 
  0x000001f12f8866fc: f84c 894c | 2458 448b | 5c24 7444 | 895c 2460 | c5fa 1144 | 2464 c5fa | 114c 2468 | 4c89 6c24 
  0x000001f12f88671c: 7044 8974 | 246c c5fa | 115c 2478 

  0x000001f12f886728: ;   {runtime_call UncommonTrapBlob}
  0x000001f12f886728: c5f8 77e8 

  0x000001f12f88672c: ; ImmutableOopMap {[32]=Oop [64]=Oop [72]=Oop [88]=Oop [104]=NarrowOop [112]=Oop [120]=NarrowOop [152]=Oop }
                      ;*new {reexecute=0 rethrow=0 return_oop=0}
                      ; - sun.security.x509.X509CertImpl::getEncodedInternal@7 (line 360)
                      ; - sun.security.x509.X509CertImpl::getEncodedInternal@11 (line 1860)
                      ; - java.security.cert.Certificate::equals@25 (line 116)
                      ; - java.lang.ClassLoader::compareCerts@166 (line 1200)
                      ; - java.lang.ClassLoader::checkCerts@80 (line 1162)
                      ; - java.lang.ClassLoader::preDefineClass@113 (line 907)
                      ; - java.lang.ClassLoader::defineClass@4 (line 1015)
                      ; - java.security.SecureClassLoader::defineClass@12 (line 150)
  0x000001f12f88672c: d001 7aff | babe ffff | ff48 8b6c | 2440 48ff | 7424 5048 | 8f44 2430 | 4889 4424 | f88b 4424 
  0x000001f12f88674c: 3c89 4424 | 3848 8b44 | 24f8 4889 | 4424 f88b | 4424 5889 | 4424 3c48 | 8b44 24f8 | 48ff 7424 
  0x000001f12f88676c: 4848 8f44 | 2440 4889 | 4c24 5889 | 5c24 6044 | 8954 2464 | 897c 2468 | 4889 4424 | 7044 894c 
  0x000001f12f88678c: 2478 6690 

  0x000001f12f886790: ;   {runtime_call UncommonTrapBlob}
  0x000001f12f886790: c5f8 77e8 

  0x000001f12f886794: ; ImmutableOopMap {rbp=Oop [48]=Oop [64]=Oop [88]=Oop [104]=NarrowOop [112]=Oop [152]=Oop }
                      ;*if_icmpge {reexecute=1 rethrow=0 return_oop=0}
                      ; - (reexecute) java.lang.ClassLoader::compareCerts@67 (line 1187)
                      ; - java.lang.ClassLoader::checkCerts@80 (line 1162)
                      ; - java.lang.ClassLoader::preDefineClass@113 (line 907)
                      ; - java.lang.ClassLoader::defineClass@4 (line 1015)
                      ; - java.security.SecureClassLoader::defineClass@12 (line 150)
  0x000001f12f886794: 6801 7aff | babe ffff | ff48 8b6c | 2440 48ff | 7424 5048 | 8f44 2430 | 4889 4424 | f88b 4424 
  0x000001f12f8867b4: 3c89 4424 | 3848 8b44 | 24f8 4889 | 4424 f88b | 4424 5889 | 4424 3c48 | 8b44 24f8 | 48ff 7424 
  0x000001f12f8867d4: 4848 8f44 | 2440 4c89 | 4c24 5089 | 4c24 5c89 | 7c24 604c | 896c 2468 | 4489 7424 | 7066 6690 
  0x000001f12f8867f4: ;   {runtime_call UncommonTrapBlob}
  0x000001f12f8867f4: c5f8 77e8 

  0x000001f12f8867f8: ; ImmutableOopMap {rbp=Oop [48]=Oop [64]=Oop [80]=Oop [96]=NarrowOop [104]=Oop [152]=Oop }
                      ;*if_icmpge {reexecute=1 rethrow=0 return_oop=0}
                      ; - (reexecute) java.lang.ClassLoader::compareCerts@152 (line 1199)
                      ; - java.lang.ClassLoader::checkCerts@80 (line 1162)
                      ; - java.lang.ClassLoader::preDefineClass@113 (line 907)
                      ; - java.lang.ClassLoader::defineClass@4 (line 1015)
                      ; - java.security.SecureClassLoader::defineClass@12 (line 150)
  0x000001f12f8867f8: 0401 7aff | ba45 ffff | ff48 ff74 | 2448 488f | 4424 3048 | 8b5c 2468 | 4889 5c24 | 384c 896c 
  0x000001f12f886818: 2440 4489 | 4c24 504c | 895c 2458 | 4c89 5c24 | 604c 8944 | 2468 4489 | 5424 5448 | 897c 2470 
  0x000001f12f886838: 894c 2478 

  0x000001f12f88683c: ;   {runtime_call UncommonTrapBlob}
  0x000001f12f88683c: c5f8 77e8 

  0x000001f12f886840: ; ImmutableOopMap {[48]=Oop [56]=Oop [64]=Oop [80]=NarrowOop [88]=Oop [96]=Oop [104]=Oop [112]=Oop }
                      ;*if_icmpne {reexecute=1 rethrow=0 return_oop=0}
                      ; - (reexecute) java.lang.String::equals@33 (line 1830)
                      ; - java.util.concurrent.ConcurrentHashMap::get@149 (line 947)
                      ; - java.lang.ClassLoader::getNamedPackage@5 (line 340)
                      ; - java.lang.ClassLoader::postDefineClass@9 (line 924)
                      ; - java.lang.ClassLoader::defineClass@37 (line 1018)
                      ; - java.security.SecureClassLoader::defineClass@12 (line 150)
  0x000001f12f886840: bc00 7aff | 4d8b 9f50 | 0300 00c4 | c179 7ed2 

  0x000001f12f886850: ; ImmutableOopMap {r10=Oop r9=Oop r13=Oop xmm1=NarrowOop xmm2=NarrowOop xmm3=Oop [48]=Oop [64]=Oop [72]=Oop [80]=Oop [152]=Oop }
                      ;*goto {reexecute=1 rethrow=0 return_oop=0}
                      ; - (reexecute) java.lang.ClassLoader::compareCerts@95 (line 1187)
                      ; - java.lang.ClassLoader::checkCerts@80 (line 1162)
                      ; - java.lang.ClassLoader::preDefineClass@113 (line 907)
                      ; - java.lang.ClassLoader::defineClass@4 (line 1015)
                      ; - java.security.SecureClassLoader::defineClass@12 (line 150)
  0x000001f12f886850: 49c1 e203 

  0x000001f12f886854: ;   {poll}
  0x000001f12f886854: 4185 033b | eb0f 8df5 | 0300 0044 | 8bdd 498b | cd49 8bc1 | 418b de44 | 8b4c 2474 | c4c1 797e 
  0x000001f12f886874: c2c5 f97e | d7c5 f97e | cac4 e1f9 | 7ede e9d3 | e0ff ff48 | 8954 2470 | 4489 4c24 | 6448 8974 
  0x000001f12f886894: 2468 4489 | 7424 5c48 | 895c 2430 | 48ff 7424 | 4848 8f44 | 2420 488b 

  0x000001f12f8868ac: ;   {metadata('java/util/ArrayList')}
  0x000001f12f8868ac: 6c24 4048 | ba10 df00 | 56f1 0100 | 0066 6690 

  0x000001f12f8868bc: ;   {runtime_call _new_instance_Java}
  0x000001f12f8868bc: c5f8 77e8 

  0x000001f12f8868c0: ; ImmutableOopMap {rbp=Oop [32]=Oop [48]=Oop [80]=Oop [96]=NarrowOop [100]=NarrowOop [104]=Oop [112]=Oop [152]=Oop }
                      ;*new {reexecute=0 rethrow=0 return_oop=1}
                      ; - java.security.CodeSource::getCertificates@25 (line 207)
                      ; - java.lang.ClassLoader::checkCerts@34 (line 1158)
                      ; - java.lang.ClassLoader::preDefineClass@113 (line 907)
                      ; - java.lang.ClassLoader::defineClass@4 (line 1015)
                      ; - java.security.SecureClassLoader::defineClass@12 (line 150)
  0x000001f12f8868c0: 3c16 7bff | 4889 6c24 | 4048 ff74 | 2420 488f | 4424 4848 | 8b5c 2430 | 448b 7424 | 5c48 8b74 
  0x000001f12f8868e0: 2468 448b | 4c24 6448 | 8b54 2470 | e908 e9ff | ff4c 89ac | 2488 0000 | 0048 8994 | 2480 0000 
  0x000001f12f886900: 0048 8974 | 2478 4c89 | 5c24 704c | 8954 2468 | 4489 7424 | 5c48 8944 | 24f8 8b44 | 2460 8944 
  0x000001f12f886920: 2438 488b | 4424 f848 | 895c 2430 | 48ff b424 | 9800 0000 | 488f 4424 | 2048 ff74 | 2448 488f 
  0x000001f12f886940: 4424 2848 | 8b6c 2440 

  0x000001f12f886948: ;   {metadata('java/security/cert/Certificate'[])}
  0x000001f12f886948: 48ba a029 | 1256 f101 | 0000 6690 

  0x000001f12f886954: ;   {runtime_call _new_array_Java}
  0x000001f12f886954: c5f8 77e8 

  0x000001f12f886958: ; ImmutableOopMap {rbp=Oop [32]=Oop [40]=Oop [48]=Oop [56]=NarrowOop [80]=Oop [104]=Oop [120]=Oop [128]=Oop [136]=Oop [152]=Oop }
                      ;*anewarray {reexecute=0 rethrow=0 return_oop=1}
                      ; - java.security.CodeSource::getCertificates@73 (line 214)
                      ; - java.lang.ClassLoader::checkCerts@34 (line 1158)
                      ; - java.lang.ClassLoader::preDefineClass@113 (line 907)
                      ; - java.lang.ClassLoader::defineClass@4 (line 1015)
                      ; - java.security.SecureClassLoader::defineClass@12 (line 150)
  0x000001f12f886958: a412 7bff | 4c8b c890 | e94a ebff | ff4c 8944 | 2448 4889 | 5c24 4048 | ba00 0000 | 56f1 0100 
  0x000001f12f886978: 0049 03d2 | 458b c390 

  0x000001f12f886980: ;   {runtime_call _new_array_Java}
  0x000001f12f886980: c5f8 77e8 

  0x000001f12f886984: ; ImmutableOopMap {rbp=Oop [32]=Oop [40]=Oop [48]=Oop [64]=Oop [80]=Oop [104]=Oop [120]=Oop }
                      ;*invokevirtual clone {reexecute=1 rethrow=0 return_oop=1}
                      ; - (reexecute) java.security.CodeSource::getCertificates@89 (line 215)
                      ; - java.lang.ClassLoader::checkCerts@34 (line 1158)
                      ; - java.lang.ClassLoader::preDefineClass@113 (line 907)
                      ; - java.lang.ClassLoader::defineClass@4 (line 1015)
                      ; - java.security.SecureClassLoader::defineClass@12 (line 150)
  0x000001f12f886984: 7812 7bff | 488b 5c24 | 404c 8b44 | 2448 488b | f8e9 09ec | ffff ba76 | ffff ff48 | 8b6c 2440 
  0x000001f12f8869a4: 48ff 7424 | 5048 8f44 | 2430 4889 | 4424 f88b | 4424 3c89 | 4424 3848 | 8b44 24f8 | 4889 4424 
  0x000001f12f8869c4: f88b 4424 | 5889 4424 | 3c48 8b44 | 24f8 48ff | 7424 4848 | 8f44 2440 | 4889 4424 | 4848 894c 
  0x000001f12f8869e4: 2458 895c | 2464 6690 

  0x000001f12f8869ec: ;   {runtime_call UncommonTrapBlob}
  0x000001f12f8869ec: c5f8 77e8 

  0x000001f12f8869f0: ; ImmutableOopMap {rbp=Oop [48]=Oop [64]=Oop [72]=Oop [88]=Oop [104]=Oop [152]=Oop }
                      ;*if_icmpge {reexecute=1 rethrow=0 return_oop=0}
                      ; - (reexecute) java.lang.ClassLoader::compareCerts@40 (line 1185)
                      ; - java.lang.ClassLoader::checkCerts@80 (line 1162)
                      ; - java.lang.ClassLoader::preDefineClass@113 (line 907)
                      ; - java.lang.ClassLoader::defineClass@4 (line 1015)
                      ; - java.security.SecureClassLoader::defineClass@12 (line 150)
  0x000001f12f8869f0: 0cff 79ff | babe ffff | ff48 8b6c | 2440 48ff | 7424 5048 | 8f44 2430 | 4889 4424 | f88b 4424 
  0x000001f12f886a10: 3c89 4424 | 3848 8b44 | 24f8 4889 | 4424 f88b | 4424 5889 | 4424 3c48 | 8b44 24f8 | 48ff 7424 
  0x000001f12f886a30: 4848 8f44 | 2440 4889 | 4424 4848 | 894c 2458 | 895c 2464 

  0x000001f12f886a44: ;   {runtime_call UncommonTrapBlob}
  0x000001f12f886a44: c5f8 77e8 

  0x000001f12f886a48: ; ImmutableOopMap {rbp=Oop [48]=Oop [64]=Oop [72]=Oop [88]=Oop [104]=Oop [152]=Oop }
                      ;*if_icmpge {reexecute=1 rethrow=0 return_oop=0}
                      ; - (reexecute) java.lang.ClassLoader::compareCerts@40 (line 1185)
                      ; - java.lang.ClassLoader::checkCerts@80 (line 1162)
                      ; - java.lang.ClassLoader::preDefineClass@113 (line 907)
                      ; - java.lang.ClassLoader::defineClass@4 (line 1015)
                      ; - java.security.SecureClassLoader::defineClass@12 (line 150)
  0x000001f12f886a48: b4fe 79ff | 4889 5c24 | 3844 8954 | 2430 4489 | 4424 2449 

  0x000001f12f886a5c: ;   {metadata('java/util/ArrayList')}
  0x000001f12f886a5c: 8bed 48ba | 10df 0056 | f101 0000 

  0x000001f12f886a68: ;   {runtime_call _new_instance_Java}
  0x000001f12f886a68: c5f8 77e8 

  0x000001f12f886a6c: ; ImmutableOopMap {rbp=Oop [36]=NarrowOop [48]=NarrowOop [56]=Oop [72]=Oop }
                      ;*new {reexecute=0 rethrow=0 return_oop=1}
                      ; - java.security.CodeSource::getCertificates@25 (line 207)
                      ; - java.lang.ClassLoader::postDefineClass@24 (line 927)
                      ; - java.lang.ClassLoader::defineClass@37 (line 1018)
                      ; - java.security.SecureClassLoader::defineClass@12 (line 150)
  0x000001f12f886a6c: 9014 7bff | 4c8b ed44 | 8b44 2424 | 448b 5424 | 3048 8b5c | 2438 e9cb | ebff ff4c | 894c 2438 
  0x000001f12f886a8c: 488b eb44 | 8944 2430 | 48ff 7424 | 4848 8f44 | 2428 4c89 

  0x000001f12f886aa0: ;   {metadata('java/security/cert/Certificate'[])}
  0x000001f12f886aa0: 6c24 2048 | baa0 2912 | 56f1 0100 | 0045 8bc3 

  0x000001f12f886ab0: ;   {runtime_call _new_array_Java}
  0x000001f12f886ab0: c5f8 77e8 

  0x000001f12f886ab4: ; ImmutableOopMap {rbp=Oop [32]=Oop [40]=Oop [48]=NarrowOop [56]=Oop }
                      ;*anewarray {reexecute=0 rethrow=0 return_oop=1}
                      ; - java.security.CodeSource::getCertificates@73 (line 214)
                      ; - java.lang.ClassLoader::postDefineClass@24 (line 927)
                      ; - java.lang.ClassLoader::defineClass@37 (line 1018)
                      ; - java.security.SecureClassLoader::defineClass@12 (line 150)
  0x000001f12f886ab4: 4811 7bff | 4c8b d00f | 1f44 0000 | e94f edff | ff48 ba00 | 0000 56f1 | 0100 0049 | 03d3 458b 
  0x000001f12f886ad4: c266 6690 

  0x000001f12f886ad8: ;   {runtime_call _new_array_Java}
  0x000001f12f886ad8: c5f8 77e8 

  0x000001f12f886adc: ; ImmutableOopMap {[32]=Oop [40]=Oop [56]=Oop }
                      ;*invokevirtual clone {reexecute=1 rethrow=0 return_oop=1}
                      ; - (reexecute) java.security.CodeSource::getCertificates@89 (line 215)
                      ; - java.lang.ClassLoader::postDefineClass@24 (line 927)
                      ; - java.lang.ClassLoader::defineClass@37 (line 1018)
                      ; - java.security.SecureClassLoader::defineClass@12 (line 150)
  0x000001f12f886adc: 2011 7bff | 488b d8e9 | 25ee ffff | ba45 ffff | ff48 8b6c | 2440 48ff | 7424 5048 | 8f44 2430 
  0x000001f12f886afc: 4889 4424 | f88b 4424 | 3c89 4424 | 3848 8b44 | 24f8 4889 | 4424 f88b | 4424 5889 | 4424 3c48 
  0x000001f12f886b1c: 8b44 24f8 | 48ff 7424 | 4848 8f44 | 2440 4889 | 4424 4889 | 5c24 5844 | 894c 245c 

  0x000001f12f886b38: ;   {runtime_call UncommonTrapBlob}
  0x000001f12f886b38: c5f8 77e8 

  0x000001f12f886b3c: ; ImmutableOopMap {rbp=Oop [48]=Oop [64]=Oop [72]=Oop [104]=Oop [152]=Oop }
                      ;*if_icmpeq {reexecute=1 rethrow=0 return_oop=0}
                      ; - (reexecute) java.lang.ClassLoader::compareCerts@20 (line 1179)
                      ; - java.lang.ClassLoader::checkCerts@80 (line 1162)
                      ; - java.lang.ClassLoader::preDefineClass@113 (line 907)
                      ; - java.lang.ClassLoader::defineClass@4 (line 1015)
                      ; - java.security.SecureClassLoader::defineClass@12 (line 150)
  0x000001f12f886b3c: c0fd 79ff | bae4 ffff | ff48 8b6c | 2440 48ff | 7424 5048 | 8f44 2430 | 4889 4424 | f88b 4424 
  0x000001f12f886b5c: 3c89 4424 | 3848 8b44 | 24f8 4889 | 4424 f88b | 4424 5889 | 4424 3c48 | 8b44 24f8 | 4889 5c24 
  0x000001f12f886b7c: 4048 8974 | 2450 4889 | 4424 f88b | 4424 6089 | 4424 5848 | 8b44 24f8 | 4c89 6c24 | 6844 894c 
  0x000001f12f886b9c: 2470 4489 | 5c24 7490 

  0x000001f12f886ba4: ;   {runtime_call UncommonTrapBlob}
  0x000001f12f886ba4: c5f8 77e8 

  0x000001f12f886ba8: ; ImmutableOopMap {rbp=Oop [48]=Oop [64]=Oop [72]=Oop [80]=Oop [88]=NarrowOop [104]=Oop [112]=NarrowOop [152]=Oop }
                      ;*aaload {reexecute=0 rethrow=0 return_oop=0}
                      ; - java.security.CodeSource::getCertificates@50 (line 210)
                      ; - java.lang.ClassLoader::checkCerts@34 (line 1158)
                      ; - java.lang.ClassLoader::preDefineClass@113 (line 907)
                      ; - java.lang.ClassLoader::defineClass@4 (line 1015)
                      ; - java.security.SecureClassLoader::defineClass@12 (line 150)
  0x000001f12f886ba8: 54fd 79ff | bae4 ffff | ff4c 896c | 2420 48ff | 7424 4848 | 8f44 2428 | 4489 5c24 | 3444 8944 
  0x000001f12f886bc8: 2438 4c89 | 4c24 4844 | 8954 243c 

  0x000001f12f886bd4: ;   {runtime_call UncommonTrapBlob}
  0x000001f12f886bd4: c5f8 77e8 

  0x000001f12f886bd8: ; ImmutableOopMap {[32]=Oop [40]=Oop [56]=NarrowOop [60]=NarrowOop [72]=Oop }
                      ;*aaload {reexecute=0 rethrow=0 return_oop=0}
                      ; - java.security.CodeSource::getCertificates@50 (line 210)
                      ; - java.lang.ClassLoader::postDefineClass@24 (line 927)
                      ; - java.lang.ClassLoader::defineClass@37 (line 1018)
                      ; - java.security.SecureClassLoader::defineClass@12 (line 150)
  0x000001f12f886bd8: 24fd 79ff | 4963 c890 | e995 e7ff | ff49 63cb | e92d ebff | ff49 8bd7 | 6666 660f | 1f84 0000 
  0x000001f12f886bf8: 0000 0066 | 6666 9090 | c5f8 7749 | ba70 6b24 | b5fb 7f00 | 0041 ffd2 | e9da e8ff | ff49 8bd7 
  0x000001f12f886c18: 0f1f 8400 | 0000 0000 | c5f8 7749 | ba70 6b24 | b5fb 7f00 | 0041 ffd2 | e91a ecff | ffba f6ff 
  0x000001f12f886c38: ffff 6690 

  0x000001f12f886c3c: ;   {runtime_call UncommonTrapBlob}
  0x000001f12f886c3c: c5f8 77e8 

  0x000001f12f886c40: ; ImmutableOopMap {}
                      ;*invokevirtual clone {reexecute=1 rethrow=0 return_oop=0}
                      ; - (reexecute) java.security.CodeSource::getCertificates@89 (line 215)
                      ; - java.lang.ClassLoader::checkCerts@34 (line 1158)
                      ; - java.lang.ClassLoader::preDefineClass@113 (line 907)
                      ; - java.lang.ClassLoader::defineClass@4 (line 1015)
                      ; - java.security.SecureClassLoader::defineClass@12 (line 150)
  0x000001f12f886c40: bcfc 79ff | baf6 ffff | ff66 6690 

  0x000001f12f886c4c: ;   {runtime_call UncommonTrapBlob}
  0x000001f12f886c4c: c5f8 77e8 

  0x000001f12f886c50: ; ImmutableOopMap {}
                      ;*invokevirtual clone {reexecute=1 rethrow=0 return_oop=0}
                      ; - (reexecute) java.security.CodeSource::getCertificates@89 (line 215)
                      ; - java.lang.ClassLoader::postDefineClass@24 (line 927)
                      ; - java.lang.ClassLoader::defineClass@37 (line 1018)
                      ; - java.security.SecureClassLoader::defineClass@12 (line 150)
  0x000001f12f886c50: acfc 79ff | ba45 ffff | ff4c 8b54 | 2440 4c89 | 5424 2048 | ff74 2450 | 488f 4424 | 4048 8944 
  0x000001f12f886c70: 24f8 8b44 | 243c 8944 | 2438 488b | 4424 f848 | 8944 24f8 | 8b44 2458 | 8944 243c | 488b 4424 
  0x000001f12f886c90: f84c 896c | 2460 4489 | 7424 68c5 | fa11 4424 | 6cc5 fa11 | 5424 704c | 894c 2478 

  0x000001f12f886cac: ;   {runtime_call UncommonTrapBlob}
  0x000001f12f886cac: c5f8 77e8 

  0x000001f12f886cb0: ; ImmutableOopMap {[32]=Oop [64]=Oop [72]=Oop [96]=Oop [112]=NarrowOop [120]=Oop [152]=Oop }
                      ;*if_icmpge {reexecute=1 rethrow=0 return_oop=0}
                      ; - (reexecute) java.lang.ClassLoader::compareCerts@67 (line 1187)
                      ; - java.lang.ClassLoader::checkCerts@80 (line 1162)
                      ; - java.lang.ClassLoader::preDefineClass@113 (line 907)
                      ; - java.lang.ClassLoader::defineClass@4 (line 1015)
                      ; - java.security.SecureClassLoader::defineClass@12 (line 150)
  0x000001f12f886cb0: 4cfc 79ff | ba45 ffff | ff4c 8b54 | 2440 4c89 | 5424 2048 | ff74 2450 | 488f 4424 | 4048 8944 
  0x000001f12f886cd0: 24f8 8b44 | 243c 8944 | 2438 488b | 4424 f848 | 8944 24f8 | 8b44 2458 | 8944 243c | 488b 4424 
  0x000001f12f886cf0: f84c 894c | 2458 448b | 5c24 7444 | 895c 2460 | c5fa 1144 | 2464 c5fa | 114c 2468 | 4c89 6c24 
  0x000001f12f886d10: 7044 8974 | 2478 6690 

  0x000001f12f886d18: ;   {runtime_call UncommonTrapBlob}
  0x000001f12f886d18: c5f8 77e8 

  0x000001f12f886d1c: ; ImmutableOopMap {[32]=Oop [64]=Oop [72]=Oop [88]=Oop [104]=NarrowOop [112]=Oop [152]=Oop }
                      ;*if_icmpge {reexecute=1 rethrow=0 return_oop=0}
                      ; - (reexecute) java.lang.ClassLoader::compareCerts@152 (line 1199)
                      ; - java.lang.ClassLoader::checkCerts@80 (line 1162)
                      ; - java.lang.ClassLoader::preDefineClass@113 (line 907)
                      ; - java.lang.ClassLoader::defineClass@4 (line 1015)
                      ; - java.security.SecureClassLoader::defineClass@12 (line 150)
  0x000001f12f886d1c: e0fb 79ff | bade ffff | ff44 8b54 | 243c 4489 | 5424 3048 | 8944 2438 

  0x000001f12f886d34: ;   {runtime_call UncommonTrapBlob}
  0x000001f12f886d34: c5f8 77e8 

  0x000001f12f886d38: ; ImmutableOopMap {[56]=Oop [64]=Oop [72]=Oop [80]=Oop }
                      ;*checkcast {reexecute=0 rethrow=0 return_oop=0}
                      ; - java.security.SecureClassLoader::getProtectionDomain@34 (line 222)
                      ; - java.security.SecureClassLoader::defineClass@9 (line 150)
  0x000001f12f886d38: c4fb 79ff | bade ffff | ff48 8b6c | 2440 48ff | 7424 5048 | 8f44 2440 | 4889 4424 | f88b 4424 
  0x000001f12f886d58: 3c89 4424 | 3848 8b44 | 24f8 4889 | 4424 f88b | 4424 5889 | 4424 3c48 | 8b44 24f8 | 4889 4424 
  0x000001f12f886d78: 5866 6690 

  0x000001f12f886d7c: ;   {runtime_call UncommonTrapBlob}
  0x000001f12f886d7c: c5f8 77e8 

  0x000001f12f886d80: ; ImmutableOopMap {rbp=Oop [40]=Oop [64]=Oop [72]=Oop [88]=Oop [104]=Oop [152]=Oop }
                      ;*checkcast {reexecute=0 rethrow=0 return_oop=0}
                      ; - java.lang.ClassLoader::checkCerts@65 (line 1161)
                      ; - java.lang.ClassLoader::preDefineClass@113 (line 907)
                      ; - java.lang.ClassLoader::defineClass@4 (line 1015)
                      ; - java.security.SecureClassLoader::defineClass@12 (line 150)
  0x000001f12f886d80: 7cfb 79ff | bade ffff | ff48 8944 | 2438 6690 

  0x000001f12f886d90: ;   {runtime_call UncommonTrapBlob}
  0x000001f12f886d90: c5f8 77e8 

  0x000001f12f886d94: ; ImmutableOopMap {[32]=Oop [40]=Oop [48]=NarrowOop [56]=Oop }
                      ;*checkcast {reexecute=0 rethrow=0 return_oop=0}
                      ; - java.security.CodeSource::getCertificates@79 (line 213)
                      ; - java.lang.ClassLoader::postDefineClass@24 (line 927)
                      ; - java.lang.ClassLoader::defineClass@37 (line 1018)
                      ; - java.security.SecureClassLoader::defineClass@12 (line 150)
  0x000001f12f886d94: 68fb 79ff | bade ffff | ff48 ff74 | 2450 488f | 4424 4048 | 8944 24f8 | 8b44 2458 | 8944 2448 
  0x000001f12f886db4: 488b 4424 | f848 8944 | 2460 6690 

  0x000001f12f886dc0: ;   {runtime_call UncommonTrapBlob}
  0x000001f12f886dc0: c5f8 77e8 

  0x000001f12f886dc4: ; ImmutableOopMap {rbp=Oop [32]=Oop [40]=Oop [48]=Oop [56]=NarrowOop [64]=Oop [96]=Oop [120]=Oop }
                      ;*checkcast {reexecute=0 rethrow=0 return_oop=0}
                      ; - java.security.CodeSource::getCertificates@79 (line 213)
                      ; - java.lang.ClassLoader::checkCerts@34 (line 1158)
                      ; - java.lang.ClassLoader::preDefineClass@113 (line 907)
                      ; - java.lang.ClassLoader::defineClass@4 (line 1015)
                      ; - java.security.SecureClassLoader::defineClass@12 (line 150)
  0x000001f12f886dc4: 38fb 79ff | baf6 ffff | ff49 8be8 | 4c89 4c24 | 2066 6690 

  0x000001f12f886dd8: ;   {runtime_call UncommonTrapBlob}
  0x000001f12f886dd8: c5f8 77e8 

  0x000001f12f886ddc: ; ImmutableOopMap {rbp=Oop [32]=Oop }
                      ;*invokeinterface computeIfAbsent {reexecute=0 rethrow=0 return_oop=0}
                      ; - java.security.SecureClassLoader::getProtectionDomain@29 (line 222)
                      ; - java.security.SecureClassLoader::defineClass@9 (line 150)
  0x000001f12f886ddc: 20fb 79ff | baf4 ffff | ff66 6690 

  0x000001f12f886de8: ;   {runtime_call UncommonTrapBlob}
  0x000001f12f886de8: c5f8 77e8 

  0x000001f12f886dec: ; ImmutableOopMap {[64]=Oop [72]=Oop [80]=Oop }
                      ;*checkcast {reexecute=0 rethrow=0 return_oop=0}
                      ; - java.security.SecureClassLoader::getProtectionDomain@34 (line 222)
                      ; - java.security.SecureClassLoader::defineClass@9 (line 150)
  0x000001f12f886dec: 10fb 79ff | baf6 ffff | ff66 6690 

  0x000001f12f886df8: ;   {runtime_call UncommonTrapBlob}
  0x000001f12f886df8: c5f8 77e8 

  0x000001f12f886dfc: ; ImmutableOopMap {}
                      ;*arraylength {reexecute=0 rethrow=0 return_oop=0}
                      ; - java.lang.String::isEmpty@4 (line 1494)
                      ; - java.lang.ClassLoader::checkName@5 (line 1145)
                      ; - java.lang.ClassLoader::preDefineClass@1 (line 890)
                      ; - java.lang.ClassLoader::defineClass@4 (line 1015)
                      ; - java.security.SecureClassLoader::defineClass@12 (line 150)
  0x000001f12f886dfc: 00fb 79ff | baf6 ffff | ff66 6690 

  0x000001f12f886e08: ;   {runtime_call UncommonTrapBlob}
  0x000001f12f886e08: c5f8 77e8 

  0x000001f12f886e0c: ; ImmutableOopMap {}
                      ;*invokevirtual getPackageName {reexecute=0 rethrow=0 return_oop=0}
                      ; - java.lang.ClassLoader::postDefineClass@2 (line 924)
                      ; - java.lang.ClassLoader::defineClass@37 (line 1018)
                      ; - java.security.SecureClassLoader::defineClass@12 (line 150)
  0x000001f12f886e0c: f0fa 79ff | baf6 ffff | ff49 8beb 

  0x000001f12f886e18: ;   {runtime_call UncommonTrapBlob}
  0x000001f12f886e18: c5f8 77e8 

  0x000001f12f886e1c: ; ImmutableOopMap {rbp=Oop }
                      ;*invokevirtual get {reexecute=0 rethrow=0 return_oop=0}
                      ; - java.lang.ClassLoader::getNamedPackage@5 (line 340)
                      ; - java.lang.ClassLoader::postDefineClass@9 (line 924)
                      ; - java.lang.ClassLoader::defineClass@37 (line 1018)
                      ; - java.security.SecureClassLoader::defineClass@12 (line 150)
  0x000001f12f886e1c: e0fa 79ff | baf6 ffff | ff66 6690 

  0x000001f12f886e28: ;   {runtime_call UncommonTrapBlob}
  0x000001f12f886e28: c5f8 77e8 

  0x000001f12f886e2c: ; ImmutableOopMap {}
                      ;*invokevirtual hashCode {reexecute=0 rethrow=0 return_oop=0}
                      ; - java.util.concurrent.ConcurrentHashMap::get@1 (line 936)
                      ; - java.lang.ClassLoader::getNamedPackage@5 (line 340)
                      ; - java.lang.ClassLoader::postDefineClass@9 (line 924)
                      ; - java.lang.ClassLoader::defineClass@37 (line 1018)
                      ; - java.security.SecureClassLoader::defineClass@12 (line 150)
  0x000001f12f886e2c: d0fa 79ff | 4d85 d240 | 0f95 c540 | 0fb6 ed83 | f501 ba45 | ffff ff48 | 8944 2430 

  0x000001f12f886e48: ;   {runtime_call UncommonTrapBlob}
  0x000001f12f886e48: c5f8 77e8 

  0x000001f12f886e4c: ; ImmutableOopMap {[48]=Oop [64]=Oop [72]=Oop [152]=Oop }
                      ;*ifeq {reexecute=1 rethrow=0 return_oop=0}
                      ; - (reexecute) java.lang.Class::getPackageName@29 (line 1081)
                      ; - java.lang.ClassLoader::postDefineClass@2 (line 924)
                      ; - java.lang.ClassLoader::defineClass@37 (line 1018)
                      ; - java.security.SecureClassLoader::defineClass@12 (line 150)
  0x000001f12f886e4c: b0fa 79ff | baf6 ffff | ff66 6690 

  0x000001f12f886e58: ;   {runtime_call UncommonTrapBlob}
  0x000001f12f886e58: c5f8 77e8 

  0x000001f12f886e5c: ; ImmutableOopMap {}
                      ;*arraylength {reexecute=0 rethrow=0 return_oop=0}
                      ; - java.lang.String::length@4 (line 1481)
                      ; - java.lang.String::lastIndexOf@3 (line 2451)
                      ; - java.lang.Class::getPackageName@47 (line 1085)
                      ; - java.lang.ClassLoader::postDefineClass@2 (line 924)
                      ; - java.lang.ClassLoader::defineClass@37 (line 1018)
                      ; - java.security.SecureClassLoader::defineClass@12 (line 150)
  0x000001f12f886e5c: a0fa 79ff | ba45 ffff | ff48 ff74 | 2440 488f | 4424 2048 | ff74 2450 | 488f 4424 | 4048 8944 
  0x000001f12f886e7c: 24f8 8b44 | 243c 8944 | 2438 488b | 4424 f848 | 8944 24f8 | 8b44 2458 | 8944 243c | 488b 4424 
  0x000001f12f886e9c: f866 6690 

  0x000001f12f886ea0: ;   {runtime_call UncommonTrapBlob}
  0x000001f12f886ea0: c5f8 77e8 

  0x000001f12f886ea4: ; ImmutableOopMap {[32]=Oop [64]=Oop [72]=Oop [152]=Oop }
                      ;*ifnull {reexecute=1 rethrow=0 return_oop=0}
                      ; - (reexecute) java.lang.ClassLoader::checkName@1 (line 1145)
                      ; - java.lang.ClassLoader::preDefineClass@1 (line 890)
                      ; - java.lang.ClassLoader::defineClass@4 (line 1015)
                      ; - java.security.SecureClassLoader::defineClass@12 (line 150)
  0x000001f12f886ea4: 58fa 79ff | ba45 ffff | ff48 8b6c | 2440 4c8b | 5424 504c | 8954 2430 | 448b 5c24 | 3c44 895c 
  0x000001f12f886ec4: 2438 448b | 5424 5844 | 8954 243c | 4889 5c24 | 4048 8974 | 2458 6690 

  0x000001f12f886edc: ;   {runtime_call UncommonTrapBlob}
  0x000001f12f886edc: c5f8 77e8 

  0x000001f12f886ee0: ; ImmutableOopMap {rbp=Oop [48]=Oop [64]=Oop [72]=Oop [88]=Oop [96]=NarrowOop [152]=Oop }
                      ;*ifnull {reexecute=1 rethrow=0 return_oop=0}
                      ; - (reexecute) java.lang.ClassLoader::checkCerts@30 (line 1157)
                      ; - java.lang.ClassLoader::preDefineClass@113 (line 907)
                      ; - java.lang.ClassLoader::defineClass@4 (line 1015)
                      ; - java.security.SecureClassLoader::defineClass@12 (line 150)
  0x000001f12f886ee0: 1cfa 79ff | ba45 ffff | ff48 8b6c | 2440 448b | 5424 3c44 | 8954 2438 | 4489 4c24 | 4466 6690 
  0x000001f12f886f00: ;   {runtime_call UncommonTrapBlob}
  0x000001f12f886f00: c5f8 77e8 

  0x000001f12f886f04: ; ImmutableOopMap {rbp=Oop [68]=NarrowOop [72]=Oop [80]=Oop [152]=Oop }
                      ;*ifnull {reexecute=1 rethrow=0 return_oop=0}
                      ; - (reexecute) java.lang.ClassLoader::defineClassSourceLocation@8 (line 916)
                      ; - java.lang.ClassLoader::defineClass@12 (line 1016)
                      ; - java.security.SecureClassLoader::defineClass@12 (line 150)
  0x000001f12f886f04: f8f9 79ff | ba45 ffff | ff4c 8b54 | 2440 4c89 | 5424 2048 | ff74 2448 | 488f 4424 | 3048 8944 
  0x000001f12f886f24: 24f8 8b44 | 243c 8944 | 2438 488b | 4424 f844 | 894c 2448 

  0x000001f12f886f38: ;   {runtime_call UncommonTrapBlob}
  0x000001f12f886f38: c5f8 77e8 

  0x000001f12f886f3c: ; ImmutableOopMap {rbp=NarrowOop [32]=Oop [48]=Oop [72]=NarrowOop [80]=Oop [152]=Oop }
                      ;*ifnull {reexecute=1 rethrow=0 return_oop=0}
                      ; - (reexecute) java.lang.ClassLoader::defineClassSourceLocation@15 (line 916)
                      ; - java.lang.ClassLoader::defineClass@12 (line 1016)
                      ; - java.security.SecureClassLoader::defineClass@12 (line 150)
  0x000001f12f886f3c: c0f9 79ff | baf6 ffff | ff66 6690 

  0x000001f12f886f48: ;   {runtime_call UncommonTrapBlob}
  0x000001f12f886f48: c5f8 77e8 

  0x000001f12f886f4c: ; ImmutableOopMap {}
                      ;*arraylength {reexecute=0 rethrow=0 return_oop=0}
                      ; - java.lang.String::isEmpty@4 (line 1494)
                      ; - java.lang.NamedPackage::<init>@5 (line 48)
                      ; - java.lang.ClassLoader::getNamedPackage@22 (line 342)
                      ; - java.lang.ClassLoader::postDefineClass@9 (line 924)
                      ; - java.lang.ClassLoader::defineClass@37 (line 1018)
                      ; - java.security.SecureClassLoader::defineClass@12 (line 150)
  0x000001f12f886f4c: b0f9 79ff | ba45 ffff | ff4c 896c | 2420 4489 | 4424 3890 

  0x000001f12f886f60: ;   {runtime_call UncommonTrapBlob}
  0x000001f12f886f60: c5f8 77e8 

  0x000001f12f886f64: ; ImmutableOopMap {[32]=Oop [56]=NarrowOop [72]=Oop [104]=Oop }
                      ;*ifnull {reexecute=1 rethrow=0 return_oop=0}
                      ; - (reexecute) java.lang.ClassLoader::postDefineClass@17 (line 926)
                      ; - java.lang.ClassLoader::defineClass@37 (line 1018)
                      ; - java.security.SecureClassLoader::defineClass@12 (line 150)
  0x000001f12f886f64: 98f9 79ff | baf6 ffff | ff66 6690 

  0x000001f12f886f70: ;   {runtime_call UncommonTrapBlob}
  0x000001f12f886f70: c5f8 77e8 

  0x000001f12f886f74: ; ImmutableOopMap {}
                      ;*arraylength {reexecute=0 rethrow=0 return_oop=0}
                      ; - java.lang.StringLatin1::hashCode@5 (line 196)
                      ; - java.lang.String::hashCode@27 (line 2344)
                      ; - java.util.concurrent.ConcurrentHashMap::get@1 (line 936)
                      ; - java.lang.ClassLoader::getNamedPackage@5 (line 340)
                      ; - java.lang.ClassLoader::postDefineClass@9 (line 924)
                      ; - java.lang.ClassLoader::defineClass@37 (line 1018)
                      ; - java.security.SecureClassLoader::defineClass@12 (line 150)
  0x000001f12f886f74: 88f9 79ff | ba45 ffff | ff48 ff74 | 2448 488f | 4424 304c | 896c 2440 | 4489 4c24 | 504c 895c 
  0x000001f12f886f94: 2458 4489 | 4424 5444 | 8954 2460 

  0x000001f12f886fa0: ;   {runtime_call UncommonTrapBlob}
  0x000001f12f886fa0: c5f8 77e8 

  0x000001f12f886fa4: ; ImmutableOopMap {rbp=NarrowOop [48]=Oop [64]=Oop [80]=NarrowOop [84]=NarrowOop [88]=Oop [104]=Oop }
                      ;*ifnull {reexecute=1 rethrow=0 return_oop=0}
                      ; - (reexecute) java.util.concurrent.ConcurrentHashMap::get@67 (line 940)
                      ; - java.lang.ClassLoader::getNamedPackage@5 (line 340)
                      ; - java.lang.ClassLoader::postDefineClass@9 (line 924)
                      ; - java.lang.ClassLoader::defineClass@37 (line 1018)
                      ; - java.security.SecureClassLoader::defineClass@12 (line 150)
  0x000001f12f886fa4: 58f9 79ff | baf4 ffff | ff4c 8b54 | 2440 4c89 | 5424 2048 | ff74 2450 | 488f 4424 | 4048 8944 
  0x000001f12f886fc4: 24f8 8b44 | 243c 8944 | 2438 488b | 4424 f848 | 8944 24f8 | 8b44 2458 | 8944 243c | 488b 4424 
  0x000001f12f886fe4: f84c 896c | 2460 4489 | 7424 68c5 | fa11 4424 | 6c48 8944 | 2478 899c | 2480 0000 | 0066 6690 
  0x000001f12f887004: ;   {runtime_call UncommonTrapBlob}
  0x000001f12f887004: c5f8 77e8 

  0x000001f12f887008: ; ImmutableOopMap {[32]=Oop [64]=Oop [72]=Oop [96]=Oop [120]=Oop [128]=NarrowOop [152]=Oop }
                      ;*instanceof {reexecute=0 rethrow=0 return_oop=0}
                      ; - java.security.cert.Certificate::equals@8 (line 111)
                      ; - java.lang.ClassLoader::compareCerts@81 (line 1188)
                      ; - java.lang.ClassLoader::checkCerts@80 (line 1162)
                      ; - java.lang.ClassLoader::preDefineClass@113 (line 907)
                      ; - java.lang.ClassLoader::defineClass@4 (line 1015)
                      ; - java.security.SecureClassLoader::defineClass@12 (line 150)
  0x000001f12f887008: f4f8 79ff | baf4 ffff | ff4c 8b54 | 2440 4c89 | 5424 2048 | ff74 2450 | 488f 4424 | 4048 8944 
  0x000001f12f887028: 24f8 8b44 | 243c 8944 | 2438 488b | 4424 f848 | 8944 24f8 | 8b44 2458 | 8944 243c | 488b 4424 
  0x000001f12f887048: f84c 894c | 2458 448b | 5c24 7444 | 895c 2460 | c5fa 1144 | 2464 4c89 | 6c24 7044 | 8974 246c 
  0x000001f12f887068: c5fa 114c | 2478 6690 

  0x000001f12f887070: ;   {runtime_call UncommonTrapBlob}
  0x000001f12f887070: c5f8 77e8 

  0x000001f12f887074: ; ImmutableOopMap {[32]=Oop [64]=Oop [72]=Oop [88]=Oop [112]=Oop [120]=NarrowOop [152]=Oop }
                      ;*instanceof {reexecute=0 rethrow=0 return_oop=0}
                      ; - java.security.cert.Certificate::equals@8 (line 111)
                      ; - java.lang.ClassLoader::compareCerts@166 (line 1200)
                      ; - java.lang.ClassLoader::checkCerts@80 (line 1162)
                      ; - java.lang.ClassLoader::preDefineClass@113 (line 907)
                      ; - java.lang.ClassLoader::defineClass@4 (line 1015)
                      ; - java.security.SecureClassLoader::defineClass@12 (line 150)
  0x000001f12f887074: 88f8 79ff | ba76 ffff | ff48 8b6c | 2440 48ff | 7424 5048 | 8f44 2430 | 4889 4424 | f88b 4424 
  0x000001f12f887094: 3c89 4424 | 3848 8b44 | 24f8 4889 | 4424 f88b | 4424 5889 | 4424 3c48 | 8b44 24f8 | 48ff 7424 
  0x000001f12f8870b4: 4848 8f44 | 2440 4889 | 4c24 5889 | 5c24 6044 | 8954 2464 | 897c 2468 | 4889 4424 | 7044 894c 
  0x000001f12f8870d4: 2478 6690 

  0x000001f12f8870d8: ;   {runtime_call UncommonTrapBlob}
  0x000001f12f8870d8: c5f8 77e8 

  0x000001f12f8870dc: ; ImmutableOopMap {rbp=Oop [48]=Oop [64]=Oop [88]=Oop [104]=NarrowOop [112]=Oop [152]=Oop }
                      ;*if_icmpge {reexecute=1 rethrow=0 return_oop=0}
                      ; - (reexecute) java.lang.ClassLoader::compareCerts@67 (line 1187)
                      ; - java.lang.ClassLoader::checkCerts@80 (line 1162)
                      ; - java.lang.ClassLoader::preDefineClass@113 (line 907)
                      ; - java.lang.ClassLoader::defineClass@4 (line 1015)
                      ; - java.security.SecureClassLoader::defineClass@12 (line 150)
  0x000001f12f8870dc: 20f8 79ff | ba76 ffff | ff48 8b6c | 2440 48ff | 7424 5048 | 8f44 2430 | 4889 4424 | f88b 4424 
  0x000001f12f8870fc: 3c89 4424 | 3848 8b44 | 24f8 4889 | 4424 f88b | 4424 5889 | 4424 3c48 | 8b44 24f8 | 48ff 7424 
  0x000001f12f88711c: 4848 8f44 | 2440 4c89 | 4c24 5089 | 4c24 5c89 | 7c24 604c | 896c 2468 | 4489 7424 | 7066 6690 
  0x000001f12f88713c: ;   {runtime_call UncommonTrapBlob}
  0x000001f12f88713c: c5f8 77e8 

  0x000001f12f887140: ; ImmutableOopMap {rbp=Oop [48]=Oop [64]=Oop [80]=Oop [96]=NarrowOop [104]=Oop [152]=Oop }
                      ;*if_icmpge {reexecute=1 rethrow=0 return_oop=0}
                      ; - (reexecute) java.lang.ClassLoader::compareCerts@152 (line 1199)
                      ; - java.lang.ClassLoader::checkCerts@80 (line 1162)
                      ; - java.lang.ClassLoader::preDefineClass@113 (line 907)
                      ; - java.lang.ClassLoader::defineClass@4 (line 1015)
                      ; - java.security.SecureClassLoader::defineClass@12 (line 150)
  0x000001f12f887140: bcf7 79ff | ba45 ffff | ff48 ff74 | 2448 488f | 4424 3048 | 897c 2440 | 4489 4c24 | 504c 895c 
  0x000001f12f887160: 2458 4c89 | 4424 6044 | 8954 2454 

  0x000001f12f88716c: ;   {runtime_call UncommonTrapBlob}
  0x000001f12f88716c: c5f8 77e8 

  0x000001f12f887170: ; ImmutableOopMap {rbp=NarrowOop [48]=Oop [64]=Oop [80]=NarrowOop [88]=Oop [96]=Oop [104]=Oop }
                      ;*ifnull {reexecute=1 rethrow=0 return_oop=0}
                      ; - (reexecute) java.util.concurrent.ConcurrentHashMap::get@143 (line 946)
                      ; - java.lang.ClassLoader::getNamedPackage@5 (line 340)
                      ; - java.lang.ClassLoader::postDefineClass@9 (line 924)
                      ; - java.lang.ClassLoader::defineClass@37 (line 1018)
                      ; - java.security.SecureClassLoader::defineClass@12 (line 150)
  0x000001f12f887170: 8cf7 79ff | baf6 ffff | ff41 8beb 

  0x000001f12f88717c: ;   {runtime_call UncommonTrapBlob}
  0x000001f12f88717c: c5f8 77e8 

  0x000001f12f887180: ; ImmutableOopMap {}
                      ;*aaload {reexecute=0 rethrow=0 return_oop=0}
                      ; - java.security.CodeSource::getCertificates@50 (line 210)
                      ; - java.lang.ClassLoader::checkCerts@34 (line 1158)
                      ; - java.lang.ClassLoader::preDefineClass@113 (line 907)
                      ; - java.lang.ClassLoader::defineClass@4 (line 1015)
                      ; - java.security.SecureClassLoader::defineClass@12 (line 150)
  0x000001f12f887180: 7cf7 79ff | baf6 ffff | ff66 6690 

  0x000001f12f88718c: ;   {runtime_call UncommonTrapBlob}
  0x000001f12f88718c: c5f8 77e8 

  0x000001f12f887190: ; ImmutableOopMap {}
                      ;*invokevirtual getSignerCertPath {reexecute=0 rethrow=0 return_oop=0}
                      ; - java.security.CodeSource::getCertificates@51 (line 211)
                      ; - java.lang.ClassLoader::checkCerts@34 (line 1158)
                      ; - java.lang.ClassLoader::preDefineClass@113 (line 907)
                      ; - java.lang.ClassLoader::defineClass@4 (line 1015)
                      ; - java.security.SecureClassLoader::defineClass@12 (line 150)
  0x000001f12f887190: 6cf7 79ff | baf6 ffff | ff66 6690 

  0x000001f12f88719c: ;   {runtime_call UncommonTrapBlob}
  0x000001f12f88719c: c5f8 77e8 

  0x000001f12f8871a0: ; ImmutableOopMap {}
                      ;*invokevirtual getCertificates {reexecute=0 rethrow=0 return_oop=0}
                      ; - java.security.CodeSource::getCertificates@54 (line 211)
                      ; - java.lang.ClassLoader::checkCerts@34 (line 1158)
                      ; - java.lang.ClassLoader::preDefineClass@113 (line 907)
                      ; - java.lang.ClassLoader::defineClass@4 (line 1015)
                      ; - java.security.SecureClassLoader::defineClass@12 (line 150)
  0x000001f12f8871a0: 5cf7 79ff | baf6 ffff | ff66 6690 

  0x000001f12f8871ac: ;   {runtime_call UncommonTrapBlob}
  0x000001f12f8871ac: c5f8 77e8 

  0x000001f12f8871b0: ; ImmutableOopMap {}
                      ;*arraylength {reexecute=0 rethrow=0 return_oop=0}
                      ; - java.security.CodeSource::getCertificates@40 (line 209)
                      ; - java.lang.ClassLoader::checkCerts@34 (line 1158)
                      ; - java.lang.ClassLoader::preDefineClass@113 (line 907)
                      ; - java.lang.ClassLoader::defineClass@4 (line 1015)
                      ; - java.security.SecureClassLoader::defineClass@12 (line 150)
  0x000001f12f8871b0: 4cf7 79ff | baf6 ffff | ff66 6690 

  0x000001f12f8871bc: ;   {runtime_call UncommonTrapBlob}
  0x000001f12f8871bc: c5f8 77e8 

  0x000001f12f8871c0: ; ImmutableOopMap {}
                      ;*aaload {reexecute=0 rethrow=0 return_oop=0}
                      ; - java.security.CodeSource::getCertificates@50 (line 210)
                      ; - java.lang.ClassLoader::postDefineClass@24 (line 927)
                      ; - java.lang.ClassLoader::defineClass@37 (line 1018)
                      ; - java.security.SecureClassLoader::defineClass@12 (line 150)
  0x000001f12f8871c0: 3cf7 79ff | baf6 ffff | ff66 6690 

  0x000001f12f8871cc: ;   {runtime_call UncommonTrapBlob}
  0x000001f12f8871cc: c5f8 77e8 

  0x000001f12f8871d0: ; ImmutableOopMap {}
                      ;*invokevirtual getSignerCertPath {reexecute=0 rethrow=0 return_oop=0}
                      ; - java.security.CodeSource::getCertificates@51 (line 211)
                      ; - java.lang.ClassLoader::postDefineClass@24 (line 927)
                      ; - java.lang.ClassLoader::defineClass@37 (line 1018)
                      ; - java.security.SecureClassLoader::defineClass@12 (line 150)
  0x000001f12f8871d0: 2cf7 79ff | baf6 ffff | ff66 6690 

  0x000001f12f8871dc: ;   {runtime_call UncommonTrapBlob}
  0x000001f12f8871dc: c5f8 77e8 

  0x000001f12f8871e0: ; ImmutableOopMap {}
                      ;*invokevirtual getCertificates {reexecute=0 rethrow=0 return_oop=0}
                      ; - java.security.CodeSource::getCertificates@54 (line 211)
                      ; - java.lang.ClassLoader::postDefineClass@24 (line 927)
                      ; - java.lang.ClassLoader::defineClass@37 (line 1018)
                      ; - java.security.SecureClassLoader::defineClass@12 (line 150)
  0x000001f12f8871e0: 1cf7 79ff | baf6 ffff | ff66 6690 

  0x000001f12f8871ec: ;   {runtime_call UncommonTrapBlob}
  0x000001f12f8871ec: c5f8 77e8 

  0x000001f12f8871f0: ; ImmutableOopMap {}
                      ;*arraylength {reexecute=0 rethrow=0 return_oop=0}
                      ; - java.security.CodeSource::getCertificates@40 (line 209)
                      ; - java.lang.ClassLoader::postDefineClass@24 (line 927)
                      ; - java.lang.ClassLoader::defineClass@37 (line 1018)
                      ; - java.security.SecureClassLoader::defineClass@12 (line 150)
  0x000001f12f8871f0: 0cf7 79ff | baf4 ffff | ff48 ff74 | 2450 488f | 4424 4048 | 8944 24f8 | 8b44 2458 | 8944 2448 
  0x000001f12f887210: 488b 4424 | f866 6690 

  0x000001f12f887218: ;   {runtime_call UncommonTrapBlob}
  0x000001f12f887218: c5f8 77e8 

  0x000001f12f88721c: ; ImmutableOopMap {rbp=Oop [32]=Oop [40]=Oop [48]=Oop [56]=NarrowOop [64]=Oop [120]=Oop }
                      ;*checkcast {reexecute=0 rethrow=0 return_oop=0}
                      ; - java.security.CodeSource::getCertificates@79 (line 213)
                      ; - java.lang.ClassLoader::checkCerts@34 (line 1158)
                      ; - java.lang.ClassLoader::preDefineClass@113 (line 907)
                      ; - java.lang.ClassLoader::defineClass@4 (line 1015)
                      ; - java.security.SecureClassLoader::defineClass@12 (line 150)
  0x000001f12f88721c: e0f6 79ff | baf4 ffff | ff66 6690 

  0x000001f12f887228: ;   {runtime_call UncommonTrapBlob}
  0x000001f12f887228: c5f8 77e8 

  0x000001f12f88722c: ; ImmutableOopMap {[32]=Oop [40]=Oop [48]=NarrowOop }
                      ;*checkcast {reexecute=0 rethrow=0 return_oop=0}
                      ; - java.security.CodeSource::getCertificates@79 (line 213)
                      ; - java.lang.ClassLoader::postDefineClass@24 (line 927)
                      ; - java.lang.ClassLoader::defineClass@37 (line 1018)
                      ; - java.security.SecureClassLoader::defineClass@12 (line 150)
  0x000001f12f88722c: d0f6 79ff | ba97 ffff | ff48 8b6c | 2420 4c8b | 5424 504c | 8954 2430 | 448b 5c24 | 3c44 895c 
  0x000001f12f88724c: 2438 448b | 5424 5844 | 8954 243c | 4c8b 5424 | 284c 8954 | 2448 6690 

  0x000001f12f887264: ;   {runtime_call UncommonTrapBlob}
  0x000001f12f887264: c5f8 77e8 

  0x000001f12f887268: ; ImmutableOopMap {rbp=Oop [48]=Oop [72]=Oop [92]=NarrowOop [96]=Oop [104]=Oop [152]=Oop }
                      ;*invokevirtual clone {reexecute=1 rethrow=0 return_oop=0}
                      ; - (reexecute) java.security.CodeSource::getCertificates@11 (line 203)
                      ; - java.lang.ClassLoader::checkCerts@34 (line 1158)
                      ; - java.lang.ClassLoader::preDefineClass@113 (line 907)
                      ; - java.lang.ClassLoader::defineClass@4 (line 1015)
                      ; - java.security.SecureClassLoader::defineClass@12 (line 150)
  0x000001f12f887268: 94f6 79ff | ba97 ffff | ff66 6690 

  0x000001f12f887274: ;   {runtime_call UncommonTrapBlob}
  0x000001f12f887274: c5f8 77e8 

  0x000001f12f887278: ; ImmutableOopMap {[32]=Oop [48]=NarrowOop [72]=Oop }
                      ;*invokevirtual clone {reexecute=1 rethrow=0 return_oop=0}
                      ; - (reexecute) java.security.CodeSource::getCertificates@11 (line 203)
                      ; - java.lang.ClassLoader::postDefineClass@24 (line 927)
                      ; - java.lang.ClassLoader::defineClass@37 (line 1018)
                      ; - java.security.SecureClassLoader::defineClass@12 (line 150)
  0x000001f12f887278: 84f6 79ff | ba97 ffff | ff48 ff74 | 2450 488f | 4424 4848 | 8944 24f8 | 8b44 243c | 8944 2438 
  0x000001f12f887298: 488b 4424 | f848 8944 | 24f8 8b44 | 2458 8944 | 243c 488b | 4424 f890 

  0x000001f12f8872b0: ;   {runtime_call UncommonTrapBlob}
  0x000001f12f8872b0: c5f8 77e8 

  0x000001f12f8872b4: ; ImmutableOopMap {rbp=Oop [32]=Oop [40]=Oop [48]=Oop [64]=Oop [72]=Oop [120]=Oop }
                      ;*invokevirtual clone {reexecute=1 rethrow=0 return_oop=0}
                      ; - (reexecute) java.security.CodeSource::getCertificates@89 (line 215)
                      ; - java.lang.ClassLoader::checkCerts@34 (line 1158)
                      ; - java.lang.ClassLoader::preDefineClass@113 (line 907)
                      ; - java.lang.ClassLoader::defineClass@4 (line 1015)
                      ; - java.security.SecureClassLoader::defineClass@12 (line 150)
  0x000001f12f8872b4: 48f6 79ff | ba97 ffff | ff66 6690 

  0x000001f12f8872c0: ;   {runtime_call UncommonTrapBlob}
  0x000001f12f8872c0: c5f8 77e8 

  0x000001f12f8872c4: ; ImmutableOopMap {[32]=Oop [40]=Oop [56]=Oop }
                      ;*invokevirtual clone {reexecute=1 rethrow=0 return_oop=0}
                      ; - (reexecute) java.security.CodeSource::getCertificates@89 (line 215)
                      ; - java.lang.ClassLoader::postDefineClass@24 (line 927)
                      ; - java.lang.ClassLoader::defineClass@37 (line 1018)
                      ; - java.security.SecureClassLoader::defineClass@12 (line 150)
  0x000001f12f8872c4: 38f6 79ff | e96c 0000 | 00e9 6700 | 0000 e962 | 0000 00e9 | 5d00 0000 | 0f1f 4000 | e954 0000 
  0x000001f12f8872e4: 00e9 4f00 | 0000 e94a | 0000 00e9 | 4500 0000 | e940 0000 | 00e9 3200 | 0000 6690 | e92b 0000 
  0x000001f12f887304: 00e9 2f00 | 0000 e92a | 0000 00e9 | 2500 0000 | e920 0000 | 00e9 1b00 | 0000 6690 | e914 0000 
  0x000001f12f887324: 00e9 0f00 | 0000 eb0d | eb0b eb09 | 488b d0eb | 07eb 02eb | 0048 8bd0 | c5f8 7748 | 81c4 c000 
  0x000001f12f887344: ;   {runtime_call _rethrow_Java}
  0x000001f12f887344: 0000 5de9 | 342d 7bff 

  0x000001f12f88734c: ;   {internal_word}
  0x000001f12f88734c: 49ba 3d46 | 882f f101 | 0000 4d89 | 9760 0300 

  0x000001f12f88735c: ;   {runtime_call SafepointBlob}
  0x000001f12f88735c: 00e9 9e06 | 7aff f4f4 | f4f4 f4f4 | f4f4 f4f4 | f4f4 f4f4 | f4f4 f4f4 | f4f4 f4f4 | f4f4 f4f4 
  0x000001f12f88737c: f4f4 f4f4 
[Stub Code]
  0x000001f12f887380: ;   {no_reloc}
  0x000001f12f887380: 48bb 0000 | 0000 0000 

  0x000001f12f887388: ;   {runtime_call}
  0x000001f12f887388: 0000 e9fb 

  0x000001f12f88738c: ;   {static_stub}
  0x000001f12f88738c: ffff ff48 | bb38 da42 | 56f1 0100 

  0x000001f12f887398: ;   {runtime_call I2C/C2I adapters}
  0x000001f12f887398: 00e9 462f 

  0x000001f12f88739c: ;   {static_stub}
  0x000001f12f88739c: 77ff 48bb | 0000 0000 | 0000 0000 

  0x000001f12f8873a8: ;   {runtime_call}
  0x000001f12f8873a8: e9fb ffff 

  0x000001f12f8873ac: ;   {static_stub}
  0x000001f12f8873ac: ff48 bb00 | 0000 0000 

  0x000001f12f8873b4: ;   {runtime_call}
  0x000001f12f8873b4: 0000 00e9 | fbff ffff 

  0x000001f12f8873bc: ;   {static_stub}
  0x000001f12f8873bc: 48bb 0000 | 0000 0000 

  0x000001f12f8873c4: ;   {runtime_call}
  0x000001f12f8873c4: 0000 e9fb 

  0x000001f12f8873c8: ;   {static_stub}
  0x000001f12f8873c8: ffff ff48 | bb00 0000 | 0000 0000 

  0x000001f12f8873d4: ;   {runtime_call}
  0x000001f12f8873d4: 00e9 fbff 

  0x000001f12f8873d8: ;   {static_stub}
  0x000001f12f8873d8: ffff 48bb | 0000 0000 | 0000 0000 

  0x000001f12f8873e4: ;   {runtime_call}
  0x000001f12f8873e4: e9fb ffff 

  0x000001f12f8873e8: ;   {static_stub}
  0x000001f12f8873e8: ff48 bb00 | 0000 0000 

  0x000001f12f8873f0: ;   {runtime_call}
  0x000001f12f8873f0: 0000 00e9 | fbff ffff 

  0x000001f12f8873f8: ;   {static_stub}
  0x000001f12f8873f8: 48bb 0000 | 0000 0000 

  0x000001f12f887400: ;   {runtime_call}
  0x000001f12f887400: 0000 e9fb 

  0x000001f12f887404: ;   {static_stub}
  0x000001f12f887404: ffff ff48 | bb00 0000 | 0000 0000 

  0x000001f12f887410: ;   {runtime_call}
  0x000001f12f887410: 00e9 fbff 

  0x000001f12f887414: ;   {static_stub}
  0x000001f12f887414: ffff 48bb | 0000 0000 | 0000 0000 

  0x000001f12f887420: ;   {runtime_call}
  0x000001f12f887420: e9fb ffff 

  0x000001f12f887424: ;   {static_stub}
  0x000001f12f887424: ff48 bb00 | 0000 0000 

  0x000001f12f88742c: ;   {runtime_call}
  0x000001f12f88742c: 0000 00e9 | fbff ffff 

  0x000001f12f887434: ;   {static_stub}
  0x000001f12f887434: 48bb 0000 | 0000 0000 

  0x000001f12f88743c: ;   {runtime_call}
  0x000001f12f88743c: 0000 e9fb 

  0x000001f12f887440: ;   {static_stub}
  0x000001f12f887440: ffff ff48 | bb00 0000 | 0000 0000 

  0x000001f12f88744c: ;   {runtime_call}
  0x000001f12f88744c: 00e9 fbff 

  0x000001f12f887450: ;   {runtime_call ExceptionBlob}
  0x000001f12f887450: ffff e9a9 | 0d7b ffe8 | 0000 0000 | 4883 2c24 

  0x000001f12f887460: ;   {runtime_call DeoptimizationBlob}
  0x000001f12f887460: 05e9 3af8 | 79ff f4f4 
[/MachCode]


Compiled method (c2) 65010 5509   !   4       java.net.URLClassLoader::findClass (47 bytes)
 total in heap  [0x000001f12f6b9e90,0x000001f12f6c9d78] = 65256
 relocation     [0x000001f12f6b9ff0,0x000001f12f6ba628] = 1592
 constants      [0x000001f12f6ba640,0x000001f12f6ba660] = 32
 main code      [0x000001f12f6ba660,0x000001f12f6c2f20] = 35008
 stub code      [0x000001f12f6c2f20,0x000001f12f6c3280] = 864
 oops           [0x000001f12f6c3280,0x000001f12f6c32c8] = 72
 metadata       [0x000001f12f6c32c8,0x000001f12f6c3610] = 840
 scopes data    [0x000001f12f6c3610,0x000001f12f6c82b8] = 19624
 scopes pcs     [0x000001f12f6c82b8,0x000001f12f6c9068] = 3504
 dependencies   [0x000001f12f6c9068,0x000001f12f6c90e0] = 120
 handler table  [0x000001f12f6c90e0,0x000001f12f6c9cb0] = 3024
 nul chk table  [0x000001f12f6c9cb0,0x000001f12f6c9d78] = 200


[Constant Pool]
             Address          hex4                    hex8      
  0x000001f12f6ba640:   0x3f400000      0xf4f4f4f43f400000      
  0x000001f12f6ba644:   0xf4f4f4f4                              
  0x000001f12f6ba648:   0xf4f4f4f4      0xf4f4f4f4f4f4f4f4      
  0x000001f12f6ba64c:   0xf4f4f4f4                              
  0x000001f12f6ba650:   0xf4f4f4f4      0xf4f4f4f4f4f4f4f4      
  0x000001f12f6ba654:   0xf4f4f4f4                              
  0x000001f12f6ba658:   0xf4f4f4f4      0xf4f4f4f4f4f4f4f4      
  0x000001f12f6ba65c:   0xf4f4f4f4                              

[MachCode]
[Entry Point]
  # {method} {0x000001f197050988} 'findClass' '(Ljava/lang/String;)Ljava/lang/Class;' in 'java/net/URLClassLoader'
  # this:     rdx:rdx   = 'java/net/URLClassLoader'
  # parm0:    r8:r8     = 'java/lang/String'
  #           [sp+0x130]  (sp of caller)
  0x000001f12f6ba660: ;   {no_reloc}
  0x000001f12f6ba660: 448b 5208 | 49bb 0000 | 0056 f101 | 0000 4d03 | d349 3bc2 

  0x000001f12f6ba674: ;   {runtime_call ic_miss_stub}
  0x000001f12f6ba674: 0f85 066a | 96ff 6690 | 0f1f 4000 
[Verified Entry Point]
  0x000001f12f6ba680: 8984 2400 | 90ff ff55 | 4881 ec20 | 0100 004c | 8944 2420 | 4889 5424 | 6044 8b42 

  0x000001f12f6ba69c: ;   {oop(a 'java/lang/Class'{0x000000060065ea08} = 'java/lang/System')}
  0x000001f12f6ba69c: 5849 ba08 | ea65 0006 | 0000 0041 | 8b6a 7c4d | 8b97 9002 | 0000 4d8b | 124c 8954 | 2478 85ed 
  0x000001f12f6ba6bc: 0f1f 4000 | 0f85 564f | 0000 4585 | c00f 84e3 | 0e00 004b | 8d2c c448 | 8bd5 6690 

  0x000001f12f6ba6d8: ;   {static_call}
  0x000001f12f6ba6d8: c5f8 77e8 

  0x000001f12f6ba6dc: ; ImmutableOopMap {rbp=Oop [32]=Oop [96]=Oop [120]=Oop }
                      ;*invokestatic ensureMaterializedForStackWalk {reexecute=0 rethrow=0 return_oop=0}
                      ; - java.security.AccessController::executePrivileged@5 (line 803)
                      ; - java.security.AccessController::doPrivileged@13 (line 712)
                      ; - java.net.URLClassLoader::findClass@13 (line 420)
  0x000001f12f6ba6dc: e0ad efff | 488b dd4c | 8b74 2420 

  0x000001f12f6ba6e8: ; implicit exception: dispatches to 0x000001f12f6c211c
  0x000001f12f6ba6e8: 450f be56 | 1045 85d2 | 0f85 c14e | 0000 458b | 4614 660f | 1f44 0000 

  0x000001f12f6ba700: ; implicit exception: dispatches to 0x000001f12f6c2134
  0x000001f12f6ba700: 478b 6cc4 | 0c45 85ed | 0f86 f403 | 0000 418b | cdff c941 | 3bcd 0f83 | b84c 0000 | 418b f583 
  0x000001f12f6ba720: c6fd 4b8d | 04c4 4380 | 7cc4 102e | 0f84 ea1b | 0000 83fe | 010f 8eb9 | 4c00 0041 | ba01 0000 
  0x000001f12f6ba740: 0045 33db | 4c89 5c24 | 2045 8bdd | 452b da41 | 83c3 fd45 | 33c9 413b | f245 0f4c | d941 81fb 
  0x000001f12f6ba760: a00f 0000 | 41b9 a00f | 0000 450f | 47d9 4503 | da49 63d2 | 0fbe 7c10 | 1083 ff2e | 0f1f 4000 
  0x000001f12f6ba780: 0f84 a300 | 0000 440f | be4c 1011 | 4183 f92e | 0f84 9800 | 0000 0fbe | 7c10 120f | 1f44 0000 
  0x000001f12f6ba7a0: 83ff 2e0f | 847c 0000 | 000f be7c | 1013 418b | ea83 c503 | 83ff 2e0f | 8476 0000 | 0041 83c2 
  0x000001f12f6ba7c0: 0445 3bd3 | 7cab 4d8b | 9f50 0300 | 004d 8bce | c5fb 1044 

  0x000001f12f6ba7d4: ; ImmutableOopMap {r8=NarrowOop r9=Oop rbx=Oop rax=Oop r14=Oop xmm0=Oop [96]=Oop [120]=Oop }
                      ;*if_icmpne {reexecute=1 rethrow=0 return_oop=0}
                      ; - (reexecute) java.lang.StringLatin1::replace@28 (line 307)
                      ; - java.lang.String::replace@18 (line 2808)
                      ; - java.net.URLClassLoader$1::run@8 (line 423)
                      ; - java.net.URLClassLoader$1::run@1 (line 421)
                      ; - java.security.AccessController::executePrivileged@29 (line 807)
                      ; - java.security.AccessController::doPrivileged@13 (line 712)
                      ; - java.net.URLClassLoader::findClass@13 (line 420)
                      ;   {poll}
  0x000001f12f6ba7d4: 2460 4185 | 0344 3bd6 | 0f1f 4000 | 0f8c 63ff | ffff 453b | d50f 8d1b | 0300 0090 | 460f be5c 
  0x000001f12f6ba7f4: 1010 4183 | fb2e 660f | 1f44 0000 | 0f84 a430 | 0000 41ff | c245 3bd5 | 7ce2 e9f7 | 0200 008b 
  0x000001f12f6ba814: cac5 f97e | cec4 c1f9 | 7ec1 6690 | e9b6 0000 | 0041 83c2 | 0241 8bea | eb05 418b | eaff c541 
  0x000001f12f6ba834: 3bed 0f8d | ce02 0000 | 0f1f 4000 | 4181 fd00 | 0010 000f | 8718 2000 | 004d 8b8f | 0801 0000 
  0x000001f12f6ba854: 4d63 d549 | 83c2 1749 | 83e2 f84d | 8bd9 4d03 | da4d 3b9f | 1801 0000 | 0f83 f31f | 0000 4d89 
  0x000001f12f6ba874: 9f08 0100 | 0041 0f0d | 8bc0 0000 | 0049 c701 | 0100 0000 | 410f 0d8b | 0001 0000 

  0x000001f12f6ba890: ;   {metadata({type array byte})}
  0x000001f12f6ba890: 41c7 4108 | 2867 0000 | 4589 690c | 410f 0d8b | 4001 0000 | 410f 0d8b | 8001 0000 | 85ed 0f8e 
  0x000001f12f6ba8b0: 8500 0000 | 448b d541 | ffca 660f | 1f44 0000 | 453b d50f | 83e7 4e00 | 0045 85ed | 0f86 de4e 
  0x000001f12f6ba8d0: 0000 41ba | e803 0000 | 4533 db8b | fd41 2bfb | 33d2 413b | eb0f 4cfa | 81ff e803 | 0000 410f 
  0x000001f12f6ba8f0: 47fa 4103 | fb8b d1c5 | f96e cec4 | c1f9 6ec1 | 4d63 cb42 | 0fbe 4c08 | 10c4 e1f9 | 7ec6 4288 
  0x000001f12f6ba910: 4c0e 1041 | ffc3 443b | df7c e54d | 8b8f 5003 

  0x000001f12f6ba920: ; ImmutableOopMap {r8=NarrowOop rbx=Oop rsi=Oop rax=Oop r14=Oop xmm0=Oop [96]=Oop [120]=Oop }
                      ;*goto {reexecute=1 rethrow=0 return_oop=0}
                      ; - (reexecute) java.lang.StringLatin1::replace@76 (line 314)
                      ; - java.lang.String::replace@18 (line 2808)
                      ; - java.net.URLClassLoader$1::run@8 (line 423)
                      ; - java.net.URLClassLoader$1::run@1 (line 421)
                      ; - java.security.AccessController::executePrivileged@29 (line 807)
                      ; - java.security.AccessController::doPrivileged@13 (line 712)
                      ; - java.net.URLClassLoader::findClass@13 (line 420)
                      ;   {poll}
  0x000001f12f6ba920: 0000 4185 | 0144 3bdd | 0f8c e5fe | ffff 8bca | c5f9 7ece | c4c1 f97e | c141 3bed | 0f1f 4000 
  0x000001f12f6ba940: 0f8d 6101 | 0000 413b | ed0f 8309 | 4c00 0041 | 3bcd 0f83 | 004c 0000 | 448b dd41 | ffc3 4c63 
  0x000001f12f6ba960: c546 0fbe | 5400 1041 | 83fa 2e0f | 8492 0500 | 0047 8854 | 0110 ffc5 | 413b eb7c | e166 6690 
  0x000001f12f6ba980: 3bee 0f8d | f700 0000 | e9a3 0000 | 0041 b82f | 0000 0066 | 0f1f 8400 | 0000 0000 | 6666 6690 
  0x000001f12f6ba9a0: 4588 4409 | 1244 0fbe | 5c08 1341 | 83fb 2e0f | 8463 0000 | 0045 885c | 0913 83c5 | 0466 6690 
  0x000001f12f6ba9c0: 413b ea0f | 8d59 0000 | 0048 63cd | 440f be44 | 0810 4183 | f82e 0f84 | 3400 0000 | 4588 4409 
  0x000001f12f6ba9e0: 1044 0fbe | 5c08 1141 | 83fb 2e74 | 1b45 885c | 0911 440f | be44 0812 | 0f1f 8400 | 0000 0000 
  0x000001f12f6baa00: 4183 f82e | 759a eb85 | 41bb 2f00 | 0000 ebdd | 41b8 2f00 | 0000 ebc4 | 41bb 2f00 | 0000 6690 
  0x000001f12f6baa20: eb93 4d8b | 9f50 0300 

  0x000001f12f6baa28: ; ImmutableOopMap {r9=Oop rbx=Oop rax=Oop r14=Oop [96]=Oop [120]=Oop }
                      ;*goto {reexecute=1 rethrow=0 return_oop=0}
                      ; - (reexecute) java.lang.StringLatin1::replace@113 (line 321)
                      ; - java.lang.String::replace@18 (line 2808)
                      ; - java.net.URLClassLoader$1::run@8 (line 423)
                      ; - java.net.URLClassLoader$1::run@1 (line 421)
                      ; - java.security.AccessController::executePrivileged@29 (line 807)
                      ; - java.security.AccessController::doPrivileged@13 (line 712)
                      ; - java.net.URLClassLoader::findClass@13 (line 420)
                      ;   {poll}
  0x000001f12f6baa28: 0041 8503 | 3bee 7d4f | 458b d544 | 2bd5 4183 | c2fd 4533 | db3b f545 | 0f4c d341 | 81fa a00f 
  0x000001f12f6baa48: 0000 41b8 | a00f 0000 | 450f 47d0 | 4403 d5e9 | 6dff ffff | c644 0f10 | 2ec6 440f | 1163 c644 
  0x000001f12f6baa68: 0f12 6cc6 | 440f 1361 | c644 0f14 | 73c6 440f | 1573 e9bc | 0100 0090 | 413b ed7d | 2266 6690 
  0x000001f12f6baa88: 4c63 dd46 | 0fbe 5418 | 1041 83fa | 2e0f 84bc | 0a00 0047 | 8854 1910 | ffc5 413b | ed7c e14d 
  0x000001f12f6baaa8: 8b9f 0801 | 0000 4d8b | d349 83c2 | 1866 6666 | 0f1f 8400 | 0000 0000 | 4d3b 9718 | 0100 000f 
  0x000001f12f6baac8: 8323 1e00 | 004d 8997 | 0801 0000 | 410f 0d8a | c000 0000 | 49c7 0301 

  0x000001f12f6baae0: ;   {metadata('java/lang/String')}
  0x000001f12f6baae0: 0000 0041 | c743 08e0 | e900 0045 | 8963 0c4d | 8963 104d | 8bd1 49c1 | ea03 4589 | 5314 6690 
  0x000001f12f6bab00: eb12 4533 | d24c 8954 | 2420 4d8b | c849 c1e1 | 034d 8bde | 418b 710c | 85f6 660f | 1f44 0000 
  0x000001f12f6bab20: 0f86 d009 | 0000 450f | be6b 1044 | 8bd6 418b | cd41 d3fa | 4963 c241 | 83fd 010f | 1f44 0000 
  0x000001f12f6bab40: 0f84 ce4d | 0000 4585 | d20f 8c8d | 4c00 0048 | 8be8 4883 | c506 448b | c545 85c0 | 0f1f 4000 
  0x000001f12f6bab60: 0f8c 9e4c | 0000 488b | cd48 c1f9 | 208b c941 | d3e0 4585 | c00f 8cc1 | 4d00 000f | 1f44 0000 
  0x000001f12f6bab80: 4181 f800 | 0010 000f | 876c 4900 | 0049 63c8 | 4181 f800 | 0010 000f | 8772 1b00 | 0049 8bbf 
  0x000001f12f6baba0: 0801 0000 | 4883 c117 | 4883 e1f8 | 488b d748 | 03d1 6666 | 0f1f 8400 | 0000 0000 | 6666 6690 
  0x000001f12f6babc0: 493b 9718 | 0100 000f | 8342 1b00 | 0049 8997 | 0801 0000 | 0f0d 8ac0 | 0000 0048 | c707 0100 
  0x000001f12f6babe0: 0000 0f0d | 8a00 0100 

  0x000001f12f6babe8: ;   {metadata({type array byte})}
  0x000001f12f6babe8: 00c7 4708 | 2867 0000 | 4489 470c | 0f0d 8a40 | 0100 000f | 0d8a 8001 | 0000 418b | d283 c206 
  0x000001f12f6bac08: 443b c20f | 82f4 4800 | 0049 63ca | 4585 d20f | 8e3f feff | ffc6 440f | 1573 c644 | 0f14 73c6 
  0x000001f12f6bac28: 440f 1361 | c644 0f12 | 6cc6 440f | 1163 c644 | 0f10 2e0f | 1f44 0000 | 4585 ed0f | 85df 4b00 
  0x000001f12f6bac48: 0044 3bc6 | 0f82 de48 | 0000 85f6 | 7621 4983 | c110 488b | d748 83c2 | 104c 63c6 | 498b c9c5 
  0x000001f12f6bac68: f877 49ba | 607f 002f | f101 0000 | 41ff d24d | 8b87 0801 | 0000 4d8b | d049 83c2 | 184d 3b97 
  0x000001f12f6bac88: 1801 0000 | 0f83 1d1b | 0000 4d89 | 9708 0100 | 0041 0f0d | 8ac0 0000 | 0049 c700 | 0100 0000 
  0x000001f12f6baca8: ;   {metadata('java/lang/String')}
  0x000001f12f6baca8: 41c7 4008 | e0e9 0000 | 4589 600c | 4589 6010 | 4c8b df49 | c1eb 0345 | 8958 144c | 8b54 2460 
  0x000001f12f6bacc8: 458b 5254 | 4585 d20f | 84e0 4600 | 0048 895c | 2428 4c89 | 7424 584b | 8d14 d445 | 33c9 6690 
  0x000001f12f6bace8: ;   {optimized virtual_call}
  0x000001f12f6bace8: c5f8 77e8 

  0x000001f12f6bacec: ; ImmutableOopMap {[40]=Oop [88]=Oop [96]=Oop [120]=Oop }
                      ;*invokevirtual getResource {reexecute=0 rethrow=0 return_oop=1}
                      ; - java.net.URLClassLoader$1::run@26 (line 424)
                      ; - java.net.URLClassLoader$1::run@1 (line 421)
                      ; - java.security.AccessController::executePrivileged@29 (line 807)
                      ; - java.security.AccessController::doPrivileged@13 (line 712)
                      ; - java.net.URLClassLoader::findClass@13 (line 420)
  0x000001f12f6bacec: f04c 1100 | 4889 8424 | 8800 0000 | 4885 c00f | 1f44 0000 | 0f84 7f01 | 0000 c5f8 | 7749 ba50 
  0x000001f12f6bad0c: ff5e b5fb | 7f00 0041 | ffd2 4889 | 4424 684c | 8b54 2458 | 458b 5a14 

  0x000001f12f6bad24: ; implicit exception: dispatches to 0x000001f12f6c214c
  0x000001f12f6bad24: 478b 4cdc | 0c41 0fbe | 4a10 458b | d141 d3fa | 41ff ca85 | c90f 852e | 4c00 0045 | 8bc1 41ff 
  0x000001f12f6bad44: c845 3bd0 | 450f 4cc2 | 4585 c00f | 8c20 0100 | 0045 85c9 | 0f86 7a48 | 0000 6690 | 453b c10f 
  0x000001f12f6bad64: 836f 4800 | 0045 85c0 | 0f8e be48 | 0000 458b | c841 ffc9 | 4b8d 3cdc | 460f be54 | 0710 4183 
  0x000001f12f6bad84: fa2e 0f84 | 2d08 0000 | 41ff c845 | 3bc1 7fe8 | 4183 f802 | 0f8e b500 | 0000 458b | d041 83c2 
  0x000001f12f6bada4: fe45 33c9 | 4183 f802 | 450f 4cd1 | 4181 faa0 | 0f00 0041 | b9a0 0f00 | 0045 0f47 | d141 8bc8 
  0x000001f12f6badc4: 412b ca66 | 0f1f 8400 | 0000 0000 | 4d63 d846 | 0fbe 541f | 100f 1f80 | 0000 0000 | 4183 fa2e 
  0x000001f12f6bade4: 0f84 2401 | 0000 460f | be54 1f0f | 4183 fa2e | 0f84 1901 | 0000 458b | c841 83c1 | fe46 0fbe 
  0x000001f12f6bae04: 5c0f 1041 | 83fb 2e0f | 8408 0100 | 0045 8bc8 | 4183 c1fd | 460f be54 | 0f10 6690 | 4183 fa2e 
  0x000001f12f6bae24: 0f84 ef00 | 0000 4183 | c0fc 443b | c17f 9d49 | 8b97 5003 | 0000 4c8b | 5424 584c | 8b9c 2488 
  0x000001f12f6bae44: ; ImmutableOopMap {r10=Oop r11=Oop rdi=Oop [40]=Oop [88]=Oop [96]=Oop [120]=Oop [136]=Oop }
                      ;*goto {reexecute=1 rethrow=0 return_oop=0}
                      ; - (reexecute) java.lang.StringLatin1::lastIndexOf@35 (line 294)
                      ; - java.lang.String::lastIndexOf@13 (line 2489)
                      ; - java.lang.String::lastIndexOf@8 (line 2451)
                      ; - java.net.URLClassLoader::defineClass@7 (line 486)
                      ; - java.net.URLClassLoader$1::run@43 (line 427)
                      ; - java.net.URLClassLoader$1::run@1 (line 421)
                      ; - java.security.AccessController::executePrivileged@29 (line 807)
                      ; - java.security.AccessController::doPrivileged@13 (line 712)
                      ; - java.net.URLClassLoader::findClass@13 (line 420)
                      ;   {poll}
  0x000001f12f6bae44: 0000 0085 | 0241 83f8 | 020f 8f4b | ffff ff41 | 83f8 ff7e | 1c66 6690 | 460f be54 | 0710 4183 
  0x000001f12f6bae64: fa2e 0f84 | 304c 0000 | 41ff c841 | 83f8 ff7f | e741 b9ff | ffff ff0f | 1f44 0000 | e994 0000 
  0x000001f12f6bae84: 0049 8b87 | 0801 0000 | 4c8b d049 | 83c2 2866 | 0f1f 8400 | 0000 0000 | 6666 6690 | 4d3b 9718 
  0x000001f12f6baea4: 0100 000f | 839c 1900 | 004d 8997 | 0801 0000 | 410f 0d8a | c000 0000 | 48c7 0001 

  0x000001f12f6baec0: ;   {metadata('java/lang/ClassNotFoundException')}
  0x000001f12f6baec0: 0000 00c7 | 4008 0028 | 0200 4489 | 600c 4c89 | 6010 4c89 | 6018 4c89 | 6020 488b | e848 8bd5 
  0x000001f12f6baee0: 4c8b 4424 | 5866 6690 

  0x000001f12f6baee8: ;   {optimized virtual_call}
  0x000001f12f6baee8: c5f8 77e8 

  0x000001f12f6baeec: ; ImmutableOopMap {rbp=Oop }
                      ;*invokespecial <init> {reexecute=0 rethrow=0 return_oop=0}
                      ; - java.net.URLClassLoader::findClass@41 (line 445)
  0x000001f12f6baeec: f0a2 ffff | 488b d5c5 | f877 4881 | c420 0100 

  0x000001f12f6baefc: ;   {runtime_call _rethrow_Java}
  0x000001f12f6baefc: 005d e97d | f197 ff41 | ba2f 0000 | 00e9 63fa | ffff 458b | c8eb 0645 | 8bc8 41ff | c94c 8b94 
  0x000001f12f6baf1c: 2488 0000 | 0041 8b72 

  0x000001f12f6baf24: ;   {metadata('jdk/internal/loader/URLClassPath$JarLoader$2')}
  0x000001f12f6baf24: 0881 fe60 | 5219 000f | 85ec 1400 | 0049 8bea | 448b 5d20 | 0f1f 8400 | 0000 0000 

  0x000001f12f6baf40: ; implicit exception: dispatches to 0x000001f12f6c218c
  0x000001f12f6baf40: 478b 54dc | 1c49 c1e2 | 034c 8994 | 24f8 0000 | 0041 83f9 | ff0f 8452 | 0400 004c | 8b54 2458 
  0x000001f12f6baf60: 458b 5a14 

  0x000001f12f6baf64: ; implicit exception: dispatches to 0x000001f12f6c21b4
  0x000001f12f6baf64: 478b 54dc | 0c44 8994 | 2490 0000 | 004c 8b54 | 2458 410f | be4a 108b | ac24 9000 | 0000 d3fd 
  0x000001f12f6baf84: 4585 c90f | 8c23 4a00 | 0044 3bcd | 0f8f 764a | 0000 443b | cd0f 8406 | 0600 0090 | 85c9 0f85 
  0x000001f12f6bafa4: ad4a 0000 | 4585 c90f | 846b 1500 | 004d 8baf | 0801 0000 | 4d8b d549 | 83c2 1890 | 4d3b 9718 
  0x000001f12f6bafc4: 0100 000f | 8388 1900 | 004d 8997 | 0801 0000 | 410f 0d8a | c000 0000 | 49c7 4500 | 0100 0000 
  0x000001f12f6bafe4: ;   {metadata('java/lang/String')}
  0x000001f12f6bafe4: 41c7 4508 | e0e9 0000 | 4589 650c | 4d89 6510 | 0f1f 8400 | 0000 0000 | 6666 6690 | 4181 f900 
  0x000001f12f6bb004: 0010 000f | 8743 4800 | 0049 63c9 | 448b 9424 | 9000 0000 | 453b d141 | 8be9 410f | 4cea 443b 
  0x000001f12f6bb024: d50f 829a | 4800 0044 | 3bcd 0f82 | 9148 0000 | 4883 c117 | 4c8b c149 | 83e0 f890 | 4181 f900 
  0x000001f12f6bb044: 0010 000f | 875d 1900 | 004d 8bb7 | 0801 0000 | 4d8b d64d | 03d0 660f | 1f44 0000 | 4d3b 9718 
  0x000001f12f6bb064: 0100 000f | 833d 1900 | 004d 8997 | 0801 0000 | 410f 0d8a | c000 0000 | 49c7 0601 | 0000 0041 
  0x000001f12f6bb084: 0f0d 8a00 

  0x000001f12f6bb088: ;   {metadata({type array byte})}
  0x000001f12f6bb088: 0100 0041 | c746 0828 | 6700 0045 | 894e 0c41 | 0f0d 8a40 | 0100 0041 | 0f0d 8a80 | 0100 0049 
  0x000001f12f6bb0a8: 8bd6 4883 | c210 48c1 | e903 498b | de48 c1eb | 0385 ed0f | 1f44 0000 | 0f84 9247 | 0000 4f8d 
  0x000001f12f6bb0c8: 14dc 4f8d | 54dc 1041 | 3be9 0f8c | 5314 0000 | 4983 c0f0 | 49c1 e803 | 498b cac5 | f877 49ba 
  0x000001f12f6bb0e8: 6086 002f | f101 0000 | 41ff d241 | 807f 3800 | 7500 4189 | 5d14 4d8b | d64d 8bdd | 4d33 d349 
  0x000001f12f6bb108: c1ea 164d | 85d2 741a | 49c1 eb09 | 48b9 0000 | 7f3d f101 | 0000 4903 | cb80 3904 | 0f85 bf14 
  0x000001f12f6bb128: 0000 4588 | 6510 4c89 | ac24 0001 | 0000 6666 | 0f1f 8400 | 0000 0000 

  0x000001f12f6bb140: ;   {metadata('jdk/internal/loader/URLClassPath$JarLoader$2')}
  0x000001f12f6bb140: 81fe 6052 | 1900 0f85 | 2845 0000 | 488b bc24 | 8800 0000 

  0x000001f12f6bb154: ;   {oop(a 'java/lang/Class'{0x0000000600706a20} = 'jdk/internal/access/SharedSecrets')}
  0x000001f12f6bb154: 49ba 206a | 7000 0600 | 0000 458b | 82c8 0000 | 0047 8b4c | c408 448b | 5720 478b | 54d4 1866 
  0x000001f12f6bb174: 0f1f 8400 | 0000 0000 | 6666 6690 

  0x000001f12f6bb180: ;   {metadata('java/util/jar/JavaUtilJarAccessImpl')}
  0x000001f12f6bb180: 4181 f9d8 | 0d19 000f | 8517 4500 | 0043 8b6c | d408 4f8d | 0cd4 488d | 9c24 1001 | 0000 498b 
  0x000001f12f6bb1a0: 0148 f7c0 | 0200 0000 | 7524 4883 | c801 4889 | 03f0 490f | b119 0f84 | 3e00 0000 | 482b c448 
  0x000001f12f6bb1c0: 81e0 07f0 | ffff 4889 | 03e9 2c00 | 0000 4c8b | c048 33c0 | f04d 0fb1 | 783e 48c7 | 0303 0000 
  0x000001f12f6bb1e0: 000f 8413 | 0000 004c | 3bf8 0f85 | 0a00 0000 | 49ff 8086 | 0000 0048 | 33c0 660f | 1f44 0000 
  0x000001f12f6bb200: 0f85 de44 | 0000 473b | 64d4 3075 | 284c 894c | 2430 4489 | 5424 7048 | 897c 2450 | 470f b65c 
  0x000001f12f6bb220: d412 4585 | db0f 8500 | 1100 0048 | 8b7c 2450 | 4c8b 4c24 | 3047 3b64 | d430 660f | 1f44 0000 
  0x000001f12f6bb240: 0f85 1314 | 0000 49b8 | 0000 7f3d | f101 0000 | 488d 8424 | 1001 0000 | 4881 3800 | 0000 000f 
  0x000001f12f6bb260: 8483 0000 | 004d 8b11 | 49f7 c202 | 0000 0074 | 6f49 81ba | 8600 0000 | 0000 0000 | 7409 49ff 
  0x000001f12f6bb280: 8a86 0000 | 00eb 5149 | 8b82 9600 | 0000 490b | 828e 0000 | 0075 0a49 | c742 3e00 | 0000 00eb 
  0x000001f12f6bb2a0: 4749 81ba | 9e00 0000 | 0000 0000 | 7425 4833 | c049 c742 | 3e00 0000 | 00f0 8304 | 2400 4981 
  0x000001f12f6bb2c0: ba9e 0000 | 0000 0000 | 0075 0df0 | 4d0f b17a | 3e75 0583 | c801 eb10 | f7c0 0000 | 0000 eb08 
  0x000001f12f6bb2e0: 4c8b 10f0 | 4d0f b111 | 0f85 5d44 | 0000 448b | 5720 438b | 6cd4 1866 | 0f1f 8400 | 0000 0000 
  0x000001f12f6bb300: ; implicit exception: dispatches to 0x000001f12f6c2290
  0x000001f12f6bb300: 458b 5cec 

  0x000001f12f6bb304: ;   {metadata('java/util/jar/JarFile')}
  0x000001f12f6bb304: 0841 81fb | 8880 1800 | 0f85 6944 | 0000 498d | 1cec 488b | f38b 5e28 | 0f1f 4000 | 85db 0f84 
  0x000001f12f6bb324: 9d02 0000 | 418b 6cdc | 0c41 807f | 3800 0f85 | ad11 0000 | 0f1f 8400 | 0000 0000 

  0x000001f12f6bb340: ; implicit exception: dispatches to 0x000001f12f6c22c8
  0x000001f12f6bb340: 458b 54ec | 084d 8b5c 

  0x000001f12f6bb348: ;   {oop(a 'java/lang/Class'{0x00000006007066f0} = 'java/lang/ref/SoftReference')}
  0x000001f12f6bb348: dc20 49b8 | f066 7000 | 0600 0000 | 4d8b 4070 | 4d3b d80f | 1f44 0000 | 0f85 f20f 

  0x000001f12f6bb364: ;   {metadata('java/util/jar/Manifest')}
  0x000001f12f6bb364: 0000 4181 | fa00 9c06 | 000f 8527 | 6d00 004d | 8d14 ec4c | 8954 2438 | 4889 7c24 | 3048 8b54 
  0x000001f12f6bb384: 2460 4c8b | 8424 0001 | 0000 4d8b | ca48 8bbc | 24f8 0000 | 0066 6690 

  0x000001f12f6bb39c: ;   {optimized virtual_call}
  0x000001f12f6bb39c: c5f8 77e8 

  0x000001f12f6bb3a0: ; ImmutableOopMap {[40]=Oop [48]=Oop [56]=Oop [88]=Oop [96]=Oop [136]=Oop [248]=Oop [256]=Oop }
                      ;*invokevirtual getAndVerifyPackage {reexecute=0 rethrow=0 return_oop=1}
                      ; - java.net.URLClassLoader::defineClass@46 (line 492)
                      ; - java.net.URLClassLoader$1::run@43 (line 427)
                      ; - java.net.URLClassLoader$1::run@1 (line 421)
                      ; - java.security.AccessController::executePrivileged@29 (line 807)
                      ; - java.security.AccessController::doPrivileged@13 (line 712)
                      ; - java.net.URLClassLoader::findClass@13 (line 420)
  0x000001f12f6bb3a0: 3c66 1c00 | 4885 c00f | 84b8 0100 | 0048 8b94 | 2488 0000 | 0066 6690 

  0x000001f12f6bb3b8: ;   {optimized virtual_call}
  0x000001f12f6bb3b8: c5f8 77e8 

  0x000001f12f6bb3bc: ; ImmutableOopMap {[40]=Oop [88]=Oop [96]=Oop [136]=Oop [248]=Oop }
                      ;*invokevirtual getByteBuffer {reexecute=0 rethrow=0 return_oop=1}
                      ; - java.net.URLClassLoader::defineClass@132 (line 511)
                      ; - java.net.URLClassLoader$1::run@43 (line 427)
                      ; - java.net.URLClassLoader$1::run@1 (line 421)
                      ; - java.security.AccessController::executePrivileged@29 (line 807)
                      ; - java.security.AccessController::doPrivileged@13 (line 712)
                      ; - java.net.URLClassLoader::findClass@13 (line 420)
  0x000001f12f6bb3bc: 206b 0400 | 4885 c00f | 850b 4600 | 004c 8b94 | 2488 0000 | 0041 8b6a | 0866 6666 | 0f1f 8400 
  0x000001f12f6bb3dc: 0000 0000 

  0x000001f12f6bb3e0: ;   {metadata('jdk/internal/loader/URLClassPath$JarLoader$2')}
  0x000001f12f6bb3e0: 81fd 6052 | 1900 0f85 | 7910 0000 | 488b 9424 | 8800 0000 | 4889 5424 | 3866 6690 

  0x000001f12f6bb3fc: ;   {optimized virtual_call}
  0x000001f12f6bb3fc: c5f8 77e8 

  0x000001f12f6bb400: ; ImmutableOopMap {[40]=Oop [56]=Oop [88]=Oop [96]=Oop [136]=Oop [248]=Oop }
                      ;*invokevirtual getBytes {reexecute=0 rethrow=0 return_oop=1}
                      ; - java.net.URLClassLoader::defineClass@179 (line 519)
                      ; - java.net.URLClassLoader$1::run@43 (line 427)
                      ; - java.net.URLClassLoader$1::run@1 (line 421)
                      ; - java.security.AccessController::executePrivileged@29 (line 807)
                      ; - java.security.AccessController::doPrivileged@13 (line 712)
                      ; - java.net.URLClassLoader::findClass@13 (line 420)
  0x000001f12f6bb400: bc5c 1c00 | 4889 4424 

  0x000001f12f6bb408: ;   {metadata('jdk/internal/loader/URLClassPath$JarLoader$2')}
  0x000001f12f6bb408: 4881 fd60 | 5219 000f | 8575 1000 | 0048 8b94 | 2488 0000 | 0066 6690 

  0x000001f12f6bb420: ;   {optimized virtual_call}
  0x000001f12f6bb420: c5f8 77e8 

  0x000001f12f6bb424: ; ImmutableOopMap {[40]=Oop [72]=Oop [88]=Oop [96]=Oop [136]=Oop [248]=Oop }
                      ;*invokevirtual getCodeSigners {reexecute=0 rethrow=0 return_oop=1}
                      ; - java.net.URLClassLoader::defineClass@185 (line 521)
                      ; - java.net.URLClassLoader$1::run@43 (line 427)
                      ; - java.net.URLClassLoader$1::run@1 (line 421)
                      ; - java.security.AccessController::executePrivileged@29 (line 807)
                      ; - java.security.AccessController::doPrivileged@13 (line 712)
                      ; - java.net.URLClassLoader::findClass@13 (line 420)
  0x000001f12f6bb424: 1862 1c00 | 4889 4424 | 2049 8b87 | 0801 0000 | 4c8b d049 | 83c2 280f | 1f44 0000 | 4d3b 9718 
  0x000001f12f6bb444: 0100 000f | 83f0 1400 | 004d 8997 | 0801 0000 | 410f 0d8a | c000 0000 | 48c7 0001 

  0x000001f12f6bb460: ;   {metadata('java/security/CodeSource')}
  0x000001f12f6bb460: 0000 00c7 | 4008 a0ee | 0000 4489 | 600c 4c89 | 6010 4c89 | 6018 4c89 | 6020 4889 | 4424 5048 
  0x000001f12f6bb480: 8bd0 4c8b | 8424 f800 | 0000 4c8b | 4c24 2090 

  0x000001f12f6bb490: ;   {optimized virtual_call}
  0x000001f12f6bb490: c5f8 77e8 

  0x000001f12f6bb494: ; ImmutableOopMap {[40]=Oop [72]=Oop [80]=Oop [88]=Oop [96]=Oop [136]=Oop }
                      ;*invokespecial <init> {reexecute=0 rethrow=0 return_oop=0}
                      ; - java.net.URLClassLoader::defineClass@198 (line 522)
                      ; - java.net.URLClassLoader$1::run@43 (line 427)
                      ; - java.net.URLClassLoader$1::run@1 (line 421)
                      ; - java.security.AccessController::executePrivileged@29 (line 807)
                      ; - java.security.AccessController::doPrivileged@13 (line 712)
                      ; - java.net.URLClassLoader::findClass@13 (line 420)
  0x000001f12f6bb494: a8bd 0f00 

  0x000001f12f6bb498: ;   {oop(a 'jdk/internal/perf/PerfCounter'{0x000000060077d858})}
  0x000001f12f6bb498: 48ba 58d8 | 7700 0600 | 0000 4c8b | 4424 6890 

  0x000001f12f6bb4a8: ;   {optimized virtual_call}
  0x000001f12f6bb4a8: c5f8 77e8 

  0x000001f12f6bb4ac: ; ImmutableOopMap {[40]=Oop [72]=Oop [80]=Oop [88]=Oop [96]=Oop [136]=Oop }
                      ;*invokevirtual addElapsedTimeFrom {reexecute=0 rethrow=0 return_oop=0}
                      ; - java.net.URLClassLoader::defineClass@207 (line 523)
                      ; - java.net.URLClassLoader$1::run@43 (line 427)
                      ; - java.net.URLClassLoader$1::run@1 (line 421)
                      ; - java.security.AccessController::executePrivileged@29 (line 807)
                      ; - java.security.AccessController::doPrivileged@13 (line 712)
                      ; - java.net.URLClassLoader::findClass@13 (line 420)
  0x000001f12f6bb4ac: 106e ffff | 4c8b 4c24 | 4841 8b71 | 0c48 8b54 | 2460 4c8b | 4424 5833 | ff48 8b4c | 2450 6690 
  0x000001f12f6bb4cc: ;   {optimized virtual_call}
  0x000001f12f6bb4cc: c5f8 77e8 

  0x000001f12f6bb4d0: ; ImmutableOopMap {[40]=Oop [88]=Oop [96]=Oop [136]=Oop }
                      ;*invokevirtual defineClass {reexecute=0 rethrow=0 return_oop=1}
                      ; - java.net.URLClassLoader::defineClass@220 (line 524)
                      ; - java.net.URLClassLoader$1::run@43 (line 427)
                      ; - java.net.URLClassLoader$1::run@1 (line 421)
                      ; - java.security.AccessController::executePrivileged@29 (line 807)
                      ; - java.security.AccessController::doPrivileged@13 (line 712)
                      ; - java.net.URLClassLoader::findClass@13 (line 420)
  0x000001f12f6bb4d0: 6c81 1c00 | 4885 c00f | 84a8 f9ff | ffc5 f877 | 4881 c420 | 0100 005d 

  0x000001f12f6bb4e8: ;   {poll_return}
  0x000001f12f6bb4e8: 493b a748 | 0300 000f | 8707 7a00 | 00c3 498b | 8708 0100 | 004c 8bd0 | 4983 c218 | 4d3b 9718 
  0x000001f12f6bb508: 0100 000f | 8316 3b00 | 004d 8997 | 0801 0000 | 410f 0d8a | c000 0000 | 48c7 0001 

  0x000001f12f6bb524: ;   {metadata('java/lang/String')}
  0x000001f12f6bb524: 0000 00c7 | 4008 e0e9 | 0000 4489 | 600c 4489 

  0x000001f12f6bb534: ;   {oop([B{0x0000000600706c20})}
  0x000001f12f6bb534: 6010 c740 | 1484 0d0e 

  0x000001f12f6bb53c: ;   {oop(".class"{0x0000000600706bc0})}
  0x000001f12f6bb53c: c049 bac0 | 6b70 0006 | 0000 0045 | 8b5a 0c44 | 8958 0c4c | 8bc0 e96c | f7ff ff41 | ba2f 0000 
  0x000001f12f6bb55c: 0066 6690 | e936 f5ff 

  0x000001f12f6bb564: ;   {metadata('java/lang/IllegalArgumentException')}
  0x000001f12f6bb564: ff48 bd70 | 1506 56f1 | 0100 004c | 8b54 2438 | 4d85 d20f | 8480 1200 | 0048 8b54 | 2460 4c8b 
  0x000001f12f6bb584: 8424 0001 | 0000 4d8b | ca48 8bbc | 24f8 0000 | 0066 6690 

  0x000001f12f6bb598: ;   {optimized virtual_call}
  0x000001f12f6bb598: c5f8 77e8 

  0x000001f12f6bb59c: ; ImmutableOopMap {[40]=Oop [48]=Oop [56]=Oop [88]=Oop [96]=Oop [136]=Oop [248]=Oop [256]=Oop }
                      ;*invokevirtual definePackage {reexecute=0 rethrow=0 return_oop=1}
                      ; - java.net.URLClassLoader::defineClass@64 (line 495)
                      ; - java.net.URLClassLoader$1::run@43 (line 427)
                      ; - java.net.URLClassLoader$1::run@1 (line 421)
                      ; - java.security.AccessController::executePrivileged@29 (line 807)
                      ; - java.security.AccessController::doPrivileged@13 (line 712)
                      ; - java.net.URLClassLoader::findClass@13 (line 420)
  0x000001f12f6bb59c: a048 05f0 | e908 feff | ff4c 8994 | 2400 0100 | 00e9 84fb | ffff 33db | e92a f1ff | ff45 8bc8 
  0x000001f12f6bb5bc: 0f1f 4000 | e954 f9ff | ff44 3b66 | 2c0f 8496 | 0d00 0044 | 8b5e 2c45 | 85db 0f84 | 2b11 0000 
  0x000001f12f6bb5dc: 440f b656 | 124f 8d0c | dc45 85d2 | 0f85 c000 | 0000 4889 | 7424 4848 | 897c 2450 | 4c89 4424 
  0x000001f12f6bb5fc: 3048 8bd6 | 4d8b c190 

  0x000001f12f6bb604: ;   {optimized virtual_call}
  0x000001f12f6bb604: c5f8 77e8 

  0x000001f12f6bb608: ; ImmutableOopMap {[40]=Oop [72]=Oop [80]=Oop [88]=Oop [96]=Oop [136]=Oop [248]=Oop [256]=Oop }
                      ;*invokespecial getInputStream {reexecute=0 rethrow=0 return_oop=1}
                      ; - java.util.jar.JarFile::getManifestFromReference@130 (line 432)
                      ; - java.util.jar.JarFile::getManifest@1 (line 406)
                      ; - jdk.internal.loader.URLClassPath$JarLoader$2::getManifest@22 (line 886)
                      ; - java.net.URLClassLoader::defineClass@34 (line 491)
                      ; - java.net.URLClassLoader$1::run@43 (line 427)
                      ; - java.net.URLClassLoader$1::run@1 (line 421)
                      ; - java.security.AccessController::executePrivileged@29 (line 807)
                      ; - java.security.AccessController::doPrivileged@13 (line 712)
                      ; - java.net.URLClassLoader::findClass@13 (line 420)
  0x000001f12f6bb608: 7476 0700 | 488b e849 | 8b87 0801 | 0000 4c8b | d049 83c2 | 1866 6690 | 4d3b 9718 | 0100 000f 
  0x000001f12f6bb628: 835c 3d00 | 004d 8997 | 0801 0000 | 410f 0d8a | c000 0000 | 48c7 0001 

  0x000001f12f6bb640: ;   {metadata('java/util/jar/Manifest')}
  0x000001f12f6bb640: 0000 00c7 | 4008 009c | 0600 4489 | 600c 4c89 | 6010 4c8b | d04c 8954 | 2470 4c8b | 5424 4845 
  0x000001f12f6bb660: 8b52 144d | 8bca 49c1 | e103 488b | 5424 704c | 8bc5 6690 

  0x000001f12f6bb674: ;   {optimized virtual_call}
  0x000001f12f6bb674: c5f8 77e8 

  0x000001f12f6bb678: ; ImmutableOopMap {rbp=Oop [40]=Oop [72]=Oop [80]=Oop [88]=Oop [96]=Oop [112]=Oop [136]=Oop [248]=Oop [256]=Oop }
                      ;*invokespecial <init> {reexecute=0 rethrow=0 return_oop=0}
                      ; - java.util.jar.JarFile::getManifestFromReference@143 (line 433)
                      ; - java.util.jar.JarFile::getManifest@1 (line 406)
                      ; - jdk.internal.loader.URLClassPath$JarLoader$2::getManifest@22 (line 886)
                      ; - java.net.URLClassLoader::defineClass@34 (line 491)
                      ; - java.net.URLClassLoader$1::run@43 (line 427)
                      ; - java.net.URLClassLoader$1::run@1 (line 421)
                      ; - java.security.AccessController::executePrivileged@29 (line 807)
                      ; - java.security.AccessController::doPrivileged@13 (line 712)
                      ; - java.net.URLClassLoader::findClass@13 (line 420)
  0x000001f12f6bb678: 5879 0000 | 4c8b d590 

  0x000001f12f6bb680: ; implicit exception: dispatches to 0x000001f12f6c2380
  0x000001f12f6bb680: 458b 5a08 

  0x000001f12f6bb684: ;   {metadata('java/util/zip/ZipFile$ZipFileInflaterInputStream')}
  0x000001f12f6bb684: 4181 fbe8 | 911b 000f | 85c4 4600 | 0049 8bd2 

  0x000001f12f6bb694: ;   {optimized virtual_call}
  0x000001f12f6bb694: c5f8 77e8 

  0x000001f12f6bb698: ; ImmutableOopMap {[40]=Oop [72]=Oop [80]=Oop [88]=Oop [96]=Oop [112]=Oop [136]=Oop [248]=Oop [256]=Oop }
                      ;*invokevirtual close {reexecute=0 rethrow=0 return_oop=0}
                      ; - java.util.jar.JarFile::getManifestFromReference@152 (line 434)
                      ; - java.util.jar.JarFile::getManifest@1 (line 406)
                      ; - jdk.internal.loader.URLClassPath$JarLoader$2::getManifest@22 (line 886)
                      ; - java.net.URLClassLoader::defineClass@34 (line 491)
                      ; - java.net.URLClassLoader$1::run@43 (line 427)
                      ; - java.net.URLClassLoader$1::run@1 (line 421)
                      ; - java.security.AccessController::executePrivileged@29 (line 807)
                      ; - java.security.AccessController::doPrivileged@13 (line 712)
                      ; - java.net.URLClassLoader::findClass@13 (line 420)
  0x000001f12f6bb698: c46e 0c00 | 4c8b 5424 | 704c 8994 | 2480 0000 | 00e9 ab0b | 0000 4c89 | 4c24 3841 | 8beb 4889 
  0x000001f12f6bb6b8: 7424 7048 | 897c 2450 | 4c89 4424 | 3048 8bd6 | 4d8b c190 

  0x000001f12f6bb6cc: ;   {optimized virtual_call}
  0x000001f12f6bb6cc: c5f8 77e8 

  0x000001f12f6bb6d0: ; ImmutableOopMap {rbp=NarrowOop [40]=Oop [56]=Oop [80]=Oop [88]=Oop [96]=Oop [112]=Oop [136]=Oop [248]=Oop [256]=Oop }
                      ;*invokespecial getInputStream {reexecute=0 rethrow=0 return_oop=1}
                      ; - java.util.jar.JarFile::getBytes@2 (line 801)
                      ; - java.util.jar.JarFile::getManifestFromReference@44 (line 419)
                      ; - java.util.jar.JarFile::getManifest@1 (line 406)
                      ; - jdk.internal.loader.URLClassPath$JarLoader$2::getManifest@22 (line 886)
                      ; - java.net.URLClassLoader::defineClass@34 (line 491)
                      ; - java.net.URLClassLoader$1::run@43 (line 427)
                      ; - java.net.URLClassLoader$1::run@1 (line 421)
                      ; - java.security.AccessController::executePrivileged@29 (line 807)
                      ; - java.security.AccessController::doPrivileged@13 (line 712)
                      ; - java.net.URLClassLoader::findClass@13 (line 420)
  0x000001f12f6bb6d0: ac5c 96ff | 4889 4424 | 7844 8bc5 | 4b8b 6cc4 | 2048 81fd | 0024 f400 | 0f8f 6345 | 0000 448b 
  0x000001f12f6bb6f0: d541 83fa | ff0f 84cd | 0d00 000f | 1f44 0000 | 4181 faff | ff00 000f | 8f35 0100 | 0041 81fa 
  0x000001f12f6bb710: 0000 1000 | 0f87 db4c | 0000 4963 | ca66 6690 | 4181 fa00 | 0010 000f | 8757 3e00 | 0049 8b9f 
  0x000001f12f6bb730: 0801 0000 | 4883 c117 | 4c8b d949 | 83e3 f84c | 8bcb 4d03 | cb4d 3b8f | 1801 0000 | 0f83 323e 
  0x000001f12f6bb750: 0000 4d89 | 8f08 0100 | 0041 0f0d | 89c0 0000 | 0048 c703 | 0100 0000 | 410f 0d89 | 0001 0000 
  0x000001f12f6bb770: ;   {metadata({type array byte})}
  0x000001f12f6bb770: c743 0828 | 6700 0044 | 8953 0c41 | 0f0d 8940 | 0100 0048 | 8bfb 4883 | c710 410f | 0d89 8001 
  0x000001f12f6bb790: 0000 48c1 | e903 4883 | c1fe 4833 | c048 83f9 | 087f 1048 | ffc9 784f | 4889 04cf | 48ff c97d 
  0x000001f12f6bb7b0: f7eb 44c5 | fdef c0e9 | 0d00 0000 | c5fe 7f07 | c5fe 7f47 | 2048 83c7 | 4048 83e9 | 087d ed48 
  0x000001f12f6bb7d0: 83c1 047c | 0cc5 fe7f | 0748 83c7 | 2048 83e9 | 0448 83c1 | 047e 1048 | ffc9 c5f9 | d607 4883 
  0x000001f12f6bb7f0: c708 48ff | c97d f344 | 8984 2480 | 0000 0041 | 8bea 4c8b | d34c 8954 | 2440 448b | d541 8bea 
  0x000001f12f6bb810: 488b 5424 | 784c 8b44 | 2440 4533 | c941 8bfa | 6690 c5f8 | 7748 b8ff | ffff ffff 

  0x000001f12f6bb82c: ;   {virtual_call}
  0x000001f12f6bb82c: ffff ffe8 

  0x000001f12f6bb830: ; ImmutableOopMap {[40]=Oop [56]=Oop [64]=Oop [80]=Oop [88]=Oop [96]=Oop [112]=Oop [120]=Oop [128]=NarrowOop [136]=Oop [248]=Oop [256]=Oop }
                      ;*invokevirtual readNBytes {reexecute=0 rethrow=0 return_oop=0}
                      ; - java.util.jar.JarFile::getBytes@109 (line 817)
                      ; - java.util.jar.JarFile::getManifestFromReference@44 (line 419)
                      ; - java.util.jar.JarFile::getManifest@1 (line 406)
                      ; - jdk.internal.loader.URLClassPath$JarLoader$2::getManifest@22 (line 886)
                      ; - java.net.URLClassLoader::defineClass@34 (line 491)
                      ; - java.net.URLClassLoader$1::run@43 (line 427)
                      ; - java.net.URLClassLoader$1::run@1 (line 421)
                      ; - java.security.AccessController::executePrivileged@29 (line 807)
                      ; - java.security.AccessController::doPrivileged@13 (line 712)
                      ; - java.net.URLClassLoader::findClass@13 (line 420)
  0x000001f12f6bb830: 4c5e 96ff | 448b c048 | 8b44 2440 | 448b d590 | eb35 4489 | 5424 4844 | 8984 2480 | 0000 0048 
  0x000001f12f6bb850: 8bd0 c5f8 | 7748 b8ff | ffff ffff 

  0x000001f12f6bb85c: ;   {virtual_call}
  0x000001f12f6bb85c: ffff ffe8 

  0x000001f12f6bb860: ; ImmutableOopMap {[40]=Oop [56]=Oop [80]=Oop [88]=Oop [96]=Oop [112]=Oop [120]=Oop [128]=NarrowOop [136]=Oop [248]=Oop [256]=Oop }
                      ;*invokevirtual readAllBytes {reexecute=0 rethrow=0 return_oop=1}
                      ; - java.util.jar.JarFile::getBytes@118 (line 819)
                      ; - java.util.jar.JarFile::getManifestFromReference@44 (line 419)
                      ; - java.util.jar.JarFile::getManifest@1 (line 406)
                      ; - jdk.internal.loader.URLClassPath$JarLoader$2::getManifest@22 (line 886)
                      ; - java.net.URLClassLoader::defineClass@34 (line 491)
                      ; - java.net.URLClassLoader$1::run@43 (line 427)
                      ; - java.net.URLClassLoader$1::run@1 (line 421)
                      ; - java.security.AccessController::executePrivileged@29 (line 807)
                      ; - java.security.AccessController::doPrivileged@13 (line 712)
                      ; - java.net.URLClassLoader::findClass@13 (line 420)
  0x000001f12f6bb860: 1c5e 96ff 

  0x000001f12f6bb864: ; implicit exception: dispatches to 0x000001f12f6c2340
  0x000001f12f6bb864: 448b 400c | 448b 5424 | 4841 83fa | ff0f 845c | 0c00 0045 | 3bd0 660f | 1f44 0000 | 0f85 6244 
  0x000001f12f6bb884: 0000 4889 | 8424 d000 | 0000 488b | 5424 7866 | 6690 c5f8 | 7748 b8ff | ffff ffff 

  0x000001f12f6bb8a0: ;   {virtual_call}
  0x000001f12f6bb8a0: ffff ffe8 

  0x000001f12f6bb8a4: ; ImmutableOopMap {[40]=Oop [56]=Oop [80]=Oop [88]=Oop [96]=Oop [112]=Oop [128]=NarrowOop [136]=Oop [208]=Oop [248]=Oop [256]=Oop }
                      ;*invokevirtual close {reexecute=0 rethrow=0 return_oop=0}
                      ; - java.util.jar.JarFile::getBytes@190 (line 826)
                      ; - java.util.jar.JarFile::getManifestFromReference@44 (line 419)
                      ; - java.util.jar.JarFile::getManifest@1 (line 406)
                      ; - jdk.internal.loader.URLClassPath$JarLoader$2::getManifest@22 (line 886)
                      ; - java.net.URLClassLoader::defineClass@34 (line 491)
                      ; - java.net.URLClassLoader$1::run@43 (line 427)
                      ; - java.net.URLClassLoader$1::run@1 (line 421)
                      ; - java.security.AccessController::executePrivileged@29 (line 807)
                      ; - java.security.AccessController::doPrivileged@13 (line 712)
                      ; - java.net.URLClassLoader::findClass@13 (line 420)
  0x000001f12f6bb8a4: d85d 96ff | 4c8b 5c24 | 7041 0fb6 | 6b11 85ed | 0f85 ee48 | 0000 4c89 | 5c24 4849 | 8bd3 6690 
  0x000001f12f6bb8c4: ;   {optimized virtual_call}
  0x000001f12f6bb8c4: c5f8 77e8 

  0x000001f12f6bb8c8: ; ImmutableOopMap {[40]=Oop [56]=Oop [72]=Oop [80]=Oop [88]=Oop [96]=Oop [128]=NarrowOop [136]=Oop [208]=Oop [248]=Oop [256]=Oop }
                      ;*invokevirtual getManifestNum {reexecute=0 rethrow=0 return_oop=0}
                      ; - java.util.zip.ZipFile$1::getManifestNum@1 (line 1119)
                      ; - java.util.jar.JarFile::getManifestFromReference@59 (line 421)
                      ; - java.util.jar.JarFile::getManifest@1 (line 406)
                      ; - jdk.internal.loader.URLClassPath$JarLoader$2::getManifest@22 (line 886)
                      ; - java.net.URLClassLoader::defineClass@34 (line 491)
                      ; - java.net.URLClassLoader$1::run@43 (line 427)
                      ; - java.net.URLClassLoader$1::run@1 (line 421)
                      ; - java.security.AccessController::executePrivileged@29 (line 807)
                      ; - java.security.AccessController::doPrivileged@13 (line 712)
                      ; - java.net.URLClassLoader::findClass@13 (line 420)
  0x000001f12f6bb8c8: b45a 96ff | 83f8 010f | 8517 4900 | 0049 8b9f | 0801 0000 | 4c8b d349 | 83c2 604d | 3b97 1801 
  0x000001f12f6bb8e8: 0000 0f83 | 5e38 0000 | 4d89 9708 | 0100 0041 | 0f0d 8ac0 | 0000 0048 | c703 0100 | 0000 488b 
  0x000001f12f6bb908: fb48 83c7 

  0x000001f12f6bb90c: ;   {metadata('java/util/jar/JarVerifier')}
  0x000001f12f6bb90c: 10c7 4308 | 7875 1800 | 4489 630c | b90a 0000 | 00c5 fdef | c0e9 0d00 | 0000 c5fe | 7f07 c5fe 
  0x000001f12f6bb92c: 7f47 2048 | 83c7 4048 | 83e9 087d | ed48 83c1 | 047c 0cc5 | fe7f 0748 | 83c7 2048 | 83e9 0448 
  0x000001f12f6bb94c: 83c1 047e | 1048 ffc9 | c5f9 d607 | 4883 c708 | 48ff c97d | f344 8b94 | 2480 0000 | 0047 8b5c 
  0x000001f12f6bb96c: ;   {metadata('java/util/jar/JarFile$JarFileEntry')}
  0x000001f12f6bb96c: d408 4181 | fb60 b218 | 000f 851d | 4300 004c | 8b54 2438 | c643 0e01 | 458b 4260 | 498b 8708 
  0x000001f12f6bb98c: 0100 00c6 | 430d 014c | 8bd0 4983 | c210 498b | e848 c1e5 | 034d 3b97 | 1801 0000 | 0f83 b038 
  0x000001f12f6bb9ac: 0000 4d89 | 9708 0100 | 0041 0f0d | 8ac0 0000 | 0048 c700 | 0100 0000 

  0x000001f12f6bb9c4: ;   {metadata('java/lang/Object')}
  0x000001f12f6bb9c4: c740 0858 | 0d00 0044 | 8960 0c48 | 8bb4 24d0 | 0000 004c | 8bde 49c1 | eb03 4489 | 5c24 444c 
  0x000001f12f6bb9e4: 8bd0 49c1 | ea03 4489 | 5334 4c8b | d04c 8bdb | 4d33 d349 | c1ea 160f | 1f44 0000 | 4d85 d274 
  0x000001f12f6bba04: 1a49 c1eb | 0948 b900 | 007f 3df1 | 0100 0049 | 03cb 8039 | 040f 85ee | 1a00 0049 | 8bbf 0801 
  0x000001f12f6bba24: 0000 4c8b | d749 83c2 | 304d 3b97 | 1801 0000 | 0f83 db37 | 0000 4d89 | 9708 0100 | 0041 0f0d 
  0x000001f12f6bba44: 8ac0 0000 | 0048 c707 | 0100 0000 

  0x000001f12f6bba50: ;   {metadata('java/util/HashMap')}
  0x000001f12f6bba50: c747 0820 | 360b 0044 | 8967 0c4c | 8967 104c | 8967 184c | 8967 2848 | c747 2000 | 0040 3f41 
  0x000001f12f6bba70: 807f 3800 | 0f85 5617 | 0000 4c8b | db4c 8bd7 | 49c1 ea03 | 4489 5340 | 4c8b d74d | 33d3 49c1 
  0x000001f12f6bba90: ea16 4d85 | d274 1a49 | c1eb 0948 | b900 007f | 3df1 0100 | 0049 03cb | 8039 040f | 85bc 1a00 
  0x000001f12f6bbab0: 0049 8bbf | 0801 0000 | 4c8b d749 | 83c2 3090 | 4d3b 9718 | 0100 000f | 8304 3700 | 004d 8997 
  0x000001f12f6bbad0: 0801 0000 | 410f 0d8a | c000 0000 | 48c7 0701 

  0x000001f12f6bbae0: ;   {metadata('java/util/HashMap')}
  0x000001f12f6bbae0: 0000 00c7 | 4708 2036 | 0b00 4489 | 670c 4c89 | 6710 4c89 | 6718 4c89 | 6728 48c7 | 4720 0000 
  0x000001f12f6bbb00: 403f 4180 | 7f38 000f | 8586 1600 | 004c 8bdb | 4c8b d749 | c1ea 0344 | 8953 444c | 8bd7 4d33 
  0x000001f12f6bbb20: d349 c1ea | 164d 85d2 | 741f 49c1 | eb09 48b9 | 0000 7f3d | f101 0000 | 4903 cb0f | 1f44 0000 
  0x000001f12f6bbb40: 8039 040f | 8564 1900 | 0049 8bbf | 0801 0000 | 4c8b d749 | 83c2 1066 | 0f1f 8400 | 0000 0000 
  0x000001f12f6bbb60: 4d3b 9718 | 0100 000f | 831c 3600 | 004d 8997 | 0801 0000 | 410f 0d8a | c000 0000 | 48c7 0701 
  0x000001f12f6bbb80: 0000 0041 | 0f0d 8a00 

  0x000001f12f6bbb88: ;   {metadata('java/security/CodeSigner'[])}
  0x000001f12f6bbb88: 0100 00c7 | 4708 783c | 0401 410f | 0d8a 4001 | 0000 4489 | 670c 410f | 0d8a 8001 | 0000 4180 
  0x000001f12f6bbba8: 7f38 000f | 856e 1500 | 004c 8bdb | 4c8b d749 | c1ea 0344 | 8953 504c | 8bd7 4d33 | d349 c1ea 
  0x000001f12f6bbbc8: 164d 85d2 | 741b 49c1 | eb09 48b9 | 0000 7f3d | f101 0000 | 4903 cb90 | 8039 040f | 855f 1800 
  0x000001f12f6bbbe8: 0041 807f | 3800 0f85 | f114 0000 | 4489 4330 | 4c8b d54c | 8bdb 4d33 | d349 c1ea | 164d 85d2 
  0x000001f12f6bbc08: 741f 4585 | c074 1a49 | c1eb 0948 | b900 007f | 3df1 0100 | 0049 03cb | 8039 040f | 8527 1c00 
  0x000001f12f6bbc28: 0041 807f | 3800 0f85 | 2815 0000 | 448b 5424 | 4444 8953 | 2c4c 8bd6 | 4c8b db4d | 33d3 49c1 
  0x000001f12f6bbc48: ea16 4d85 | d274 1a49 | c1eb 0948 | b900 007f | 3df1 0100 | 0049 03cb | 8039 040f | 8596 1700 
  0x000001f12f6bbc68: 0049 8b87 | 0801 0000 | 4c8b d049 | 83c2 3066 | 0f1f 8400 | 0000 0000 | 4d3b 9718 | 0100 000f 
  0x000001f12f6bbc88: 83db 3400 | 004d 8997 | 0801 0000 | 410f 0d8a | c000 0000 | 48c7 0001 

  0x000001f12f6bbca0: ;   {metadata('java/util/Hashtable')}
  0x000001f12f6bbca0: 0000 00c7 | 4008 806f | 0100 4489 | 600c 4c89 | 6010 4c89 | 6018 4c89 | 6020 4c89 | 6028 4889 
  0x000001f12f6bbcc0: 7424 3848 | 8beb 4c8b | d04c 8954 | 2440 498b | d266 6690 

  0x000001f12f6bbcd4: ;   {optimized virtual_call}
  0x000001f12f6bbcd4: c5f8 77e8 

  0x000001f12f6bbcd8: ; ImmutableOopMap {rbp=Oop [40]=Oop [56]=Oop [64]=Oop [72]=Oop [80]=Oop [88]=Oop [96]=Oop [136]=Oop [248]=Oop [256]=Oop }
                      ;*invokespecial <init> {reexecute=0 rethrow=0 return_oop=0}
                      ; - java.util.jar.JarVerifier::<init>@80 (line 109)
                      ; - java.util.jar.JarFile::getManifestFromReference@78 (line 422)
                      ; - java.util.jar.JarFile::getManifest@1 (line 406)
                      ; - jdk.internal.loader.URLClassPath$JarLoader$2::getManifest@22 (line 886)
                      ; - java.net.URLClassLoader::defineClass@34 (line 491)
                      ; - java.net.URLClassLoader$1::run@43 (line 427)
                      ; - java.net.URLClassLoader$1::run@1 (line 421)
                      ; - java.security.AccessController::executePrivileged@29 (line 807)
                      ; - java.security.AccessController::doPrivileged@13 (line 712)
                      ; - java.net.URLClassLoader::findClass@13 (line 420)
  0x000001f12f6bbcd8: a456 96ff | 0f1f 4000 | 4180 7f38 | 000f 851c | 1500 0048 | 8bdd 4c8b | d34c 8b44 | 2440 4d8b 
  0x000001f12f6bbcf8: d84d 33da | 49c1 e803 | 4489 4314 | 49c1 eb16 | 4d85 db74 | 1c49 c1ea | 0948 b900 | 007f 3df1 
  0x000001f12f6bbd18: 0100 0049 | 03ca 6690 | 8039 040f | 85a4 1800 | 0049 8b87 | 0801 0000 | 4c8b d049 | 83c2 3066 
  0x000001f12f6bbd38: 0f1f 8400 | 0000 0000 | 4d3b 9718 | 0100 000f | 833e 3500 | 004d 8997 | 0801 0000 | 410f 0d8a 
  0x000001f12f6bbd58: c000 0000 | 48c7 0001 

  0x000001f12f6bbd60: ;   {metadata('java/util/Hashtable')}
  0x000001f12f6bbd60: 0000 00c7 | 4008 806f | 0100 4489 | 600c 4c89 | 6010 4c89 | 6018 4c89 | 6020 4c89 | 6028 488b 
  0x000001f12f6bbd80: eb4c 8bd0 | 4c89 5424 | 4049 8bd2 

  0x000001f12f6bbd8c: ;   {optimized virtual_call}
  0x000001f12f6bbd8c: c5f8 77e8 

  0x000001f12f6bbd90: ; ImmutableOopMap {rbp=Oop [40]=Oop [56]=Oop [64]=Oop [72]=Oop [80]=Oop [88]=Oop [96]=Oop [136]=Oop [248]=Oop [256]=Oop }
                      ;*invokespecial <init> {reexecute=0 rethrow=0 return_oop=0}
                      ; - java.util.jar.JarVerifier::<init>@91 (line 110)
                      ; - java.util.jar.JarFile::getManifestFromReference@78 (line 422)
                      ; - java.util.jar.JarFile::getManifest@1 (line 406)
                      ; - jdk.internal.loader.URLClassPath$JarLoader$2::getManifest@22 (line 886)
                      ; - java.net.URLClassLoader::defineClass@34 (line 491)
                      ; - java.net.URLClassLoader$1::run@43 (line 427)
                      ; - java.net.URLClassLoader$1::run@1 (line 421)
                      ; - java.security.AccessController::executePrivileged@29 (line 807)
                      ; - java.security.AccessController::doPrivileged@13 (line 712)
                      ; - java.net.URLClassLoader::findClass@13 (line 420)
  0x000001f12f6bbd90: ec55 96ff | 4180 7f38 | 000f 85a6 | 1400 0048 | 8bdd 4c8b | d34c 8b44 | 2440 4d8b | d84d 33da 
  0x000001f12f6bbdb0: 49c1 e803 | 4489 4310 | 49c1 eb16 | 0f1f 4000 | 4d85 db74 | 1a49 c1ea | 0948 b900 | 007f 3df1 
  0x000001f12f6bbdd0: 0100 0049 | 03ca 8039 | 040f 8548 | 1800 0049 | 8b87 0801 | 0000 4c8b | d049 83c2 | 304d 3b97 
  0x000001f12f6bbdf0: 1801 0000 | 0f83 ab34 | 0000 4d89 | 9708 0100 | 0041 0f0d | 8ac0 0000 | 0048 c700 | 0100 0000 
  0x000001f12f6bbe10: ;   {metadata('java/util/Hashtable')}
  0x000001f12f6bbe10: c740 0880 | 6f01 0044 | 8960 0c4c | 8960 104c | 8960 184c | 8960 204c | 8960 2848 | 8beb 4c8b 
  0x000001f12f6bbe30: d04c 8954 | 2440 498b | d241 b80b | 0000 0090 

  0x000001f12f6bbe40: ;   {optimized virtual_call}
  0x000001f12f6bbe40: c5f8 77e8 

  0x000001f12f6bbe44: ; ImmutableOopMap {rbp=Oop [40]=Oop [56]=Oop [64]=Oop [72]=Oop [80]=Oop [88]=Oop [96]=Oop [136]=Oop [248]=Oop [256]=Oop }
                      ;*invokespecial <init> {reexecute=0 rethrow=0 return_oop=0}
                      ; - java.util.jar.JarVerifier::<init>@104 (line 111)
                      ; - java.util.jar.JarFile::getManifestFromReference@78 (line 422)
                      ; - java.util.jar.JarFile::getManifest@1 (line 406)
                      ; - jdk.internal.loader.URLClassPath$JarLoader$2::getManifest@22 (line 886)
                      ; - java.net.URLClassLoader::defineClass@34 (line 491)
                      ; - java.net.URLClassLoader$1::run@43 (line 427)
                      ; - java.net.URLClassLoader$1::run@1 (line 421)
                      ; - java.security.AccessController::executePrivileged@29 (line 807)
                      ; - java.security.AccessController::doPrivileged@13 (line 712)
                      ; - java.net.URLClassLoader::findClass@13 (line 420)
  0x000001f12f6bbe44: 3855 96ff | 4180 7f38 | 000f 852c | 1400 0048 | 8bdd 4c8b | d34c 8b44 | 2440 4d8b | d84d 33da 
  0x000001f12f6bbe64: 49c1 e803 | 4489 4318 | 49c1 eb16 | 4d85 db74 | 1a49 c1ea | 0948 b900 | 007f 3df1 | 0100 0049 
  0x000001f12f6bbe84: 03ca 8039 | 040f 85e1 | 1700 0049 | 8b87 0801 | 0000 4c8b | d049 83c2 | 1866 6690 | 4d3b 9718 
  0x000001f12f6bbea4: 0100 000f | 8318 3400 | 004d 8997 | 0801 0000 | 410f 0d8a | c000 0000 | 48c7 0001 

  0x000001f12f6bbec0: ;   {metadata('java/util/ArrayList')}
  0x000001f12f6bbec0: 0000 00c7 | 4008 10df | 0000 4489 | 600c 4c89 | 6010 488b | eb4c 8bd0 | 4c89 5424 | 4049 8bd2 
  0x000001f12f6bbee0: ;   {optimized virtual_call}
  0x000001f12f6bbee0: c5f8 77e8 

  0x000001f12f6bbee4: ; ImmutableOopMap {rbp=Oop [40]=Oop [56]=Oop [64]=Oop [72]=Oop [80]=Oop [88]=Oop [96]=Oop [136]=Oop [248]=Oop [256]=Oop }
                      ;*invokespecial <init> {reexecute=0 rethrow=0 return_oop=0}
                      ; - java.util.jar.JarVerifier::<init>@115 (line 112)
                      ; - java.util.jar.JarFile::getManifestFromReference@78 (line 422)
                      ; - java.util.jar.JarFile::getManifest@1 (line 406)
                      ; - jdk.internal.loader.URLClassPath$JarLoader$2::getManifest@22 (line 886)
                      ; - java.net.URLClassLoader::defineClass@34 (line 491)
                      ; - java.net.URLClassLoader$1::run@43 (line 427)
                      ; - java.net.URLClassLoader$1::run@1 (line 421)
                      ; - java.security.AccessController::executePrivileged@29 (line 807)
                      ; - java.security.AccessController::doPrivileged@13 (line 712)
                      ; - java.net.URLClassLoader::findClass@13 (line 420)
  0x000001f12f6bbee4: 9854 96ff | 4180 7f38 | 000f 85cc | 1300 0048 | 8bdd 4c8b | d34c 8b44 | 2440 4d8b | d84d 33da 
  0x000001f12f6bbf04: 49c1 e803 | 4489 431c | 49c1 eb16 | 4d85 db74 | 1a49 c1ea | 0948 b900 | 007f 3df1 | 0100 0049 
  0x000001f12f6bbf24: 03ca 8039 | 040f 8598 | 1700 0049 | 8b87 0801 | 0000 4c8b | d049 83c2 | 1866 6690 | 4d3b 9718 
  0x000001f12f6bbf44: 0100 000f | 8398 3300 | 004d 8997 | 0801 0000 | 410f 0d8a | c000 0000 | 48c7 0001 

  0x000001f12f6bbf60: ;   {metadata('java/io/ByteArrayOutputStream')}
  0x000001f12f6bbf60: 0000 00c7 | 4008 e801 | 1900 4489 | 600c 4c89 | 6010 488b | eb4c 8bd0 | 4c89 5424 | 4049 8bd2 
  0x000001f12f6bbf80: ;   {optimized virtual_call}
  0x000001f12f6bbf80: c5f8 77e8 

  0x000001f12f6bbf84: ; ImmutableOopMap {rbp=Oop [40]=Oop [56]=Oop [64]=Oop [72]=Oop [80]=Oop [88]=Oop [96]=Oop [136]=Oop [248]=Oop [256]=Oop }
                      ;*invokespecial <init> {reexecute=0 rethrow=0 return_oop=0}
                      ; - java.util.jar.JarVerifier::<init>@126 (line 113)
                      ; - java.util.jar.JarFile::getManifestFromReference@78 (line 422)
                      ; - java.util.jar.JarFile::getManifest@1 (line 406)
                      ; - jdk.internal.loader.URLClassPath$JarLoader$2::getManifest@22 (line 886)
                      ; - java.net.URLClassLoader::defineClass@34 (line 491)
                      ; - java.net.URLClassLoader$1::run@43 (line 427)
                      ; - java.net.URLClassLoader$1::run@1 (line 421)
                      ; - java.security.AccessController::executePrivileged@29 (line 807)
                      ; - java.security.AccessController::doPrivileged@13 (line 712)
                      ; - java.net.URLClassLoader::findClass@13 (line 420)
  0x000001f12f6bbf84: f853 96ff | 4180 7f38 | 000f 856c | 1300 0048 | 8bdd 4c8b | d34c 8b44 | 2440 4d8b | d84d 33da 
  0x000001f12f6bbfa4: 49c1 e803 | 4489 4324 | 49c1 eb16 | 4d85 db74 | 1a49 c1ea | 0948 b900 | 007f 3df1 | 0100 0049 
  0x000001f12f6bbfc4: 03ca 8039 | 040f 8541 | 1700 0049 | 8b87 0801 | 0000 4c8b | d049 83c2 | 1866 6690 | 4d3b 9718 
  0x000001f12f6bbfe4: 0100 000f | 8318 3300 | 004d 8997 | 0801 0000 | 410f 0d8a | c000 0000 | 48c7 0001 

  0x000001f12f6bc000: ;   {metadata('java/util/ArrayList')}
  0x000001f12f6bc000: 0000 00c7 | 4008 10df | 0000 4489 | 600c 4c89 | 6010 488b | eb4c 8bd0 | 4c89 5424 | 4049 8bd2 
  0x000001f12f6bc020: ;   {optimized virtual_call}
  0x000001f12f6bc020: c5f8 77e8 

  0x000001f12f6bc024: ; ImmutableOopMap {rbp=Oop [40]=Oop [56]=Oop [64]=Oop [72]=Oop [80]=Oop [88]=Oop [96]=Oop [136]=Oop [248]=Oop [256]=Oop }
                      ;*invokespecial <init> {reexecute=0 rethrow=0 return_oop=0}
                      ; - java.util.jar.JarVerifier::<init>@137 (line 114)
                      ; - java.util.jar.JarFile::getManifestFromReference@78 (line 422)
                      ; - java.util.jar.JarFile::getManifest@1 (line 406)
                      ; - jdk.internal.loader.URLClassPath$JarLoader$2::getManifest@22 (line 886)
                      ; - java.net.URLClassLoader::defineClass@34 (line 491)
                      ; - java.net.URLClassLoader$1::run@43 (line 427)
                      ; - java.net.URLClassLoader$1::run@1 (line 421)
                      ; - java.security.AccessController::executePrivileged@29 (line 807)
                      ; - java.security.AccessController::doPrivileged@13 (line 712)
                      ; - java.net.URLClassLoader::findClass@13 (line 420)
  0x000001f12f6bc024: 5853 96ff | 4180 7f38 | 000f 850c | 1300 0048 | 8bdd 4c8b | d34c 8b44 | 2440 4d8b | d84d 33da 
  0x000001f12f6bc044: 49c1 e803 | 4489 4338 | 49c1 eb16 | 4d85 db74 | 1a49 c1ea | 0948 b900 | 007f 3df1 | 0100 0049 
  0x000001f12f6bc064: 03ca 8039 | 040f 85f8 | 1600 0049 | 8b87 0801 | 0000 4c8b | d049 83c2 | 3066 6690 | 4d3b 9718 
  0x000001f12f6bc084: 0100 000f | 8398 3200 | 004d 8997 | 0801 0000 | 410f 0d8a | c000 0000 | 48c7 0001 

  0x000001f12f6bc0a0: ;   {metadata('java/util/HashMap')}
  0x000001f12f6bc0a0: 0000 00c7 | 4008 2036 | 0b00 4489 | 600c 4c89 | 6010 4c89 | 6018 4c89 | 6020 4c89 | 6028 488b 
  0x000001f12f6bc0c0: eb4c 8bd0 | 4c89 5424 | 4049 8bd2 

  0x000001f12f6bc0cc: ;   {optimized virtual_call}
  0x000001f12f6bc0cc: c5f8 77e8 

  0x000001f12f6bc0d0: ; ImmutableOopMap {rbp=Oop [40]=Oop [56]=Oop [64]=Oop [72]=Oop [80]=Oop [88]=Oop [96]=Oop [136]=Oop [248]=Oop [256]=Oop }
                      ;*invokespecial <init> {reexecute=0 rethrow=0 return_oop=0}
                      ; - java.util.jar.JarVerifier::<init>@148 (line 115)
                      ; - java.util.jar.JarFile::getManifestFromReference@78 (line 422)
                      ; - java.util.jar.JarFile::getManifest@1 (line 406)
                      ; - jdk.internal.loader.URLClassPath$JarLoader$2::getManifest@22 (line 886)
                      ; - java.net.URLClassLoader::defineClass@34 (line 491)
                      ; - java.net.URLClassLoader$1::run@43 (line 427)
                      ; - java.net.URLClassLoader$1::run@1 (line 421)
                      ; - java.security.AccessController::executePrivileged@29 (line 807)
                      ; - java.security.AccessController::doPrivileged@13 (line 712)
                      ; - java.net.URLClassLoader::findClass@13 (line 420)
  0x000001f12f6bc0d0: ac52 96ff | 4180 7f38 | 000f 85e0 | 1200 0048 | 8bdd 4c8b | d34c 8b44 | 2440 4d8b | d84d 33da 
  0x000001f12f6bc0f0: 49c1 e803 | 4489 433c | 49c1 eb16 | 488b fb48 | c1ef 034d | 85db 741e | 49c1 ea09 | 48b9 0000 
  0x000001f12f6bc110: 7f3d f101 | 0000 4903 | ca80 3904 | 0f1f 4000 | 0f85 e116 | 0000 4180 | 7f38 000f | 854e 1200 
  0x000001f12f6bc130: 0048 8b74 | 2448 897e | 304c 8bd3 | 4c8b de4d | 33d3 49c1 | ea16 4d85 | d274 1e49 | c1eb 0948 
  0x000001f12f6bc150: b900 007f | 3df1 0100 | 0049 03cb | 0f1f 4000 | 8039 040f | 8547 1600 | 0049 8b87 | 0801 0000 
  0x000001f12f6bc170: 4c8b d049 | 83c2 1866 | 0f1f 8400 | 0000 0000 | 4d3b 9718 | 0100 000f | 83b8 3100 | 004d 8997 
  0x000001f12f6bc190: 0801 0000 | 410f 0d8a | c000 0000 | 48c7 0001 

  0x000001f12f6bc1a0: ;   {metadata('java/util/jar/Manifest')}
  0x000001f12f6bc1a0: 0000 00c7 | 4008 009c | 0600 4489 | 600c 4c89 | 6010 4c8b | d88b 6e30 | 498b 8708 | 0100 004c 
  0x000001f12f6bc1c0: 8bd0 4983 | c220 4d3b | 9718 0100 | 000f 8392 | 3100 004d | 8997 0801 | 0000 410f | 0d8a c000 
  0x000001f12f6bc1e0: 0000 48c7 | 0001 0000 

  0x000001f12f6bc1e8: ;   {metadata('java/io/ByteArrayInputStream')}
  0x000001f12f6bc1e8: 00c7 4008 | c0a2 0100 | 4489 600c | 4c89 6010 | 4c89 6018 | 4889 7424 | 484c 895c | 2440 4c8b 
  0x000001f12f6bc208: d04c 8954 | 2470 498b | d24c 8b44 | 2438 6690 

  0x000001f12f6bc218: ;   {optimized virtual_call}
  0x000001f12f6bc218: c5f8 77e8 

  0x000001f12f6bc21c: ; ImmutableOopMap {rbp=NarrowOop [40]=Oop [64]=Oop [72]=Oop [80]=Oop [88]=Oop [96]=Oop [112]=Oop [136]=Oop [248]=Oop [256]=Oop }
                      ;*invokespecial <init> {reexecute=0 rethrow=0 return_oop=0}
                      ; - java.util.jar.JarFile::getManifestFromReference@114 (line 430)
                      ; - java.util.jar.JarFile::getManifest@1 (line 406)
                      ; - jdk.internal.loader.URLClassPath$JarLoader$2::getManifest@22 (line 886)
                      ; - java.net.URLClassLoader::defineClass@34 (line 491)
                      ; - java.net.URLClassLoader$1::run@43 (line 427)
                      ; - java.net.URLClassLoader$1::run@1 (line 421)
                      ; - java.security.AccessController::executePrivileged@29 (line 807)
                      ; - java.security.AccessController::doPrivileged@13 (line 712)
                      ; - java.net.URLClassLoader::findClass@13 (line 420)
  0x000001f12f6bc21c: 6051 96ff | 4c8b 5424 | 4845 8b52 | 144c 8bc5 | 49c1 e003 | 498b fa48 | c1e7 0348 | 8b54 2440 
  0x000001f12f6bc23c: 4c8b 4c24 | 7066 6690 

  0x000001f12f6bc244: ;   {optimized virtual_call}
  0x000001f12f6bc244: c5f8 77e8 

  0x000001f12f6bc248: ; ImmutableOopMap {[40]=Oop [64]=Oop [72]=Oop [80]=Oop [88]=Oop [96]=Oop [136]=Oop [248]=Oop [256]=Oop }
                      ;*invokespecial <init> {reexecute=0 rethrow=0 return_oop=0}
                      ; - java.util.jar.JarFile::getManifestFromReference@121 (line 430)
                      ; - java.util.jar.JarFile::getManifest@1 (line 406)
                      ; - jdk.internal.loader.URLClassPath$JarLoader$2::getManifest@22 (line 886)
                      ; - java.net.URLClassLoader::defineClass@34 (line 491)
                      ; - java.net.URLClassLoader$1::run@43 (line 427)
                      ; - java.net.URLClassLoader$1::run@1 (line 421)
                      ; - java.security.AccessController::executePrivileged@29 (line 807)
                      ; - java.security.AccessController::doPrivileged@13 (line 712)
                      ; - java.net.URLClassLoader::findClass@13 (line 420)
  0x000001f12f6bc248: 3451 96ff | 4c8b 5424 | 404c 8994 | 2480 0000 | 0049 8b87 | 0801 0000 | 4c8b d049 | 83c2 284d 
  0x000001f12f6bc268: 3b97 1801 | 0000 0f83 | ff2d 0000 | 4d89 9708 | 0100 0041 | 0f0d 8ac0 | 0000 0048 | c700 0100 
  0x000001f12f6bc288: ;   {metadata('java/lang/ref/SoftReference')}
  0x000001f12f6bc288: 0000 c740 | 08b0 6304 | 0044 8960 | 0c4c 8960 | 104c 8960 | 184c 8960 | 204c 8bd0 | 498b ea49 
  0x000001f12f6bc2a8: 8bd2 4c8b | 8424 8000 | 0000 6690 

  0x000001f12f6bc2b4: ;   {optimized virtual_call}
  0x000001f12f6bc2b4: c5f8 77e8 

  0x000001f12f6bc2b8: ; ImmutableOopMap {rbp=Oop [40]=Oop [72]=Oop [80]=Oop [88]=Oop [96]=Oop [128]=Oop [136]=Oop [248]=Oop [256]=Oop }
                      ;*invokespecial <init> {reexecute=0 rethrow=0 return_oop=0}
                      ; - java.util.jar.JarFile::getManifestFromReference@189 (line 436)
                      ; - java.util.jar.JarFile::getManifest@1 (line 406)
                      ; - jdk.internal.loader.URLClassPath$JarLoader$2::getManifest@22 (line 886)
                      ; - java.net.URLClassLoader::defineClass@34 (line 491)
                      ; - java.net.URLClassLoader$1::run@43 (line 427)
                      ; - java.net.URLClassLoader$1::run@1 (line 421)
                      ; - java.security.AccessController::executePrivileged@29 (line 807)
                      ; - java.security.AccessController::doPrivileged@13 (line 712)
                      ; - java.net.URLClassLoader::findClass@13 (line 420)
  0x000001f12f6bc2b8: c46f dbef | 0f1f 4000 | 4180 7f38 | 000f 856c | 0700 0048 | 8b5c 2448 | 4c8b d34c | 8bc5 4d8b 
  0x000001f12f6bc2d8: d849 c1eb | 0344 895b | 284d 8bd8 | 4d33 da49 | c1eb 164d | 85db 741a | 49c1 ea09 | 4c8b 4424 
  0x000001f12f6bc2f8: 304d 03c2 | 0f1f 4000 | 4180 3804 | 0f85 6907 | 0000 488b | 7c24 504c | 8b94 2480 | 0000 00e9 
  0x000001f12f6bc318: 5bf0 ffff | 33ed 4533 | d24c 8954 | 2420 e908 | e5ff ff49 | 8bd1 41b8 | 0100 0000 

  0x000001f12f6bc334: ;   {optimized virtual_call}
  0x000001f12f6bc334: c5f8 77e8 

  0x000001f12f6bc338: ; ImmutableOopMap {[40]=Oop [48]=Oop [80]=Oop [88]=Oop [96]=Oop [112]=NarrowOop [120]=Oop [136]=Oop [248]=Oop [256]=Oop }
                      ;*invokevirtual getManifestName {reexecute=0 rethrow=0 return_oop=1}
                      ; - java.util.zip.ZipFile$1::getManifestName@2 (line 1123)
                      ; - java.util.jar.JarFile::maybeInstantiateVerifier@20 (line 723)
                      ; - java.util.jar.JarFile::ensureInitialization@1 (line 1031)
                      ; - java.util.jar.JavaUtilJarAccessImpl::ensureInitialization@1 (line 72)
                      ; - jdk.internal.loader.URLClassPath$JarLoader$2::getManifest@10 (line 885)
                      ; - java.net.URLClassLoader::defineClass@34 (line 491)
                      ; - java.net.URLClassLoader$1::run@43 (line 427)
                      ; - java.net.URLClassLoader$1::run@1 (line 421)
                      ; - java.security.AccessController::executePrivileged@29 (line 807)
                      ; - java.security.AccessController::doPrivileged@13 (line 712)
                      ; - java.net.URLClassLoader::findClass@13 (line 420)
  0x000001f12f6bc338: c41a deef | 0f1f 4000 | 4885 c00f | 852f 0300 | 0044 8b54 | 2470 4788 | 64d4 12e9 | d3ee ffff 
  0x000001f12f6bc358: 4d89 44dc | 2066 6690 | e901 f0ff | ff48 8974 | 2450 4889 | 7c24 4849 | 8be8 488b | d645 33c0 
  0x000001f12f6bc378: ;   {optimized virtual_call}
  0x000001f12f6bc378: c5f8 77e8 

  0x000001f12f6bc37c: ; ImmutableOopMap {[40]=Oop [72]=Oop [80]=Oop [88]=Oop [96]=Oop [136]=Oop [248]=Oop [256]=Oop }
                      ;*invokevirtual getManifestName {reexecute=0 rethrow=0 return_oop=1}
                      ; - java.util.zip.ZipFile$1::getManifestName@2 (line 1123)
                      ; - java.util.jar.JarFile::getManEntry@12 (line 942)
                      ; - java.util.jar.JarFile::getManifestFromReference@27 (line 414)
                      ; - java.util.jar.JarFile::getManifest@1 (line 406)
                      ; - jdk.internal.loader.URLClassPath$JarLoader$2::getManifest@22 (line 886)
                      ; - java.net.URLClassLoader::defineClass@34 (line 491)
                      ; - java.net.URLClassLoader$1::run@43 (line 427)
                      ; - java.net.URLClassLoader$1::run@1 (line 421)
                      ; - java.security.AccessController::executePrivileged@29 (line 807)
                      ; - java.security.AccessController::doPrivileged@13 (line 712)
                      ; - java.net.URLClassLoader::findClass@13 (line 420)
  0x000001f12f6bc37c: 0050 96ff | 4885 c00f | 84be 0200 | 0048 8b54 | 2450 4c8b | c066 6690 

  0x000001f12f6bc394: ;   {optimized virtual_call}
  0x000001f12f6bc394: c5f8 77e8 

  0x000001f12f6bc398: ; ImmutableOopMap {[40]=Oop [72]=Oop [80]=Oop [88]=Oop [96]=Oop [136]=Oop [248]=Oop [256]=Oop }
                      ;*invokespecial getEntry {reexecute=0 rethrow=0 return_oop=1}
                      ; - java.util.jar.JarFile::getManEntry@25 (line 944)
                      ; - java.util.jar.JarFile::getManifestFromReference@27 (line 414)
                      ; - java.util.jar.JarFile::getManifest@1 (line 406)
                      ; - jdk.internal.loader.URLClassPath$JarLoader$2::getManifest@22 (line 886)
                      ; - java.net.URLClassLoader::defineClass@34 (line 491)
                      ; - java.net.URLClassLoader$1::run@43 (line 427)
                      ; - java.net.URLClassLoader$1::run@1 (line 421)
                      ; - java.security.AccessController::executePrivileged@29 (line 807)
                      ; - java.security.AccessController::doPrivileged@13 (line 712)
                      ; - java.net.URLClassLoader::findClass@13 (line 420)
  0x000001f12f6bc398: e44f 96ff | 488b d890 

  0x000001f12f6bc3a0: ; implicit exception: dispatches to 0x000001f12f6c23c8
  0x000001f12f6bc3a0: 448b 5008 | 49bb 0000 | 0056 f101 | 0000 4d03 | da4d 8b53 

  0x000001f12f6bc3b4: ;   {metadata('java/util/jar/JarEntry')}
  0x000001f12f6bc3b4: 4049 bb68 | af18 56f1 | 0100 0090 | 4d3b d30f | 8547 4e00 | 0041 807f | 3800 0f85 | b92c 0000 
  0x000001f12f6bc3d4: 488b 7424 | 504c 8bd6 | 4c8b c349 | c1e8 0344 | 8946 2c4c | 8bdb 4d33 | da49 c1eb | 164d 85db 
  0x000001f12f6bc3f4: 741a 49c1 | ea09 48b9 | 0000 7f3d | f101 0000 | 4903 ca80 | 3904 0f85 | b92c 0000 | 4c8b c548 
  0x000001f12f6bc414: 8b7c 2448 | e9b2 f1ff | ff89 7424 | 3c44 894c | 2438 4c89 | 5424 3048 | 8b6c 2458 | 498b d266 
  0x000001f12f6bc434: 6690 c5f8 | 7748 b8ff | ffff ffff 

  0x000001f12f6bc440: ;   {virtual_call}
  0x000001f12f6bc440: ffff ffe8 

  0x000001f12f6bc444: ; ImmutableOopMap {rbp=Oop [40]=Oop [48]=Oop [96]=Oop [120]=Oop [136]=Oop }
                      ;*invokevirtual getCodeSourceURL {reexecute=0 rethrow=0 return_oop=1}
                      ; - java.net.URLClassLoader::defineClass@13 (line 487)
                      ; - java.net.URLClassLoader$1::run@43 (line 427)
                      ; - java.net.URLClassLoader$1::run@1 (line 421)
                      ; - java.security.AccessController::executePrivileged@29 (line 807)
                      ; - java.security.AccessController::doPrivileged@13 (line 712)
                      ; - java.net.URLClassLoader::findClass@13 (line 420)
  0x000001f12f6bc444: 5818 96ff | 4889 8424 | f800 0000 | 4889 6c24 | 5844 8b4c | 2438 8b74 | 243c 6690 | e9ec eaff 
  0x000001f12f6bc464: ff48 8b94 | 2488 0000 | 0090 c5f8 | 7748 b808 | 9f26 57f1 

  0x000001f12f6bc478: ;   {virtual_call}
  0x000001f12f6bc478: 0100 00e8 

  0x000001f12f6bc47c: ; ImmutableOopMap {[40]=Oop [88]=Oop [96]=Oop [136]=Oop [248]=Oop }
                      ;*invokevirtual getBytes {reexecute=0 rethrow=0 return_oop=1}
                      ; - java.net.URLClassLoader::defineClass@179 (line 519)
                      ; - java.net.URLClassLoader$1::run@43 (line 427)
                      ; - java.net.URLClassLoader$1::run@1 (line 421)
                      ; - java.security.AccessController::executePrivileged@29 (line 807)
                      ; - java.security.AccessController::doPrivileged@13 (line 712)
                      ; - java.net.URLClassLoader::findClass@13 (line 420)
  0x000001f12f6bc47c: c02e 2a00 | 4889 4424 | 48e9 7fef 

  0x000001f12f6bc488: ;   {metadata('jdk/internal/loader/URLClassPath$FileLoader$1')}
  0x000001f12f6bc488: ffff 81fd | 089f 2601 | 0f84 97ef | ffff bac6 | ffff ff48 | 8b6c 2458 | 4c8b 5424 | 284c 8954 
  0x000001f12f6bc4a8: 2420 4c8b | 5424 604c | 8954 2440 | 4c8b 5424 | 684c 8954 | 2458 6690 

  0x000001f12f6bc4c0: ;   {runtime_call UncommonTrapBlob}
  0x000001f12f6bc4c0: c5f8 77e8 

  0x000001f12f6bc4c4: ; ImmutableOopMap {rbp=Oop [32]=Oop [64]=Oop [72]=Oop [136]=Oop [248]=Oop }
                      ;*invokevirtual getCodeSigners {reexecute=0 rethrow=0 return_oop=0}
                      ; - java.net.URLClassLoader::defineClass@185 (line 521)
                      ; - java.net.URLClassLoader$1::run@43 (line 427)
                      ; - java.net.URLClassLoader$1::run@1 (line 421)
                      ; - java.security.AccessController::executePrivileged@29 (line 807)
                      ; - java.security.AccessController::doPrivileged@13 (line 712)
                      ; - java.net.URLClassLoader::findClass@13 (line 420)
  0x000001f12f6bc4c4: 38a4 96ff | 41ba ffff | ffff e96f | f3ff ff48 | 8984 24d0 | 0000 000f | 1f44 0000 | e9a9 f3ff 
  0x000001f12f6bc4e4: ff85 ed0f | 844b eeff | ff4d 8b57 | 2048 8bcd | 48c1 e103 | 4d85 d20f | 1f44 0000 | 0f84 2a35 
  0x000001f12f6bc504: 0000 4d8b | 5f30 4b89 | 4c13 f849 | 83c2 f84d | 8957 20e9 | 1cee ffff 

  0x000001f12f6bc51c: ;   {oop(""{0x000000060042a410})}
  0x000001f12f6bc51c: 49bd 10a4 | 4200 0600 | 0000 e903 | ecff ff4d | 8bca 4c8b | da4c 8974 | 2438 4c8b | d14c 896c 
  0x000001f12f6bc53c: 2430 448b | f64c 63c5 | 498b c848 | 83c1 1048 | 8bd1 4883 | e2f8 488b | 7c24 3848 | 03fa 48c1 
  0x000001f12f6bc55c: e903 4c2b | d149 8bca | 4833 c048 | 83f9 087f | 1048 ffc9 | 784f 4889 | 04cf 48ff | c97d f7eb 
  0x000001f12f6bc57c: 44c5 fdef | c0e9 0d00 | 0000 c5fe | 7f07 c5fe | 7f47 2048 | 83c7 4048 | 83e9 087d | ed48 83c1 
  0x000001f12f6bc59c: 047c 0cc5 | fe7f 0748 | 83c7 2048 | 83e9 0448 | 83c1 047e | 1048 ffc9 | c5f9 d607 | 4883 c708 
  0x000001f12f6bc5bc: 48ff c97d | f349 8bc9 | 498b d3c5 | f877 49ba | 607f 002f | f101 0000 | 41ff d241 | 8bf6 4c8b 
  0x000001f12f6bc5dc: 6c24 304c | 8b74 2438 | e90a ebff | ff4d 8b57 | 404d 8b5f | 50f0 8344 | 24c0 0080 | 3900 660f 
  0x000001f12f6bc5fc: 1f44 0000 | 0f84 24eb | ffff 4488 | 214d 85d2 | 7527 498b | d766 6666 | 0f1f 8400 | 0000 0000 
  0x000001f12f6bc61c: 6666 6690 | c5f8 7749 | ba50 6b24 | b5fb 7f00 | 0041 ffd2 | e9f5 eaff | ff4b 894c | 13f8 4983 
  0x000001f12f6bc63c: c2f8 4d89 | 5740 e9e3 | eaff ff4c | 8bc5 488b | 7c24 4848 | 8b74 2450 | e976 efff | ff47 0fb6 
  0x000001f12f6bc65c: 44d4 1190 | 4585 c00f | 845e 0400 | 0049 b800 | 007f 3df1 | 0100 00e9 | d8eb ffff | 0f1f 8400 
  0x000001f12f6bc67c: 0000 0000 

  0x000001f12f6bc680: ;   {metadata('java/util/jar/JarFile')}
  0x000001f12f6bc680: 81fd 8880 | 1800 0f85 | 4450 0000 | 4c8b 5424 | 304d 8bda | 418b 7b28 | 85ff 660f | 1f44 0000 
  0x000001f12f6bc6a0: 0f84 9f13 | 0000 418b | 6cfc 0c41 | 807f 3800 | 0f85 ef33 | 0000 4d8b | c30f 1f80 | 0000 0000 
  0x000001f12f6bc6c0: ; implicit exception: dispatches to 0x000001f12f6c23f8
  0x000001f12f6bc6c0: 458b 5cec | 084d 8b54 

  0x000001f12f6bc6c8: ;   {oop(a 'java/lang/Class'{0x00000006007066f0} = 'java/lang/ref/SoftReference')}
  0x000001f12f6bc6c8: fc20 49b9 | f066 7000 | 0600 0000 | 4d8b 4970 | 4d3b d10f | 1f44 0000 | 0f85 8329 

  0x000001f12f6bc6e4: ;   {metadata('java/util/jar/Manifest')}
  0x000001f12f6bc6e4: 0000 4181 | fb00 9c06 | 000f 85e1 | 5900 0048 | 8b7c 2450 | 448b 5424 | 704c 8b4c | 2430 e92e 
  0x000001f12f6bc704: ebff ff45 | 33d2 e968 | ecff ff44 | 8944 246c | 4889 4424 | 7044 8954 | 2468 4489 | 6c24 5c89 
  0x000001f12f6bc724: 7424 584c | 895c 2450 | 4c89 4c24 | 4848 895c | 2440 4c8b | 5424 204c | 8954 2438 | 4c8b 5424 
  0x000001f12f6bc744: 604c 8954 | 2428 4c89 

  0x000001f12f6bc74c: ;   {metadata({type array byte})}
  0x000001f12f6bc74c: 7424 2048 | ba28 6700 | 56f1 0100 | 0066 6690 

  0x000001f12f6bc75c: ;   {runtime_call _new_array_Java}
  0x000001f12f6bc75c: c5f8 77e8 

  0x000001f12f6bc760: ; ImmutableOopMap {[32]=Oop [40]=Oop [64]=Oop [72]=Oop [80]=Oop [120]=Oop }
                      ;*invokevirtual allocateUninitializedArray0 {reexecute=0 rethrow=0 return_oop=1}
                      ; - jdk.internal.misc.Unsafe::allocateUninitializedArray@51 (line 1375)
                      ; - java.lang.StringConcatHelper::newArray@33 (line 497)
                      ; - java.lang.StringConcatHelper::simpleConcat@61 (line 421)
                      ; - java.lang.String::concat@11 (line 2774)
                      ; - java.net.URLClassLoader$1::run@13 (line 423)
                      ; - java.net.URLClassLoader$1::run@1 (line 421)
                      ; - java.security.AccessController::executePrivileged@29 (line 807)
                      ; - java.security.AccessController::doPrivileged@13 (line 712)
                      ; - java.net.URLClassLoader::findClass@13 (line 420)
  0x000001f12f6bc760: 9cb4 97ff | 488b c84c | 8b74 2420 | 4c8b 5424 | 284c 8954 | 2460 4c8b | 5424 384c | 8954 2420 
  0x000001f12f6bc780: 488b 5c24 | 404c 8b4c | 2448 4c8b | 5c24 508b | 7424 5844 | 8b6c 245c | 448b 5424 | 6848 8b44 
  0x000001f12f6bc7a0: 2470 448b | 4424 6c48 | 8bf9 e953 | e4ff ff48 | 897c 2440 | 4889 5c24 | 384c 8b54 | 2420 4c89 
  0x000001f12f6bc7c0: 5424 304c | 8974 2420 

  0x000001f12f6bc7c8: ;   {metadata('java/lang/String')}
  0x000001f12f6bc7c8: 48ba e0e9 | 0056 f101 | 0000 6690 

  0x000001f12f6bc7d4: ;   {runtime_call _new_instance_Java}
  0x000001f12f6bc7d4: c5f8 77e8 

  0x000001f12f6bc7d8: ; ImmutableOopMap {[32]=Oop [56]=Oop [64]=Oop [96]=Oop [120]=Oop }
                      ;*new {reexecute=0 rethrow=0 return_oop=1}
                      ; - java.lang.StringConcatHelper::newString@6 (line 387)
                      ; - java.lang.StringConcatHelper::simpleConcat@90 (line 426)
                      ; - java.lang.String::concat@11 (line 2774)
                      ; - java.net.URLClassLoader$1::run@13 (line 423)
                      ; - java.net.URLClassLoader$1::run@1 (line 421)
                      ; - java.security.AccessController::executePrivileged@29 (line 807)
                      ; - java.security.AccessController::doPrivileged@13 (line 712)
                      ; - java.net.URLClassLoader::findClass@13 (line 420)
  0x000001f12f6bc7d8: 24b7 97ff | 4c8b 7424 | 204c 8b5c | 2430 4c89 | 5c24 2048 | 8b5c 2438 | 488b 7c24 | 404c 8bc0 
  0x000001f12f6bc7f8: e9bb e4ff | ff48 8b54 | 2460 4c8b | 8424 0001 | 0000 4c8b | 4c24 2048 | 8b7c 2420 | 488b 7424 
  0x000001f12f6bc818: 2048 8b4c | 2420 4c8b | 5424 204c | 8914 244c | 8b54 2420 | 4c89 5424 | 084c 8b54 | 2420 4c89 
  0x000001f12f6bc838: 5424 1090 

  0x000001f12f6bc83c: ;   {optimized virtual_call}
  0x000001f12f6bc83c: c5f8 77e8 

  0x000001f12f6bc840: ; ImmutableOopMap {[40]=Oop [48]=Oop [88]=Oop [96]=Oop [136]=Oop [248]=Oop [256]=Oop }
                      ;*invokevirtual definePackage {reexecute=0 rethrow=0 return_oop=1}
                      ; - java.net.URLClassLoader::defineClass@81 (line 497)
                      ; - java.net.URLClassLoader$1::run@43 (line 427)
                      ; - java.net.URLClassLoader$1::run@1 (line 421)
                      ; - java.security.AccessController::executePrivileged@29 (line 807)
                      ; - java.security.AccessController::doPrivileged@13 (line 712)
                      ; - java.net.URLClassLoader::findClass@13 (line 420)
  0x000001f12f6bc840: 3c4b 96ff | e964 ebff 

  0x000001f12f6bc848: ;   {metadata('java/lang/ClassNotFoundException')}
  0x000001f12f6bc848: ff48 ba00 | 2802 56f1 | 0100 0090 

  0x000001f12f6bc854: ;   {runtime_call _new_instance_Java}
  0x000001f12f6bc854: c5f8 77e8 

  0x000001f12f6bc858: ; ImmutableOopMap {[88]=Oop }
                      ;*new {reexecute=0 rethrow=0 return_oop=1}
                      ; - java.net.URLClassLoader::findClass@36 (line 445)
  0x000001f12f6bc858: a4b6 97ff | 0f1f 4000 | e975 e6ff | ff48 8944 | 2458 8974 | 2454 894c | 2450 4489 | 6c24 4c44 
  0x000001f12f6bc878: 8944 2448 | 4889 5c24 | 404c 8b54 | 2420 4c89 | 5424 384c | 8b54 2460 | 4c89 5424 | 284c 8974 
  0x000001f12f6bc898: ;   {metadata({type array byte})}
  0x000001f12f6bc898: 2420 48ba | 2867 0056 | f101 0000 | 458b c590 

  0x000001f12f6bc8a8: ;   {runtime_call _new_array_Java}
  0x000001f12f6bc8a8: c5f8 77e8 

  0x000001f12f6bc8ac: ; ImmutableOopMap {[32]=Oop [40]=Oop [64]=Oop [72]=NarrowOop [88]=Oop [120]=Oop }
                      ;*invokevirtual allocateUninitializedArray0 {reexecute=0 rethrow=0 return_oop=1}
                      ; - jdk.internal.misc.Unsafe::allocateUninitializedArray@51 (line 1375)
                      ; - java.lang.StringConcatHelper::newArray@33 (line 497)
                      ; - java.lang.StringLatin1::replace@49 (line 313)
                      ; - java.lang.String::replace@18 (line 2808)
                      ; - java.net.URLClassLoader$1::run@8 (line 423)
                      ; - java.net.URLClassLoader$1::run@1 (line 421)
                      ; - java.security.AccessController::executePrivileged@29 (line 807)
                      ; - java.security.AccessController::doPrivileged@13 (line 712)
                      ; - java.net.URLClassLoader::findClass@13 (line 420)
  0x000001f12f6bc8ac: 50b3 97ff | 4c8b d04c | 8b74 2420 | 4c8b 5c24 | 284c 895c | 2460 4c8b | 5c24 384c | 895c 2420 
  0x000001f12f6bc8cc: 488b 5c24 | 4044 8b44 | 2448 448b | 6c24 4c8b | 4c24 508b | 7424 5448 | 8b44 2458 | 4d8b cae9 
  0x000001f12f6bc8ec: bcdf ffff | 4c89 4c24 | 4048 895c | 2438 4c8b | 5424 204c | 8954 2430 | 4c89 7424 

  0x000001f12f6bc908: ;   {metadata('java/lang/String')}
  0x000001f12f6bc908: 2048 bae0 | e900 56f1 | 0100 0090 

  0x000001f12f6bc914: ;   {runtime_call _new_instance_Java}
  0x000001f12f6bc914: c5f8 77e8 

  0x000001f12f6bc918: ; ImmutableOopMap {[32]=Oop [56]=Oop [64]=Oop [96]=Oop [120]=Oop }
                      ;*new {reexecute=0 rethrow=0 return_oop=1}
                      ; - java.lang.StringLatin1::replace@116 (line 322)
                      ; - java.lang.String::replace@18 (line 2808)
                      ; - java.net.URLClassLoader$1::run@8 (line 423)
                      ; - java.net.URLClassLoader$1::run@1 (line 421)
                      ; - java.security.AccessController::executePrivileged@29 (line 807)
                      ; - java.security.AccessController::doPrivileged@13 (line 712)
                      ; - java.net.URLClassLoader::findClass@13 (line 420)
  0x000001f12f6bc918: e4b5 97ff | 4c8b 7424 | 204c 8b5c | 2430 4c89 | 5c24 2048 | 8b5c 2438 | 4c8b 4c24 | 404c 8bd8 
  0x000001f12f6bc938: e9b6 e1ff 

  0x000001f12f6bc93c: ;   {metadata('java/security/CodeSource')}
  0x000001f12f6bc93c: ff48 baa0 | ee00 56f1 | 0100 0090 

  0x000001f12f6bc948: ;   {runtime_call _new_instance_Java}
  0x000001f12f6bc948: c5f8 77e8 

  0x000001f12f6bc94c: ; ImmutableOopMap {[32]=Oop [40]=Oop [72]=Oop [88]=Oop [96]=Oop [136]=Oop [248]=Oop }
                      ;*new {reexecute=0 rethrow=0 return_oop=1}
                      ; - java.net.URLClassLoader::defineClass@190 (line 522)
                      ; - java.net.URLClassLoader$1::run@43 (line 427)
                      ; - java.net.URLClassLoader$1::run@1 (line 421)
                      ; - java.security.AccessController::executePrivileged@29 (line 807)
                      ; - java.security.AccessController::doPrivileged@13 (line 712)
                      ; - java.net.URLClassLoader::findClass@13 (line 420)
  0x000001f12f6bc94c: b0b5 97ff | e925 ebff | ff44 895c | 2444 8974 | 2440 418b | e94c 8b94 | 2488 0000 | 004c 8954 
  0x000001f12f6bc96c: 2438 4c8b | 5424 584c | 8954 2430 

  0x000001f12f6bc978: ;   {metadata('java/lang/String')}
  0x000001f12f6bc978: 48ba e0e9 | 0056 f101 | 0000 6690 

  0x000001f12f6bc984: ;   {runtime_call _new_instance_Java}
  0x000001f12f6bc984: c5f8 77e8 

  0x000001f12f6bc988: ; ImmutableOopMap {[40]=Oop [48]=Oop [56]=Oop [68]=NarrowOop [96]=Oop [120]=Oop [136]=Oop [248]=Oop }
                      ;*new {reexecute=0 rethrow=0 return_oop=1}
                      ; - java.lang.StringLatin1::newString@7 (line 769)
                      ; - java.lang.String::substring@41 (line 2714)
                      ; - java.net.URLClassLoader::defineClass@28 (line 489)
                      ; - java.net.URLClassLoader$1::run@43 (line 427)
                      ; - java.net.URLClassLoader$1::run@1 (line 421)
                      ; - java.security.AccessController::executePrivileged@29 (line 807)
                      ; - java.security.AccessController::doPrivileged@13 (line 712)
                      ; - java.net.URLClassLoader::findClass@13 (line 420)
  0x000001f12f6bc988: 74b5 97ff | 4c8b 5c24 | 304c 895c | 2458 448b | cd8b 7424 | 4044 8b5c | 2444 4c8b | e8e9 4ae6 
  0x000001f12f6bc9a8: ffff 4c89 | 8424 8000 | 0000 4889 | 4c24 704c | 896c 2450 | 4489 5c24 | 4889 7424 | 4444 894c 
  0x000001f12f6bc9c8: 2440 4c8b | 9424 8800 | 0000 4c89 | 5424 384c | 8b54 2458 | 4c89 5424 

  0x000001f12f6bc9e0: ;   {metadata({type array byte})}
  0x000001f12f6bc9e0: 3048 ba28 | 6700 56f1 | 0100 0045 | 8bc1 6690 

  0x000001f12f6bc9f0: ;   {runtime_call _new_array_nozero_Java}
  0x000001f12f6bc9f0: c5f8 77e8 

  0x000001f12f6bc9f4: ; ImmutableOopMap {[40]=Oop [48]=Oop [56]=Oop [72]=NarrowOop [80]=Oop [96]=Oop [120]=Oop [248]=Oop }
                      ;*newarray {reexecute=0 rethrow=0 return_oop=1}
                      ; - java.util.Arrays::copyOfRange@41 (line 3822)
                      ; - java.lang.StringLatin1::newString@16 (line 769)
                      ; - java.lang.String::substring@41 (line 2714)
                      ; - java.net.URLClassLoader::defineClass@28 (line 489)
                      ; - java.net.URLClassLoader$1::run@43 (line 427)
                      ; - java.net.URLClassLoader$1::run@1 (line 421)
                      ; - java.security.AccessController::executePrivileged@29 (line 807)
                      ; - java.security.AccessController::doPrivileged@13 (line 712)
                      ; - java.net.URLClassLoader::findClass@13 (line 420)
  0x000001f12f6bc9f4: 88ae 97ff | 4c8b 5c24 | 304c 895c | 2458 4c8b | 5c24 384c | 899c 2488 | 0000 0044 | 8b4c 2440 
  0x000001f12f6bca14: 8b74 2444 | 448b 5c24 | 484c 8b6c | 2450 488b | 4c24 704c | 8b84 2480 | 0000 004c | 8bf0 e970 
  0x000001f12f6bca34: e6ff ff48 | 8b5c 2448 | 448b 5b28 | 4585 db0f | 8487 f8ff | ff4d 8b57 | 2049 8bcb | 48c1 e103 
  0x000001f12f6bca54: 4d85 d20f | 84db 3200 | 004d 8b5f | 304b 894c | 13f8 4983 | c2f8 4d89 | 5720 e95d | f8ff ff4d 
  0x000001f12f6bca74: 8b57 404d | 8b5f 50f0 | 8344 24c0 | 0041 8038 | 000f 847f | f8ff ff45 | 8820 4d85 | d275 2249 
  0x000001f12f6bca94: 8bc8 498b | d70f 1f80 | 0000 0000 | c5f8 7749 | ba50 6b24 | b5fb 7f00 | 0041 ffd2 | e955 f8ff 
  0x000001f12f6bcab4: ff4f 8944 | 13f8 4983 | c2f8 4d89 | 5740 e943 | f8ff ff4c | 894c 2430 | 4489 5424 | 7048 897c 
  0x000001f12f6bcad4: 2450 4c8b | 5424 7845 | 8b52 4444 | 8954 2474 | 4585 d20f | 84f8 2f00 | 0047 8b5c | d414 4489 
  0x000001f12f6bcaf4: 9c24 8000 | 0000 660f | 1f44 0000 

  0x000001f12f6bcb00: ; implicit exception: dispatches to 0x000001f12f6c2430
  0x000001f12f6bcb00: 478b 54dc | 0c44 8994 | 2484 0000 | 0041 ffca | 458b da41 | 81e3 8e0c | 91c3 4489 | 9c24 9000 
  0x000001f12f6bcb20: 0000 448b | 9424 8400 | 0000 4585 | d20f 86c5 | 4d00 0044 | 8b9c 2480 | 0000 004b | 8d2c dc44 
  0x000001f12f6bcb40: 8b94 2490 | 0000 0046 | 8b44 9510 | 448b 5c24 | 744f 8d14 | dc4c 8954 | 2438 660f | 1f44 0000 
  0x000001f12f6bcb60: 4585 c00f | 84be 2500 | 004b 8d1c | c449 ba00 | 007f 3df1 | 0100 004c | 8994 24d0 | 0000 0090 
  0x000001f12f6bcb80: eb1a 6666 | 0f1f 8400 | 0000 0000 | 6666 6690 | 4b8d 1cc4 | 4489 9c24 | 9000 0000 | 448b 5b0c 
  0x000001f12f6bcba0: ;   {oop(a 'java/lang/ThreadLocal'{0x000000060066eee0})}
  0x000001f12f6bcba0: 4181 fbdc | dd0c c00f | 8400 0200 | 0044 8b53 | 0c45 85d2 | 0f84 9b4c | 0000 448b | 9424 9000 
  0x000001f12f6bcbc0: 0000 41ff | c244 3b94 | 2484 0000 | 000f 8d6b | 2500 0045 | 8bda 6666 | 0f1f 8400 | 0000 0000 
  0x000001f12f6bcbe0: 443b 9c24 | 8400 0000 | 0f83 124b | 0000 468b | 449d 104d | 8b8f 5003 

  0x000001f12f6bcbf8: ; ImmutableOopMap {r8=NarrowOop rbp=Oop [40]=Oop [48]=Oop [56]=Oop [80]=Oop [88]=Oop [96]=Oop [112]=NarrowOop [116]=NarrowOop [120]=Oop [128]=NarrowOop [136]=Oop [248]=Oop [256]=Oop }
                      ;*goto {reexecute=1 rethrow=0 return_oop=0}
                      ; - (reexecute) java.lang.ThreadLocal$ThreadLocalMap::set@79 (line 486)
                      ; - java.lang.ThreadLocal::set@17 (line 222)
                      ; - java.util.jar.JarFile::ensureInitialization@37 (line 1036)
                      ; - java.util.jar.JavaUtilJarAccessImpl::ensureInitialization@1 (line 72)
                      ; - jdk.internal.loader.URLClassPath$JarLoader$2::getManifest@10 (line 885)
                      ; - java.net.URLClassLoader::defineClass@34 (line 491)
                      ; - java.net.URLClassLoader$1::run@43 (line 427)
                      ; - java.net.URLClassLoader$1::run@1 (line 421)
                      ; - java.security.AccessController::executePrivileged@29 (line 807)
                      ; - java.security.AccessController::doPrivileged@13 (line 712)
                      ; - java.net.URLClassLoader::findClass@13 (line 420)
                      ;   {poll}
  0x000001f12f6bcbf8: 0000 4185 | 0166 6690 | 4585 c075 | 8b44 899c | 2490 0000 | 004d 8b97 | 0801 0000 | 4d8b da49 
  0x000001f12f6bcc18: 83c3 200f | 1f44 0000 | 4d3b 9f18 | 0100 000f | 8338 4600 | 004d 899f | 0801 0000 | 410f 0d8b 
  0x000001f12f6bcc38: c000 0000 | 49c7 0201 

  0x000001f12f6bcc40: ;   {metadata('java/lang/ThreadLocal$ThreadLocalMap$Entry')}
  0x000001f12f6bcc40: 0000 0041 | c742 0830 | 830b 004d | 8962 104d 

  0x000001f12f6bcc50: ;   {oop(a 'java/lang/ThreadLocal'{0x000000060066eee0})}
  0x000001f12f6bcc50: 8962 1841 | c742 0cdc | dd0c c049 | 8bda 6690 | 4180 7f38 | 000f 8565 | 3100 004c 

  0x000001f12f6bcc6c: ;   {oop(a 'java/lang/ref/ReferenceQueue$Null'{0x0000000600418158})}
  0x000001f12f6bcc6c: 8bd3 41c7 | 4210 2b30 

  0x000001f12f6bcc74: ;   {oop(a 'java/lang/ref/ReferenceQueue$Null'{0x0000000600418158})}
  0x000001f12f6bcc74: 08c0 49ba | 5881 4100 | 0600 0000 | 4c8b db4d | 33d3 49c1 | ea16 4d85 | d274 1a49 | c1eb 0948 
  0x000001f12f6bcc94: b900 007f | 3df1 0100 | 0049 03cb | 8039 040f | 8554 3200 | 00f0 8344 | 24c0 0041 | 807f 3800 
  0x000001f12f6bccb4: 0f85 d630 | 0000 4c8b 

  0x000001f12f6bccbc: ;   {oop(a 'java/lang/Boolean'{0x000000060042ba70} = true)}
  0x000001f12f6bccbc: d341 c742 | 1c4e 5708 

  0x000001f12f6bccc4: ;   {oop(a 'java/lang/Boolean'{0x000000060042ba70} = true)}
  0x000001f12f6bccc4: c049 ba70 | ba42 0006 | 0000 004c | 8bdb 4d33 | d349 c1ea | 164d 85d2 | 741a 49c1 | eb09 48b9 
  0x000001f12f6bcce4: 0000 7f3d | f101 0000 | 4903 cb80 | 3904 0f85 | 4f32 0000 | 448b 9424 | 9000 0000 | 443b 9424 
  0x000001f12f6bcd04: 8400 0000 | 0f83 8a4c | 0000 4a8d | 7c95 1041 | 807f 3800 | 0f85 e930 | 0000 4c8b | d74c 8bdb 
  0x000001f12f6bcd24: 49c1 eb03 | 4489 1f4c | 8bdb 4d33 | da49 c1eb | 164d 85db | 741a 49c1 | ea09 48b9 | 0000 7f3d 
  0x000001f12f6bcd44: f101 0000 | 4903 ca80 | 3904 0f85 | 3c32 0000 | 448b 5424 | 7447 8b54 | d414 4489 | 5424 4844 
  0x000001f12f6bcd64: 8b5c 2474 | 478b 5cdc | 0c45 8bd3 | 41ff c244 | 8954 244c | 448b 5c24 | 7447 8954 | dc0c 448b 
  0x000001f12f6bcd84: 5c24 4847 | 8b54 dc0c | 4489 9424 | 8000 0000 | 458b d349 | c1e2 0349 | 8bea 8b4c | 244c 4533 
  0x000001f12f6bcda4: db41 8bdb | e956 0b00 | 0041 807f | 3800 0f85 | 972d 0000 

  0x000001f12f6bcdb8: ;   {oop(a 'java/lang/Boolean'{0x000000060042ba70} = true)}
  0x000001f12f6bcdb8: c743 1c4e 

  0x000001f12f6bcdbc: ;   {oop(a 'java/lang/Boolean'{0x000000060042ba70} = true)}
  0x000001f12f6bcdbc: 5708 c049 | ba70 ba42 | 0006 0000 | 004c 8bdb | 4d33 d349 | c1ea 164d | 85d2 741a | 49c1 eb09 
  0x000001f12f6bcddc: 48b9 0000 | 7f3d f101 | 0000 4903 | cb80 3904 | 0f85 cd2d | 0000 488b | 5424 3090 

  0x000001f12f6bcdf8: ;   {optimized virtual_call}
  0x000001f12f6bcdf8: c5f8 77e8 

  0x000001f12f6bcdfc: ; ImmutableOopMap {[40]=Oop [48]=Oop [80]=Oop [88]=Oop [96]=Oop [112]=NarrowOop [120]=Oop [136]=Oop [248]=Oop [256]=Oop }
                      ;*invokevirtual initializeVerifier {reexecute=0 rethrow=0 return_oop=0}
                      ; - java.util.jar.JarFile::ensureInitialization@41 (line 1038)
                      ; - java.util.jar.JavaUtilJarAccessImpl::ensureInitialization@1 (line 72)
                      ; - jdk.internal.loader.URLClassPath$JarLoader$2::getManifest@10 (line 885)
                      ; - java.net.URLClassLoader::defineClass@34 (line 491)
                      ; - java.net.URLClassLoader$1::run@43 (line 427)
                      ; - java.net.URLClassLoader$1::run@1 (line 421)
                      ; - java.security.AccessController::executePrivileged@29 (line 807)
                      ; - java.security.AccessController::doPrivileged@13 (line 712)
                      ; - java.net.URLClassLoader::findClass@13 (line 420)
  0x000001f12f6bcdfc: 8045 96ff | 448b 4c24 | 7043 c644 | cc11 014c | 8b54 2478 | 458b 4244 | 4585 c00f | 8402 2d00 
  0x000001f12f6bce1c: 0047 8b5c | c414 438b | 4cdc 0c44 | 8bd1 41ff | ca41 81e2 | 8e0c 91c3 | 85c9 0f86 | fc4a 0000 
  0x000001f12f6bce3c: 4489 9424 | 8000 0000 | 894c 247c | 4489 5c24 | 784f 8d14 | c44c 8954 | 2438 4489 | 4424 744b 
  0x000001f12f6bce5c: 8d2c dc44 | 8b94 2480 | 0000 0046 | 8b54 9510 | 4585 d20f | 8478 0000 | 004b 8d1c | d4eb 110f 
  0x000001f12f6bce7c: 1f44 0000 | 4b8d 1cc4 | 4489 9c24 | 8000 0000 | 448b 5b0c 

  0x000001f12f6bce90: ;   {oop(a 'java/lang/ThreadLocal'{0x000000060066eee0})}
  0x000001f12f6bce90: 4181 fbdc | dd0c c00f | 84dc 0100 | 0044 8b5b | 0c45 85db | 0f84 fa49 | 0000 448b | 9c24 8000 
  0x000001f12f6bceb0: 0000 41ff | c344 3b5c | 247c 660f | 1f44 0000 | 0f8d 8022 | 0000 443b | 5c24 7c0f | 8377 4800 
  0x000001f12f6bced0: 0046 8b44 | 9d10 4d8b | 8f50 0300 

  0x000001f12f6bcedc: ; ImmutableOopMap {r8=NarrowOop rbp=Oop [40]=Oop [48]=Oop [56]=Oop [80]=Oop [88]=Oop [96]=Oop [112]=NarrowOop [116]=NarrowOop [120]=NarrowOop [136]=Oop [248]=Oop [256]=Oop }
                      ;*goto {reexecute=1 rethrow=0 return_oop=0}
                      ; - (reexecute) java.lang.ThreadLocal$ThreadLocalMap::set@79 (line 486)
                      ; - java.lang.ThreadLocal::set@17 (line 222)
                      ; - java.util.jar.JarFile::ensureInitialization@55 (line 1041)
                      ; - java.util.jar.JavaUtilJarAccessImpl::ensureInitialization@1 (line 72)
                      ; - jdk.internal.loader.URLClassPath$JarLoader$2::getManifest@10 (line 885)
                      ; - java.net.URLClassLoader::defineClass@34 (line 491)
                      ; - java.net.URLClassLoader$1::run@43 (line 427)
                      ; - java.net.URLClassLoader$1::run@1 (line 421)
                      ; - java.security.AccessController::executePrivileged@29 (line 807)
                      ; - java.security.AccessController::doPrivileged@13 (line 712)
                      ; - java.net.URLClassLoader::findClass@13 (line 420)
                      ;   {poll}
  0x000001f12f6bcedc: 0041 8501 | 4585 c075 | 9b44 899c | 2480 0000 | 004d 8b97 | 0801 0000 | 4d8b da49 | 83c3 200f 
  0x000001f12f6bcefc: 1f44 0000 | 4d3b 9f18 | 0100 000f | 8378 4300 | 004d 899f | 0801 0000 | 410f 0d8b | c000 0000 
  0x000001f12f6bcf1c: 49c7 0201 

  0x000001f12f6bcf20: ;   {metadata('java/lang/ThreadLocal$ThreadLocalMap$Entry')}
  0x000001f12f6bcf20: 0000 0041 | c742 0830 | 830b 004d | 8962 104d 

  0x000001f12f6bcf30: ;   {oop(a 'java/lang/ThreadLocal'{0x000000060066eee0})}
  0x000001f12f6bcf30: 8962 1841 | c742 0cdc | dd0c c049 | 8bda 6690 | 4180 7f38 | 000f 85f4 | 2e00 004c 

  0x000001f12f6bcf4c: ;   {oop(a 'java/lang/ref/ReferenceQueue$Null'{0x0000000600418158})}
  0x000001f12f6bcf4c: 8bd3 41c7 | 4210 2b30 

  0x000001f12f6bcf54: ;   {oop(a 'java/lang/ref/ReferenceQueue$Null'{0x0000000600418158})}
  0x000001f12f6bcf54: 08c0 49ba | 5881 4100 | 0600 0000 | 4c8b db4d | 33d3 49c1 | ea16 4d85 | d274 1a49 | c1eb 0948 
  0x000001f12f6bcf74: b900 007f | 3df1 0100 | 0049 03cb | 8039 040f | 85a7 3000 | 00f0 8344 | 24c0 0041 | 807f 3800 
  0x000001f12f6bcf94: 0f85 e22e | 0000 4c8b 

  0x000001f12f6bcf9c: ;   {oop(a 'java/lang/Boolean'{0x00000006004a6610} = false)}
  0x000001f12f6bcf9c: d341 c742 | 1cc2 4c09 

  0x000001f12f6bcfa4: ;   {oop(a 'java/lang/Boolean'{0x00000006004a6610} = false)}
  0x000001f12f6bcfa4: c049 ba10 | 664a 0006 | 0000 004c | 8bdb 4d33 | d349 c1ea | 164d 85d2 | 741a 49c1 | eb09 48b9 
  0x000001f12f6bcfc4: 0000 7f3d | f101 0000 | 4903 cb80 | 3904 0f85 | 0f30 0000 | 448b 9424 | 8000 0000 | 443b 5424 
  0x000001f12f6bcfe4: 7c0f 8305 | 4a00 004a | 8d74 9510 | 4180 7f38 | 000f 85c1 | 2e00 004c | 8bde 4c8b | c34d 8bc8 
  0x000001f12f6bd004: 49c1 e903 | 4489 0e4d | 33c3 49c1 | e816 4d85 | c074 1a49 | c1eb 0948 | b900 007f | 3df1 0100 
  0x000001f12f6bd024: 0049 03cb | 8039 040f | 8556 3000 | 0044 8b4c | 2474 478b | 44cc 1447 | 8b5c cc0c | 41ff c347 
  0x000001f12f6bd044: 895c cc0c 

  0x000001f12f6bd048: ; implicit exception: dispatches to 0x000001f12f6c24c8
  0x000001f12f6bd048: 438b 5cc4 | 0c89 5c24 | 7844 895c | 2474 4489 | 4424 4c45 | 8bda 4489 | 4c24 484f | 8d14 c449 
  0x000001f12f6bd068: 8bea 8b4c | 2474 4533 | d245 8bca | e913 0900 | 000f 1f80 | 0000 0000 | 4180 7f38 | 000f 85fb 
  0x000001f12f6bd088: ;   {oop(a 'java/lang/Boolean'{0x00000006004a6610} = false)}
  0x000001f12f6bd088: 2a00 00c7 | 431c c24c 

  0x000001f12f6bd090: ;   {oop(a 'java/lang/Boolean'{0x00000006004a6610} = false)}
  0x000001f12f6bd090: 09c0 49ba | 1066 4a00 | 0600 0000 | 4c8b db4d | 33d3 49c1 | ea16 4d85 | d274 1e49 | c1eb 0948 
  0x000001f12f6bd0b0: b900 007f | 3df1 0100 | 0049 03cb | 0f1f 4000 | 8039 040f | 853f 2b00 | 004c 8b84 | 24d0 0000 
  0x000001f12f6bd0d0: 0048 8b7c | 2450 4c8b | 4c24 300f | 1f44 0000 | e96b e1ff | ff44 8b5b | 3045 85db | 0f84 02eb 
  0x000001f12f6bd0f0: ffff 4d8b | 5720 498b | cb48 c1e1 | 0366 6690 | 4d85 d20f | 8427 3100 | 004d 8b5f | 304b 894c 
  0x000001f12f6bd110: 13f8 4983 | c2f8 4d89 | 5720 e9d5 | eaff ff44 | 8b4b 5045 | 85c9 0f84 | 85ea ffff | 4d8b 5720 
  0x000001f12f6bd130: 498b c948 | c1e1 034d | 85d2 660f | 1f44 0000 | 0f84 5f31 | 0000 4d8b | 5f30 4b89 | 4c13 f849 
  0x000001f12f6bd150: 83c2 f84d | 8957 20e9 | 55ea ffff | 448b 532c | 4585 d20f | 84cb eaff | ff4d 8b5f | 2049 8bca 
  0x000001f12f6bd170: 48c1 e103 | 4d85 db0f | 84de 3000 | 004d 8b57 | 304b 894c | 1af8 4983 | c3f8 4d89 | 5f20 e9a1 
  0x000001f12f6bd190: eaff ff44 | 8b4b 4445 | 85c9 660f | 1f44 0000 | 0f84 67e9 | ffff 4d8b | 5720 498b | c948 c1e1 
  0x000001f12f6bd1b0: 034d 85d2 | 0f84 2431 | 0000 4d8b | 5f30 4b89 | 4c13 f849 | 83c2 f84d | 8957 20e9 | 3de9 ffff 
  0x000001f12f6bd1d0: 448b 4b40 | 4585 c90f | 849d e8ff | ff4d 8b57 | 2049 8bc9 | 48c1 e103 | 4d85 d20f | 8488 3000 
  0x000001f12f6bd1f0: 004d 8b5f | 304b 894c | 13f8 4983 | c2f8 4d89 | 5720 e973 | e8ff ff48 | 8bdd 448b | 5514 4585 
  0x000001f12f6bd210: d20f 84d7 | eaff ff4d | 8b5f 2049 | 8bca 48c1 | e103 4d85 | db0f 84dd | 3000 004d | 8b57 304b 
  0x000001f12f6bd230: 894c 1af8 | 4983 c3f8 | 4d89 5f20 | 0f1f 4000 | e9a9 eaff | ff48 8bdd | 448b 5510 | 4585 d20f 
  0x000001f12f6bd250: 844d ebff | ff4d 8b5f | 2049 8bca | 48c1 e103 | 4d85 db0f | 84bc 3000 | 004d 8b57 | 304b 894c 
  0x000001f12f6bd270: 1af8 4983 | c3f8 4d89 | 5f20 e923 | ebff ff48 | 8bdd 448b | 5518 4585 | d20f 84c7 | ebff ff4d 
  0x000001f12f6bd290: 8b5f 2049 | 8bca 48c1 | e103 660f | 1f44 0000 | 4d85 db0f | 8494 3000 | 004d 8b57 | 304b 894c 
  0x000001f12f6bd2b0: 1af8 4983 | c3f8 4d89 | 5f20 e997 | ebff ff48 | 8bdd 448b | 551c 4585 | d20f 8427 | ecff ff4d 
  0x000001f12f6bd2d0: 8b5f 2049 | 8bca 48c1 | e103 660f | 1f44 0000 | 4d85 db0f | 846c 3000 | 004d 8b57 | 304b 894c 
  0x000001f12f6bd2f0: 1af8 4983 | c3f8 4d89 | 5f20 e9f7 | ebff ff48 | 8bdd 448b | 5524 4585 | d20f 8487 | ecff ff4d 
  0x000001f12f6bd310: 8b5f 2049 | 8bca 48c1 | e103 660f | 1f44 0000 | 4d85 db0f | 844c 3000 | 004d 8b57 | 304b 894c 
  0x000001f12f6bd330: 1af8 4983 | c3f8 4d89 | 5f20 e957 | ecff ff48 | 8bdd 448b | 5538 4585 | d20f 84e7 | ecff ff4d 
  0x000001f12f6bd350: 8b5f 2049 | 8bca 48c1 | e103 660f | 1f44 0000 | 4d85 db0f | 842c 3000 | 004d 8b57 | 304b 894c 
  0x000001f12f6bd370: 1af8 4983 | c3f8 4d89 | 5f20 e9b7 | ecff ff48 | 8b74 2448 | 448b 5e30 | 4585 db0f | 84a5 edff 
  0x000001f12f6bd390: ff4d 8b57 | 2049 8bcb | 48c1 e103 | 0f1f 4000 | 4d85 d20f | 840c 3000 | 004d 8b5f | 304b 894c 
  0x000001f12f6bd3b0: 13f8 4983 | c2f8 4d89 | 5720 e977 | edff ff48 | 8bdd 448b | 553c 4585 | d20f 8413 | edff ff4d 
  0x000001f12f6bd3d0: 8b5f 2049 | 8bca 48c1 | e103 660f | 1f44 0000 | 4d85 db0f | 84ec 2f00 | 004d 8b57 | 304b 894c 
  0x000001f12f6bd3f0: 1af8 4983 | c3f8 4d89 | 5f20 e9e3 | ecff ff4d | 8b57 404d | 8b5f 50f0 | 8344 24c0 | 0080 3900 
  0x000001f12f6bd410: 0f84 53e8 | ffff 4488 | 214d 85d2 | 7518 498b | d7c5 f877 | 49ba 506b | 24b5 fb7f | 0000 41ff 
  0x000001f12f6bd430: d2e9 33e8 | ffff 4b89 | 4c13 f849 | 83c2 f84d | 8957 40e9 | 21e8 ffff | 4d8b 5740 | 4d8b 5f50 
  0x000001f12f6bd450: f083 4424 | c000 8039 | 000f 848a | e7ff ff44 | 8821 4d85 | d275 3445 | 8bf0 488b | fb49 8bd7 
  0x000001f12f6bd470: 6666 660f | 1f84 0000 | 0000 0066 | 6666 9090 | c5f8 7749 | ba50 6b24 | b5fb 7f00 | 0041 ffd2 
  0x000001f12f6bd490: ;   {no_reloc}
  0x000001f12f6bd490: 488b df45 | 8bc6 e94e | e7ff ff4b | 894c 13f8 | 4983 c2f8 | 4d89 5740 | e93c e7ff | ff4d 8b57 
  0x000001f12f6bd4b0: 404d 8b5f | 50f0 8344 | 24c0 000f | 1f44 0000 | 8039 000f | 8480 e6ff | ff44 8821 | 4d85 d275 
  0x000001f12f6bd4d0: 2a45 8bf0 | 488b fb49 | 8bd7 660f | 1f44 0000 | c5f8 7749 | ba50 6b24 | b5fb 7f00 | 0041 ffd2 
  0x000001f12f6bd4f0: 488b df45 | 8bc6 e94e | e6ff ff4b | 894c 13f8 | 4983 c2f8 | 4d89 5740 | e93c e6ff | ff4d 8b57 
  0x000001f12f6bd510: 504d 8b5f | 40f0 8344 | 24c0 000f | 1f44 0000 | 8039 000f | 84f6 e4ff | ff44 8821 | 4d85 db75 
  0x000001f12f6bd530: 2a45 8be8 | 488b fb49 | 8bd7 660f | 1f44 0000 | c5f8 7749 | ba50 6b24 | b5fb 7f00 | 0041 ffd2 
  0x000001f12f6bd550: 488b df45 | 8bc5 e9c4 | e4ff ff4b | 894c 1af8 | 4983 c3f8 | 4d89 5f40 | e9b2 e4ff | ff4d 8b57 
  0x000001f12f6bd570: 404d 8b5f | 50f0 8344 | 24c0 000f | 1f44 0000 | 8039 000f | 8428 e5ff | ff44 8821 | 4d85 d275 
  0x000001f12f6bd590: 2a45 8be8 | 488b fb49 | 8bd7 660f | 1f44 0000 | c5f8 7749 | ba50 6b24 | b5fb 7f00 | 0041 ffd2 
  0x000001f12f6bd5b0: 488b df45 | 8bc5 e9f6 | e4ff ff4b | 894c 13f8 | 4983 c2f8 | 4d89 5740 | e9e4 e4ff | ff4d 8b57 
  0x000001f12f6bd5d0: 404d 8b5f | 50f0 8344 | 24c0 000f | 1f44 0000 | 8039 000f | 8440 e7ff | ff44 8821 | 4d85 d275 
  0x000001f12f6bd5f0: 2449 8bd7 | 0f1f 8400 | 0000 0000 | 6666 6690 | c5f8 7749 | ba50 6b24 | b5fb 7f00 | 0041 ffd2 
  0x000001f12f6bd610: e914 e7ff | ff4b 894c | 13f8 4983 | c2f8 4d89 | 5740 e902 | e7ff ff4d | 8b57 404d | 8b5f 50f0 
  0x000001f12f6bd630: 8344 24c0 | 0080 3900 | 0f84 a1e7 | ffff 4488 | 214d 85d2 | 7518 498b | d7c5 f877 | 49ba 506b 
  0x000001f12f6bd650: 24b5 fb7f | 0000 41ff | d2e9 81e7 | ffff 4b89 | 4c13 f849 | 83c2 f84d | 8957 40e9 | 6fe7 ffff 
  0x000001f12f6bd670: 4d8b 5740 | 4d8b 5f50 | f083 4424 | c000 6690 | 8039 000f | 8406 e8ff | ff44 8821 | 4d85 d275 
  0x000001f12f6bd690: 2449 8bd7 | 0f1f 8400 | 0000 0000 | 6666 6690 | c5f8 7749 | ba50 6b24 | b5fb 7f00 | 0041 ffd2 
  0x000001f12f6bd6b0: e9da e7ff | ff4b 894c | 13f8 4983 | c2f8 4d89 | 5740 e9c8 | e7ff ff4d | 8b57 404d | 8b5f 50f0 
  0x000001f12f6bd6d0: 8344 24c0 | 0080 3900 | 0f84 51e8 | ffff 4488 | 214d 85d2 | 7518 498b | d7c5 f877 | 49ba 506b 
  0x000001f12f6bd6f0: 24b5 fb7f | 0000 41ff | d2e9 31e8 | ffff 4b89 | 4c13 f849 | 83c2 f84d | 8957 40e9 | 1fe8 ffff 
  0x000001f12f6bd710: 4d8b 5740 | 4d8b 5f50 | f083 4424 | c000 6690 | 8039 000f | 84a6 e8ff | ff44 8821 | 4d85 d275 
  0x000001f12f6bd730: 2449 8bd7 | 0f1f 8400 | 0000 0000 | 6666 6690 | c5f8 7749 | ba50 6b24 | b5fb 7f00 | 0041 ffd2 
  0x000001f12f6bd750: e97a e8ff | ff4b 894c | 13f8 4983 | c2f8 4d89 | 5740 e968 | e8ff ff4d | 8b57 404d | 8b5f 50f0 
  0x000001f12f6bd770: 8344 24c0 | 0080 3900 | 0f84 f1e8 | ffff 4488 | 214d 85d2 | 7518 498b | d7c5 f877 | 49ba 506b 
  0x000001f12f6bd790: 24b5 fb7f | 0000 41ff | d2e9 d1e8 | ffff 4b89 | 4c13 f849 | 83c2 f84d | 8957 40e9 | bfe8 ffff 
  0x000001f12f6bd7b0: 4d8b 5740 | 4d8b 5f50 | f083 4424 | c000 6690 | 8039 000f | 84a0 e9ff | ff44 8821 | 4d85 d275 
  0x000001f12f6bd7d0: 2449 8bd7 | 0f1f 8400 | 0000 0000 | 6666 6690 | c5f8 7749 | ba50 6b24 | b5fb 7f00 | 0041 ffd2 
  0x000001f12f6bd7f0: e974 e9ff | ff4b 894c | 13f8 4983 | c2f8 4d89 | 5740 e962 | e9ff ff4d | 8b57 404d | 8b5f 50f0 
  0x000001f12f6bd810: 8344 24c0 | 0080 3900 | 0f84 08e9 | ffff 4488 | 214d 85d2 | 7518 498b | d7c5 f877 | 49ba 506b 
  0x000001f12f6bd830: 24b5 fb7f | 0000 41ff | d2e9 e8e8 | ffff 4b89 | 4c13 f849 | 83c2 f84d | 8957 40e9 | d6e8 ffff 
  0x000001f12f6bd850: 4d8b 5740 | 4d8b 5f50 | f083 4424 | c000 6690 | 8039 000f | 84c0 e3ff | ff44 8821 | 4d85 d275 
  0x000001f12f6bd870: 2748 8bfb | 498b d766 | 0f1f 8400 | 0000 0000 | c5f8 7749 | ba50 6b24 | b5fb 7f00 | 0041 ffd2 
  0x000001f12f6bd890: ;   {no_reloc}
  0x000001f12f6bd890: 488b dfe9 | 91e3 ffff | 4b89 4c13 | f849 83c2 | f84d 8957 | 40e9 7fe3 | ffff 418b | eae9 81cf 
  0x000001f12f6bd8b0: ffff 6666 | 0f1f 8400 | 0000 0000 | 6666 6690 | 488b 5424 | 3845 8bc2 

  0x000001f12f6bd8c8: ;   {optimized virtual_call}
  0x000001f12f6bd8c8: c5f8 77e8 

  0x000001f12f6bd8cc: ; ImmutableOopMap {rbp=Oop [40]=Oop [48]=Oop [56]=Oop [72]=NarrowOop [80]=Oop [88]=Oop [96]=Oop [112]=NarrowOop [116]=NarrowOop [120]=Oop [136]=Oop [248]=Oop [256]=Oop }
                      ;*invokevirtual expungeStaleEntry {reexecute=0 rethrow=0 return_oop=0}
                      ; - java.lang.ThreadLocal$ThreadLocalMap::cleanSomeSlots@47 (line 674)
                      ; - java.lang.ThreadLocal$ThreadLocalMap::set@113 (line 500)
                      ; - java.lang.ThreadLocal::set@17 (line 222)
                      ; - java.util.jar.JarFile::ensureInitialization@37 (line 1036)
                      ; - java.util.jar.JavaUtilJarAccessImpl::ensureInitialization@1 (line 72)
                      ; - jdk.internal.loader.URLClassPath$JarLoader$2::getManifest@10 (line 885)
                      ; - java.net.URLClassLoader::defineClass@34 (line 491)
                      ; - java.net.URLClassLoader$1::run@43 (line 427)
                      ; - java.net.URLClassLoader$1::run@1 (line 421)
                      ; - java.security.AccessController::executePrivileged@29 (line 807)
                      ; - java.security.AccessController::doPrivileged@13 (line 712)
                      ; - java.net.URLClassLoader::findClass@13 (line 420)
  0x000001f12f6bd8cc: b03a 96ff | 8b8c 2480 | 0000 0041 | ba01 0000 | 0041 8bda | 4d8b 9f50 | 0300 0044 | 8bd1 41d1 
  0x000001f12f6bd8ec: ; ImmutableOopMap {rbp=Oop [40]=Oop [48]=Oop [56]=Oop [72]=NarrowOop [80]=Oop [88]=Oop [96]=Oop [112]=NarrowOop [116]=NarrowOop [120]=Oop [136]=Oop [248]=Oop [256]=Oop }
                      ;*ifne {reexecute=1 rethrow=0 return_oop=0}
                      ; - (reexecute) java.lang.ThreadLocal$ThreadLocalMap::cleanSomeSlots@56 (line 676)
                      ; - java.lang.ThreadLocal$ThreadLocalMap::set@113 (line 500)
                      ; - java.lang.ThreadLocal::set@17 (line 222)
                      ; - java.util.jar.JarFile::ensureInitialization@37 (line 1036)
                      ; - java.util.jar.JavaUtilJarAccessImpl::ensureInitialization@1 (line 72)
                      ; - jdk.internal.loader.URLClassPath$JarLoader$2::getManifest@10 (line 885)
                      ; - java.net.URLClassLoader::defineClass@34 (line 491)
                      ; - java.net.URLClassLoader$1::run@43 (line 427)
                      ; - java.net.URLClassLoader$1::run@1 (line 421)
                      ; - java.security.AccessController::executePrivileged@29 (line 807)
                      ; - java.security.AccessController::doPrivileged@13 (line 712)
                      ; - java.net.URLClassLoader::findClass@13 (line 420)
  0x000001f12f6bd8ec: ea41 8bca 

  0x000001f12f6bd8f0: ;   {poll}
  0x000001f12f6bd8f0: 4185 0345 | 85d2 0f84 | d800 0000 | 8984 2490 | 0000 0044 | 8b9c 2490 | 0000 0041 | ffc3 443b 
  0x000001f12f6bd910: 9c24 8000 | 0000 0f8d | 891a 0000 | 458b d390 | 443b 9424 | 8000 0000 | 0f83 623e | 0000 468b 
  0x000001f12f6bd930: 4495 1045 | 85c0 0f84 | 9000 0000 | 0f1f 4000 | 473b 64c4 | 0c0f 8475 | ffff ff41 | 8bc2 eb90 
  0x000001f12f6bd950: 488b 5424 | 3866 6690 

  0x000001f12f6bd958: ;   {optimized virtual_call}
  0x000001f12f6bd958: c5f8 77e8 

  0x000001f12f6bd95c: ; ImmutableOopMap {rbp=Oop [40]=Oop [48]=Oop [56]=Oop [72]=NarrowOop [76]=NarrowOop [80]=Oop [88]=Oop [96]=Oop [112]=NarrowOop [136]=Oop [248]=Oop [256]=Oop }
                      ;*invokevirtual expungeStaleEntry {reexecute=0 rethrow=0 return_oop=0}
                      ; - java.lang.ThreadLocal$ThreadLocalMap::cleanSomeSlots@47 (line 674)
                      ; - java.lang.ThreadLocal$ThreadLocalMap::set@113 (line 500)
                      ; - java.lang.ThreadLocal::set@17 (line 222)
                      ; - java.util.jar.JarFile::ensureInitialization@55 (line 1041)
                      ; - java.util.jar.JavaUtilJarAccessImpl::ensureInitialization@1 (line 72)
                      ; - jdk.internal.loader.URLClassPath$JarLoader$2::getManifest@10 (line 885)
                      ; - java.net.URLClassLoader::defineClass@34 (line 491)
                      ; - java.net.URLClassLoader$1::run@43 (line 427)
                      ; - java.net.URLClassLoader$1::run@1 (line 421)
                      ; - java.security.AccessController::executePrivileged@29 (line 807)
                      ; - java.security.AccessController::doPrivileged@13 (line 712)
                      ; - java.net.URLClassLoader::findClass@13 (line 420)
  0x000001f12f6bd95c: 203a 96ff | 8b4c 2478 | 41bb 0100 | 0000 458b | cb4d 8b97 | 5003 0000 | 448b c141 | d1e8 418b 
  0x000001f12f6bd97c: ; ImmutableOopMap {rbp=Oop [40]=Oop [48]=Oop [56]=Oop [72]=NarrowOop [76]=NarrowOop [80]=Oop [88]=Oop [96]=Oop [112]=NarrowOop [136]=Oop [248]=Oop [256]=Oop }
                      ;*ifne {reexecute=1 rethrow=0 return_oop=0}
                      ; - (reexecute) java.lang.ThreadLocal$ThreadLocalMap::cleanSomeSlots@56 (line 676)
                      ; - java.lang.ThreadLocal$ThreadLocalMap::set@113 (line 500)
                      ; - java.lang.ThreadLocal::set@17 (line 222)
                      ; - java.util.jar.JarFile::ensureInitialization@55 (line 1041)
                      ; - java.util.jar.JavaUtilJarAccessImpl::ensureInitialization@1 (line 72)
                      ; - jdk.internal.loader.URLClassPath$JarLoader$2::getManifest@10 (line 885)
                      ; - java.net.URLClassLoader::defineClass@34 (line 491)
                      ; - java.net.URLClassLoader$1::run@43 (line 427)
                      ; - java.net.URLClassLoader$1::run@1 (line 421)
                      ; - java.security.AccessController::executePrivileged@29 (line 807)
                      ; - java.security.AccessController::doPrivileged@13 (line 712)
                      ; - java.net.URLClassLoader::findClass@13 (line 420)
                      ;   {poll}
  0x000001f12f6bd97c: c841 8502 | 4585 c00f | 8488 0000 | 0044 8bd8 | 41ff c344 | 3b5c 2478 | 0f8d 131a | 0000 458b 
  0x000001f12f6bd99c: c366 6690 | 443b 4424 | 780f 8331 | 3e00 004c | 8bd5 478b | 5482 1045 | 85d2 0f84 | 4d00 0000 
  0x000001f12f6bd9bc: 0f1f 4000 | 473b 64d4 | 0c74 8941 | 8bc0 eba1 | 418b c2e9 | 0cff ffff | 85db 0f85 | 7941 0000 
  0x000001f12f6bd9dc: 448b 5c24 | 7447 8b54 | dc10 448b | 5c24 4c45 | 3bda 0f8c | fef3 ffff | 488b 5424 | 3866 6690 
  0x000001f12f6bd9fc: ;   {optimized virtual_call}
  0x000001f12f6bd9fc: c5f8 77e8 

  0x000001f12f6bda00: ; ImmutableOopMap {[40]=Oop [48]=Oop [80]=Oop [88]=Oop [96]=Oop [112]=NarrowOop [120]=Oop [136]=Oop [248]=Oop [256]=Oop }
                      ;*invokevirtual rehash {reexecute=0 rethrow=0 return_oop=0}
                      ; - java.lang.ThreadLocal$ThreadLocalMap::set@129 (line 501)
                      ; - java.lang.ThreadLocal::set@17 (line 222)
                      ; - java.util.jar.JarFile::ensureInitialization@37 (line 1036)
                      ; - java.util.jar.JavaUtilJarAccessImpl::ensureInitialization@1 (line 72)
                      ; - jdk.internal.loader.URLClassPath$JarLoader$2::getManifest@10 (line 885)
                      ; - java.net.URLClassLoader::defineClass@34 (line 491)
                      ; - java.net.URLClassLoader$1::run@43 (line 427)
                      ; - java.net.URLClassLoader$1::run@1 (line 421)
                      ; - java.security.AccessController::executePrivileged@29 (line 807)
                      ; - java.security.AccessController::doPrivileged@13 (line 712)
                      ; - java.net.URLClassLoader::findClass@13 (line 420)
  0x000001f12f6bda00: 7c39 96ff | e9e9 f3ff | ff41 8bc0 | e95c ffff | ff45 85c9 | 0f85 db41 | 0000 448b | 5c24 4847 
  0x000001f12f6bda20: 8b5c dc10 | 448b 5424 | 7445 3bd3 | 0f8c 97f6 | ffff 488b | 5424 3890 

  0x000001f12f6bda38: ;   {optimized virtual_call}
  0x000001f12f6bda38: c5f8 77e8 

  0x000001f12f6bda3c: ; ImmutableOopMap {[40]=Oop [48]=Oop [80]=Oop [88]=Oop [96]=Oop [136]=Oop [248]=Oop [256]=Oop }
                      ;*invokevirtual rehash {reexecute=0 rethrow=0 return_oop=0}
                      ; - java.lang.ThreadLocal$ThreadLocalMap::set@129 (line 501)
                      ; - java.lang.ThreadLocal::set@17 (line 222)
                      ; - java.util.jar.JarFile::ensureInitialization@55 (line 1041)
                      ; - java.util.jar.JavaUtilJarAccessImpl::ensureInitialization@1 (line 72)
                      ; - jdk.internal.loader.URLClassPath$JarLoader$2::getManifest@10 (line 885)
                      ; - java.net.URLClassLoader::defineClass@34 (line 491)
                      ; - java.net.URLClassLoader$1::run@43 (line 427)
                      ; - java.net.URLClassLoader$1::run@1 (line 421)
                      ; - java.security.AccessController::executePrivileged@29 (line 807)
                      ; - java.security.AccessController::doPrivileged@13 (line 712)
                      ; - java.net.URLClassLoader::findClass@13 (line 420)
  0x000001f12f6bda3c: 4039 96ff | e984 f6ff | ff45 8b53 | 2c45 85d2 | 0f84 b519 | 0000 458b | 532c 4585 | d20f 8494 
  0x000001f12f6bda5c: ecff ff45 | 0fb6 4312 | 4f8d 0cd4 | 4585 c00f | 85d4 0200 | 004c 899c | 2480 0000 | 0049 8bd3 
  0x000001f12f6bda7c: 4d8b c190 

  0x000001f12f6bda80: ;   {optimized virtual_call}
  0x000001f12f6bda80: c5f8 77e8 

  0x000001f12f6bda84: ; ImmutableOopMap {[40]=Oop [48]=Oop [80]=Oop [88]=Oop [96]=Oop [112]=NarrowOop [120]=Oop [128]=Oop [136]=Oop [248]=Oop [256]=Oop }
                      ;*invokespecial getInputStream {reexecute=0 rethrow=0 return_oop=1}
                      ; - java.util.jar.JarFile::getManifestFromReference@130 (line 432)
                      ; - java.util.jar.JarFile::getManifest@1 (line 406)
                      ; - java.util.jar.JarFile::maybeInstantiateVerifier@31 (line 725)
                      ; - java.util.jar.JarFile::ensureInitialization@1 (line 1031)
                      ; - java.util.jar.JavaUtilJarAccessImpl::ensureInitialization@1 (line 72)
                      ; - jdk.internal.loader.URLClassPath$JarLoader$2::getManifest@10 (line 885)
                      ; - java.net.URLClassLoader::defineClass@34 (line 491)
                      ; - java.net.URLClassLoader$1::run@43 (line 427)
                      ; - java.net.URLClassLoader$1::run@1 (line 421)
                      ; - java.security.AccessController::executePrivileged@29 (line 807)
                      ; - java.security.AccessController::doPrivileged@13 (line 712)
                      ; - java.net.URLClassLoader::findClass@13 (line 420)
  0x000001f12f6bda84: f838 96ff | 4889 4424 | 3849 8b87 | 0801 0000 | 4c8b d049 | 83c2 180f | 1f44 0000 | 4d3b 9718 
  0x000001f12f6bdaa4: 0100 000f | 8398 3b00 | 004d 8997 | 0801 0000 | 410f 0d8a | c000 0000 | 48c7 0001 

  0x000001f12f6bdac0: ;   {metadata('java/util/jar/Manifest')}
  0x000001f12f6bdac0: 0000 00c7 | 4008 009c | 0600 4489 | 600c 4c89 | 6010 4c8b | d04c 8954 | 2440 4c8b | 9424 8000 
  0x000001f12f6bdae0: 0000 458b | 5a14 4489 | 5c24 4849 | 8b87 0801 | 0000 4c8b | d049 83c2 | 100f 1f80 | 0000 0000 
  0x000001f12f6bdb00: 4d3b 9718 | 0100 000f | 8368 3b00 | 004d 8997 | 0801 0000 | 410f 0d8a | c000 0000 | 48c7 0001 
  0x000001f12f6bdb20: ;   {metadata('java/util/jar/Attributes')}
  0x000001f12f6bdb20: 0000 00c7 | 4008 f84c | 1800 4489 | 600c 488b | e849 8b87 | 0801 0000 | 4c8b d049 | 83c2 3890 
  0x000001f12f6bdb40: 4d3b 9718 | 0100 000f | 8310 3b00 | 004d 8997 | 0801 0000 | 410f 0d8a | c000 0000 | 48c7 0001 
  0x000001f12f6bdb60: ;   {metadata('java/util/LinkedHashMap')}
  0x000001f12f6bdb60: 0000 00c7 | 4008 203a | 0b00 4489 | 600c 4c89 | 6010 4c89 | 6018 4c89 | 6020 4c89 | 6028 4c89 
  0x000001f12f6bdb80: 6030 4c8b | d04c 8994 | 2490 0000 | 0049 8bd2 | 41b8 0b00 | 0000 6690 

  0x000001f12f6bdb98: ;   {optimized virtual_call}
  0x000001f12f6bdb98: c5f8 77e8 

  0x000001f12f6bdb9c: ; ImmutableOopMap {rbp=Oop [40]=Oop [48]=Oop [56]=Oop [64]=Oop [72]=NarrowOop [80]=Oop [88]=Oop [96]=Oop [112]=NarrowOop [120]=Oop [128]=Oop [136]=Oop [144]=Oop [248]=Oop [256]=Oop }
                      ;*invokespecial <init> {reexecute=0 rethrow=0 return_oop=0}
                      ; - java.util.LinkedHashMap::<init>@2 (line 360)
                      ; - java.util.jar.Attributes::<init>@10 (line 82)
                      ; - java.util.jar.Attributes::<init>@3 (line 72)
                      ; - java.util.jar.Manifest::<init>@9 (line 54)
                      ; - java.util.jar.Manifest::<init>@4 (line 87)
                      ; - java.util.jar.JarFile::getManifestFromReference@143 (line 433)
                      ; - java.util.jar.JarFile::getManifest@1 (line 406)
                      ; - java.util.jar.JarFile::maybeInstantiateVerifier@31 (line 725)
                      ; - java.util.jar.JarFile::ensureInitialization@1 (line 1031)
                      ; - java.util.jar.JavaUtilJarAccessImpl::ensureInitialization@1 (line 72)
                      ; - jdk.internal.loader.URLClassPath$JarLoader$2::getManifest@10 (line 885)
                      ; - java.net.URLClassLoader::defineClass@34 (line 491)
                      ; - java.net.URLClassLoader$1::run@43 (line 427)
                      ; - java.net.URLClassLoader$1::run@1 (line 421)
                      ; - java.security.AccessController::executePrivileged@29 (line 807)
                      ; - java.security.AccessController::doPrivileged@13 (line 712)
                      ; - java.net.URLClassLoader::findClass@13 (line 420)
  0x000001f12f6bdb9c: e037 96ff | 4c8b 9424 | 9000 0000 | 4588 622c | 4180 7f38 | 000f 85ae | 3400 0049 | 8bda 4c8b 
  0x000001f12f6bdbbc: d54c 8bdb | 4d33 da4c | 8bcb 49c1 | e903 4489 | 4d0c 49c1 | eb16 488b | fd48 c1ef | 0344 8b44 
  0x000001f12f6bdbdc: 2448 49c1 | e003 4c89 | 8424 9000 | 0000 4d85 | db74 1a49 | c1ea 0948 | b900 007f | 3df1 0100 
  0x000001f12f6bdbfc: 0049 03ca | 8039 040f | 8567 3500 | 0041 807f | 3800 0f85 | 1334 0000 | 4c8b 5424 | 4041 897a 
  0x000001f12f6bdc1c: 0c4c 8bd5 | 4c8b 5c24 | 404d 33d3 | 49c1 ea16 | 4d85 d274 | 1a49 c1eb | 0948 b900 | 007f 3df1 
  0x000001f12f6bdc3c: 0100 0049 | 03cb 8039 | 040f 85dc | 3400 004d | 8b97 0801 | 0000 4d8b | da49 83c3 | 300f 1f80 
  0x000001f12f6bdc5c: 0000 0000 | 4d3b 9f18 | 0100 000f | 8320 3a00 | 004d 899f | 0801 0000 | 410f 0d8b | c000 0000 
  0x000001f12f6bdc7c: 49c7 0201 

  0x000001f12f6bdc80: ;   {metadata('java/util/HashMap')}
  0x000001f12f6bdc80: 0000 0041 | c742 0820 | 360b 0045 | 8962 0c4d | 8962 104d | 8962 184d | 8962 2849 | c742 2000 
  0x000001f12f6bdca0: 0040 3f41 | 807f 3800 | 0f85 f133 | 0000 4d8b | da49 c1eb | 034c 8b44 | 2440 4589 | 5810 4d8b 
  0x000001f12f6bdcc0: d84d 33d3 | 49c1 ea16 | 4d85 d274 | 1c49 c1eb | 0948 b900 | 007f 3df1 | 0100 0049 | 03cb 6690 
  0x000001f12f6bdce0: 8039 040f | 85de 3400 | 0048 8b54 | 2440 4c8b | 4424 384c | 8b8c 2490 | 0000 0090 

  0x000001f12f6bdcfc: ;   {optimized virtual_call}
  0x000001f12f6bdcfc: c5f8 77e8 

  0x000001f12f6bdd00: ; ImmutableOopMap {[40]=Oop [48]=Oop [56]=Oop [64]=Oop [80]=Oop [88]=Oop [96]=Oop [112]=NarrowOop [120]=Oop [128]=Oop [136]=Oop [248]=Oop [256]=Oop }
                      ;*invokevirtual read {reexecute=0 rethrow=0 return_oop=0}
                      ; - java.util.jar.Manifest::<init>@29 (line 100)
                      ; - java.util.jar.Manifest::<init>@4 (line 87)
                      ; - java.util.jar.JarFile::getManifestFromReference@143 (line 433)
                      ; - java.util.jar.JarFile::getManifest@1 (line 406)
                      ; - java.util.jar.JarFile::maybeInstantiateVerifier@31 (line 725)
                      ; - java.util.jar.JarFile::ensureInitialization@1 (line 1031)
                      ; - java.util.jar.JavaUtilJarAccessImpl::ensureInitialization@1 (line 72)
                      ; - jdk.internal.loader.URLClassPath$JarLoader$2::getManifest@10 (line 885)
                      ; - java.net.URLClassLoader::defineClass@34 (line 491)
                      ; - java.net.URLClassLoader$1::run@43 (line 427)
                      ; - java.net.URLClassLoader$1::run@1 (line 421)
                      ; - java.security.AccessController::executePrivileged@29 (line 807)
                      ; - java.security.AccessController::doPrivileged@13 (line 712)
                      ; - java.net.URLClassLoader::findClass@13 (line 420)
  0x000001f12f6bdd00: 7c36 96ff | 4180 7f38 | 000f 85d6 | 3300 004c | 8b54 2440 | 4589 6214 | 4c8b 4424 | 3866 6690 
  0x000001f12f6bdd20: ; implicit exception: dispatches to 0x000001f12f6c253c
  0x000001f12f6bdd20: 458b 5808 

  0x000001f12f6bdd24: ;   {metadata('java/util/zip/ZipFile$ZipFileInflaterInputStream')}
  0x000001f12f6bdd24: 4181 fbe8 | 911b 000f | 85a4 3f00 | 0049 8bea | 498b d090 

  0x000001f12f6bdd38: ;   {optimized virtual_call}
  0x000001f12f6bdd38: c5f8 77e8 

  0x000001f12f6bdd3c: ; ImmutableOopMap {rbp=Oop [40]=Oop [48]=Oop [80]=Oop [88]=Oop [96]=Oop [112]=NarrowOop [120]=Oop [128]=Oop [136]=Oop [248]=Oop [256]=Oop }
                      ;*invokevirtual close {reexecute=0 rethrow=0 return_oop=0}
                      ; - java.util.jar.JarFile::getManifestFromReference@152 (line 434)
                      ; - java.util.jar.JarFile::getManifest@1 (line 406)
                      ; - java.util.jar.JarFile::maybeInstantiateVerifier@31 (line 725)
                      ; - java.util.jar.JarFile::ensureInitialization@1 (line 1031)
                      ; - java.util.jar.JavaUtilJarAccessImpl::ensureInitialization@1 (line 72)
                      ; - jdk.internal.loader.URLClassPath$JarLoader$2::getManifest@10 (line 885)
                      ; - java.net.URLClassLoader::defineClass@34 (line 491)
                      ; - java.net.URLClassLoader$1::run@43 (line 427)
                      ; - java.net.URLClassLoader$1::run@1 (line 421)
                      ; - java.security.AccessController::executePrivileged@29 (line 807)
                      ; - java.security.AccessController::doPrivileged@13 (line 712)
                      ; - java.net.URLClassLoader::findClass@13 (line 420)
  0x000001f12f6bdd3c: 4036 96ff | e966 1100 | 004c 894c | 2438 418b | ea4c 899c | 2480 0000 | 0049 8bd3 | 4d8b c190 
  0x000001f12f6bdd5c: ;   {optimized virtual_call}
  0x000001f12f6bdd5c: c5f8 77e8 

  0x000001f12f6bdd60: ; ImmutableOopMap {rbp=NarrowOop [40]=Oop [48]=Oop [56]=Oop [80]=Oop [88]=Oop [96]=Oop [112]=NarrowOop [120]=Oop [128]=Oop [136]=Oop [248]=Oop [256]=Oop }
                      ;*invokespecial getInputStream {reexecute=0 rethrow=0 return_oop=1}
                      ; - java.util.jar.JarFile::getBytes@2 (line 801)
                      ; - java.util.jar.JarFile::getManifestFromReference@44 (line 419)
                      ; - java.util.jar.JarFile::getManifest@1 (line 406)
                      ; - java.util.jar.JarFile::maybeInstantiateVerifier@31 (line 725)
                      ; - java.util.jar.JarFile::ensureInitialization@1 (line 1031)
                      ; - java.util.jar.JavaUtilJarAccessImpl::ensureInitialization@1 (line 72)
                      ; - jdk.internal.loader.URLClassPath$JarLoader$2::getManifest@10 (line 885)
                      ; - java.net.URLClassLoader::defineClass@34 (line 491)
                      ; - java.net.URLClassLoader$1::run@43 (line 427)
                      ; - java.net.URLClassLoader$1::run@1 (line 421)
                      ; - java.security.AccessController::executePrivileged@29 (line 807)
                      ; - java.security.AccessController::doPrivileged@13 (line 712)
                      ; - java.net.URLClassLoader::findClass@13 (line 420)
  0x000001f12f6bdd60: 1c36 96ff | 4889 8424 | 9000 0000 | 448b d54b | 8b6c d420 | 0f1f 8400 | 0000 0000 | 6666 6690 
  0x000001f12f6bdd80: 4881 fd00 | 24f4 000f | 8fe8 3c00 | 0044 8bc5 | 4183 f8ff | 0f84 1218 | 0000 660f | 1f44 0000 
  0x000001f12f6bdda0: 4181 f8ff | ff00 000f | 8f35 0100 | 0041 81f8 | 0000 1000 | 0f87 fb41 | 0000 4963 | c866 6690 
  0x000001f12f6bddc0: 4181 f800 | 0010 000f | 87db 3800 | 0041 8be8 | 4489 5424 | 744d 8b97 | 0801 0000 | 4883 c117 
  0x000001f12f6bdde0: 4c8b d949 | 83e3 f84d | 8bc2 4d03 | c34d 3b87 | 1801 0000 | 0f83 b638 | 0000 4d89 | 8708 0100 
  0x000001f12f6bde00: 0041 0f0d | 88c0 0000 | 0049 c702 | 0100 0000 | 410f 0d88 | 0001 0000 

  0x000001f12f6bde18: ;   {metadata({type array byte})}
  0x000001f12f6bde18: 41c7 4208 | 2867 0000 | 4189 6a0c | 410f 0d88 | 4001 0000 | 498b fa48 | 83c7 1041 | 0f0d 8880 
  0x000001f12f6bde38: 0100 0048 | c1e9 0348 | 83c1 fe48 | 33c0 4883 | f908 7f10 | 48ff c978 | 4f48 8904 | cf48 ffc9 
  0x000001f12f6bde58: 7df7 eb44 | c5fd efc0 | e90d 0000 | 00c5 fe7f | 07c5 fe7f | 4720 4883 | c740 4883 | e908 7ded 
  0x000001f12f6bde78: 4883 c104 | 7c0c c5fe | 7f07 4883 | c720 4883 | e904 4883 | c104 7e10 | 48ff c9c5 | f9d6 0748 
  0x000001f12f6bde98: 83c7 0848 | ffc9 7df3 | 4c89 5424 | 4044 8bdd | 418b eb48 | 8b94 2490 | 0000 004d | 8bc2 4533 
  0x000001f12f6bdeb8: c941 8bfb | 6690 c5f8 | 7748 b8ff | ffff ffff 

  0x000001f12f6bdec8: ;   {virtual_call}
  0x000001f12f6bdec8: ffff ffe8 

  0x000001f12f6bdecc: ; ImmutableOopMap {[40]=Oop [48]=Oop [56]=Oop [64]=Oop [80]=Oop [88]=Oop [96]=Oop [112]=NarrowOop [116]=NarrowOop [120]=Oop [128]=Oop [136]=Oop [144]=Oop [248]=Oop [256]=Oop }
                      ;*invokevirtual readNBytes {reexecute=0 rethrow=0 return_oop=0}
                      ; - java.util.jar.JarFile::getBytes@109 (line 817)
                      ; - java.util.jar.JarFile::getManifestFromReference@44 (line 419)
                      ; - java.util.jar.JarFile::getManifest@1 (line 406)
                      ; - java.util.jar.JarFile::maybeInstantiateVerifier@31 (line 725)
                      ; - java.util.jar.JarFile::ensureInitialization@1 (line 1031)
                      ; - java.util.jar.JavaUtilJarAccessImpl::ensureInitialization@1 (line 72)
                      ; - jdk.internal.loader.URLClassPath$JarLoader$2::getManifest@10 (line 885)
                      ; - java.net.URLClassLoader::defineClass@34 (line 491)
                      ; - java.net.URLClassLoader$1::run@43 (line 427)
                      ; - java.net.URLClassLoader$1::run@1 (line 421)
                      ; - java.security.AccessController::executePrivileged@29 (line 807)
                      ; - java.security.AccessController::doPrivileged@13 (line 712)
                      ; - java.net.URLClassLoader::findClass@13 (line 420)
  0x000001f12f6bdecc: b037 96ff | 448b d848 | 8b44 2440 | 448b d545 | 8bcb 6690 | eb35 4489 | 4424 4844 | 8954 2474 
  0x000001f12f6bdeec: 488b d066 | 6690 c5f8 | 7748 b8ff | ffff ffff 

  0x000001f12f6bdefc: ;   {virtual_call}
  0x000001f12f6bdefc: ffff ffe8 

  0x000001f12f6bdf00: ; ImmutableOopMap {[40]=Oop [48]=Oop [56]=Oop [80]=Oop [88]=Oop [96]=Oop [112]=NarrowOop [116]=NarrowOop [120]=Oop [128]=Oop [136]=Oop [144]=Oop [248]=Oop [256]=Oop }
                      ;*invokevirtual readAllBytes {reexecute=0 rethrow=0 return_oop=1}
                      ; - java.util.jar.JarFile::getBytes@118 (line 819)
                      ; - java.util.jar.JarFile::getManifestFromReference@44 (line 419)
                      ; - java.util.jar.JarFile::getManifest@1 (line 406)
                      ; - java.util.jar.JarFile::maybeInstantiateVerifier@31 (line 725)
                      ; - java.util.jar.JarFile::ensureInitialization@1 (line 1031)
                      ; - java.util.jar.JavaUtilJarAccessImpl::ensureInitialization@1 (line 72)
                      ; - jdk.internal.loader.URLClassPath$JarLoader$2::getManifest@10 (line 885)
                      ; - java.net.URLClassLoader::defineClass@34 (line 491)
                      ; - java.net.URLClassLoader$1::run@43 (line 427)
                      ; - java.net.URLClassLoader$1::run@1 (line 421)
                      ; - java.security.AccessController::executePrivileged@29 (line 807)
                      ; - java.security.AccessController::doPrivileged@13 (line 712)
                      ; - java.net.URLClassLoader::findClass@13 (line 420)
  0x000001f12f6bdf00: 7c37 96ff 

  0x000001f12f6bdf04: ; implicit exception: dispatches to 0x000001f12f6c2508
  0x000001f12f6bdf04: 448b 480c | 448b 5424 | 4841 83fa | ff0f 8449 | 1a00 0045 | 3bd1 660f | 1f44 0000 | 0f85 1a3d 
  0x000001f12f6bdf24: 0000 4889 | 8424 0801 | 0000 488b | 9424 9000 | 0000 c5f8 | 7748 b8ff | ffff ffff 

  0x000001f12f6bdf40: ;   {virtual_call}
  0x000001f12f6bdf40: ffff ffe8 

  0x000001f12f6bdf44: ; ImmutableOopMap {[40]=Oop [48]=Oop [56]=Oop [80]=Oop [88]=Oop [96]=Oop [112]=NarrowOop [116]=NarrowOop [120]=Oop [128]=Oop [136]=Oop [248]=Oop [256]=Oop [264]=Oop }
                      ;*invokevirtual close {reexecute=0 rethrow=0 return_oop=0}
                      ; - java.util.jar.JarFile::getBytes@190 (line 826)
                      ; - java.util.jar.JarFile::getManifestFromReference@44 (line 419)
                      ; - java.util.jar.JarFile::getManifest@1 (line 406)
                      ; - java.util.jar.JarFile::maybeInstantiateVerifier@31 (line 725)
                      ; - java.util.jar.JarFile::ensureInitialization@1 (line 1031)
                      ; - java.util.jar.JavaUtilJarAccessImpl::ensureInitialization@1 (line 72)
                      ; - jdk.internal.loader.URLClassPath$JarLoader$2::getManifest@10 (line 885)
                      ; - java.net.URLClassLoader::defineClass@34 (line 491)
                      ; - java.net.URLClassLoader$1::run@43 (line 427)
                      ; - java.net.URLClassLoader$1::run@1 (line 421)
                      ; - java.security.AccessController::executePrivileged@29 (line 807)
                      ; - java.security.AccessController::doPrivileged@13 (line 712)
                      ; - java.net.URLClassLoader::findClass@13 (line 420)
  0x000001f12f6bdf44: 3837 96ff | 4c8b 9424 | 8000 0000 | 410f b66a | 1185 ed0f | 85c7 3d00 | 0049 8bd2 

  0x000001f12f6bdf60: ;   {optimized virtual_call}
  0x000001f12f6bdf60: c5f8 77e8 

  0x000001f12f6bdf64: ; ImmutableOopMap {[40]=Oop [48]=Oop [56]=Oop [80]=Oop [88]=Oop [96]=Oop [112]=NarrowOop [116]=NarrowOop [120]=Oop [128]=Oop [136]=Oop [248]=Oop [256]=Oop [264]=Oop }
                      ;*invokevirtual getManifestNum {reexecute=0 rethrow=0 return_oop=0}
                      ; - java.util.zip.ZipFile$1::getManifestNum@1 (line 1119)
                      ; - java.util.jar.JarFile::getManifestFromReference@59 (line 421)
                      ; - java.util.jar.JarFile::getManifest@1 (line 406)
                      ; - java.util.jar.JarFile::maybeInstantiateVerifier@31 (line 725)
                      ; - java.util.jar.JarFile::ensureInitialization@1 (line 1031)
                      ; - java.util.jar.JavaUtilJarAccessImpl::ensureInitialization@1 (line 72)
                      ; - jdk.internal.loader.URLClassPath$JarLoader$2::getManifest@10 (line 885)
                      ; - java.net.URLClassLoader::defineClass@34 (line 491)
                      ; - java.net.URLClassLoader$1::run@43 (line 427)
                      ; - java.net.URLClassLoader$1::run@1 (line 421)
                      ; - java.security.AccessController::executePrivileged@29 (line 807)
                      ; - java.security.AccessController::doPrivileged@13 (line 712)
                      ; - java.net.URLClassLoader::findClass@13 (line 420)
  0x000001f12f6bdf64: 1834 96ff | 83f8 010f | 85f3 3d00 | 004d 8b97 | 0801 0000 | 4d8b da49 | 83c3 6090 | 4d3b 9f18 
  0x000001f12f6bdf84: 0100 000f | 8380 3300 | 004d 899f | 0801 0000 | 410f 0d8b | c000 0000 | 49c7 0201 | 0000 0049 
  0x000001f12f6bdfa4: 8bfa 4883 

  0x000001f12f6bdfa8: ;   {metadata('java/util/jar/JarVerifier')}
  0x000001f12f6bdfa8: c710 41c7 | 4208 7875 | 1800 4589 | 620c b90a | 0000 00c5 | fdef c0e9 | 0d00 0000 | c5fe 7f07 
  0x000001f12f6bdfc8: c5fe 7f47 | 2048 83c7 | 4048 83e9 | 087d ed48 | 83c1 047c | 0cc5 fe7f | 0748 83c7 | 2048 83e9 
  0x000001f12f6bdfe8: 0448 83c1 | 047e 1048 | ffc9 c5f9 | d607 4883 | c708 48ff | c97d f34c | 8954 2448 | 448b 5c24 
  0x000001f12f6be008: 7447 8b5c 

  0x000001f12f6be00c: ;   {metadata('java/util/jar/JarFile$JarFileEntry')}
  0x000001f12f6be00c: dc08 4181 | fb60 b218 | 000f 85a1 | 3a00 004c | 8b54 2438 | 4c8b 5c24 | 4841 c643 | 0e01 458b 
  0x000001f12f6be02c: 5260 4489 | 5424 3849 | 8b87 0801 | 0000 4d8b | d341 c642 | 0d01 4c8b | d049 83c2 | 1044 8b5c 
  0x000001f12f6be04c: 2438 498b | eb48 c1e5 | 0366 6666 | 0f1f 8400 | 0000 0000 | 4d3b 9718 | 0100 000f | 834c 3400 
  0x000001f12f6be06c: 004d 8997 | 0801 0000 | 410f 0d8a | c000 0000 | 48c7 0001 

  0x000001f12f6be080: ;   {metadata('java/lang/Object')}
  0x000001f12f6be080: 0000 00c7 | 4008 580d | 0000 4489 | 600c 4c8b | 9424 0801 | 0000 458b | 5a0c 4489 | 5c24 3c4c 
  0x000001f12f6be0a0: 8b54 2448 | 4d8b da49 | c1eb 0344 | 895c 2444 | 4c8b d04c | 8b5c 2448 | 4d33 d34c | 8bc0 49c1 
  0x000001f12f6be0c0: e803 4c8b | 4c24 4845 | 8941 3449 | c1ea 164c | 8b84 2408 | 0100 0049 | c1e8 0344 | 8944 2440 
  0x000001f12f6be0e0: ;   {section_word}
  0x000001f12f6be0e0: c5fa 1005 | 58c5 ffff | 4d85 d274 | 1c49 c1eb | 0948 b900 | 007f 3df1 | 0100 0049 | 03cb 6690 
  0x000001f12f6be100: 8039 040f | 8502 2c00 | 004d 8b97 | 0801 0000 | 4d8b da49 | 83c3 3066 | 0f1f 8400 | 0000 0000 
  0x000001f12f6be120: 4d3b 9f18 | 0100 000f | 83c7 3300 | 004d 899f | 0801 0000 | 410f 0d8b | c000 0000 | 49c7 0201 
  0x000001f12f6be140: ;   {metadata('java/util/HashMap')}
  0x000001f12f6be140: 0000 0041 | c742 0820 | 360b 0045 | 8962 0c4d | 8962 104d | 8962 184d | 8962 2849 | c742 2000 
  0x000001f12f6be160: 0040 3f49 | 8bda 4180 | 7f38 000f | 854e 2500 | 004c 8b54 | 2448 4c8b | db49 c1eb | 034c 8b44 
  0x000001f12f6be180: 2448 4589 | 5840 4c8b | db4d 33da | 49c1 eb16 | 4d85 db74 | 1a49 c1ea | 0948 b900 | 007f 3df1 
  0x000001f12f6be1a0: 0100 0049 | 03ca 8039 | 040f 857c | 2c00 004d | 8b97 0801 | 0000 4d8b | da49 83c3 | 3066 6690 
  0x000001f12f6be1c0: 4d3b 9f18 | 0100 000f | 83ba 3300 | 004d 899f | 0801 0000 | 410f 0d8b | c000 0000 | 49c7 0201 
  0x000001f12f6be1e0: ;   {metadata('java/util/HashMap')}
  0x000001f12f6be1e0: 0000 0041 | c742 0820 | 360b 0045 | 8962 0c4d | 8962 104d | 8962 184d | 8962 2849 | c742 2000 
  0x000001f12f6be200: 0040 3f49 | 8bda 4180 | 7f38 000f | 85ae 2300 | 004c 8b54 | 2448 4c8b | db49 c1eb | 034c 8b44 
  0x000001f12f6be220: 2448 4589 | 5844 4c8b | db4d 33da | 49c1 eb16 | 4d85 db74 | 1a49 c1ea | 0948 b900 | 007f 3df1 
  0x000001f12f6be240: 0100 0049 | 03ca 8039 | 040f 857c | 2b00 004d | 8b97 0801 | 0000 4d8b | da49 83c3 | 1066 6690 
  0x000001f12f6be260: 4d3b 9f18 | 0100 000f | 837b 3300 | 004d 899f | 0801 0000 | 410f 0d8b | c000 0000 | 49c7 0201 
  0x000001f12f6be280: 0000 0041 | 0f0d 8b00 

  0x000001f12f6be288: ;   {metadata('java/security/CodeSigner'[])}
  0x000001f12f6be288: 0100 0041 | c742 0878 | 3c04 0141 | 0f0d 8b40 | 0100 0045 | 8962 0c41 | 0f0d 8b80 | 0100 0049 
  0x000001f12f6be2a8: 8bda 4180 | 7f38 000f | 858a 2300 | 004c 8b54 | 2448 4c8b | db49 c1eb | 034c 8b44 | 2448 4589 
  0x000001f12f6be2c8: 5850 4c8b | db4d 33da | 49c1 eb16 | 4d85 db74 | 1a49 c1ea | 0948 b900 | 007f 3df1 | 0100 0049 
  0x000001f12f6be2e8: 03ca 8039 | 040f 8578 | 2a00 0041 | 807f 3800 | 0f85 8123 | 0000 4c8b | 5424 4844 | 8b5c 2438 
  0x000001f12f6be308: 4589 5a30 | 4c8b d54c | 8b5c 2448 | 4d33 d349 | c1ea 160f | 1f44 0000 | 4d85 d274 | 2444 8b44 
  0x000001f12f6be328: 2438 4585 | c074 1a49 | c1eb 0948 | b900 007f | 3df1 0100 | 0049 03cb | 8039 040f | 853e 2c00 
  0x000001f12f6be348: 0041 807f | 3800 0f85 | ab22 0000 | 4c8b 5424 | 4844 8b5c | 2440 4589 | 5a2c 4c8b | 9424 0801 
  0x000001f12f6be368: 0000 4c8b | 5c24 484d | 33d3 49c1 | ea16 4d85 | d274 1a49 | c1eb 0948 | b900 007f | 3df1 0100 
  0x000001f12f6be388: 0049 03cb | 8039 040f | 85d6 2600 | 004d 8b97 | 0801 0000 | 4d8b da49 | 83c3 304d | 3b9f 1801 
  0x000001f12f6be3a8: 0000 0f83 | 2131 0000 | 4d89 9f08 | 0100 0041 | 0f0d 8bc0 | 0000 0049 | c702 0100 

  0x000001f12f6be3c4: ;   {metadata('java/util/Hashtable')}
  0x000001f12f6be3c4: 0000 41c7 | 4208 806f | 0100 4589 | 620c 4d89 | 6218 4d89 | 6220 4d89 | 6228 49bb | 0000 0000 
  0x000001f12f6be3e4: 0000 403f | 4d89 5a10 | 498b ea49 | 8b87 0801 | 0000 4c8b | d049 83c2 | 4066 6690 | 4d3b 9718 
  0x000001f12f6be404: 0100 000f | 834e 3100 | 004d 8997 | 0801 0000 | 410f 0d8a | c000 0000 | 48c7 0001 | 0000 0041 
  0x000001f12f6be424: 0f0d 8a00 

  0x000001f12f6be428: ;   {metadata('java/util/Hashtable$Entry'[])}
  0x000001f12f6be428: 0100 00c7 | 4008 709e | 1500 410f | 0d8a 4001 | 0000 c740 | 0c0b 0000 | 0041 0f0d | 8a80 0100 
  0x000001f12f6be448: 004c 8960 | 104c 8960 | 184c 8960 | 204c 8960 | 284c 8960 | 304c 8960 | 384c 8bd5 | 498b da48 
  0x000001f12f6be468: c1eb 034c | 8bd0 49c1 | ea03 4489 | 551c 4c8b | d04c 8bdd | 4d33 d349 | c1ea 164d | 85d2 741e 
  0x000001f12f6be488: 49c1 eb09 | 48b9 0000 | 7f3d f101 | 0000 4903 | cb80 3904 | 0f1f 4000 | 0f85 8526 | 0000 4180 
  0x000001f12f6be4a8: 7f38 000f | 854e 2200 | 004c 8b54 | 2448 4189 | 5a14 4c8b | d541 c742 | 1008 0000 | 004c 8b5c 
  0x000001f12f6be4c8: 2448 4d33 | d349 c1ea | 164d 85d2 | 741a 49c1 | eb09 48b9 | 0000 7f3d | f101 0000 | 4903 cb80 
  0x000001f12f6be4e8: 3904 0f85 | 9b26 0000 | 4d8b 9708 | 0100 004d | 8bda 4983 | c330 6690 | 4d3b 9f18 | 0100 000f 
  0x000001f12f6be508: 83b8 3000 | 004d 899f | 0801 0000 | 410f 0d8b | c000 0000 | 49c7 0201 

  0x000001f12f6be520: ;   {metadata('java/util/Hashtable')}
  0x000001f12f6be520: 0000 0041 | c742 0880 | 6f01 0045 | 8962 0c4d | 8962 184d | 8962 204d | 8962 2849 | bb00 0000 
  0x000001f12f6be540: 0000 0040 | 3f4d 895a | 1049 8bea | 498b 8708 | 0100 004c | 8bd0 4983 | c240 660f | 1f44 0000 
  0x000001f12f6be560: 4d3b 9718 | 0100 000f | 83c3 2f00 | 004d 8997 | 0801 0000 | 410f 0d8a | c000 0000 | 48c7 0001 
  0x000001f12f6be580: 0000 0041 | 0f0d 8a00 

  0x000001f12f6be588: ;   {metadata('java/util/Hashtable$Entry'[])}
  0x000001f12f6be588: 0100 00c7 | 4008 709e | 1500 410f | 0d8a 4001 | 0000 c740 | 0c0b 0000 | 0041 0f0d | 8a80 0100 
  0x000001f12f6be5a8: 004c 8960 | 104c 8960 | 184c 8960 | 204c 8960 | 284c 8960 | 304c 8960 | 384c 8bd5 | 498b fa48 
  0x000001f12f6be5c8: c1ef 034c | 8bd8 49c1 | eb03 4589 | 5a1c 4c8b | d04c 8bdd | 4d33 d349 | c1ea 164d | 85d2 741e 
  0x000001f12f6be5e8: 49c1 eb09 | 48b9 0000 | 7f3d f101 | 0000 4903 | cb80 3904 | 0f1f 4000 | 0f85 c524 | 0000 4180 
  0x000001f12f6be608: 7f38 000f | 856e 1e00 | 004c 8b54 | 2448 4189 | 7a10 4c8b | d541 c742 | 1008 0000 | 004c 8b5c 
  0x000001f12f6be628: 2448 4d33 | d349 c1ea | 164d 85d2 | 741a 49c1 | eb09 48b9 | 0000 7f3d | f101 0000 | 4903 cb80 
  0x000001f12f6be648: 3904 0f85 | fb25 0000 | 4d8b 9708 | 0100 004d | 8bda 4983 | c330 6690 | 4d3b 9f18 | 0100 000f 
  0x000001f12f6be668: 83bb 2c00 | 004d 899f | 0801 0000 | 410f 0d8b | c000 0000 | 49c7 0201 

  0x000001f12f6be680: ;   {metadata('java/util/Hashtable')}
  0x000001f12f6be680: 0000 0041 | c742 0880 | 6f01 0045 | 8962 0c4d | 8962 184d | 8962 204d | 8962 2849 | bb00 0000 
  0x000001f12f6be6a0: 0000 0040 | 3f4d 895a | 1049 8bea | 498b 8708 | 0100 004c | 8bd0 4983 | c240 660f | 1f44 0000 
  0x000001f12f6be6c0: 4d3b 9718 | 0100 000f | 83a0 2d00 | 004d 8997 | 0801 0000 | 410f 0d8a | c000 0000 | 48c7 0001 
  0x000001f12f6be6e0: 0000 0041 | 0f0d 8a00 

  0x000001f12f6be6e8: ;   {metadata('java/util/Hashtable$Entry'[])}
  0x000001f12f6be6e8: 0100 00c7 | 4008 709e | 1500 410f | 0d8a 4001 | 0000 c740 | 0c0b 0000 | 0041 0f0d | 8a80 0100 
  0x000001f12f6be708: 004c 8960 | 104c 8960 | 184c 8960 | 204c 8960 | 284c 8960 | 304c 8960 | 384c 8bd5 | 498b da48 
  0x000001f12f6be728: c1eb 034c | 8bd0 49c1 | ea03 4489 | 551c 4c8b | d04c 8bdd | 4d33 d349 | c1ea 164d | 85d2 741e 
  0x000001f12f6be748: 49c1 eb09 | 48b9 0000 | 7f3d f101 | 0000 4903 | cb80 3904 | 0f1f 4000 | 0f85 8524 | 0000 4180 
  0x000001f12f6be768: 7f38 000f | 850e 1e00 | 004c 8b54 | 2448 4189 | 5a18 4c8b | d541 c742 | 1008 0000 | 004c 8b5c 
  0x000001f12f6be788: 2448 4d33 | d349 c1ea | 164d 85d2 | 741a 49c1 | eb09 48b9 | 0000 7f3d | f101 0000 | 4903 cb80 
  0x000001f12f6be7a8: 3904 0f85 | fb24 0000 | 4d8b 9708 | 0100 004d | 8bda 4983 | c318 6690 | 4d3b 9f18 | 0100 000f 
  0x000001f12f6be7c8: 83aa 2b00 | 004d 899f | 0801 0000 | 410f 0d8b | c000 0000 | 49c7 0201 

  0x000001f12f6be7e0: ;   {metadata('java/util/ArrayList')}
  0x000001f12f6be7e0: 0000 0041 | c742 0810 | df00 0045 | 8962 0c45 

  0x000001f12f6be7f0: ;   {oop(a 'java/lang/Object'[0] {0x0000000600429990})}
  0x000001f12f6be7f0: 8962 1041 | c742 1432 | 5308 c049 | 8bda 6690 | 4180 7f38 | 000f 8534 | 1d00 004c | 8b54 2448 
  0x000001f12f6be810: 4c8b db49 | c1eb 034c | 8b44 2448 | 4589 581c | 4c8b db4d | 33da 49c1 | eb16 4d85 | db74 1a49 
  0x000001f12f6be830: c1ea 0948 | b900 007f | 3df1 0100 | 0049 03ca | 8039 040f | 85c2 2100 | 004d 8b97 | 0801 0000 
  0x000001f12f6be850: 4d8b da49 | 83c3 1866 | 0f1f 8400 | 0000 0000 | 4d3b 9f18 | 0100 000f | 8398 2b00 | 004d 899f 
  0x000001f12f6be870: 0801 0000 | 410f 0d8b | c000 0000 | 49c7 0201 

  0x000001f12f6be880: ;   {metadata('java/io/ByteArrayOutputStream')}
  0x000001f12f6be880: 0000 0041 | c742 08e8 | 0119 0045 | 8962 0c4d | 8962 1049 | 8bea 498b | 8708 0100 | 004c 8bd0 
  0x000001f12f6be8a0: 4983 c230 | 4d3b 9718 | 0100 000f | 839b 2a00 | 004d 8997 | 0801 0000 | 410f 0d8a | c000 0000 
  0x000001f12f6be8c0: 48c7 0001 | 0000 0041 | 0f0d 8a00 

  0x000001f12f6be8cc: ;   {metadata({type array byte})}
  0x000001f12f6be8cc: 0100 00c7 | 4008 2867 | 0000 410f | 0d8a 4001 | 0000 c740 | 0c20 0000 | 0041 0f0d | 8a80 0100 
  0x000001f12f6be8ec: 004c 8960 | 104c 8960 | 184c 8960 | 204c 8960 | 284c 8bd5 | 498b fa48 | c1ef 034c | 8bd8 49c1 
  0x000001f12f6be90c: eb03 4589 | 5a10 4c8b | d04c 8bdd | 4d33 d349 | c1ea 1690 | 4d85 d274 | 1a49 c1eb | 0948 b900 
  0x000001f12f6be92c: 007f 3df1 | 0100 0049 | 03cb 8039 | 040f 856c | 2000 0090 | 4180 7f38 | 000f 85b4 | 1b00 004c 
  0x000001f12f6be94c: 8b54 2448 | 4189 7a24 | 4c8b d54c | 8b5c 2448 | 4d33 d349 | c1ea 164d | 85d2 741e | 49c1 eb09 
  0x000001f12f6be96c: 48b9 0000 | 7f3d f101 | 0000 4903 | cb80 3904 | 0f1f 4000 | 0f85 c51f | 0000 4d8b | 9708 0100 
  0x000001f12f6be98c: 004d 8bda | 4983 c318 | 0f1f 8400 | 0000 0000 | 6666 6690 | 4d3b 9f18 | 0100 000f | 837b 2a00 
  0x000001f12f6be9ac: 004d 899f | 0801 0000 | 410f 0d8b | c000 0000 | 49c7 0201 

  0x000001f12f6be9c0: ;   {metadata('java/util/ArrayList')}
  0x000001f12f6be9c0: 0000 0041 | c742 0810 | df00 0045 | 8962 0c45 

  0x000001f12f6be9d0: ;   {oop(a 'java/lang/Object'[0] {0x0000000600429990})}
  0x000001f12f6be9d0: 8962 1041 | c742 1432 | 5308 c049 | 8bda 6690 | 4180 7f38 | 000f 85d4 | 1a00 004c | 8bd3 4d8b 
  0x000001f12f6be9f0: da49 c1eb | 034c 8b54 | 2448 4589 | 5a38 4c8b | db4d 33da | 49c1 eb16 | 4d85 db74 | 1c49 c1ea 
  0x000001f12f6bea10: 0948 b900 | 007f 3df1 | 0100 0049 | 03ca 6690 | 8039 040f | 85c2 1e00 | 004d 8b97 | 0801 0000 
  0x000001f12f6bea30: 4d8b da49 | 83c3 3066 | 0f1f 8400 | 0000 0000 | 4d3b 9f18 | 0100 000f | 8390 2900 | 004d 899f 
  0x000001f12f6bea50: 0801 0000 | 410f 0d8b | c000 0000 | 49c7 0201 

  0x000001f12f6bea60: ;   {metadata('java/util/HashMap')}
  0x000001f12f6bea60: 0000 0041 | c742 0820 | 360b 0045 | 8962 0c4d | 8962 104d | 8962 184d | 8962 2849 | c742 2000 
  0x000001f12f6bea80: 0040 3f49 | 8bda 4180 | 7f38 000f | 85ae 1900 | 004c 8b54 | 2448 4c8b | c349 c1e8 | 034c 8b5c 
  0x000001f12f6beaa0: 2448 4589 | 433c 4c8b | db4d 33da | 49c1 eb16 | 4d85 db74 | 1a49 c1ea | 0948 b900 | 007f 3df1 
  0x000001f12f6beac0: 0100 0049 | 03ca 8039 | 040f 856d | 1d00 0041 | 807f 3800 | 0f85 2319 | 0000 4c8b | 9424 8000 
  0x000001f12f6beae0: 0000 448b | 5c24 4445 | 895a 304c | 8b54 2448 | 4c8b 9c24 | 8000 0000 | 4d33 d349 | c1ea 1690 
  0x000001f12f6beb00: 4d85 d274 | 1a49 c1eb | 0948 b900 | 007f 3df1 | 0100 0049 | 03cb 8039 | 040f 856e | 1d00 0049 
  0x000001f12f6beb20: 8b87 0801 | 0000 4c8b | d049 83c2 | 184d 3b97 | 1801 0000 | 0f83 1229 | 0000 4d89 | 9708 0100 
  0x000001f12f6beb40: 0041 0f0d | 8ac0 0000 | 0048 c700 | 0100 0000 

  0x000001f12f6beb50: ;   {metadata('java/util/jar/Manifest')}
  0x000001f12f6beb50: c740 0800 | 9c06 0044 | 8960 0c4c | 8960 104c | 8bd0 4c89 | 5424 484c | 8b94 2480 | 0000 0045 
  0x000001f12f6beb70: 8b5a 3044 | 895c 2438 | 498b 8708 | 0100 004c | 8bd0 4983 | c220 49c1 | e303 4c89 | 9c24 9000 
  0x000001f12f6beb90: 0000 6666 | 0f1f 8400 | 0000 0000 | 6666 6690 | 4d3b 9718 | 0100 000f | 83ea 2800 | 004d 8997 
  0x000001f12f6bebb0: 0801 0000 | 410f 0d8a | c000 0000 | 48c7 0001 

  0x000001f12f6bebc0: ;   {metadata('java/io/ByteArrayInputStream')}
  0x000001f12f6bebc0: 0000 00c7 | 4008 c0a2 | 0100 4489 | 600c 4c89 | 6010 4c89 | 6018 4c8b | d04c 8994 | 2498 0000 
  0x000001f12f6bebe0: 0044 8b5c | 243c 4589 | 5a14 448b | 4424 4045 | 8942 184c | 8b94 2480 | 0000 0045 | 8b52 1444 
  0x000001f12f6bec00: 8954 243c | 498b 8708 | 0100 004c | 8bd0 4983 | c210 6666 | 0f1f 8400 | 0000 0000 | 6666 6690 
  0x000001f12f6bec20: 4d3b 9718 | 0100 000f | 836f 2700 | 004d 8997 | 0801 0000 | 410f 0d8a | c000 0000 | 48c7 0001 
  0x000001f12f6bec40: ;   {metadata('java/util/jar/Attributes')}
  0x000001f12f6bec40: 0000 00c7 | 4008 f84c | 1800 4489 | 600c 488b | e849 8b87 | 0801 0000 | 4c8b d049 | 83c2 3890 
  0x000001f12f6bec60: 4d3b 9718 | 0100 000f | 8350 2700 | 004d 8997 | 0801 0000 | 410f 0d8a | c000 0000 | 48c7 0001 
  0x000001f12f6bec80: ;   {metadata('java/util/LinkedHashMap')}
  0x000001f12f6bec80: 0000 00c7 | 4008 203a | 0b00 4489 | 600c 4c89 | 6010 4c89 | 6018 4c89 | 6020 4c89 | 6028 4c89 
  0x000001f12f6beca0: 6030 c5fa | 1144 2440 | 4c8b d04c | 8994 24a0 | 0000 0049 | 8bd2 41b8 | 0b00 0000 | c5fa 1044 
  0x000001f12f6becc0: 2440 6690 

  0x000001f12f6becc4: ;   {optimized virtual_call}
  0x000001f12f6becc4: c5f8 77e8 

  0x000001f12f6becc8: ; ImmutableOopMap {rbp=Oop [40]=Oop [48]=Oop [56]=NarrowOop [60]=NarrowOop [72]=Oop [80]=Oop [88]=Oop [96]=Oop [112]=NarrowOop [120]=Oop [128]=Oop [136]=Oop [144]=Oop [152]=Oop [160]=Oop [248]=Oop [256]=Oop }
                      ;*invokespecial <init> {reexecute=0 rethrow=0 return_oop=0}
                      ; - java.util.HashMap::<init>@4 (line 462)
                      ; - java.util.LinkedHashMap::<init>@2 (line 360)
                      ; - java.util.jar.Attributes::<init>@10 (line 82)
                      ; - java.util.jar.Attributes::<init>@3 (line 72)
                      ; - java.util.jar.Manifest::<init>@9 (line 54)
                      ; - java.util.jar.JarFile::getManifestFromReference@121 (line 430)
                      ; - java.util.jar.JarFile::getManifest@1 (line 406)
                      ; - java.util.jar.JarFile::maybeInstantiateVerifier@31 (line 725)
                      ; - java.util.jar.JarFile::ensureInitialization@1 (line 1031)
                      ; - java.util.jar.JavaUtilJarAccessImpl::ensureInitialization@1 (line 72)
                      ; - jdk.internal.loader.URLClassPath$JarLoader$2::getManifest@10 (line 885)
                      ; - java.net.URLClassLoader::defineClass@34 (line 491)
                      ; - java.net.URLClassLoader$1::run@43 (line 427)
                      ; - java.net.URLClassLoader$1::run@1 (line 421)
                      ; - java.security.AccessController::executePrivileged@29 (line 807)
                      ; - java.security.AccessController::doPrivileged@13 (line 712)
                      ; - java.net.URLClassLoader::findClass@13 (line 420)
  0x000001f12f6becc8: b426 96ff | 4c8b 9424 | a000 0000 | 4588 622c | 0f1f 8400 | 0000 0000 | 4180 7f38 | 000f 8554 
  0x000001f12f6bece8: 1a00 004c | 8bd5 4c8b | 9c24 a000 | 0000 4d33 | da4c 8b84 | 24a0 0000 | 004d 8bc8 | 49c1 e903 
  0x000001f12f6bed08: 4489 4d0c | 49c1 eb16 | 448b 4c24 | 3c4d 8bc1 | 49c1 e003 | 4c89 4424 | 4048 8bdd | 48c1 eb03 
  0x000001f12f6bed28: 4d85 db74 | 1c49 c1ea | 0948 b900 | 007f 3df1 | 0100 0049 | 03ca 6690 | 8039 040f | 859e 2100 
  0x000001f12f6bed48: 0041 807f | 3800 0f85 | 281a 0000 | 4c8b 5424 | 4841 895a | 0c4c 8bd5 | 4c8b 5c24 | 484d 33d3 
  0x000001f12f6bed68: 49c1 ea16 | 4d85 d274 | 1a49 c1eb | 0948 b900 | 007f 3df1 | 0100 0049 | 03cb 8039 | 040f 8500 
  0x000001f12f6bed88: 2100 004d | 8b97 0801 | 0000 4d8b | da49 83c3 | 300f 1f80 | 0000 0000 | 4d3b 9f18 | 0100 000f 
  0x000001f12f6beda8: 837b 2800 | 004d 899f | 0801 0000 | 410f 0d8b | c000 0000 | 49c7 0201 

  0x000001f12f6bedc0: ;   {metadata('java/util/HashMap')}
  0x000001f12f6bedc0: 0000 0041 | c742 0820 | 360b 0045 | 8962 0c4d | 8962 104d | 8962 184d | 8962 2849 | c742 2000 
  0x000001f12f6bede0: 0040 3f49 | 8bda 4180 | 7f38 000f | 85cb 1900 | 004c 8b54 | 2448 4c8b | db49 c1eb | 034c 8b44 
  0x000001f12f6bee00: 2448 4589 | 5810 4c8b | db4d 33da | 49c1 eb16 | 4d85 db74 | 1a49 c1ea | 0948 b900 | 007f 3df1 
  0x000001f12f6bee20: 0100 0049 | 03ca 8039 | 040f 8501 | 2100 0048 | 8b54 2448 | 4c8b 8424 | 9800 0000 | 4c8b 4c24 
  0x000001f12f6bee40: 4066 6690 

  0x000001f12f6bee44: ;   {optimized virtual_call}
  0x000001f12f6bee44: c5f8 77e8 

  0x000001f12f6bee48: ; ImmutableOopMap {[40]=Oop [48]=Oop [56]=NarrowOop [72]=Oop [80]=Oop [88]=Oop [96]=Oop [112]=NarrowOop [120]=Oop [128]=Oop [136]=Oop [144]=Oop [248]=Oop [256]=Oop }
                      ;*invokevirtual read {reexecute=0 rethrow=0 return_oop=0}
                      ; - java.util.jar.Manifest::<init>@29 (line 100)
                      ; - java.util.jar.JarFile::getManifestFromReference@121 (line 430)
                      ; - java.util.jar.JarFile::getManifest@1 (line 406)
                      ; - java.util.jar.JarFile::maybeInstantiateVerifier@31 (line 725)
                      ; - java.util.jar.JarFile::ensureInitialization@1 (line 1031)
                      ; - java.util.jar.JavaUtilJarAccessImpl::ensureInitialization@1 (line 72)
                      ; - jdk.internal.loader.URLClassPath$JarLoader$2::getManifest@10 (line 885)
                      ; - java.net.URLClassLoader::defineClass@34 (line 491)
                      ; - java.net.URLClassLoader$1::run@43 (line 427)
                      ; - java.net.URLClassLoader$1::run@1 (line 421)
                      ; - java.security.AccessController::executePrivileged@29 (line 807)
                      ; - java.security.AccessController::doPrivileged@13 (line 712)
                      ; - java.net.URLClassLoader::findClass@13 (line 420)
  0x000001f12f6bee48: 3425 96ff | 4180 7f38 | 000f 85a5 | 1900 004c | 8b54 2448 | 448b 5c24 | 3845 895a | 144c 8b94 
  0x000001f12f6bee68: 2490 0000 | 004c 8b5c | 2448 4d33 | d349 c1ea | 164d 85d2 | 7428 448b | 4424 3845 | 85c0 741e 
  0x000001f12f6bee88: 49c1 eb09 | 48b9 0000 | 7f3d f101 | 0000 4903 | cb80 3904 | 0f1f 4000 | 0f85 3221 | 0000 488b 
  0x000001f12f6beea8: 6c24 484d | 8b97 0801 | 0000 4d8b | da49 83c3 | 280f 1f80 | 0000 0000 | 4d3b 9f18 | 0100 000f 
  0x000001f12f6beec8: 83d8 2300 | 004d 899f | 0801 0000 | 410f 0d8b | c000 0000 | 49c7 0201 

  0x000001f12f6beee0: ;   {metadata('java/lang/ref/SoftReference')}
  0x000001f12f6beee0: 0000 0041 | c742 08b0 | 6304 0045 | 8962 0c4d | 8962 104d | 8962 184d | 8962 204d | 8bc2 4c8b 
  0x000001f12f6bef00: d549 c1ea | 0345 8950 | 0c41 807f | 3800 0f85 | c311 0000 

  0x000001f12f6bef14: ;   {oop(a 'java/lang/ref/ReferenceQueue$Null'{0x0000000600418158})}
  0x000001f12f6bef14: 41c7 4010 | 2b30 08c0 | 498b d848 | c1eb 0349 

  0x000001f12f6bef24: ;   {oop(a 'java/lang/ref/ReferenceQueue$Null'{0x0000000600418158})}
  0x000001f12f6bef24: 8bf8 49ba | 5881 4100 | 0600 0000 | 4d8b d84d | 33d3 49c1 | ea16 660f | 1f44 0000 | 4d85 d274 
  0x000001f12f6bef44: 1a49 c1eb | 0948 b900 | 007f 3df1 | 0100 0049 | 03cb 8039 | 040f 8500 | 1200 00f0 | 8344 24c0 
  0x000001f12f6bef64: 0041 807f | 3800 0f85 | af11 0000 | 4c8b 9c24 | 8000 0000 | 4189 5b28 

  0x000001f12f6bef7c: ;   {oop(a 'java/lang/Class'{0x00000006007066f0} = 'java/lang/ref/SoftReference')}
  0x000001f12f6bef7c: 49ba f066 | 7000 0600 | 0000 4d8b | 5270 4c8b | c74d 8950 | 204d 8bd0 | 4d33 d349 | c1ea 160f 
  0x000001f12f6bef9c: 1f44 0000 | 4d85 d20f | 844a d7ff | ff49 c1eb | 0948 b900 | 007f 3df1 | 0100 0049 | 03cb 660f 
  0x000001f12f6befbc: 1f44 0000 | 8039 040f | 842a d7ff | ff4d 8b57 | 404d 8b5f | 50f0 8344 | 24c0 0080 | 3900 660f 
  0x000001f12f6befdc: 1f44 0000 | 0f84 0dd7 | ffff 4488 | 214d 85d2 | 7527 498b | d766 6666 | 0f1f 8400 | 0000 0000 
  0x000001f12f6beffc: 6666 6690 | c5f8 7749 | ba50 6b24 | b5fb 7f00 | 0041 ffd2 | e9de d6ff | ff4b 894c | 13f8 4983 
  0x000001f12f6bf01c: c2f8 4d89 | 5740 e9cc | d6ff ff48 | 895c 2438 | 4c8b 5424 | 204c 8954 | 2430 4c89 

  0x000001f12f6bf038: ;   {metadata('java/lang/String')}
  0x000001f12f6bf038: 7424 2048 | bae0 e900 | 56f1 0100 | 0066 6690 

  0x000001f12f6bf048: ;   {runtime_call _new_instance_Java}
  0x000001f12f6bf048: c5f8 77e8 

  0x000001f12f6bf04c: ; ImmutableOopMap {[32]=Oop [56]=Oop [96]=Oop [120]=Oop }
                      ;*new {reexecute=0 rethrow=0 return_oop=1}
                      ; - java.lang.StringConcatHelper::simpleConcat@17 (line 411)
                      ; - java.lang.String::concat@11 (line 2774)
                      ; - java.net.URLClassLoader$1::run@13 (line 423)
                      ; - java.net.URLClassLoader$1::run@1 (line 421)
                      ; - java.security.AccessController::executePrivileged@29 (line 807)
                      ; - java.security.AccessController::doPrivileged@13 (line 712)
                      ; - java.net.URLClassLoader::findClass@13 (line 420)
  0x000001f12f6bf04c: b08e 97ff | 4c8b 7424 | 204c 8b54 | 2430 4c89 | 5424 2048 | 8b5c 2438 | e9cd c4ff | ff4d 894c 
  0x000001f12f6bf06c: fc20 e973 

  0x000001f12f6bf070: ;   {metadata('java/lang/ref/SoftReference')}
  0x000001f12f6bf070: d6ff ff48 | bab0 6304 | 56f1 0100 | 0066 6690 

  0x000001f12f6bf080: ;   {runtime_call _new_instance_Java}
  0x000001f12f6bf080: c5f8 77e8 

  0x000001f12f6bf084: ; ImmutableOopMap {[40]=Oop [72]=Oop [80]=Oop [88]=Oop [96]=Oop [128]=Oop [136]=Oop [248]=Oop [256]=Oop }
                      ;*new {reexecute=0 rethrow=0 return_oop=1}
                      ; - java.util.jar.JarFile::getManifestFromReference@184 (line 436)
                      ; - java.util.jar.JarFile::getManifest@1 (line 406)
                      ; - jdk.internal.loader.URLClassPath$JarLoader$2::getManifest@22 (line 886)
                      ; - java.net.URLClassLoader::defineClass@34 (line 491)
                      ; - java.net.URLClassLoader$1::run@43 (line 427)
                      ; - java.net.URLClassLoader$1::run@1 (line 421)
                      ; - java.security.AccessController::executePrivileged@29 (line 807)
                      ; - java.security.AccessController::doPrivileged@13 (line 712)
                      ; - java.net.URLClassLoader::findClass@13 (line 420)
  0x000001f12f6bf084: 788e 97ff | e914 d2ff | ff48 8b74 | 2450 448b | 562c 4585 | d20f 843a | d3ff ff4d | 8b5f 2049 
  0x000001f12f6bf0a4: 8bca 48c1 | e103 4d85 | db0f 8495 | 2100 004d | 8b57 304b | 894c 1af8 | 4983 c3f8 | 4d89 5f20 
  0x000001f12f6bf0c4: e910 d3ff | ff4d 8b57 | 404d 8b5f | 50f0 8344 | 24c0 0080 | 3900 660f | 1f44 0000 | 0f84 2ad3 
  0x000001f12f6bf0e4: ffff 4488 | 214d 85d2 | 7527 498b | d766 6666 | 0f1f 8400 | 0000 0000 | 6666 6690 | c5f8 7749 
  0x000001f12f6bf104: ba50 6b24 | b5fb 7f00 | 0041 ffd2 | e9fb d2ff | ff4b 894c | 13f8 4983 | c2f8 4d89 | 5740 e9e9 
  0x000001f12f6bf124: d2ff ff49 | ba00 007f | 3df1 0100 | 004c 8994 | 24d0 0000 | 00e9 cfda | ffff 4533 | dbe9 90da 
  0x000001f12f6bf144: ffff 4533 | dbe9 78dd 

  0x000001f12f6bf14c: ;   {metadata('java/util/jar/JarVerifier')}
  0x000001f12f6bf14c: ffff 48ba | 7875 1856 | f101 0000 

  0x000001f12f6bf158: ;   {runtime_call _new_instance_Java}
  0x000001f12f6bf158: c5f8 77e8 

  0x000001f12f6bf15c: ; ImmutableOopMap {[40]=Oop [56]=Oop [72]=Oop [80]=Oop [88]=Oop [96]=Oop [128]=NarrowOop [136]=Oop [208]=Oop [248]=Oop [256]=Oop }
                      ;*new {reexecute=0 rethrow=0 return_oop=1}
                      ; - java.util.jar.JarFile::getManifestFromReference@69 (line 422)
                      ; - java.util.jar.JarFile::getManifest@1 (line 406)
                      ; - jdk.internal.loader.URLClassPath$JarLoader$2::getManifest@22 (line 886)
                      ; - java.net.URLClassLoader::defineClass@34 (line 491)
                      ; - java.net.URLClassLoader$1::run@43 (line 427)
                      ; - java.net.URLClassLoader$1::run@1 (line 421)
                      ; - java.security.AccessController::executePrivileged@29 (line 807)
                      ; - java.security.AccessController::doPrivileged@13 (line 712)
                      ; - java.net.URLClassLoader::findClass@13 (line 420)
  0x000001f12f6bf15c: a08d 97ff | 488b d8e9 | f9c7 ffff | 488b eb48 | 8974 2438 

  0x000001f12f6bf170: ;   {metadata('java/util/Hashtable')}
  0x000001f12f6bf170: 48ba 806f | 0156 f101 | 0000 6690 

  0x000001f12f6bf17c: ;   {runtime_call _new_instance_Java}
  0x000001f12f6bf17c: c5f8 77e8 

  0x000001f12f6bf180: ; ImmutableOopMap {rbp=Oop [40]=Oop [56]=Oop [72]=Oop [80]=Oop [88]=Oop [96]=Oop [136]=Oop [248]=Oop [256]=Oop }
                      ;*new {reexecute=0 rethrow=0 return_oop=1}
                      ; - java.util.jar.JarVerifier::<init>@76 (line 109)
                      ; - java.util.jar.JarFile::getManifestFromReference@78 (line 422)
                      ; - java.util.jar.JarFile::getManifest@1 (line 406)
                      ; - jdk.internal.loader.URLClassPath$JarLoader$2::getManifest@22 (line 886)
                      ; - java.net.URLClassLoader::defineClass@34 (line 491)
                      ; - java.net.URLClassLoader$1::run@43 (line 427)
                      ; - java.net.URLClassLoader$1::run@1 (line 421)
                      ; - java.security.AccessController::executePrivileged@29 (line 807)
                      ; - java.security.AccessController::doPrivileged@13 (line 712)
                      ; - java.net.URLClassLoader::findClass@13 (line 420)
  0x000001f12f6bf180: 7c8d 97ff | e93d cbff | ff48 89ac | 24c8 0000 | 0044 8944 | 2440 4889 | 5c24 3848 

  0x000001f12f6bf19c: ;   {metadata('java/security/CodeSigner'[])}
  0x000001f12f6bf19c: 8bee 48ba | 783c 0457 | f101 0000 | 4533 c090 

  0x000001f12f6bf1ac: ;   {runtime_call _new_array_Java}
  0x000001f12f6bf1ac: c5f8 77e8 

  0x000001f12f6bf1b0: ; ImmutableOopMap {rbp=Oop [40]=Oop [56]=Oop [64]=NarrowOop [68]=NarrowOop [72]=Oop [80]=Oop [88]=Oop [96]=Oop [136]=Oop [200]=Oop [248]=Oop [256]=Oop }
                      ;*anewarray {reexecute=0 rethrow=0 return_oop=1}
                      ; - java.util.jar.JarVerifier::<init>@59 (line 562)
                      ; - java.util.jar.JarFile::getManifestFromReference@78 (line 422)
                      ; - java.util.jar.JarFile::getManifest@1 (line 406)
                      ; - jdk.internal.loader.URLClassPath$JarLoader$2::getManifest@22 (line 886)
                      ; - java.net.URLClassLoader::defineClass@34 (line 491)
                      ; - java.net.URLClassLoader$1::run@43 (line 427)
                      ; - java.net.URLClassLoader$1::run@1 (line 421)
                      ; - java.security.AccessController::executePrivileged@29 (line 807)
                      ; - java.security.AccessController::doPrivileged@13 (line 712)
                      ; - java.net.URLClassLoader::findClass@13 (line 420)
  0x000001f12f6bf1b0: 4c8a 97ff | 488b f548 | 8b5c 2438 | 448b 4424 | 4048 8bf8 | 488b ac24 | c800 0000 | e9d5 c9ff 
  0x000001f12f6bf1d0: ff48 89ac | 24c8 0000 | 0044 8944 | 2440 4889 | 5c24 3848 

  0x000001f12f6bf1e4: ;   {metadata('java/util/HashMap')}
  0x000001f12f6bf1e4: 8bee 48ba | 2036 0b56 | f101 0000 

  0x000001f12f6bf1f0: ;   {runtime_call _new_instance_Java}
  0x000001f12f6bf1f0: c5f8 77e8 

  0x000001f12f6bf1f4: ; ImmutableOopMap {rbp=Oop [40]=Oop [56]=Oop [64]=NarrowOop [68]=NarrowOop [72]=Oop [80]=Oop [88]=Oop [96]=Oop [136]=Oop [200]=Oop [248]=Oop [256]=Oop }
                      ;*new {reexecute=0 rethrow=0 return_oop=1}
                      ; - java.util.jar.JarVerifier::<init>@47 (line 521)
                      ; - java.util.jar.JarFile::getManifestFromReference@78 (line 422)
                      ; - java.util.jar.JarFile::getManifest@1 (line 406)
                      ; - jdk.internal.loader.URLClassPath$JarLoader$2::getManifest@22 (line 886)
                      ; - java.net.URLClassLoader::defineClass@34 (line 491)
                      ; - java.net.URLClassLoader$1::run@43 (line 427)
                      ; - java.net.URLClassLoader$1::run@1 (line 421)
                      ; - java.security.AccessController::executePrivileged@29 (line 807)
                      ; - java.security.AccessController::doPrivileged@13 (line 712)
                      ; - java.net.URLClassLoader::findClass@13 (line 420)
  0x000001f12f6bf1f4: 088d 97ff | 488b f548 | 8b5c 2438 | 448b 4424 | 4048 8bf8 | 488b ac24 | c800 0000 | e9e5 c8ff 
  0x000001f12f6bf214: ff48 89ac | 24c8 0000 | 0044 8944 | 2440 4889 

  0x000001f12f6bf224: ;   {metadata('java/util/HashMap')}
  0x000001f12f6bf224: 5c24 3848 | ba20 360b | 56f1 0100 | 0066 6690 

  0x000001f12f6bf234: ;   {runtime_call _new_instance_Java}
  0x000001f12f6bf234: c5f8 77e8 

  0x000001f12f6bf238: ; ImmutableOopMap {[40]=Oop [56]=Oop [64]=NarrowOop [68]=NarrowOop [72]=Oop [80]=Oop [88]=Oop [96]=Oop [136]=Oop [200]=Oop [208]=Oop [248]=Oop [256]=Oop }
                      ;*new {reexecute=0 rethrow=0 return_oop=1}
                      ; - java.util.jar.JarVerifier::<init>@36 (line 520)
                      ; - java.util.jar.JarFile::getManifestFromReference@78 (line 422)
                      ; - java.util.jar.JarFile::getManifest@1 (line 406)
                      ; - jdk.internal.loader.URLClassPath$JarLoader$2::getManifest@22 (line 886)
                      ; - java.net.URLClassLoader::defineClass@34 (line 491)
                      ; - java.net.URLClassLoader$1::run@43 (line 427)
                      ; - java.net.URLClassLoader$1::run@1 (line 421)
                      ; - java.security.AccessController::executePrivileged@29 (line 807)
                      ; - java.security.AccessController::doPrivileged@13 (line 712)
                      ; - java.net.URLClassLoader::findClass@13 (line 420)
  0x000001f12f6bf238: c48c 97ff | 488b b424 | d000 0000 | 488b 5c24 | 3844 8b44 | 2440 488b | f848 8bac | 24c8 0000 
  0x000001f12f6bf258: 00e9 09c8 | ffff 4489 | 4424 4048 | 895c 2438 

  0x000001f12f6bf268: ;   {metadata('java/lang/Object')}
  0x000001f12f6bf268: 48ba 580d | 0056 f101 | 0000 6690 

  0x000001f12f6bf274: ;   {runtime_call _new_instance_Java}
  0x000001f12f6bf274: c5f8 77e8 

  0x000001f12f6bf278: ; ImmutableOopMap {rbp=Oop [40]=Oop [56]=Oop [64]=NarrowOop [72]=Oop [80]=Oop [88]=Oop [96]=Oop [136]=Oop [208]=Oop [248]=Oop [256]=Oop }
                      ;*new {reexecute=0 rethrow=0 return_oop=1}
                      ; - java.util.jar.JarVerifier::<init>@25 (line 97)
                      ; - java.util.jar.JarFile::getManifestFromReference@78 (line 422)
                      ; - java.util.jar.JarFile::getManifest@1 (line 406)
                      ; - jdk.internal.loader.URLClassPath$JarLoader$2::getManifest@22 (line 886)
                      ; - java.net.URLClassLoader::defineClass@34 (line 491)
                      ; - java.net.URLClassLoader$1::run@43 (line 427)
                      ; - java.net.URLClassLoader$1::run@1 (line 421)
                      ; - java.security.AccessController::executePrivileged@29 (line 807)
                      ; - java.security.AccessController::doPrivileged@13 (line 712)
                      ; - java.net.URLClassLoader::findClass@13 (line 420)
  0x000001f12f6bf278: 848c 97ff | 488b 5c24 | 3844 8b44 | 2440 e944 | c7ff ff48 

  0x000001f12f6bf28c: ;   {metadata('java/util/Hashtable')}
  0x000001f12f6bf28c: 8beb 48ba | 806f 0156 | f101 0000 

  0x000001f12f6bf298: ;   {runtime_call _new_instance_Java}
  0x000001f12f6bf298: c5f8 77e8 

  0x000001f12f6bf29c: ; ImmutableOopMap {rbp=Oop [40]=Oop [56]=Oop [72]=Oop [80]=Oop [88]=Oop [96]=Oop [136]=Oop [248]=Oop [256]=Oop }
                      ;*new {reexecute=0 rethrow=0 return_oop=1}
                      ; - java.util.jar.JarVerifier::<init>@87 (line 110)
                      ; - java.util.jar.JarFile::getManifestFromReference@78 (line 422)
                      ; - java.util.jar.JarFile::getManifest@1 (line 406)
                      ; - jdk.internal.loader.URLClassPath$JarLoader$2::getManifest@22 (line 886)
                      ; - java.net.URLClassLoader::defineClass@34 (line 491)
                      ; - java.net.URLClassLoader$1::run@43 (line 427)
                      ; - java.net.URLClassLoader$1::run@1 (line 421)
                      ; - java.security.AccessController::executePrivileged@29 (line 807)
                      ; - java.security.AccessController::doPrivileged@13 (line 712)
                      ; - java.net.URLClassLoader::findClass@13 (line 420)
  0x000001f12f6bf29c: 608c 97ff | e9dc caff | ff48 8beb 

  0x000001f12f6bf2a8: ;   {metadata('java/util/Hashtable')}
  0x000001f12f6bf2a8: 48ba 806f | 0156 f101 | 0000 6690 

  0x000001f12f6bf2b4: ;   {runtime_call _new_instance_Java}
  0x000001f12f6bf2b4: c5f8 77e8 

  0x000001f12f6bf2b8: ; ImmutableOopMap {rbp=Oop [40]=Oop [56]=Oop [72]=Oop [80]=Oop [88]=Oop [96]=Oop [136]=Oop [248]=Oop [256]=Oop }
                      ;*new {reexecute=0 rethrow=0 return_oop=1}
                      ; - java.util.jar.JarVerifier::<init>@98 (line 111)
                      ; - java.util.jar.JarFile::getManifestFromReference@78 (line 422)
                      ; - java.util.jar.JarFile::getManifest@1 (line 406)
                      ; - jdk.internal.loader.URLClassPath$JarLoader$2::getManifest@22 (line 886)
                      ; - java.net.URLClassLoader::defineClass@34 (line 491)
                      ; - java.net.URLClassLoader$1::run@43 (line 427)
                      ; - java.net.URLClassLoader$1::run@1 (line 421)
                      ; - java.security.AccessController::executePrivileged@29 (line 807)
                      ; - java.security.AccessController::doPrivileged@13 (line 712)
                      ; - java.net.URLClassLoader::findClass@13 (line 420)
  0x000001f12f6bf2b8: 448c 97ff | 0f1f 4000 | e969 cbff | ff48 8beb 

  0x000001f12f6bf2c8: ;   {metadata('java/util/ArrayList')}
  0x000001f12f6bf2c8: 48ba 10df | 0056 f101 | 0000 6690 

  0x000001f12f6bf2d4: ;   {runtime_call _new_instance_Java}
  0x000001f12f6bf2d4: c5f8 77e8 

  0x000001f12f6bf2d8: ; ImmutableOopMap {rbp=Oop [40]=Oop [56]=Oop [72]=Oop [80]=Oop [88]=Oop [96]=Oop [136]=Oop [248]=Oop [256]=Oop }
                      ;*new {reexecute=0 rethrow=0 return_oop=1}
                      ; - java.util.jar.JarVerifier::<init>@111 (line 112)
                      ; - java.util.jar.JarFile::getManifestFromReference@78 (line 422)
                      ; - java.util.jar.JarFile::getManifest@1 (line 406)
                      ; - jdk.internal.loader.URLClassPath$JarLoader$2::getManifest@22 (line 886)
                      ; - java.net.URLClassLoader::defineClass@34 (line 491)
                      ; - java.net.URLClassLoader$1::run@43 (line 427)
                      ; - java.net.URLClassLoader$1::run@1 (line 421)
                      ; - java.security.AccessController::executePrivileged@29 (line 807)
                      ; - java.security.AccessController::doPrivileged@13 (line 712)
                      ; - java.net.URLClassLoader::findClass@13 (line 420)
  0x000001f12f6bf2d8: 248c 97ff | 0f1f 4000 | e9f0 cbff | ff48 8beb 

  0x000001f12f6bf2e8: ;   {metadata('java/io/ByteArrayOutputStream')}
  0x000001f12f6bf2e8: 48ba e801 | 1956 f101 | 0000 6690 

  0x000001f12f6bf2f4: ;   {runtime_call _new_instance_Java}
  0x000001f12f6bf2f4: c5f8 77e8 

  0x000001f12f6bf2f8: ; ImmutableOopMap {rbp=Oop [40]=Oop [56]=Oop [72]=Oop [80]=Oop [88]=Oop [96]=Oop [136]=Oop [248]=Oop [256]=Oop }
                      ;*new {reexecute=0 rethrow=0 return_oop=1}
                      ; - java.util.jar.JarVerifier::<init>@122 (line 113)
                      ; - java.util.jar.JarFile::getManifestFromReference@78 (line 422)
                      ; - java.util.jar.JarFile::getManifest@1 (line 406)
                      ; - jdk.internal.loader.URLClassPath$JarLoader$2::getManifest@22 (line 886)
                      ; - java.net.URLClassLoader::defineClass@34 (line 491)
                      ; - java.net.URLClassLoader$1::run@43 (line 427)
                      ; - java.net.URLClassLoader$1::run@1 (line 421)
                      ; - java.security.AccessController::executePrivileged@29 (line 807)
                      ; - java.security.AccessController::doPrivileged@13 (line 712)
                      ; - java.net.URLClassLoader::findClass@13 (line 420)
  0x000001f12f6bf2f8: 048c 97ff | 0f1f 4000 | e970 ccff | ff48 8beb 

  0x000001f12f6bf308: ;   {metadata('java/util/ArrayList')}
  0x000001f12f6bf308: 48ba 10df | 0056 f101 | 0000 6690 

  0x000001f12f6bf314: ;   {runtime_call _new_instance_Java}
  0x000001f12f6bf314: c5f8 77e8 

  0x000001f12f6bf318: ; ImmutableOopMap {rbp=Oop [40]=Oop [56]=Oop [72]=Oop [80]=Oop [88]=Oop [96]=Oop [136]=Oop [248]=Oop [256]=Oop }
                      ;*new {reexecute=0 rethrow=0 return_oop=1}
                      ; - java.util.jar.JarVerifier::<init>@133 (line 114)
                      ; - java.util.jar.JarFile::getManifestFromReference@78 (line 422)
                      ; - java.util.jar.JarFile::getManifest@1 (line 406)
                      ; - jdk.internal.loader.URLClassPath$JarLoader$2::getManifest@22 (line 886)
                      ; - java.net.URLClassLoader::defineClass@34 (line 491)
                      ; - java.net.URLClassLoader$1::run@43 (line 427)
                      ; - java.net.URLClassLoader$1::run@1 (line 421)
                      ; - java.security.AccessController::executePrivileged@29 (line 807)
                      ; - java.security.AccessController::doPrivileged@13 (line 712)
                      ; - java.net.URLClassLoader::findClass@13 (line 420)
  0x000001f12f6bf318: e48b 97ff | 0f1f 4000 | e9f0 ccff | ff48 8beb 

  0x000001f12f6bf328: ;   {metadata('java/util/HashMap')}
  0x000001f12f6bf328: 48ba 2036 | 0b56 f101 | 0000 6690 

  0x000001f12f6bf334: ;   {runtime_call _new_instance_Java}
  0x000001f12f6bf334: c5f8 77e8 

  0x000001f12f6bf338: ; ImmutableOopMap {rbp=Oop [40]=Oop [56]=Oop [72]=Oop [80]=Oop [88]=Oop [96]=Oop [136]=Oop [248]=Oop [256]=Oop }
                      ;*new {reexecute=0 rethrow=0 return_oop=1}
                      ; - java.util.jar.JarVerifier::<init>@144 (line 115)
                      ; - java.util.jar.JarFile::getManifestFromReference@78 (line 422)
                      ; - java.util.jar.JarFile::getManifest@1 (line 406)
                      ; - jdk.internal.loader.URLClassPath$JarLoader$2::getManifest@22 (line 886)
                      ; - java.net.URLClassLoader::defineClass@34 (line 491)
                      ; - java.net.URLClassLoader$1::run@43 (line 427)
                      ; - java.net.URLClassLoader$1::run@1 (line 421)
                      ; - java.security.AccessController::executePrivileged@29 (line 807)
                      ; - java.security.AccessController::doPrivileged@13 (line 712)
                      ; - java.net.URLClassLoader::findClass@13 (line 420)
  0x000001f12f6bf338: c48b 97ff | 0f1f 4000 | e97c cdff | ff48 8bee 

  0x000001f12f6bf348: ;   {metadata('java/util/jar/Manifest')}
  0x000001f12f6bf348: 48ba 009c | 0656 f101 | 0000 6690 

  0x000001f12f6bf354: ;   {runtime_call _new_instance_Java}
  0x000001f12f6bf354: c5f8 77e8 

  0x000001f12f6bf358: ; ImmutableOopMap {rbp=Oop [40]=Oop [56]=Oop [80]=Oop [88]=Oop [96]=Oop [136]=Oop [248]=Oop [256]=Oop }
                      ;*new {reexecute=0 rethrow=0 return_oop=1}
                      ; - java.util.jar.JarFile::getManifestFromReference@101 (line 430)
                      ; - java.util.jar.JarFile::getManifest@1 (line 406)
                      ; - jdk.internal.loader.URLClassPath$JarLoader$2::getManifest@22 (line 886)
                      ; - java.net.URLClassLoader::defineClass@34 (line 491)
                      ; - java.net.URLClassLoader$1::run@43 (line 427)
                      ; - java.net.URLClassLoader$1::run@1 (line 421)
                      ; - java.security.AccessController::executePrivileged@29 (line 807)
                      ; - java.security.AccessController::doPrivileged@13 (line 712)
                      ; - java.net.URLClassLoader::findClass@13 (line 420)
  0x000001f12f6bf358: a48b 97ff | 488b f590 | e94d ceff | ff4c 895c | 2440 4889 

  0x000001f12f6bf36c: ;   {metadata('java/io/ByteArrayInputStream')}
  0x000001f12f6bf36c: 7424 4848 | bac0 a201 | 56f1 0100 | 0066 6690 

  0x000001f12f6bf37c: ;   {runtime_call _new_instance_Java}
  0x000001f12f6bf37c: c5f8 77e8 

  0x000001f12f6bf380: ; ImmutableOopMap {rbp=NarrowOop [40]=Oop [56]=Oop [64]=Oop [72]=Oop [80]=Oop [88]=Oop [96]=Oop [136]=Oop [248]=Oop [256]=Oop }
                      ;*new {reexecute=0 rethrow=0 return_oop=1}
                      ; - java.util.jar.JarFile::getManifestFromReference@109 (line 430)
                      ; - java.util.jar.JarFile::getManifest@1 (line 406)
                      ; - jdk.internal.loader.URLClassPath$JarLoader$2::getManifest@22 (line 886)
                      ; - java.net.URLClassLoader::defineClass@34 (line 491)
                      ; - java.net.URLClassLoader$1::run@43 (line 427)
                      ; - java.net.URLClassLoader$1::run@1 (line 421)
                      ; - java.security.AccessController::executePrivileged@29 (line 807)
                      ; - java.security.AccessController::doPrivileged@13 (line 712)
                      ; - java.net.URLClassLoader::findClass@13 (line 420)
  0x000001f12f6bf380: 7c8b 97ff | e97d ceff 

  0x000001f12f6bf388: ;   {metadata('java/util/jar/Manifest')}
  0x000001f12f6bf388: ff48 ba00 | 9c06 56f1 | 0100 0090 

  0x000001f12f6bf394: ;   {runtime_call _new_instance_Java}
  0x000001f12f6bf394: c5f8 77e8 

  0x000001f12f6bf398: ; ImmutableOopMap {rbp=Oop [40]=Oop [72]=Oop [80]=Oop [88]=Oop [96]=Oop [136]=Oop [248]=Oop [256]=Oop }
                      ;*new {reexecute=0 rethrow=0 return_oop=1}
                      ; - java.util.jar.JarFile::getManifestFromReference@134 (line 433)
                      ; - java.util.jar.JarFile::getManifest@1 (line 406)
                      ; - jdk.internal.loader.URLClassPath$JarLoader$2::getManifest@22 (line 886)
                      ; - java.net.URLClassLoader::defineClass@34 (line 491)
                      ; - java.net.URLClassLoader$1::run@43 (line 427)
                      ; - java.net.URLClassLoader$1::run@1 (line 421)
                      ; - java.security.AccessController::executePrivileged@29 (line 807)
                      ; - java.security.AccessController::doPrivileged@13 (line 712)
                      ; - java.net.URLClassLoader::findClass@13 (line 420)
  0x000001f12f6bf398: 648b 97ff | 0f1f 4000 | e9ad c2ff | ff45 33d2 | e972 e5ff | ff45 33c0 | e9e8 e5ff | ffba f6ff 
  0x000001f12f6bf3b8: ffff 4889 | 5c24 204c | 8974 2428 | 4c89 4424 | 3866 6690 

  0x000001f12f6bf3cc: ;   {runtime_call UncommonTrapBlob}
  0x000001f12f6bf3cc: c5f8 77e8 

  0x000001f12f6bf3d0: ; ImmutableOopMap {[32]=Oop [40]=Oop [56]=Oop [96]=Oop }
                      ;*invokevirtual getResource {reexecute=0 rethrow=0 return_oop=0}
                      ; - java.net.URLClassLoader$1::run@26 (line 424)
                      ; - java.net.URLClassLoader$1::run@1 (line 421)
                      ; - java.security.AccessController::executePrivileged@29 (line 807)
                      ; - java.security.AccessController::doPrivileged@13 (line 712)
                      ; - java.net.URLClassLoader::findClass@13 (line 420)
  0x000001f12f6bf3d0: 2c75 96ff | ba76 ffff | ff49 8bee | 4889 5c24 | 2044 896c | 2434 4489 | 4424 4890 

  0x000001f12f6bf3ec: ;   {runtime_call UncommonTrapBlob}
  0x000001f12f6bf3ec: c5f8 77e8 

  0x000001f12f6bf3f0: ; ImmutableOopMap {rbp=Oop [32]=Oop [72]=NarrowOop [96]=Oop }
                      ;*if_icmpge {reexecute=1 rethrow=0 return_oop=0}
                      ; - (reexecute) java.lang.StringLatin1::replace@19 (line 306)
                      ; - java.lang.String::replace@18 (line 2808)
                      ; - java.net.URLClassLoader$1::run@8 (line 423)
                      ; - java.net.URLClassLoader$1::run@1 (line 421)
                      ; - java.security.AccessController::executePrivileged@29 (line 807)
                      ; - java.security.AccessController::doPrivileged@13 (line 712)
                      ; - java.net.URLClassLoader::findClass@13 (line 420)
  0x000001f12f6bf3f0: 0c75 96ff | 41ba 0100 | 0000 4533 | db4c 895c | 2420 e9df | b3ff ff4c | 895c 2448 | 498b d345 
  0x000001f12f6bf410: 33c0 6690 

  0x000001f12f6bf414: ;   {optimized virtual_call}
  0x000001f12f6bf414: c5f8 77e8 

  0x000001f12f6bf418: ; ImmutableOopMap {[40]=Oop [48]=Oop [72]=Oop [80]=Oop [88]=Oop [96]=Oop [112]=NarrowOop [120]=Oop [136]=Oop [248]=Oop [256]=Oop }
                      ;*invokevirtual getManifestName {reexecute=0 rethrow=0 return_oop=1}
                      ; - java.util.zip.ZipFile$1::getManifestName@2 (line 1123)
                      ; - java.util.jar.JarFile::getManEntry@12 (line 942)
                      ; - java.util.jar.JarFile::getManifestFromReference@27 (line 414)
                      ; - java.util.jar.JarFile::getManifest@1 (line 406)
                      ; - java.util.jar.JarFile::maybeInstantiateVerifier@31 (line 725)
                      ; - java.util.jar.JarFile::ensureInitialization@1 (line 1031)
                      ; - java.util.jar.JavaUtilJarAccessImpl::ensureInitialization@1 (line 72)
                      ; - jdk.internal.loader.URLClassPath$JarLoader$2::getManifest@10 (line 885)
                      ; - java.net.URLClassLoader::defineClass@34 (line 491)
                      ; - java.net.URLClassLoader$1::run@43 (line 427)
                      ; - java.net.URLClassLoader$1::run@1 (line 421)
                      ; - java.security.AccessController::executePrivileged@29 (line 807)
                      ; - java.security.AccessController::doPrivileged@13 (line 712)
                      ; - java.net.URLClassLoader::findClass@13 (line 420)
  0x000001f12f6bf418: 641f 96ff | 0f1f 4000 | 4885 c00f | 841c 0700 | 0048 8b54 | 2448 4c8b | c066 6690 

  0x000001f12f6bf434: ;   {optimized virtual_call}
  0x000001f12f6bf434: c5f8 77e8 

  0x000001f12f6bf438: ; ImmutableOopMap {[40]=Oop [48]=Oop [72]=Oop [80]=Oop [88]=Oop [96]=Oop [112]=NarrowOop [120]=Oop [136]=Oop [248]=Oop [256]=Oop }
                      ;*invokespecial getEntry {reexecute=0 rethrow=0 return_oop=1}
                      ; - java.util.jar.JarFile::getManEntry@25 (line 944)
                      ; - java.util.jar.JarFile::getManifestFromReference@27 (line 414)
                      ; - java.util.jar.JarFile::getManifest@1 (line 406)
                      ; - java.util.jar.JarFile::maybeInstantiateVerifier@31 (line 725)
                      ; - java.util.jar.JarFile::ensureInitialization@1 (line 1031)
                      ; - java.util.jar.JavaUtilJarAccessImpl::ensureInitialization@1 (line 72)
                      ; - jdk.internal.loader.URLClassPath$JarLoader$2::getManifest@10 (line 885)
                      ; - java.net.URLClassLoader::defineClass@34 (line 491)
                      ; - java.net.URLClassLoader$1::run@43 (line 427)
                      ; - java.net.URLClassLoader$1::run@1 (line 421)
                      ; - java.security.AccessController::executePrivileged@29 (line 807)
                      ; - java.security.AccessController::doPrivileged@13 (line 712)
                      ; - java.net.URLClassLoader::findClass@13 (line 420)
  0x000001f12f6bf438: 441f 96ff | 4c8b d090 

  0x000001f12f6bf440: ; implicit exception: dispatches to 0x000001f12f6c258c
  0x000001f12f6bf440: 448b 4008 | 49bb 0000 | 0056 f101 | 0000 4d03 | d84d 8b5b 

  0x000001f12f6bf454: ;   {metadata('java/util/jar/JarEntry')}
  0x000001f12f6bf454: 4049 b868 | af18 56f1 | 0100 0090 | 4d3b d80f | 85cc 2b00 | 0041 807f | 3800 0f85 | 511e 0000 
  0x000001f12f6bf474: 4c8b 5c24 | 484d 8bc3 | 4d8b ca49 | c1e9 0345 | 894b 2c4d | 33d0 49c1 | ea16 4d85 | d20f 84bb 
  0x000001f12f6bf494: e5ff ff49 | c1e8 0948 | b900 007f | 3df1 0100 | 0049 03c8 | 8039 040f | 84a1 e5ff | ff49 8bdb 
  0x000001f12f6bf4b4: 4d8b 5740 | 4d8b 5f50 | f083 4424 | c000 8039 | 0074 2a44 | 8821 4d85 | d274 0f4b | 894c 13f8 
  0x000001f12f6bf4d4: 4983 c2f8 | 4d89 5740 | eb13 498b | d7c5 f877 | 49ba 506b | 24b5 fb7f | 0000 41ff | d24c 8bdb 
  0x000001f12f6bf4f4: e959 e5ff | ff49 63c8 | 0f1f 4000 | e98b b6ff | ffba ccff | ffff 4889 | 5c24 204c | 8974 2428 
  0x000001f12f6bf514: 4c89 5c24 | 3848 8944 | 2448 4889 | 7c24 5044 | 8954 2458 

  0x000001f12f6bf528: ;   {runtime_call UncommonTrapBlob}
  0x000001f12f6bf528: c5f8 77e8 

  0x000001f12f6bf52c: ; ImmutableOopMap {[32]=Oop [40]=Oop [56]=Oop [80]=Oop [96]=Oop }
                      ;*invokestatic arraycopy {reexecute=0 rethrow=0 return_oop=0}
                      ; - java.lang.String::getBytes@22 (line 4459)
                      ; - java.lang.StringConcatHelper::prepend@21 (line 354)
                      ; - java.lang.StringConcatHelper::simpleConcat@71 (line 424)
                      ; - java.lang.String::concat@11 (line 2774)
                      ; - java.net.URLClassLoader$1::run@13 (line 423)
                      ; - java.net.URLClassLoader$1::run@1 (line 421)
                      ; - java.security.AccessController::executePrivileged@29 (line 807)
                      ; - java.security.AccessController::doPrivileged@13 (line 712)
                      ; - java.net.URLClassLoader::findClass@13 (line 420)
  0x000001f12f6bf52c: d073 96ff | bacc ffff | ff48 895c | 2420 4c89 | 4c24 284c | 8974 2430 | 4889 7c24 | 4889 7424 
  0x000001f12f6bf54c: 5066 6690 

  0x000001f12f6bf550: ;   {runtime_call UncommonTrapBlob}
  0x000001f12f6bf550: c5f8 77e8 

  0x000001f12f6bf554: ; ImmutableOopMap {[32]=Oop [40]=Oop [48]=Oop [72]=Oop [96]=Oop }
                      ;*invokestatic arraycopy {reexecute=0 rethrow=0 return_oop=0}
                      ; - java.lang.String::getBytes@22 (line 4459)
                      ; - java.lang.StringConcatHelper::prepend@21 (line 354)
                      ; - java.lang.StringConcatHelper::simpleConcat@81 (line 425)
                      ; - java.lang.String::concat@11 (line 2774)
                      ; - java.net.URLClassLoader$1::run@13 (line 423)
                      ; - java.net.URLClassLoader$1::run@1 (line 421)
                      ; - java.security.AccessController::executePrivileged@29 (line 807)
                      ; - java.security.AccessController::doPrivileged@13 (line 712)
                      ; - java.net.URLClassLoader::findClass@13 (line 420)
  0x000001f12f6bf554: a873 96ff | ba76 ffff | ff48 895c | 2428 4c89 | 7424 304c | 894c 2440 | 4489 6c24 | 484c 8974 
  0x000001f12f6bf574: 2450 4489 | 4424 4c90 

  0x000001f12f6bf57c: ;   {runtime_call UncommonTrapBlob}
  0x000001f12f6bf57c: c5f8 77e8 

  0x000001f12f6bf580: ; ImmutableOopMap {[40]=Oop [48]=Oop [64]=Oop [76]=NarrowOop [80]=Oop [96]=Oop }
                      ;*if_icmpge {reexecute=1 rethrow=0 return_oop=0}
                      ; - (reexecute) java.lang.StringLatin1::replace@82 (line 317)
                      ; - java.lang.String::replace@18 (line 2808)
                      ; - java.net.URLClassLoader$1::run@8 (line 423)
                      ; - java.net.URLClassLoader$1::run@1 (line 421)
                      ; - java.security.AccessController::executePrivileged@29 (line 807)
                      ; - java.security.AccessController::doPrivileged@13 (line 712)
                      ; - java.net.URLClassLoader::findClass@13 (line 420)
  0x000001f12f6bf580: 7c73 96ff | 418b ea44 | 8984 2480 

  0x000001f12f6bf58c: ;   {metadata({type array byte})}
  0x000001f12f6bf58c: 0000 0048 | ba28 6700 | 56f1 0100 | 0045 8bc2 

  0x000001f12f6bf59c: ;   {runtime_call _new_array_Java}
  0x000001f12f6bf59c: c5f8 77e8 

  0x000001f12f6bf5a0: ; ImmutableOopMap {[40]=Oop [56]=Oop [80]=Oop [88]=Oop [96]=Oop [112]=Oop [120]=Oop [128]=NarrowOop [136]=Oop [248]=Oop [256]=Oop }
                      ;*newarray {reexecute=0 rethrow=0 return_oop=1}
                      ; - java.util.jar.JarFile::getBytes@99 (line 816)
                      ; - java.util.jar.JarFile::getManifestFromReference@44 (line 419)
                      ; - java.util.jar.JarFile::getManifest@1 (line 406)
                      ; - jdk.internal.loader.URLClassPath$JarLoader$2::getManifest@22 (line 886)
                      ; - java.net.URLClassLoader::defineClass@34 (line 491)
                      ; - java.net.URLClassLoader$1::run@43 (line 427)
                      ; - java.net.URLClassLoader$1::run@1 (line 421)
                      ; - java.security.AccessController::executePrivileged@29 (line 807)
                      ; - java.security.AccessController::doPrivileged@13 (line 712)
                      ; - java.net.URLClassLoader::findClass@13 (line 420)
  0x000001f12f6bf5a0: 5c86 97ff | 488b d8e9 | 56c2 ffff | 41b8 ffff | ffff e92b | e9ff ff45 | 85d2 400f | 95c5 400f 
  0x000001f12f6bf5c0: b6ed 83f5 | 01ba 45ff | ffff 4889 | 5c24 2890 

  0x000001f12f6bf5d0: ;   {runtime_call UncommonTrapBlob}
  0x000001f12f6bf5d0: c5f8 77e8 

  0x000001f12f6bf5d4: ; ImmutableOopMap {[32]=Oop [40]=Oop [96]=Oop }
                      ;*ifeq {reexecute=1 rethrow=0 return_oop=0}
                      ; - (reexecute) java.lang.String::replace@9 (line 2808)
                      ; - java.net.URLClassLoader$1::run@8 (line 423)
                      ; - java.net.URLClassLoader$1::run@1 (line 421)
                      ; - java.security.AccessController::executePrivileged@29 (line 807)
                      ; - java.security.AccessController::doPrivileged@13 (line 712)
                      ; - java.net.URLClassLoader::findClass@13 (line 420)
  0x000001f12f6bf5d4: 2873 96ff | ba76 ffff | ff48 8b6c | 2458 4c8b | 5424 284c | 8954 2420 | 4489 4424 | 3c4c 8b54 
  0x000001f12f6bf5f4: 2460 4c89 | 5424 484c | 8b94 2488 | 0000 004c | 8954 2458 | 4889 4424 | 6044 895c | 2468 6690 
  0x000001f12f6bf614: ;   {runtime_call UncommonTrapBlob}
  0x000001f12f6bf614: c5f8 77e8 

  0x000001f12f6bf618: ; ImmutableOopMap {rbp=Oop [32]=Oop [72]=Oop [88]=Oop [104]=NarrowOop [136]=Oop }
                      ;*iflt {reexecute=1 rethrow=0 return_oop=0}
                      ; - (reexecute) java.lang.StringLatin1::lastIndexOf@19 (line 294)
                      ; - java.lang.String::lastIndexOf@13 (line 2489)
                      ; - java.lang.String::lastIndexOf@8 (line 2451)
                      ; - java.net.URLClassLoader::defineClass@7 (line 486)
                      ; - java.net.URLClassLoader$1::run@43 (line 427)
                      ; - java.net.URLClassLoader$1::run@1 (line 421)
                      ; - java.security.AccessController::executePrivileged@29 (line 807)
                      ; - java.security.AccessController::doPrivileged@13 (line 712)
                      ; - java.net.URLClassLoader::findClass@13 (line 420)
  0x000001f12f6bf618: e472 96ff | ba45 ffff | ff44 8944 | 2438 6690 

  0x000001f12f6bf628: ;   {runtime_call UncommonTrapBlob}
  0x000001f12f6bf628: c5f8 77e8 

  0x000001f12f6bf62c: ; ImmutableOopMap {rbp=NarrowOop [32]=Oop [56]=NarrowOop [96]=Oop }
                      ;*ifnull {reexecute=1 rethrow=0 return_oop=0}
                      ; - (reexecute) java.security.AccessController::checkContext@3 (line 725)
                      ; - java.security.AccessController::doPrivileged@6 (line 710)
                      ; - java.net.URLClassLoader::findClass@13 (line 420)
  0x000001f12f6bf62c: d072 96ff | ba6e ffff | ff48 8b6c | 2458 4c8b | 5424 284c | 8954 2420 | 4489 4424 | 3c4c 8b54 
  0x000001f12f6bf64c: 2460 4c89 | 5424 484c | 8b94 2488 | 0000 004c | 8954 2458 | 4889 4424 | 6044 895c | 2468 6690 
  0x000001f12f6bf66c: ;   {runtime_call UncommonTrapBlob}
  0x000001f12f6bf66c: c5f8 77e8 

  0x000001f12f6bf670: ; ImmutableOopMap {rbp=Oop [32]=Oop [72]=Oop [88]=Oop [104]=NarrowOop [136]=Oop }
                      ;*iflt {reexecute=1 rethrow=0 return_oop=0}
                      ; - (reexecute) java.lang.StringLatin1::lastIndexOf@19 (line 294)
                      ; - java.lang.String::lastIndexOf@13 (line 2489)
                      ; - java.lang.String::lastIndexOf@8 (line 2451)
                      ; - java.net.URLClassLoader::defineClass@7 (line 486)
                      ; - java.net.URLClassLoader$1::run@43 (line 427)
                      ; - java.net.URLClassLoader$1::run@1 (line 421)
                      ; - java.security.AccessController::executePrivileged@29 (line 807)
                      ; - java.security.AccessController::doPrivileged@13 (line 712)
                      ; - java.net.URLClassLoader::findClass@13 (line 420)
  0x000001f12f6bf670: 8c72 96ff | bade ffff | ff48 8b6c | 2458 4c8b | 5424 284c | 8954 2420 | 4c8b 5424 | 604c 8954 
  0x000001f12f6bf690: 2440 4c8b | 5424 684c | 8954 2458 

  0x000001f12f6bf69c: ;   {runtime_call UncommonTrapBlob}
  0x000001f12f6bf69c: c5f8 77e8 

  0x000001f12f6bf6a0: ; ImmutableOopMap {rbp=Oop [32]=Oop [64]=Oop [136]=Oop [248]=Oop [256]=Oop }
                      ;*invokevirtual getManifest {reexecute=0 rethrow=0 return_oop=0}
                      ; - java.net.URLClassLoader::defineClass@34 (line 491)
                      ; - java.net.URLClassLoader$1::run@43 (line 427)
                      ; - java.net.URLClassLoader$1::run@1 (line 421)
                      ; - java.security.AccessController::executePrivileged@29 (line 807)
                      ; - java.security.AccessController::doPrivileged@13 (line 712)
                      ; - java.net.URLClassLoader::findClass@13 (line 420)
  0x000001f12f6bf6a0: 5c72 96ff | bade ffff | ff48 8b6c | 2458 4c8b | 5c24 284c | 895c 2420 | 4c8b 5c24 | 604c 895c 
  0x000001f12f6bf6c0: 2440 4c8b | 5c24 684c | 895c 2458 | 4889 7c24 | 7044 8944 | 2478 4489 | 5424 7c90 

  0x000001f12f6bf6dc: ;   {runtime_call UncommonTrapBlob}
  0x000001f12f6bf6dc: c5f8 77e8 

  0x000001f12f6bf6e0: ; ImmutableOopMap {rbp=Oop [32]=Oop [64]=Oop [112]=Oop [120]=NarrowOop [124]=NarrowOop [136]=Oop [248]=Oop [256]=Oop }
                      ;*invokeinterface ensureInitialization {reexecute=0 rethrow=0 return_oop=0}
                      ; - jdk.internal.loader.URLClassPath$JarLoader$2::getManifest@10 (line 885)
                      ; - java.net.URLClassLoader::defineClass@34 (line 491)
                      ; - java.net.URLClassLoader$1::run@43 (line 427)
                      ; - java.net.URLClassLoader$1::run@1 (line 421)
                      ; - java.security.AccessController::executePrivileged@29 (line 807)
                      ; - java.security.AccessController::doPrivileged@13 (line 712)
                      ; - java.net.URLClassLoader::findClass@13 (line 420)
  0x000001f12f6bf6e0: 1c72 96ff | 4c89 4c24 | 5044 8954 | 2448 4889 | 7c24 404c | 8b94 2488 | 0000 004c | 8954 2438 
  0x000001f12f6bf700: 4c8b 5424 | 584c 8954 | 2430 498b | d14c 8d84 | 2410 0100 | 0066 6690 

  0x000001f12f6bf718: ;   {runtime_call _complete_monitor_locking_Java}
  0x000001f12f6bf718: c5f8 77e8 

  0x000001f12f6bf71c: ; ImmutableOopMap {[40]=Oop [48]=Oop [56]=Oop [64]=Oop [72]=NarrowOop [80]=Oop [96]=Oop [120]=Oop [248]=Oop [256]=Oop }
                      ;*synchronization entry
                      ; - java.util.jar.JarFile::ensureInitialization@-1 (line 1031)
                      ; - java.util.jar.JavaUtilJarAccessImpl::ensureInitialization@1 (line 72)
                      ; - jdk.internal.loader.URLClassPath$JarLoader$2::getManifest@10 (line 885)
                      ; - java.net.URLClassLoader::defineClass@34 (line 491)
                      ; - java.net.URLClassLoader$1::run@43 (line 427)
                      ; - java.net.URLClassLoader$1::run@1 (line 421)
                      ; - java.security.AccessController::executePrivileged@29 (line 807)
                      ; - java.security.AccessController::doPrivileged@13 (line 712)
                      ; - java.net.URLClassLoader::findClass@13 (line 420)
  0x000001f12f6bf71c: e09d 97ff | 4c8b 5424 | 304c 8954 | 2458 4c8b | 5424 384c | 8994 2488 | 0000 0048 | 8b7c 2440 
  0x000001f12f6bf73c: 448b 5424 | 484c 8b4c | 2450 e9bb | baff ff48 | 8bef 498b | f049 8bc9 | 488d 9424 | 1001 0000 
  0x000001f12f6bf75c: 4d8b c790 | c5f8 7749 | ba90 9365 | b5fb 7f00 | 0041 ffd2 | 4c8b c648 | 8bfd e973 | bbff ffba 
  0x000001f12f6bf77c: deff ffff | 4c8b 5424 | 584c 8954 | 2438 4c89 | 5424 404c | 8b54 2460 | 4c89 5424 | 4848 897c 
  0x000001f12f6bf79c: 2458 4c8b | 5424 684c | 8954 2460 

  0x000001f12f6bf7a8: ;   {runtime_call UncommonTrapBlob}
  0x000001f12f6bf7a8: c5f8 77e8 

  0x000001f12f6bf7ac: ; ImmutableOopMap {rbp=NarrowOop [40]=Oop [56]=Oop [64]=Oop [72]=Oop [88]=Oop [136]=Oop [248]=Oop [256]=Oop }
                      ;*invokevirtual getManifest {reexecute=0 rethrow=0 return_oop=0}
                      ; - jdk.internal.loader.URLClassPath$JarLoader$2::getManifest@22 (line 886)
                      ; - java.net.URLClassLoader::defineClass@34 (line 491)
                      ; - java.net.URLClassLoader$1::run@43 (line 427)
                      ; - java.net.URLClassLoader$1::run@1 (line 421)
                      ; - java.security.AccessController::executePrivileged@29 (line 807)
                      ; - java.security.AccessController::doPrivileged@13 (line 712)
                      ; - java.net.URLClassLoader::findClass@13 (line 420)
  0x000001f12f6bf7ac: 5071 96ff | ba76 ffff | ff48 895c | 2428 4c89 | 7424 3044 | 896c 2438 | 4c89 4c24 | 404c 8974 
  0x000001f12f6bf7cc: 2448 4489 | 4424 5890 

  0x000001f12f6bf7d4: ;   {runtime_call UncommonTrapBlob}
  0x000001f12f6bf7d4: c5f8 77e8 

  0x000001f12f6bf7d8: ; ImmutableOopMap {[40]=Oop [48]=Oop [64]=Oop [72]=Oop [88]=NarrowOop [96]=Oop }
                      ;*if_icmpge {reexecute=1 rethrow=0 return_oop=0}
                      ; - (reexecute) java.lang.StringLatin1::replace@61 (line 314)
                      ; - java.lang.String::replace@18 (line 2808)
                      ; - java.net.URLClassLoader$1::run@8 (line 423)
                      ; - java.net.URLClassLoader$1::run@1 (line 421)
                      ; - java.security.AccessController::executePrivileged@29 (line 807)
                      ; - java.security.AccessController::doPrivileged@13 (line 712)
                      ; - java.net.URLClassLoader::findClass@13 (line 420)
  0x000001f12f6bf7d8: 2471 96ff | ba45 ffff | ff48 895c | 2420 4c89 | 7424 284c | 895c 2438 | 4889 4424 | 4044 8954 
  0x000001f12f6bf7f8: 2448 6690 

  0x000001f12f6bf7fc: ;   {runtime_call UncommonTrapBlob}
  0x000001f12f6bf7fc: c5f8 77e8 

  0x000001f12f6bf800: ; ImmutableOopMap {[32]=Oop [40]=Oop [56]=Oop [96]=Oop }
                      ;*iflt {reexecute=1 rethrow=0 return_oop=0}
                      ; - (reexecute) java.lang.StringConcatHelper::checkOverflow@2 (line 54)
                      ; - java.lang.StringConcatHelper::mix@23 (line 138)
                      ; - java.lang.StringConcatHelper::simpleConcat@46 (line 419)
                      ; - java.lang.String::concat@11 (line 2774)
                      ; - java.net.URLClassLoader$1::run@13 (line 423)
                      ; - java.net.URLClassLoader$1::run@1 (line 421)
                      ; - java.security.AccessController::executePrivileged@29 (line 807)
                      ; - java.security.AccessController::doPrivileged@13 (line 712)
                      ; - java.net.URLClassLoader::findClass@13 (line 420)
  0x000001f12f6bf800: fc70 96ff | ba45 ffff | ff48 895c | 2428 4c89 | 7424 304c | 895c 2440 | 4489 4424 | 4866 6690 
  0x000001f12f6bf820: ;   {runtime_call UncommonTrapBlob}
  0x000001f12f6bf820: c5f8 77e8 

  0x000001f12f6bf824: ; ImmutableOopMap {[40]=Oop [48]=Oop [64]=Oop [96]=Oop }
                      ;*iflt {reexecute=1 rethrow=0 return_oop=0}
                      ; - (reexecute) java.lang.StringConcatHelper::checkOverflow@2 (line 54)
                      ; - java.lang.StringConcatHelper::mix@23 (line 138)
                      ; - java.lang.StringConcatHelper::simpleConcat@54 (line 420)
                      ; - java.lang.String::concat@11 (line 2774)
                      ; - java.net.URLClassLoader$1::run@13 (line 423)
                      ; - java.net.URLClassLoader$1::run@1 (line 421)
                      ; - java.security.AccessController::executePrivileged@29 (line 807)
                      ; - java.security.AccessController::doPrivileged@13 (line 712)
                      ; - java.net.URLClassLoader::findClass@13 (line 420)
  0x000001f12f6bf824: d870 96ff | ba45 ffff | ff48 895c | 2420 4c89 | 7424 284c | 895c 2440 | 4889 7c24 | 4844 896c 
  0x000001f12f6bf844: 2450 6690 

  0x000001f12f6bf848: ;   {runtime_call UncommonTrapBlob}
  0x000001f12f6bf848: c5f8 77e8 

  0x000001f12f6bf84c: ; ImmutableOopMap {[32]=Oop [40]=Oop [64]=Oop [72]=Oop [96]=Oop }
                      ;*if_icmpne {reexecute=1 rethrow=0 return_oop=0}
                      ; - (reexecute) java.lang.String::getBytes@5 (line 4458)
                      ; - java.lang.StringConcatHelper::prepend@21 (line 354)
                      ; - java.lang.StringConcatHelper::simpleConcat@81 (line 425)
                      ; - java.lang.String::concat@11 (line 2774)
                      ; - java.net.URLClassLoader$1::run@13 (line 423)
                      ; - java.net.URLClassLoader$1::run@1 (line 421)
                      ; - java.security.AccessController::executePrivileged@29 (line 807)
                      ; - java.security.AccessController::doPrivileged@13 (line 712)
                      ; - java.net.URLClassLoader::findClass@13 (line 420)
  0x000001f12f6bf84c: b070 96ff | 4963 c9e9 | b8b7 ffff | 4883 c1fe | 488b fa48 | 33c0 4883 | f908 7f10 | 48ff c978 
  0x000001f12f6bf86c: 4f48 8904 | cf48 ffc9 | 7df7 eb44 | c5fd efc0 | e90d 0000 | 00c5 fe7f | 07c5 fe7f | 4720 4883 
  0x000001f12f6bf88c: c740 4883 | e908 7ded | 4883 c104 | 7c0c c5fe | 7f07 4883 | c720 4883 | e904 4883 | c104 7e10 
  0x000001f12f6bf8ac: 48ff c9c5 | f9d6 0748 | 83c7 0848 | ffc9 7df3 | 0f1f 4000 | e92e b8ff | ffba ccff | ffff 488b 
  0x000001f12f6bf8cc: 6c24 584c | 8b54 2428 | 4c89 5424 | 2044 894c | 243c 4c8b | 5424 604c | 8954 2448 | 4c8b 9424 
  0x000001f12f6bf8ec: 8800 0000 | 4c89 5424 | 584c 8b54 | 2468 4c89 | 5424 604c | 896c 2478 | 4489 9c24 | 8000 0000 
  0x000001f12f6bf90c: ;   {runtime_call UncommonTrapBlob}
  0x000001f12f6bf90c: c5f8 77e8 

  0x000001f12f6bf910: ; ImmutableOopMap {rbp=Oop [32]=Oop [72]=Oop [88]=Oop [120]=Oop [128]=NarrowOop [136]=Oop [248]=Oop }
                      ;*newarray {reexecute=1 rethrow=0 return_oop=0}
                      ; - (reexecute) java.util.Arrays::copyOfRange@41 (line 3822)
                      ; - java.lang.StringLatin1::newString@16 (line 769)
                      ; - java.lang.String::substring@41 (line 2714)
                      ; - java.net.URLClassLoader::defineClass@28 (line 489)
                      ; - java.net.URLClassLoader$1::run@43 (line 427)
                      ; - java.net.URLClassLoader$1::run@1 (line 421)
                      ; - java.security.AccessController::executePrivileged@29 (line 807)
                      ; - java.security.AccessController::doPrivileged@13 (line 712)
                      ; - java.net.URLClassLoader::findClass@13 (line 420)
  0x000001f12f6bf910: ec6f 96ff | ba45 ffff | ff48 895c | 2420 4c89 | 7424 284c | 895c 2438 | 4889 4424 | 4044 896c 
  0x000001f12f6bf930: 2448 6690 

  0x000001f12f6bf934: ;   {runtime_call UncommonTrapBlob}
  0x000001f12f6bf934: c5f8 77e8 

  0x000001f12f6bf938: ; ImmutableOopMap {[32]=Oop [40]=Oop [56]=Oop [96]=Oop }
                      ;*if_icmpne {reexecute=1 rethrow=0 return_oop=0}
                      ; - (reexecute) java.lang.StringConcatHelper::mix@13 (line 135)
                      ; - java.lang.StringConcatHelper::simpleConcat@46 (line 419)
                      ; - java.lang.String::concat@11 (line 2774)
                      ; - java.net.URLClassLoader$1::run@13 (line 423)
                      ; - java.net.URLClassLoader$1::run@1 (line 421)
                      ; - java.security.AccessController::executePrivileged@29 (line 807)
                      ; - java.security.AccessController::doPrivileged@13 (line 712)
                      ; - java.net.URLClassLoader::findClass@13 (line 420)
  0x000001f12f6bf938: c46f 96ff | ba45 ffff | ff48 895c | 2428 4c89 | 7424 304c | 895c 2440 | 4489 4424 | 4c66 6690 
  0x000001f12f6bf958: ;   {runtime_call UncommonTrapBlob}
  0x000001f12f6bf958: c5f8 77e8 

  0x000001f12f6bf95c: ; ImmutableOopMap {[40]=Oop [48]=Oop [64]=Oop [96]=Oop }
                      ;*ifge {reexecute=1 rethrow=0 return_oop=0}
                      ; - (reexecute) java.lang.StringConcatHelper::newArray@13 (line 494)
                      ; - java.lang.StringConcatHelper::simpleConcat@61 (line 421)
                      ; - java.lang.String::concat@11 (line 2774)
                      ; - java.net.URLClassLoader$1::run@13 (line 423)
                      ; - java.net.URLClassLoader$1::run@1 (line 421)
                      ; - java.security.AccessController::executePrivileged@29 (line 807)
                      ; - java.security.AccessController::doPrivileged@13 (line 712)
                      ; - java.net.URLClassLoader::findClass@13 (line 420)
  0x000001f12f6bf95c: a06f 96ff | 4889 8424 | 0801 0000 | e9c1 e5ff | ff85 c940 | 0f95 c540 | 0fb6 ed83 | f501 ba45 
  0x000001f12f6bf97c: ffff ff4c | 8b5c 2458 | 4c89 5c24 | 204c 8b5c | 2460 4c89 | 5c24 504c | 8b9c 2488 | 0000 004c 
  0x000001f12f6bf99c: 895c 2460 | 4489 5424 | 7066 6690 

  0x000001f12f6bf9a8: ;   {runtime_call UncommonTrapBlob}
  0x000001f12f6bf9a8: c5f8 77e8 

  0x000001f12f6bf9ac: ; ImmutableOopMap {[32]=Oop [40]=Oop [80]=Oop [96]=Oop [136]=Oop }
                      ;*ifeq {reexecute=1 rethrow=0 return_oop=0}
                      ; - (reexecute) java.lang.String::lastIndexOf@4 (line 2489)
                      ; - java.lang.String::lastIndexOf@8 (line 2451)
                      ; - java.net.URLClassLoader::defineClass@7 (line 486)
                      ; - java.net.URLClassLoader$1::run@43 (line 427)
                      ; - java.net.URLClassLoader$1::run@1 (line 421)
                      ; - java.security.AccessController::executePrivileged@29 (line 807)
                      ; - java.security.AccessController::doPrivileged@13 (line 712)
                      ; - java.net.URLClassLoader::findClass@13 (line 420)
  0x000001f12f6bf9ac: 506f 96ff | ba45 ffff | ff44 894c | 244c 4489 | 4c24 504c | 8b94 2488 | 0000 004c | 8954 2478 
  0x000001f12f6bf9cc: ;   {runtime_call UncommonTrapBlob}
  0x000001f12f6bf9cc: c5f8 77e8 

  0x000001f12f6bf9d0: ; ImmutableOopMap {[40]=Oop [88]=Oop [96]=Oop [120]=Oop [136]=Oop [248]=Oop }
                      ;*if_icmpgt {reexecute=1 rethrow=0 return_oop=0}
                      ; - (reexecute) java.lang.String::checkBoundsBeginEnd@6 (line 4605)
                      ; - java.lang.String::substring@8 (line 2709)
                      ; - java.net.URLClassLoader::defineClass@28 (line 489)
                      ; - java.net.URLClassLoader$1::run@43 (line 427)
                      ; - java.net.URLClassLoader$1::run@1 (line 421)
                      ; - java.security.AccessController::executePrivileged@29 (line 807)
                      ; - java.security.AccessController::doPrivileged@13 (line 712)
                      ; - java.net.URLClassLoader::findClass@13 (line 420)
  0x000001f12f6bf9d0: 2c6f 96ff | ba45 ffff | ff48 8b6c | 2458 4c8b | 5424 284c | 8954 2420 | 4c8b 5424 | 604c 8954 
  0x000001f12f6bf9f0: 2440 4c8b | 5424 684c | 8954 2458 | 4889 4424 | 7066 6690 

  0x000001f12f6bfa04: ;   {runtime_call UncommonTrapBlob}
  0x000001f12f6bfa04: c5f8 77e8 

  0x000001f12f6bfa08: ; ImmutableOopMap {rbp=Oop [32]=Oop [64]=Oop [112]=Oop [136]=Oop [248]=Oop }
                      ;*ifnull {reexecute=1 rethrow=0 return_oop=0}
                      ; - (reexecute) java.net.URLClassLoader::defineClass@139 (line 512)
                      ; - java.net.URLClassLoader$1::run@43 (line 427)
                      ; - java.net.URLClassLoader$1::run@1 (line 421)
                      ; - java.security.AccessController::executePrivileged@29 (line 807)
                      ; - java.security.AccessController::doPrivileged@13 (line 712)
                      ; - java.net.URLClassLoader::findClass@13 (line 420)
  0x000001f12f6bfa08: f46e 96ff | ba45 ffff | ff44 894c | 244c 4489 | 4c24 504c | 8b94 2488 | 0000 004c | 8954 2478 
  0x000001f12f6bfa28: ;   {runtime_call UncommonTrapBlob}
  0x000001f12f6bfa28: c5f8 77e8 

  0x000001f12f6bfa2c: ; ImmutableOopMap {[40]=Oop [88]=Oop [96]=Oop [120]=Oop [136]=Oop [248]=Oop }
                      ;*if_icmple {reexecute=1 rethrow=0 return_oop=0}
                      ; - (reexecute) java.lang.String::checkBoundsBeginEnd@11 (line 4605)
                      ; - java.lang.String::substring@8 (line 2709)
                      ; - java.net.URLClassLoader::defineClass@28 (line 489)
                      ; - java.net.URLClassLoader$1::run@43 (line 427)
                      ; - java.net.URLClassLoader$1::run@1 (line 421)
                      ; - java.security.AccessController::executePrivileged@29 (line 807)
                      ; - java.security.AccessController::doPrivileged@13 (line 712)
                      ; - java.net.URLClassLoader::findClass@13 (line 420)
  0x000001f12f6bfa2c: d06e 96ff | 498b d766 | 0f1f 8400 | 0000 0000 | 6666 6690 | c5f8 7749 | ba70 6b24 | b5fb 7f00 
  0x000001f12f6bfa4c: 0041 ffd2 | e9e3 b8ff | ff85 c940 | 0f95 c540 | 0fb6 ed83 | f501 ba45 | ffff ff4c | 8b54 2458 
  0x000001f12f6bfa6c: 4c89 5424 | 384c 8954 | 2440 4489 | 4c24 484c | 8b54 2460 | 4c89 5424 | 584c 8b94 | 2488 0000 
  0x000001f12f6bfa8c: 004c 8954 | 2470 6690 

  0x000001f12f6bfa94: ;   {runtime_call UncommonTrapBlob}
  0x000001f12f6bfa94: c5f8 77e8 

  0x000001f12f6bfa98: ; ImmutableOopMap {[40]=Oop [56]=Oop [64]=Oop [88]=Oop [112]=Oop [136]=Oop [248]=Oop }
                      ;*ifeq {reexecute=1 rethrow=0 return_oop=0}
                      ; - (reexecute) java.lang.String::substring@31 (line 2714)
                      ; - java.net.URLClassLoader::defineClass@28 (line 489)
                      ; - java.net.URLClassLoader$1::run@43 (line 427)
                      ; - java.net.URLClassLoader$1::run@1 (line 421)
                      ; - java.security.AccessController::executePrivileged@29 (line 807)
                      ; - java.security.AccessController::doPrivileged@13 (line 712)
                      ; - java.net.URLClassLoader::findClass@13 (line 420)
  0x000001f12f6bfa98: 646e 96ff | 458b c890 | e974 b4ff | ff85 ed74 | 3149 8bdb | 4d8b 5720 | 488b cd48 | c1e1 034d 
  0x000001f12f6bfab8: 85d2 660f | 1f44 0000 | 0f84 6a1d | 0000 4d8b | 5f30 4b89 | 4c13 f849 | 83c2 f84d | 8957 204c 
  0x000001f12f6bfad8: 8bdb 4d8b | c366 6690 | e9d4 cbff 

  0x000001f12f6bfae4: ;   {oop(a 'java/lang/ThreadLocal'{0x000000060066eee0})}
  0x000001f12f6bfae4: ff48 bae0 | ee66 0006 | 0000 004c | 8b44 2478 

  0x000001f12f6bfaf4: ;   {oop(a 'java/lang/Boolean'{0x000000060042ba70} = true)}
  0x000001f12f6bfaf4: 49b9 70ba | 4200 0600 | 0000 6690 

  0x000001f12f6bfb00: ;   {optimized virtual_call}
  0x000001f12f6bfb00: c5f8 77e8 

  0x000001f12f6bfb04: ; ImmutableOopMap {[40]=Oop [48]=Oop [80]=Oop [88]=Oop [96]=Oop [112]=NarrowOop [120]=Oop [136]=Oop [248]=Oop [256]=Oop }
                      ;*invokevirtual createMap {reexecute=0 rethrow=0 return_oop=0}
                      ; - java.lang.ThreadLocal::set@26 (line 224)
                      ; - java.util.jar.JarFile::ensureInitialization@37 (line 1036)
                      ; - java.util.jar.JavaUtilJarAccessImpl::ensureInitialization@1 (line 72)
                      ; - jdk.internal.loader.URLClassPath$JarLoader$2::getManifest@10 (line 885)
                      ; - java.net.URLClassLoader::defineClass@34 (line 491)
                      ; - java.net.URLClassLoader$1::run@43 (line 427)
                      ; - java.net.URLClassLoader$1::run@1 (line 421)
                      ; - java.security.AccessController::executePrivileged@29 (line 807)
                      ; - java.security.AccessController::doPrivileged@13 (line 712)
                      ; - java.net.URLClassLoader::findClass@13 (line 420)
  0x000001f12f6bfb04: 7818 96ff | 49ba 0000 | 7f3d f101 | 0000 4c89 | 9424 d000 | 0000 e9d3 

  0x000001f12f6bfb1c: ;   {oop(a 'java/lang/ThreadLocal'{0x000000060066eee0})}
  0x000001f12f6bfb1c: d2ff ff48 | bae0 ee66 | 0006 0000 | 004d 8bc2 

  0x000001f12f6bfb2c: ;   {oop(a 'java/lang/Boolean'{0x00000006004a6610} = false)}
  0x000001f12f6bfb2c: 49b9 1066 | 4a00 0600 | 0000 6690 

  0x000001f12f6bfb38: ;   {optimized virtual_call}
  0x000001f12f6bfb38: c5f8 77e8 

  0x000001f12f6bfb3c: ; ImmutableOopMap {[40]=Oop [48]=Oop [80]=Oop [88]=Oop [96]=Oop [136]=Oop [248]=Oop [256]=Oop }
                      ;*invokevirtual createMap {reexecute=0 rethrow=0 return_oop=0}
                      ; - java.lang.ThreadLocal::set@26 (line 224)
                      ; - java.util.jar.JarFile::ensureInitialization@55 (line 1041)
                      ; - java.util.jar.JavaUtilJarAccessImpl::ensureInitialization@1 (line 72)
                      ; - jdk.internal.loader.URLClassPath$JarLoader$2::getManifest@10 (line 885)
                      ; - java.net.URLClassLoader::defineClass@34 (line 491)
                      ; - java.net.URLClassLoader$1::run@43 (line 427)
                      ; - java.net.URLClassLoader$1::run@1 (line 421)
                      ; - java.security.AccessController::executePrivileged@29 (line 807)
                      ; - java.security.AccessController::doPrivileged@13 (line 712)
                      ; - java.net.URLClassLoader::findClass@13 (line 420)
  0x000001f12f6bfb3c: 4018 96ff | e984 d5ff | ff4c 8b5c | 2448 e903 | dfff ff44 | 8b5b 1c45 | 85db 0f84 | 5cd2 ffff 
  0x000001f12f6bfb5c: 4d8b 5720 | 498b cb48 | c1e1 034d | 85d2 0f84 | d01e 0000 | 4d8b 5f30 | 4b89 4c13 | f849 83c2 
  0x000001f12f6bfb7c: f84d 8957 | 20e9 32d2 | ffff 448b | 531c 4585 | d20f 84f8 | d4ff ff4d | 8b5f 2049 | 8bca 48c1 
  0x000001f12f6bfb9c: e103 6690 | 4d85 db0f | 84af 1e00 | 004d 8b57 | 304b 894c | 1af8 4983 | c3f8 4d89 | 5f20 e9cc 
  0x000001f12f6bfbbc: d4ff ff4d | 8b57 404d | 8b5f 50f0 | 8344 24c0 | 0080 3900 | 0f84 1cd2 | ffff 4488 | 214d 85d2 
  0x000001f12f6bfbdc: 7518 498b | d7c5 f877 | 49ba 506b | 24b5 fb7f | 0000 41ff | d2e9 fcd1 | ffff 4b89 | 4c13 f849 
  0x000001f12f6bfbfc: 83c2 f84d | 8957 40e9 | ead1 ffff | 4d8b 5740 | 4d8b 5f50 | f083 4424 | c000 8039 | 000f 84aa 
  0x000001f12f6bfc1c: d4ff ff44 | 8821 4d85 | d275 1849 | 8bd7 c5f8 | 7749 ba50 | 6b24 b5fb | 7f00 0041 | ffd2 e98a 
  0x000001f12f6bfc3c: d4ff ff4b | 894c 13f8 | 4983 c2f8 | 4d89 5740 | e978 d4ff | ffba 4f00 | 0000 4c8b | 5424 584c 
  0x000001f12f6bfc5c: 8954 2438 | 4c89 5424 | 404c 8b54 | 2460 4c89 | 5424 484c | 8b94 2488 | 0000 004c | 8954 2458 
  0x000001f12f6bfc7c: 4c8b 5424 | 684c 8954 | 2460 4489 | 8424 8c00 | 0000 6690 

  0x000001f12f6bfc90: ;   {runtime_call UncommonTrapBlob}
  0x000001f12f6bfc90: c5f8 77e8 

  0x000001f12f6bfc94: ; ImmutableOopMap {[40]=Oop [56]=Oop [64]=Oop [72]=Oop [80]=Oop [88]=Oop [112]=Oop [120]=Oop [140]=NarrowOop [248]=Oop [256]=Oop }
                      ;*new {reexecute=0 rethrow=0 return_oop=0}
                      ; - java.util.jar.JarFile::getBytes@20 (line 804)
                      ; - java.util.jar.JarFile::getManifestFromReference@44 (line 419)
                      ; - java.util.jar.JarFile::getManifest@1 (line 406)
                      ; - jdk.internal.loader.URLClassPath$JarLoader$2::getManifest@22 (line 886)
                      ; - java.net.URLClassLoader::defineClass@34 (line 491)
                      ; - java.net.URLClassLoader$1::run@43 (line 427)
                      ; - java.net.URLClassLoader$1::run@1 (line 421)
                      ; - java.security.AccessController::executePrivileged@29 (line 807)
                      ; - java.security.AccessController::doPrivileged@13 (line 712)
                      ; - java.net.URLClassLoader::findClass@13 (line 420)
  0x000001f12f6bfc94: 686c 96ff | bade ffff | ff48 8b6c | 2458 4c8b | 5c24 284c | 895c 2420 | 4c8b 5c24 | 604c 895c 
  0x000001f12f6bfcb4: 2440 4c8b | 9c24 8800 | 0000 4c89 | 5c24 584c | 8b5c 2468 | 4c89 5c24 | 6048 899c | 2490 0000 
  0x000001f12f6bfcd4: 0044 8994 | 2498 0000 | 0066 6690 

  0x000001f12f6bfce0: ;   {runtime_call UncommonTrapBlob}
  0x000001f12f6bfce0: c5f8 77e8 

  0x000001f12f6bfce4: ; ImmutableOopMap {rbp=Oop [32]=Oop [64]=Oop [72]=Oop [80]=Oop [88]=Oop [144]=Oop [152]=NarrowOop [208]=Oop [248]=Oop [256]=Oop }
                      ;*invokevirtual getName {reexecute=0 rethrow=0 return_oop=0}
                      ; - java.util.jar.JarFile::getManifestFromReference@74 (line 422)
                      ; - java.util.jar.JarFile::getManifest@1 (line 406)
                      ; - jdk.internal.loader.URLClassPath$JarLoader$2::getManifest@22 (line 886)
                      ; - java.net.URLClassLoader::defineClass@34 (line 491)
                      ; - java.net.URLClassLoader$1::run@43 (line 427)
                      ; - java.net.URLClassLoader$1::run@1 (line 421)
                      ; - java.security.AccessController::executePrivileged@29 (line 807)
                      ; - java.security.AccessController::doPrivileged@13 (line 712)
                      ; - java.net.URLClassLoader::findClass@13 (line 420)
  0x000001f12f6bfce4: 186c 96ff | ba85 0100 | 0048 8b6c | 2458 4c8b | 5c24 284c | 895c 2420 | 4c8b 5c24 | 604c 895c 
  0x000001f12f6bfd04: 2440 4c8b | 9c24 8800 | 0000 4c89 | 5c24 484c | 8b5c 2468 | 4c89 5c24 | 5844 8994 | 2484 0000 
  0x000001f12f6bfd24: 0044 8984 | 2488 0000 | 0066 6690 

  0x000001f12f6bfd30: ;   {runtime_call UncommonTrapBlob}
  0x000001f12f6bfd30: c5f8 77e8 

  0x000001f12f6bfd34: ; ImmutableOopMap {rbp=Oop [32]=Oop [64]=Oop [72]=Oop [80]=Oop [112]=Oop [120]=Oop [128]=NarrowOop [248]=Oop [256]=Oop }
                      ;*new {reexecute=0 rethrow=0 return_oop=0}
                      ; - java.util.jar.JarFile::getBytes@141 (line 823)
                      ; - java.util.jar.JarFile::getManifestFromReference@44 (line 419)
                      ; - java.util.jar.JarFile::getManifest@1 (line 406)
                      ; - jdk.internal.loader.URLClassPath$JarLoader$2::getManifest@22 (line 886)
                      ; - java.net.URLClassLoader::defineClass@34 (line 491)
                      ; - java.net.URLClassLoader$1::run@43 (line 427)
                      ; - java.net.URLClassLoader$1::run@1 (line 421)
                      ; - java.security.AccessController::executePrivileged@29 (line 807)
                      ; - java.security.AccessController::doPrivileged@13 (line 712)
                      ; - java.net.URLClassLoader::findClass@13 (line 420)
  0x000001f12f6bfd34: c86b 96ff | 498b d70f | 1f44 0000 | c5f8 7749 | ba70 6b24 | b5fb 7f00 | 0041 ffd2 | e97b c5ff 
  0x000001f12f6bfd54: ffba deff | ffff 488b | 6c24 584c | 8b5c 2428 | 4c89 5c24 | 204c 8b5c | 2460 4c89 | 5c24 404c 
  0x000001f12f6bfd74: 8b5c 2468 | 4c89 5c24 | 604c 8994 | 2480 0000 | 0066 6690 

  0x000001f12f6bfd88: ;   {runtime_call UncommonTrapBlob}
  0x000001f12f6bfd88: c5f8 77e8 

  0x000001f12f6bfd8c: ; ImmutableOopMap {rbp=Oop [32]=Oop [64]=Oop [72]=Oop [80]=Oop [112]=Oop [128]=Oop [136]=Oop [248]=Oop [256]=Oop }
                      ;*invokevirtual close {reexecute=0 rethrow=0 return_oop=0}
                      ; - java.util.jar.JarFile::getManifestFromReference@152 (line 434)
                      ; - java.util.jar.JarFile::getManifest@1 (line 406)
                      ; - jdk.internal.loader.URLClassPath$JarLoader$2::getManifest@22 (line 886)
                      ; - java.net.URLClassLoader::defineClass@34 (line 491)
                      ; - java.net.URLClassLoader$1::run@43 (line 427)
                      ; - java.net.URLClassLoader$1::run@1 (line 421)
                      ; - java.security.AccessController::executePrivileged@29 (line 807)
                      ; - java.security.AccessController::doPrivileged@13 (line 712)
                      ; - java.net.URLClassLoader::findClass@13 (line 420)
  0x000001f12f6bfd8c: 706b 96ff | 4c8b d345 | 8b52 1c45 | 85d2 660f | 1f44 0000 | 0f84 14cf | ffff 4d8b | 5f20 498b 
  0x000001f12f6bfdac: ca48 c1e1 | 034d 85db | 0f84 5b1d | 0000 4d8b | 5730 4b89 | 4c1a f849 | 83c3 f84d | 895f 20e9 
  0x000001f12f6bfdcc: eace ffff | 458b 5a10 | 4585 db0f | 848e ceff | ff4d 8b57 | 2049 8bcb | 48c1 e103 | 4d85 d20f 
  0x000001f12f6bfdec: 84ff 1c00 | 004d 8b5f | 304b 894c | 13f8 4983 | c2f8 4d89 | 5720 e964 | ceff ff44 | 8b1f 4585 
  0x000001f12f6bfe0c: db0f 840b | cfff ff4d | 8b57 2049 | 8bcb 48c1 | e103 6690 | 4d85 d20f | 840c 1d00 | 004d 8b5f 
  0x000001f12f6bfe2c: 304b 894c | 13f8 4983 | c2f8 4d89 | 5720 e9df | ceff ff45 | 8b52 1045 | 85d2 0f84 | ffd0 ffff 
  0x000001f12f6bfe4c: 4d8b 5f20 | 498b ca48 | c1e1 034d | 85db 660f | 1f44 0000 | 0f84 2a1d | 0000 4d8b | 5730 4b89 
  0x000001f12f6bfe6c: 4c1a f849 | 83c3 f84d | 895f 20e9 | cfd0 ffff | 4c8b d345 | 8b5a 1c45 | 85db 0f84 | 0ed1 ffff 
  0x000001f12f6bfe8c: 4d8b 5720 | 498b cb48 | c1e1 034d | 85d2 660f | 1f44 0000 | 0f84 0f1d | 0000 4d8b | 5f30 4b89 
  0x000001f12f6bfeac: 4c13 f849 | 83c2 f84d | 8957 20e9 | ded0 ffff | 448b 1e90 | 4585 db0f | 8432 d1ff | ff4d 8b47 
  0x000001f12f6bfecc: 2049 8bcb | 48c1 e103 | 4d85 c00f | 84f8 1c00 | 008b bc24 | 8000 0000 | 4d8b 5730 | 4b89 4c02 
  0x000001f12f6bfeec: f849 83c0 | f84d 8947 | 2044 8bd7 | e9fe d0ff | ff4d 8b57 | 404d 8b5f | 50f0 8344 | 24c0 0080 
  0x000001f12f6bff0c: 3900 0f84 | 95cd ffff | 4488 214d | 85d2 7519 | 498b d790 | c5f8 7749 | ba50 6b24 | b5fb 7f00 
  0x000001f12f6bff2c: 0041 ffd2 | e974 cdff | ff4b 894c | 13f8 4983 | c2f8 4d89 | 5740 e962 | cdff ff4d | 8b57 404d 
  0x000001f12f6bff4c: 8b5f 50f0 | 8344 24c0 | 0080 3900 | 0f84 9acd | ffff 4488 | 214d 85d2 | 7518 498b | d7c5 f877 
  0x000001f12f6bff6c: 49ba 506b | 24b5 fb7f | 0000 41ff | d2e9 7acd | ffff 4b89 | 4c13 f849 | 83c2 f84d | 8957 40e9 
  0x000001f12f6bff8c: 68cd ffff | 4d8b 5740 | 4d8b 5f50 | f083 4424 | c000 6690 | 8039 000f | 84ab cdff | ff44 8821 
  0x000001f12f6bffac: 4d85 d275 | 2449 8bd7 | 0f1f 8400 | 0000 0000 | 6666 6690 | c5f8 7749 | ba50 6b24 | b5fb 7f00 
  0x000001f12f6bffcc: 0041 ffd2 | e97f cdff | ff4b 894c | 13f8 4983 | c2f8 4d89 | 5740 e96d | cdff ff4d | 8b57 404d 
  0x000001f12f6bffec: 8b5f 50f0 | 8344 24c0 | 0080 3900 | 0f84 dacf | ffff 4488 | 214d 85d2 | 7518 498b | d7c5 f877 
  0x000001f12f6c000c: 49ba 506b | 24b5 fb7f | 0000 41ff | d2e9 bacf | ffff 4b89 | 4c13 f849 | 83c2 f84d | 8957 40e9 
  0x000001f12f6c002c: a8cf ffff | 4d8b 5740 | 4d8b 5f50 | f083 4424 | c000 6690 | 8039 000f | 8440 cfff | ff44 8821 
  0x000001f12f6c004c: 4d85 d275 | 2449 8bd7 | 0f1f 8400 | 0000 0000 | 6666 6690 | c5f8 7749 | ba50 6b24 | b5fb 7f00 
  0x000001f12f6c006c: 0041 ffd2 | e914 cfff | ff4b 894c | 13f8 4983 | c2f8 4d89 | 5740 e902 | cfff ff4d | 8b5f 404d 
  0x000001f12f6c008c: 8b47 50f0 | 8344 24c0 | 0080 3900 | 0f84 93cf | ffff 4488 | 214d 85db | 751f 418b | fa49 8bd7 
  0x000001f12f6c00ac: c5f8 7749 | ba50 6b24 | b5fb 7f00 | 0041 ffd2 | 448b d790 | e96c cfff | ff4b 894c | 18f8 4983 
  0x000001f12f6c00cc: c3f8 4d89 | 5f40 e95a | cfff ff45 | 8b58 100f | 1f44 0000 | 4585 db0f | 842b eeff | ff49 8bd8 
  0x000001f12f6c00ec: 4d8b 5720 | 498b cb48 | c1e1 034d | 85d2 660f | 1f44 0000 | 0f84 af1b | 0000 4d8b | 5f30 4b89 
  0x000001f12f6c010c: 4c13 f849 | 83c2 f84d | 8957 204c | 8bc3 e9f5 | edff ff4c | 8b94 2480 | 0000 0045 | 8b5a 2845 
  0x000001f12f6c012c: 85db 0f84 | 3cee ffff | 4d8b 5720 | 498b cb48 | c1e1 0390 | 4d85 d20f | 8447 1b00 | 004d 8b5f 
  0x000001f12f6c014c: 304b 894c | 13f8 4983 | c2f8 4d89 | 5720 e911 | eeff ff4d | 8b57 404d | 8b5f 50f0 | 8344 24c0 
  0x000001f12f6c016c: 0080 3900 | 0f84 e9ed | ffff 4488 | 214d 85d2 | 7518 498b | d7c5 f877 | 49ba 506b 

  0x000001f12f6c0188: ;   {no_reloc}
  0x000001f12f6c0188: 24b5 fb7f | 0000 41ff | d2e9 c9ed | ffff 4b89 | 4c13 f849 | 83c2 f84d | 8957 40e9 | b7ed ffff 
  0x000001f12f6c01a8: ba45 ffff | ff4c 8b54 | 2458 4c89 | 5424 384c | 8954 2440 | 4c8b 5424 | 604c 8954 | 2448 4c8b 
  0x000001f12f6c01c8: 9424 8800 | 0000 4c89 | 5424 584c | 8b54 2468 | 4c89 5424 | 604c 895c | 2478 6690 

  0x000001f12f6c01e4: ;   {runtime_call UncommonTrapBlob}
  0x000001f12f6c01e4: c5f8 77e8 

  0x000001f12f6c01e8: ; ImmutableOopMap {[40]=Oop [56]=Oop [64]=Oop [72]=Oop [80]=Oop [88]=Oop [120]=Oop [128]=NarrowOop [208]=Oop [248]=Oop [256]=Oop }
                      ;*ifne {reexecute=1 rethrow=0 return_oop=0}
                      ; - (reexecute) java.util.jar.JarFile::getManifestFromReference@52 (line 420)
                      ; - java.util.jar.JarFile::getManifest@1 (line 406)
                      ; - jdk.internal.loader.URLClassPath$JarLoader$2::getManifest@22 (line 886)
                      ; - java.net.URLClassLoader::defineClass@34 (line 491)
                      ; - java.net.URLClassLoader$1::run@43 (line 427)
                      ; - java.net.URLClassLoader$1::run@1 (line 421)
                      ; - java.security.AccessController::executePrivileged@29 (line 807)
                      ; - java.security.AccessController::doPrivileged@13 (line 712)
                      ; - java.net.URLClassLoader::findClass@13 (line 420)
  0x000001f12f6c01e8: 1467 96ff | ba45 ffff | ff48 8b6c | 2458 4c8b | 5424 284c | 8954 2420 | 4c8b 5424 | 604c 8954 
  0x000001f12f6c0208: 2440 4c8b | 5424 684c | 8954 2460 | 448b 9424 | 8000 0000 | 4489 5424 | 7889 4424 | 7c66 6690 
  0x000001f12f6c0228: ;   {runtime_call UncommonTrapBlob}
  0x000001f12f6c0228: c5f8 77e8 

  0x000001f12f6c022c: ; ImmutableOopMap {rbp=Oop [32]=Oop [64]=Oop [72]=Oop [80]=Oop [120]=NarrowOop [136]=Oop [208]=Oop [248]=Oop [256]=Oop }
                      ;*if_icmpne {reexecute=1 rethrow=0 return_oop=0}
                      ; - (reexecute) java.util.jar.JarFile::getManifestFromReference@65 (line 421)
                      ; - java.util.jar.JarFile::getManifest@1 (line 406)
                      ; - jdk.internal.loader.URLClassPath$JarLoader$2::getManifest@22 (line 886)
                      ; - java.net.URLClassLoader::defineClass@34 (line 491)
                      ; - java.net.URLClassLoader$1::run@43 (line 427)
                      ; - java.net.URLClassLoader$1::run@1 (line 421)
                      ; - java.security.AccessController::executePrivileged@29 (line 807)
                      ; - java.security.AccessController::doPrivileged@13 (line 712)
                      ; - java.net.URLClassLoader::findClass@13 (line 420)
  0x000001f12f6c022c: d066 96ff | 458b e848 | 8bfb 498b | d70f 1f80 | 0000 0000 | c5f8 7749 | ba70 6b24 | b5fb 7f00 
  0x000001f12f6c024c: 0041 ffd2 | 488b df45 | 8bc5 e999 | b9ff ff48 | 8bfb 498b | d7c5 f877 | 49ba 706b | 24b5 fb7f 
  0x000001f12f6c026c: 0000 41ff | d248 8bdf | e9bb b9ff | ff4c 8bf7 | 458b e848 | 8bfb 498b | d7c5 f877 | 49ba 706b 
  0x000001f12f6c028c: 24b5 fb7f | 0000 41ff | d248 8bdf | 458b c549 | 8bfe 6690 | e9d5 b7ff | ff4c 8bf7 | 458b e848 
  0x000001f12f6c02ac: 8bfb 498b | d766 6666 | 0f1f 8400 | 0000 0000 | 6666 6690 | c5f8 7749 | ba70 6b24 | b5fb 7f00 
  0x000001f12f6c02cc: 0041 ffd2 | 488b df45 | 8bc5 498b | fee9 d3b8 | ffff 4c8b | f745 8be8 | 488b fb49 | 8bd7 c5f8 
  0x000001f12f6c02ec: 7749 ba70 | 6b24 b5fb | 7f00 0041 | ffd2 488b | df45 8bc5 | 498b fee9 | 05b8 ffff | 498b d7c5 
  0x000001f12f6c030c: f877 49ba | 706b 24b5 | fb7f 0000 | 41ff d20f | 1f44 0000 | e9c9 b9ff | ff49 8bd7 | c5f8 7749 
  0x000001f12f6c032c: ba70 6b24 | b5fb 7f00 | 0041 ffd2 | e965 baff | ff49 8bd7 | c5f8 7749 | ba70 6b24 | b5fb 7f00 
  0x000001f12f6c034c: 0041 ffd2 | e901 bbff | ff49 8bd7 | 0f1f 8400 | 0000 0000 | c5f8 7749 | ba70 6b24 | b5fb 7f00 
  0x000001f12f6c036c: 0041 ffd2 | e981 bbff | ff49 8bd7 | 0f1f 8400 | 0000 0000 | c5f8 7749 | ba70 6b24 | b5fb 7f00 
  0x000001f12f6c038c: 0041 ffd2 | e901 bcff | ff49 8bd7 | 0f1f 8400 | 0000 0000 | c5f8 7749 | ba70 6b24 | b5fb 7f00 
  0x000001f12f6c03ac: 0041 ffd2 | e981 bcff | ff49 8bd7 | 0f1f 8400 | 0000 0000 | c5f8 7749 | ba70 6b24 | b5fb 7f00 
  0x000001f12f6c03cc: 0041 ffd2 | e961 bdff | ff49 8bd7 | 0f1f 8400 | 0000 0000 | c5f8 7749 | ba70 6b24 | b5fb 7f00 
  0x000001f12f6c03ec: 0041 ffd2 | e9ed bcff | ff49 63ca | e920 b3ff | ff4c 8b94 | 2480 0000 | 0045 8b52 | 3045 85d2 
  0x000001f12f6c040c: 0f84 c8e6 | ffff 4d8b | 5f20 498b | ca48 c1e1 | 0366 6690 | 4d85 db0f | 84ff 1900 | 004d 8b57 
  0x000001f12f6c042c: 304b 894c | 1af8 4983 | c3f8 4d89 | 5f20 e99b | e6ff ff4c | 8b54 2448 | 458b 523c | 4585 d20f 
  0x000001f12f6c044c: 8440 e6ff | ff4d 8b5f | 2049 8bca | 48c1 e103 | 0f1f 4000 | 4d85 db0f | 847f 1900 | 004d 8b57 
  0x000001f12f6c046c: 304b 894c | 1af8 4983 | c3f8 4d89 | 5f20 e912 | e6ff ff4c | 8b54 2448 | 458b 5210 | 4585 d20f 
  0x000001f12f6c048c: 8480 e1ff | ff4d 8b5f | 2049 8bca | 48c1 e103 | 0f1f 4000 | 4d85 db0f | 84ff 1900 | 004d 8b57 
  0x000001f12f6c04ac: 304b 894c | 1af8 4983 | c3f8 4d89 | 5f20 e952 | e1ff ff4c | 8b54 2448 | 458b 5238 | 4585 d20f 
  0x000001f12f6c04cc: 841a e5ff | ff4d 8b5f | 2049 8bca | 48c1 e103 | 0f1f 4000 | 4d85 db0f | 845f 1900 | 004d 8b57 
  0x000001f12f6c04ec: 304b 894c | 1af8 4983 | c3f8 4d89 | 5f20 e9ec | e4ff ff4c | 8b54 2448 | 458b 5224 | 4585 d20f 
  0x000001f12f6c050c: 843a e4ff | ff4d 8b5f | 2049 8bca | 48c1 e103 | 0f1f 4000 | 4d85 db0f | 847f 1800 | 004d 8b57 
  0x000001f12f6c052c: 304b 894c | 1af8 4983 | c3f8 4d89 | 5f20 e90c | e4ff ff4c | 8b54 2448 | 458b 5a1c | 4585 db0f 
  0x000001f12f6c054c: 84ba e2ff | ff4d 8b57 | 2049 8bcb | 48c1 e103 | 0f1f 4000 | 4d85 d20f | 845f 1800 | 004d 8b5f 
  0x000001f12f6c056c: 304b 894c | 13f8 4983 | c2f8 4d89 | 5720 e98c | e2ff ff4c | 8b54 2448 | 458b 5a18 | 4585 db0f 
  0x000001f12f6c058c: 84e0 e1ff | ff4d 8b57 | 2049 8bcb | 48c1 e103 | 0f1f 4000 | 4d85 d20f | 845f 1800 | 004d 8b5f 
  0x000001f12f6c05ac: 304b 894c | 13f8 4983 | c2f8 4d89 | 5720 e9b2 | e1ff ff4c | 8b54 2448 | 458b 5a44 | 4585 db0f 
  0x000001f12f6c05cc: 8440 dcff | ff4d 8b57 | 2049 8bcb | 48c1 e103 | 0f1f 4000 | 4d85 d20f | 84ff 1800 | 004d 8b5f 
  0x000001f12f6c05ec: 304b 894c | 13f8 4983 | c2f8 4d89 | 5720 e912 | dcff ff4c | 8b54 2448 | 458b 522c | 4585 d20f 
  0x000001f12f6c060c: 8443 ddff | ff4d 8b5f | 2049 8bca | 48c1 e103 | 0f1f 4000 | 4d85 db0f | 845f 1800 

  0x000001f12f6c0628: ;   {no_reloc}
  0x000001f12f6c0628: 004d 8b57 | 304b 894c | 1af8 4983 | c3f8 4d89 | 5f20 e915 | ddff ff4c | 8b54 2448 | 458b 5a50 
  0x000001f12f6c0648: 4585 db0f | 8464 dcff | ff4d 8b57 | 2049 8bcb | 48c1 e103 | 0f1f 4000 | 4d85 d20f | 849f 1800 
  0x000001f12f6c0668: 004d 8b5f | 304b 894c | 13f8 4983 | c2f8 4d89 | 5720 e936 | dcff ff4c | 8b54 2448 | 458b 5a30 
  0x000001f12f6c0688: 4585 db0f | 846d dcff | ff4d 8b57 | 2049 8bcb | 48c1 e103 | 0f1f 4000 | 4d85 d20f | 84bf 1700 
  0x000001f12f6c06a8: 004d 8b5f | 304b 894c | 13f8 4983 | c2f8 4d89 | 5720 e93f | dcff ff4c | 8b54 2448 | 458b 5a40 
  0x000001f12f6c06c8: 4585 db0f | 84a0 daff | ff4d 8b57 | 2049 8bcb | 48c1 e103 | 0f1f 4000 | 4d85 d20f | 843f 1800 
  0x000001f12f6c06e8: 004d 8b5f | 304b 894c | 13f8 4983 | c2f8 4d89 | 5720 e972 | daff ff4c | 8b54 2448 | 458b 5a14 
  0x000001f12f6c0708: 4585 db0f | 84a0 ddff | ff4d 8b57 | 2049 8bcb | 48c1 e103 | 0f1f 4000 | 4d85 d20f | 849f 1700 
  0x000001f12f6c0728: 004d 8b5f | 304b 894c | 13f8 4983 | c2f8 4d89 | 5720 e972 | ddff ff44 | 8b5d 0c45 | 85db 0f84 
  0x000001f12f6c0748: 9fe5 ffff | 4d8b 5720 | 498b cb48 | c1e1 034d | 85d2 660f | 1f44 0000 | 0f84 ff17 | 0000 4d8b 
  0x000001f12f6c0768: 5f30 4b89 | 4c13 f849 | 83c2 f84d | 8957 20e9 | 6fe5 ffff | 4c8b 5424 | 4845 8b5a | 0c45 85db 
  0x000001f12f6c0788: 0f84 c6e5 | ffff 4d8b | 5720 498b | cb48 c1e1 | 034d 85d2 | 0f1f 4000 | 0f84 d717 | 0000 4d8b 
  0x000001f12f6c07a8: 5f30 4b89 | 4c13 f849 | 83c2 f84d | 8957 20e9 | 98e5 ffff | 4c8b 5424 | 4845 8b5a | 1045 85db 
  0x000001f12f6c07c8: 0f84 23e6 | ffff 4d8b | 5720 498b | cb48 c1e1 | 034d 85d2 | 0f1f 4000 | 0f84 6217 | 0000 4d8b 
  0x000001f12f6c07e8: 5f30 4b89 | 4c13 f849 | 83c2 f84d | 8957 20e9 | f5e5 ffff | 4c8b 5424 | 4845 8b5a | 1445 85db 
  0x000001f12f6c0808: 0f84 49e6 | ffff 4d8b | 5720 498b | cb48 c1e1 | 034d 85d2 | 0f1f 4000 | 0f84 6f17 | 0000 4d8b 
  0x000001f12f6c0828: 5f30 4b89 | 4c13 f849 | 83c2 f84d | 8957 20e9 | 1be6 ffff | 4d8b 5740 | 4d8b 5f50 | f083 4424 
  0x000001f12f6c0848: c000 8039 | 000f 847c | e2ff ff44 | 8821 4d85 | d275 20c5 | f97e c349 | 8bd7 c5f8 | 7749 ba50 
  0x000001f12f6c0868: 6b24 b5fb | 7f00 0041 | ffd2 c5f9 | 6ec3 e954 | e2ff ff4b | 894c 13f8 | 4983 c2f8 | 4d89 5740 
  0x000001f12f6c0888: e942 e2ff | ff4d 8b57 | 404d 8b5f | 50f0 8344 | 24c0 000f | 1f44 0000 | 8039 000f | 8476 e2ff 
  0x000001f12f6c08a8: ff44 8821 | 4d85 d275 | 28c5 f97e | c349 8bd7 | 0f1f 8400 | 0000 0000 | c5f8 7749 | ba50 6b24 
  0x000001f12f6c08c8: b5fb 7f00 | 0041 ffd2 | c5f9 6ec3 | e946 e2ff | ff4b 894c | 13f8 4983 | c2f8 4d89 | 5740 e934 
  0x000001f12f6c08e8: e2ff ff4d | 8b57 504d | 8b5f 40f0 | 8344 24c0 | 0080 3900 | 0f1f 4000 | 0f84 23e1 | ffff 4488 
  0x000001f12f6c0908: 214d 85db | 752b c5f9 | 7ec7 498b | d766 6666 | 0f1f 8400 | 0000 0000 | c5f8 7749 | ba50 6b24 
  0x000001f12f6c0928: b5fb 7f00 | 0041 ffd2 | c5f9 6ec7 | e9f0 e0ff | ff4b 894c | 1af8 4983 | c3f8 4d89 | 5f40 e9de 
  0x000001f12f6c0948: e0ff ff4d | 8b57 404d | 8b5f 50f0 | 8344 24c0 | 0080 3900 | 0f1f 4000 | 0f84 20e0 | ffff 4488 
  0x000001f12f6c0968: 214d 85d2 | 752b c5f9 | 7ec3 498b | d766 6666 | 0f1f 8400 | 0000 0000 | c5f8 7749 | ba50 6b24 
  0x000001f12f6c0988: b5fb 7f00 | 0041 ffd2 | c5f9 6ec3 | e9ed dfff | ff4b 894c | 13f8 4983 | c2f8 4d89 | 5740 e9db 
  0x000001f12f6c09a8: dfff ff4d | 8b57 404d | 8b5f 50f0 | 8344 24c0 | 0080 3900 | 0f1f 4000 | 0f84 79df | ffff 4488 
  0x000001f12f6c09c8: 214d 85d2 | 752b c5f9 | 7ec3 498b | d766 6666 | 0f1f 8400 | 0000 0000 | c5f8 7749 | ba50 6b24 
  0x000001f12f6c09e8: b5fb 7f00 | 0041 ffd2 | c5f9 6ec3 | e946 dfff | ff4b 894c | 13f8 4983 | c2f8 4d89 | 5740 e934 
  0x000001f12f6c0a08: dfff ff4d | 8b57 404d | 8b5f 50f0 | 8344 24c0 | 0080 3900 | 0f1f 4000 | 0f84 23de | ffff 4488 
  0x000001f12f6c0a28: ;   {no_reloc}
  0x000001f12f6c0a28: 214d 85d2 | 752b c5f9 | 7ec3 498b | d766 6666 | 0f1f 8400 | 0000 0000 | c5f8 7749 | ba50 6b24 
  0x000001f12f6c0a48: b5fb 7f00 | 0041 ffd2 | c5f9 6ec3 | e9f0 ddff | ff4b 894c | 13f8 4983 | c2f8 4d89 | 5740 e9de 
  0x000001f12f6c0a68: ddff ff4d | 8b57 404d | 8b5f 50f0 | 8344 24c0 | 0080 3900 | 0f1f 4000 | 0f84 0fd9 | ffff 4488 
  0x000001f12f6c0a88: 214d 85d2 | 752b c5f9 | 7ec7 498b | d766 6666 | 0f1f 8400 | 0000 0000 | c5f8 7749 | ba50 6b24 
  0x000001f12f6c0aa8: b5fb 7f00 | 0041 ffd2 | c5f9 6ec7 | e9dc d8ff | ff4b 894c | 13f8 4983 | c2f8 4d89 | 5740 e9ca 
  0x000001f12f6c0ac8: d8ff ff4d | 8b57 504d | 8b5f 40f0 | 8344 24c0 | 0080 3900 | 0f1f 4000 | 0f84 20db | ffff 4488 
  0x000001f12f6c0ae8: 214d 85db | 752b c5f9 | 7ec6 498b | d766 6666 | 0f1f 8400 | 0000 0000 | c5f8 7749 | ba50 6b24 
  0x000001f12f6c0b08: b5fb 7f00 | 0041 ffd2 | c5f9 6ec6 | e9ed daff | ff4b 894c | 1af8 4983 | c3f8 4d89 | 5f40 e9db 
  0x000001f12f6c0b28: daff ff4d | 8b57 504d | 8b5f 40f0 | 8344 24c0 | 0080 3900 | 0f1f 4000 | 0f84 60d9 | ffff 4488 
  0x000001f12f6c0b48: 214d 85db | 752b c5f9 | 7ec6 498b | d766 6666 | 0f1f 8400 | 0000 0000 | c5f8 7749 | ba50 6b24 
  0x000001f12f6c0b68: b5fb 7f00 | 0041 ffd2 | c5f9 6ec6 | e92d d9ff | ff4b 894c | 1af8 4983 | c3f8 4d89 | 5f40 e91b 
  0x000001f12f6c0b88: d9ff ff4d | 8b57 404d | 8b5f 50f0 | 8344 24c0 | 0080 3900 | 0f1f 4000 | 0f84 4ad9 | ffff 4488 
  0x000001f12f6c0ba8: 214d 85d2 | 752b c5f9 | 7ec7 498b | d766 6666 | 0f1f 8400 | 0000 0000 | c5f8 7749 | ba50 6b24 
  0x000001f12f6c0bc8: b5fb 7f00 | 0041 ffd2 | c5f9 6ec7 | e917 d9ff | ff4b 894c | 13f8 4983 | c2f8 4d89 | 5740 e905 
  0x000001f12f6c0be8: d9ff ff4d | 8b57 504d | 8b5f 40f0 | 8344 24c0 | 0080 3900 | 0f1f 4000 | 0f84 60db | ffff 4488 
  0x000001f12f6c0c08: 214d 85db | 752b c5f9 | 7ec6 498b | d766 6666 | 0f1f 8400 | 0000 0000 | c5f8 7749 | ba50 6b24 
  0x000001f12f6c0c28: b5fb 7f00 | 0041 ffd2 | c5f9 6ec6 | e92d dbff | ff4b 894c | 1af8 4983 | c3f8 4d89 | 5f40 e91b 
  0x000001f12f6c0c48: dbff ff4d | 8b57 404d | 8b5f 50f0 | 8344 24c0 | 0080 3900 | 0f1f 4000 | 0f84 ead9 | ffff 4488 
  0x000001f12f6c0c68: 214d 85d2 | 752b c5f9 | 7ec7 498b | d766 6666 | 0f1f 8400 | 0000 0000 | c5f8 7749 | ba50 6b24 
  0x000001f12f6c0c88: b5fb 7f00 | 0041 ffd2 | c5f9 6ec7 | e9b7 d9ff | ff4b 894c | 13f8 4983 | c2f8 4d89 | 5740 e9a5 
  0x000001f12f6c0ca8: d9ff ff4d | 8b57 404d | 8b5f 50f0 | 8344 24c0 | 0080 3900 | 0f1f 4000 | 0f84 eada | ffff 4488 
  0x000001f12f6c0cc8: 214d 85d2 | 752b c5f9 | 7ec7 498b | d766 6666 | 0f1f 8400 | 0000 0000 | c5f8 7749 | ba50 6b24 
  0x000001f12f6c0ce8: b5fb 7f00 | 0041 ffd2 | c5f9 6ec7 | e9b7 daff | ff4b 894c | 13f8 4983 | c2f8 4d89 | 5740 e9a5 
  0x000001f12f6c0d08: daff ff4d | 8b57 504d | 8b5f 40f0 | 8344 24c0 | 0080 3900 | 0f1f 4000 | 0f84 e3d3 | ffff 4488 
  0x000001f12f6c0d28: 214d 85db | 752b c5f9 | 7ec7 498b | d766 6666 | 0f1f 8400 | 0000 0000 | c5f8 7749 | ba50 6b24 
  0x000001f12f6c0d48: b5fb 7f00 | 0041 ffd2 | c5f9 6ec7 | e9b0 d3ff | ff4b 894c | 1af8 4983 | c3f8 4d89 | 5f40 e99e 
  0x000001f12f6c0d68: d3ff ff4d | 8b57 404d | 8b5f 50f0 | 8344 24c0 | 0080 3900 | 0f1f 4000 | 0f84 6dd5 | ffff 4488 
  0x000001f12f6c0d88: 214d 85d2 | 752b c5f9 | 7ec7 498b | d766 6666 | 0f1f 8400 | 0000 0000 | c5f8 7749 | ba50 6b24 
  0x000001f12f6c0da8: b5fb 7f00 | 0041 ffd2 | c5f9 6ec7 | e93a d5ff | ff4b 894c | 13f8 4983 | c2f8 4d89 | 5740 e928 
  0x000001f12f6c0dc8: d5ff ff4d | 8b57 404d | 8b5f 50f0 | 8344 24c0 | 0080 3900 | 0f1f 4000 | 0f84 69d4 | ffff 4488 
  0x000001f12f6c0de8: 214d 85d2 | 752b c5f9 | 7ec7 498b | d766 6666 | 0f1f 8400 | 0000 0000 | c5f8 7749 | ba50 6b24 
  0x000001f12f6c0e08: b5fb 7f00 | 0041 ffd2 | c5f9 6ec7 | e936 d4ff | ff4b 894c | 13f8 4983 | c2f8 4d89 | 5740 e924 
  0x000001f12f6c0e28: ;   {no_reloc}
  0x000001f12f6c0e28: d4ff ff4d | 8b57 404d | 8b5f 50f0 | 8344 24c0 | 0080 3900 | 0f1f 4000 | 0f84 69d3 | ffff 4488 
  0x000001f12f6c0e48: 214d 85d2 | 752b c5f9 | 7ec3 498b | d766 6666 | 0f1f 8400 | 0000 0000 | c5f8 7749 | ba50 6b24 
  0x000001f12f6c0e68: b5fb 7f00 | 0041 ffd2 | c5f9 6ec3 | e936 d3ff | ff4b 894c | 13f8 4983 | c2f8 4d89 | 5740 e924 
  0x000001f12f6c0e88: d3ff ff4d | 8b57 404d | 8b5f 50f0 | 8344 24c0 | 0080 3900 | 0f1f 4000 | 0f84 e5de | ffff 4488 
  0x000001f12f6c0ea8: 214d 85d2 | 7527 498b | d766 6666 | 0f1f 8400 | 0000 0000 | 6666 6690 | c5f8 7749 | ba50 6b24 
  0x000001f12f6c0ec8: b5fb 7f00 | 0041 ffd2 | e9b6 deff | ff4b 894c | 13f8 4983 | c2f8 4d89 | 5740 e9a4 | deff ff4d 
  0x000001f12f6c0ee8: 8b57 404d | 8b5f 50f0 | 8344 24c0 | 0080 3900 | 0f84 4bde | ffff 4488 | 214d 85d2 | 7518 498b 
  0x000001f12f6c0f08: d7c5 f877 | 49ba 506b | 24b5 fb7f | 0000 41ff | d2e9 2bde | ffff 4b89 | 4c13 f849 | 83c2 f84d 
  0x000001f12f6c0f28: 8957 40e9 | 19de ffff | 4d8b 5740 | 4d8b 5f50 | f083 4424 | c000 6690 | 8039 000f | 84e6 deff 
  0x000001f12f6c0f48: ff44 8821 | 4d85 d275 | 2449 8bd7 | 0f1f 8400 | 0000 0000 | 6666 6690 | c5f8 7749 | ba50 6b24 
  0x000001f12f6c0f68: b5fb 7f00 | 0041 ffd2 | e9ba deff | ff4b 894c | 13f8 4983 | c2f8 4d89 | 5740 e9a8 | deff ff4d 
  0x000001f12f6c0f88: 8b57 404d | 8b5f 50f0 | 8344 24c0 | 0080 3900 | 0f84 abd3 | ffff 4488 | 214d 85d2 | 7520 c5f9 
  0x000001f12f6c0fa8: 7ec7 498b | d7c5 f877 | 49ba 506b | 24b5 fb7f | 0000 41ff | d2c5 f96e | c7e9 83d3 | ffff 4b89 
  0x000001f12f6c0fc8: 4c13 f849 | 83c2 f84d | 8957 40e9 | 71d3 ffff | 4d8b 5740 | 4d8b 5f50 | f083 4424 | c000 8039 
  0x000001f12f6c0fe8: 000f 84b7 | deff ff44 | 8821 4d85 | d275 1e49 | 8bd7 660f | 1f44 0000 | c5f8 7749 | ba50 6b24 
  0x000001f12f6c1008: b5fb 7f00 | 0041 ffd2 | e991 deff | ff4b 894c | 13f8 4983 | c2f8 4d89 | 5740 e97f | deff ff4c 
  0x000001f12f6c1028: 8b54 2440 | 458b 5a0c | 4585 db0f | 84db cbff | ff4d 8b57 | 2049 8bcb | 48c1 e103 | 4d85 d20f 
  0x000001f12f6c1048: 8470 0f00 | 004d 8b5f | 304b 894c | 13f8 4983 | c2f8 4d89 | 5720 6690 | e9af cbff | ff49 8bda 
  0x000001f12f6c1068: 448b 5d0c | 4585 db0f | 8445 cbff | ff4d 8b57 | 2049 8bcb | 48c1 e103 | 4d85 d20f | 846c 0f00 
  0x000001f12f6c1088: 004d 8b5f | 304b 894c | 13f8 4983 | c2f8 4d89 | 5720 e91b | cbff ff49 | 8bda 4c8b | 5424 4045 
  0x000001f12f6c10a8: 8b5a 1045 | 85db 742a | 4d8b 5720 | 498b cb48 | c1e1 030f | 1f44 0000 | 4d85 d20f | 840c 0f00 
  0x000001f12f6c10c8: 004d 8b5f | 304b 894c | 13f8 4983 | c2f8 4d89 | 5720 4c8b | d366 6690 | e9c9 cbff | ff4c 8b54 
  0x000001f12f6c10e8: 2440 458b | 4214 4585 | c00f 841d | ccff ff4d | 8b5f 2049 | 8bc8 48c1 | e103 4d85 | db0f 840a 
  0x000001f12f6c1108: 0f00 0049 | 8bda 4d8b | 5730 4b89 | 4c1a f849 | 83c3 f84d | 895f 204c | 8bd3 e9ed | cbff ff4d 
  0x000001f12f6c1128: 8b57 404d | 8b5f 50f0 | 8344 24c0 | 0080 3900 | 0f84 0dcb | ffff 4488 | 214d 85d2 | 7518 498b 
  0x000001f12f6c1148: d7c5 f877 | 49ba 506b | 24b5 fb7f | 0000 41ff | d2e9 edca | ffff 4b89 | 4c13 f849 | 83c2 f84d 
  0x000001f12f6c1168: 8957 40e9 | dbca ffff | 4d8b 5740 | 4d8b 5f50 | f083 4424 | c000 6690 | 8039 000f | 8480 caff 
  0x000001f12f6c1188: ff44 8821 | 4d85 d275 | 2449 8bd7 | 0f1f 8400 | 0000 0000 | 6666 6690 | c5f8 7749 | ba50 6b24 
  0x000001f12f6c11a8: b5fb 7f00 | 0041 ffd2 | e954 caff | ff4b 894c | 13f8 4983 | c2f8 4d89 | 5740 e942 | caff ff4d 
  0x000001f12f6c11c8: 8b57 504d | 8b5f 40f0 | 8344 24c0 | 0080 3900 | 0f84 0bcb | ffff 4488 | 214d 85db | 7518 498b 
  0x000001f12f6c11e8: d7c5 f877 | 49ba 506b | 24b5 fb7f | 0000 41ff | d2e9 ebca | ffff 4b89 | 4c1a f849 | 83c3 f84d 
  0x000001f12f6c1208: 895f 40e9 | d9ca ffff | bade ffff | ff48 8b6c | 2458 4c8b | 5424 284c | 8954 2420 

  0x000001f12f6c1224: ;   {no_reloc}
  0x000001f12f6c1224: 4c8b 5424 | 604c 8954 | 2440 4c8b | 5424 684c | 8954 2460 | 4889 4424 | 7866 6690 

  0x000001f12f6c1240: ;   {runtime_call UncommonTrapBlob}
  0x000001f12f6c1240: c5f8 77e8 

  0x000001f12f6c1244: ; ImmutableOopMap {rbp=Oop [32]=Oop [64]=Oop [72]=Oop [80]=Oop [120]=Oop [136]=Oop [248]=Oop [256]=Oop }
                      ;*checkcast {reexecute=0 rethrow=0 return_oop=0}
                      ; - java.util.jar.JarFile::getManEntry@28 (line 944)
                      ; - java.util.jar.JarFile::getManifestFromReference@27 (line 414)
                      ; - java.util.jar.JarFile::getManifest@1 (line 406)
                      ; - jdk.internal.loader.URLClassPath$JarLoader$2::getManifest@22 (line 886)
                      ; - java.net.URLClassLoader::defineClass@34 (line 491)
                      ; - java.net.URLClassLoader$1::run@43 (line 427)
                      ; - java.net.URLClassLoader$1::run@1 (line 421)
                      ; - java.security.AccessController::executePrivileged@29 (line 807)
                      ; - java.security.AccessController::doPrivileged@13 (line 712)
                      ; - java.net.URLClassLoader::findClass@13 (line 420)
  0x000001f12f6c1244: b856 96ff | 498b d7c5 | f877 49ba | 706b 24b5 | fb7f 0000 | 41ff d20f | 1f44 0000 | e974 b1ff 
  0x000001f12f6c1264: ;   {metadata('java/lang/ThreadLocal$ThreadLocalMap$Entry')}
  0x000001f12f6c1264: ff48 ba30 | 830b 56f1 | 0100 0090 

  0x000001f12f6c1270: ;   {runtime_call _new_instance_Java}
  0x000001f12f6c1270: c5f8 77e8 

  0x000001f12f6c1274: ; ImmutableOopMap {rbp=Oop [40]=Oop [48]=Oop [56]=Oop [80]=Oop [88]=Oop [96]=Oop [112]=NarrowOop [116]=NarrowOop [120]=Oop [128]=NarrowOop [136]=Oop [248]=Oop [256]=Oop }
                      ;*new {reexecute=0 rethrow=0 return_oop=1}
                      ; - java.lang.ThreadLocal$ThreadLocalMap::set@85 (line 498)
                      ; - java.lang.ThreadLocal::set@17 (line 222)
                      ; - java.util.jar.JarFile::ensureInitialization@37 (line 1036)
                      ; - java.util.jar.JavaUtilJarAccessImpl::ensureInitialization@1 (line 72)
                      ; - jdk.internal.loader.URLClassPath$JarLoader$2::getManifest@10 (line 885)
                      ; - java.net.URLClassLoader::defineClass@34 (line 491)
                      ; - java.net.URLClassLoader$1::run@43 (line 427)
                      ; - java.net.URLClassLoader$1::run@1 (line 421)
                      ; - java.security.AccessController::executePrivileged@29 (line 807)
                      ; - java.security.AccessController::doPrivileged@13 (line 712)
                      ; - java.net.URLClassLoader::findClass@13 (line 420)
  0x000001f12f6c1274: 886c 97ff | 4c8b d00f | 1f44 0000 | e9ce b9ff 

  0x000001f12f6c1284: ;   {metadata('java/lang/ThreadLocal$ThreadLocalMap$Entry')}
  0x000001f12f6c1284: ff48 ba30 | 830b 56f1 | 0100 0090 

  0x000001f12f6c1290: ;   {runtime_call _new_instance_Java}
  0x000001f12f6c1290: c5f8 77e8 

  0x000001f12f6c1294: ; ImmutableOopMap {rbp=Oop [40]=Oop [48]=Oop [56]=Oop [80]=Oop [88]=Oop [96]=Oop [112]=NarrowOop [116]=NarrowOop [120]=NarrowOop [136]=Oop [248]=Oop [256]=Oop }
                      ;*new {reexecute=0 rethrow=0 return_oop=1}
                      ; - java.lang.ThreadLocal$ThreadLocalMap::set@85 (line 498)
                      ; - java.lang.ThreadLocal::set@17 (line 222)
                      ; - java.util.jar.JarFile::ensureInitialization@55 (line 1041)
                      ; - java.util.jar.JavaUtilJarAccessImpl::ensureInitialization@1 (line 72)
                      ; - jdk.internal.loader.URLClassPath$JarLoader$2::getManifest@10 (line 885)
                      ; - java.net.URLClassLoader::defineClass@34 (line 491)
                      ; - java.net.URLClassLoader$1::run@43 (line 427)
                      ; - java.net.URLClassLoader$1::run@1 (line 421)
                      ; - java.security.AccessController::executePrivileged@29 (line 807)
                      ; - java.security.AccessController::doPrivileged@13 (line 712)
                      ; - java.net.URLClassLoader::findClass@13 (line 420)
  0x000001f12f6c1294: 686c 97ff | 4c8b d00f | 1f44 0000 | e98e bcff 

  0x000001f12f6c12a4: ;   {metadata('java/lang/ref/SoftReference')}
  0x000001f12f6c12a4: ff48 bab0 | 6304 56f1 | 0100 0090 

  0x000001f12f6c12b0: ;   {runtime_call _new_instance_Java}
  0x000001f12f6c12b0: c5f8 77e8 

  0x000001f12f6c12b4: ; ImmutableOopMap {rbp=Oop [40]=Oop [48]=Oop [80]=Oop [88]=Oop [96]=Oop [112]=NarrowOop [120]=Oop [128]=Oop [136]=Oop [248]=Oop [256]=Oop }
                      ;*new {reexecute=0 rethrow=0 return_oop=1}
                      ; - java.util.jar.JarFile::getManifestFromReference@184 (line 436)
                      ; - java.util.jar.JarFile::getManifest@1 (line 406)
                      ; - java.util.jar.JarFile::maybeInstantiateVerifier@31 (line 725)
                      ; - java.util.jar.JarFile::ensureInitialization@1 (line 1031)
                      ; - java.util.jar.JavaUtilJarAccessImpl::ensureInitialization@1 (line 72)
                      ; - jdk.internal.loader.URLClassPath$JarLoader$2::getManifest@10 (line 885)
                      ; - java.net.URLClassLoader::defineClass@34 (line 491)
                      ; - java.net.URLClassLoader$1::run@43 (line 427)
                      ; - java.net.URLClassLoader$1::run@1 (line 421)
                      ; - java.security.AccessController::executePrivileged@29 (line 807)
                      ; - java.security.AccessController::doPrivileged@13 (line 712)
                      ; - java.net.URLClassLoader::findClass@13 (line 420)
  0x000001f12f6c12b4: 486c 97ff | 4c8b d00f | 1f44 0000 | e936 dcff | ff4c 8b5c | 2448 458b | 432c 4585 | c00f 84a2 
  0x000001f12f6c12d4: e1ff ff4d | 8b4f 2049 | 8bc8 48c1 | e103 4d85 | c90f 8491 | 0d00 0048 | 8bf8 498b | db4d 8b57 
  0x000001f12f6c12f4: 304b 894c | 0af8 4983 | c1f8 4d89 | 4f20 4c8b | db4c 8bd7 | e96c e1ff 

  0x000001f12f6c130c: ;   {metadata('java/util/jar/JarVerifier')}
  0x000001f12f6c130c: ff48 ba78 | 7518 56f1 | 0100 0090 

  0x000001f12f6c1318: ;   {runtime_call _new_instance_Java}
  0x000001f12f6c1318: c5f8 77e8 

  0x000001f12f6c131c: ; ImmutableOopMap {[40]=Oop [48]=Oop [56]=Oop [80]=Oop [88]=Oop [96]=Oop [112]=NarrowOop [116]=NarrowOop [120]=Oop [128]=Oop [136]=Oop [248]=Oop [256]=Oop [264]=Oop }
                      ;*new {reexecute=0 rethrow=0 return_oop=1}
                      ; - java.util.jar.JarFile::getManifestFromReference@69 (line 422)
                      ; - java.util.jar.JarFile::getManifest@1 (line 406)
                      ; - java.util.jar.JarFile::maybeInstantiateVerifier@31 (line 725)
                      ; - java.util.jar.JarFile::ensureInitialization@1 (line 1031)
                      ; - java.util.jar.JavaUtilJarAccessImpl::ensureInitialization@1 (line 72)
                      ; - jdk.internal.loader.URLClassPath$JarLoader$2::getManifest@10 (line 885)
                      ; - java.net.URLClassLoader::defineClass@34 (line 491)
                      ; - java.net.URLClassLoader$1::run@43 (line 427)
                      ; - java.net.URLClassLoader$1::run@1 (line 421)
                      ; - java.security.AccessController::executePrivileged@29 (line 807)
                      ; - java.security.AccessController::doPrivileged@13 (line 712)
                      ; - java.net.URLClassLoader::findClass@13 (line 420)
  0x000001f12f6c131c: e06b 97ff | 4c8b d0e9 | d7cc ffff | c5f9 7ec5 

  0x000001f12f6c132c: ;   {metadata('java/util/Hashtable')}
  0x000001f12f6c132c: 48ba 806f | 0156 f101 | 0000 6690 

  0x000001f12f6c1338: ;   {runtime_call _new_instance_Java}
  0x000001f12f6c1338: c5f8 77e8 

  0x000001f12f6c133c: ; ImmutableOopMap {[40]=Oop [48]=Oop [64]=NarrowOop [68]=NarrowOop [72]=Oop [80]=Oop [88]=Oop [96]=Oop [112]=NarrowOop [120]=Oop [128]=Oop [136]=Oop [248]=Oop [256]=Oop [264]=Oop }
                      ;*new {reexecute=0 rethrow=0 return_oop=1}
                      ; - java.util.jar.JarVerifier::<init>@98 (line 111)
                      ; - java.util.jar.JarFile::getManifestFromReference@78 (line 422)
                      ; - java.util.jar.JarFile::getManifest@1 (line 406)
                      ; - java.util.jar.JarFile::maybeInstantiateVerifier@31 (line 725)
                      ; - java.util.jar.JarFile::ensureInitialization@1 (line 1031)
                      ; - java.util.jar.JavaUtilJarAccessImpl::ensureInitialization@1 (line 72)
                      ; - jdk.internal.loader.URLClassPath$JarLoader$2::getManifest@10 (line 885)
                      ; - java.net.URLClassLoader::defineClass@34 (line 491)
                      ; - java.net.URLClassLoader$1::run@43 (line 427)
                      ; - java.net.URLClassLoader$1::run@1 (line 421)
                      ; - java.security.AccessController::executePrivileged@29 (line 807)
                      ; - java.security.AccessController::doPrivileged@13 (line 712)
                      ; - java.net.URLClassLoader::findClass@13 (line 420)
  0x000001f12f6c133c: c06b 97ff | 4c8b d0c5 | f96e c5e9 | 4fd3 ffff | c5fa 1144 | 2438 41b8 | 2000 0000 

  0x000001f12f6c1358: ;   {metadata({type array byte})}
  0x000001f12f6c1358: 48ba 2867 | 0056 f101 | 0000 6690 

  0x000001f12f6c1364: ;   {runtime_call _new_array_Java}
  0x000001f12f6c1364: c5f8 77e8 

  0x000001f12f6c1368: ; ImmutableOopMap {rbp=Oop [40]=Oop [48]=Oop [64]=NarrowOop [68]=NarrowOop [72]=Oop [80]=Oop [88]=Oop [96]=Oop [112]=NarrowOop [120]=Oop [128]=Oop [136]=Oop [248]=Oop [256]=Oop [264]=Oop }
                      ;*newarray {reexecute=0 rethrow=0 return_oop=1}
                      ; - java.io.ByteArrayOutputStream::<init>@37 (line 81)
                      ; - java.io.ByteArrayOutputStream::<init>@3 (line 66)
                      ; - java.util.jar.JarVerifier::<init>@126 (line 113)
                      ; - java.util.jar.JarFile::getManifestFromReference@78 (line 422)
                      ; - java.util.jar.JarFile::getManifest@1 (line 406)
                      ; - java.util.jar.JarFile::maybeInstantiateVerifier@31 (line 725)
                      ; - java.util.jar.JarFile::ensureInitialization@1 (line 1031)
                      ; - java.util.jar.JavaUtilJarAccessImpl::ensureInitialization@1 (line 72)
                      ; - jdk.internal.loader.URLClassPath$JarLoader$2::getManifest@10 (line 885)
                      ; - java.net.URLClassLoader::defineClass@34 (line 491)
                      ; - java.net.URLClassLoader$1::run@43 (line 427)
                      ; - java.net.URLClassLoader$1::run@1 (line 421)
                      ; - java.security.AccessController::executePrivileged@29 (line 807)
                      ; - java.security.AccessController::doPrivileged@13 (line 712)
                      ; - java.net.URLClassLoader::findClass@13 (line 420)
  0x000001f12f6c1368: 9468 97ff | c5fa 1044 | 2438 e986 | d5ff ffc5 

  0x000001f12f6c1378: ;   {metadata('java/util/ArrayList')}
  0x000001f12f6c1378: f97e c548 | ba10 df00 | 56f1 0100 | 0066 6690 

  0x000001f12f6c1388: ;   {runtime_call _new_instance_Java}
  0x000001f12f6c1388: c5f8 77e8 

  0x000001f12f6c138c: ; ImmutableOopMap {[40]=Oop [48]=Oop [64]=NarrowOop [68]=NarrowOop [72]=Oop [80]=Oop [88]=Oop [96]=Oop [112]=NarrowOop [120]=Oop [128]=Oop [136]=Oop [248]=Oop [256]=Oop [264]=Oop }
                      ;*new {reexecute=0 rethrow=0 return_oop=1}
                      ; - java.util.jar.JarVerifier::<init>@111 (line 112)
                      ; - java.util.jar.JarFile::getManifestFromReference@78 (line 422)
                      ; - java.util.jar.JarFile::getManifest@1 (line 406)
                      ; - java.util.jar.JarFile::maybeInstantiateVerifier@31 (line 725)
                      ; - java.util.jar.JarFile::ensureInitialization@1 (line 1031)
                      ; - java.util.jar.JavaUtilJarAccessImpl::ensureInitialization@1 (line 72)
                      ; - jdk.internal.loader.URLClassPath$JarLoader$2::getManifest@10 (line 885)
                      ; - java.net.URLClassLoader::defineClass@34 (line 491)
                      ; - java.net.URLClassLoader$1::run@43 (line 427)
                      ; - java.net.URLClassLoader$1::run@1 (line 421)
                      ; - java.security.AccessController::executePrivileged@29 (line 807)
                      ; - java.security.AccessController::doPrivileged@13 (line 712)
                      ; - java.net.URLClassLoader::findClass@13 (line 420)
  0x000001f12f6c138c: 706b 97ff | 4c8b d0c5 | f96e c5e9 | 57d4 ffff | c5f9 7ec5 

  0x000001f12f6c13a0: ;   {metadata('java/util/jar/Attributes')}
  0x000001f12f6c13a0: 48ba f84c | 1856 f101 | 0000 6690 

  0x000001f12f6c13ac: ;   {runtime_call _new_instance_Java}
  0x000001f12f6c13ac: c5f8 77e8 

  0x000001f12f6c13b0: ; ImmutableOopMap {[40]=Oop [48]=Oop [56]=NarrowOop [60]=NarrowOop [72]=Oop [80]=Oop [88]=Oop [96]=Oop [112]=NarrowOop [120]=Oop [128]=Oop [136]=Oop [144]=Oop [152]=Oop [248]=Oop [256]=Oop }
                      ;*new {reexecute=0 rethrow=0 return_oop=1}
                      ; - java.util.jar.Manifest::<init>@5 (line 54)
                      ; - java.util.jar.JarFile::getManifestFromReference@121 (line 430)
                      ; - java.util.jar.JarFile::getManifest@1 (line 406)
                      ; - java.util.jar.JarFile::maybeInstantiateVerifier@31 (line 725)
                      ; - java.util.jar.JarFile::ensureInitialization@1 (line 1031)
                      ; - java.util.jar.JavaUtilJarAccessImpl::ensureInitialization@1 (line 72)
                      ; - jdk.internal.loader.URLClassPath$JarLoader$2::getManifest@10 (line 885)
                      ; - java.net.URLClassLoader::defineClass@34 (line 491)
                      ; - java.net.URLClassLoader$1::run@43 (line 427)
                      ; - java.net.URLClassLoader$1::run@1 (line 421)
                      ; - java.security.AccessController::executePrivileged@29 (line 807)
                      ; - java.security.AccessController::doPrivileged@13 (line 712)
                      ; - java.net.URLClassLoader::findClass@13 (line 420)
  0x000001f12f6c13b0: 4c6b 97ff | c5f9 6ec5 | e991 d8ff | ffc5 fa11 

  0x000001f12f6c13c0: ;   {metadata('java/util/LinkedHashMap')}
  0x000001f12f6c13c0: 4424 4048 | ba20 3a0b | 56f1 0100 | 0066 6690 

  0x000001f12f6c13d0: ;   {runtime_call _new_instance_Java}
  0x000001f12f6c13d0: c5f8 77e8 

  0x000001f12f6c13d4: ; ImmutableOopMap {rbp=Oop [40]=Oop [48]=Oop [56]=NarrowOop [60]=NarrowOop [72]=Oop [80]=Oop [88]=Oop [96]=Oop [112]=NarrowOop [120]=Oop [128]=Oop [136]=Oop [144]=Oop [152]=Oop [248]=Oop [256]=Oop }
                      ;*new {reexecute=0 rethrow=0 return_oop=1}
                      ; - java.util.jar.Attributes::<init>@5 (line 82)
                      ; - java.util.jar.Attributes::<init>@3 (line 72)
                      ; - java.util.jar.Manifest::<init>@9 (line 54)
                      ; - java.util.jar.JarFile::getManifestFromReference@121 (line 430)
                      ; - java.util.jar.JarFile::getManifest@1 (line 406)
                      ; - java.util.jar.JarFile::maybeInstantiateVerifier@31 (line 725)
                      ; - java.util.jar.JarFile::ensureInitialization@1 (line 1031)
                      ; - java.util.jar.JavaUtilJarAccessImpl::ensureInitialization@1 (line 72)
                      ; - jdk.internal.loader.URLClassPath$JarLoader$2::getManifest@10 (line 885)
                      ; - java.net.URLClassLoader::defineClass@34 (line 491)
                      ; - java.net.URLClassLoader$1::run@43 (line 427)
                      ; - java.net.URLClassLoader$1::run@1 (line 421)
                      ; - java.security.AccessController::executePrivileged@29 (line 807)
                      ; - java.security.AccessController::doPrivileged@13 (line 712)
                      ; - java.net.URLClassLoader::findClass@13 (line 420)
  0x000001f12f6c13d4: 286b 97ff | e9cb d8ff | ffc5 f97e 

  0x000001f12f6c13e0: ;   {metadata('java/util/HashMap')}
  0x000001f12f6c13e0: c548 ba20 | 360b 56f1 | 0100 0090 

  0x000001f12f6c13ec: ;   {runtime_call _new_instance_Java}
  0x000001f12f6c13ec: c5f8 77e8 

  0x000001f12f6c13f0: ; ImmutableOopMap {[40]=Oop [48]=Oop [64]=NarrowOop [68]=NarrowOop [72]=Oop [80]=Oop [88]=Oop [96]=Oop [112]=NarrowOop [120]=Oop [128]=Oop [136]=Oop [248]=Oop [256]=Oop [264]=Oop }
                      ;*new {reexecute=0 rethrow=0 return_oop=1}
                      ; - java.util.jar.JarVerifier::<init>@144 (line 115)
                      ; - java.util.jar.JarFile::getManifestFromReference@78 (line 422)
                      ; - java.util.jar.JarFile::getManifest@1 (line 406)
                      ; - java.util.jar.JarFile::maybeInstantiateVerifier@31 (line 725)
                      ; - java.util.jar.JarFile::ensureInitialization@1 (line 1031)
                      ; - java.util.jar.JavaUtilJarAccessImpl::ensureInitialization@1 (line 72)
                      ; - jdk.internal.loader.URLClassPath$JarLoader$2::getManifest@10 (line 885)
                      ; - java.net.URLClassLoader::defineClass@34 (line 491)
                      ; - java.net.URLClassLoader$1::run@43 (line 427)
                      ; - java.net.URLClassLoader$1::run@1 (line 421)
                      ; - java.security.AccessController::executePrivileged@29 (line 807)
                      ; - java.security.AccessController::doPrivileged@13 (line 712)
                      ; - java.net.URLClassLoader::findClass@13 (line 420)
  0x000001f12f6c13f0: 0c6b 97ff | 4c8b d0c5 | f96e c50f | 1f44 0000 | e976 d6ff | ffc5 f97e 

  0x000001f12f6c1408: ;   {metadata('java/io/ByteArrayOutputStream')}
  0x000001f12f6c1408: c548 bae8 | 0119 56f1 | 0100 0090 

  0x000001f12f6c1414: ;   {runtime_call _new_instance_Java}
  0x000001f12f6c1414: c5f8 77e8 

  0x000001f12f6c1418: ; ImmutableOopMap {[40]=Oop [48]=Oop [64]=NarrowOop [68]=NarrowOop [72]=Oop [80]=Oop [88]=Oop [96]=Oop [112]=NarrowOop [120]=Oop [128]=Oop [136]=Oop [248]=Oop [256]=Oop [264]=Oop }
                      ;*new {reexecute=0 rethrow=0 return_oop=1}
                      ; - java.util.jar.JarVerifier::<init>@122 (line 113)
                      ; - java.util.jar.JarFile::getManifestFromReference@78 (line 422)
                      ; - java.util.jar.JarFile::getManifest@1 (line 406)
                      ; - java.util.jar.JarFile::maybeInstantiateVerifier@31 (line 725)
                      ; - java.util.jar.JarFile::ensureInitialization@1 (line 1031)
                      ; - java.util.jar.JavaUtilJarAccessImpl::ensureInitialization@1 (line 72)
                      ; - jdk.internal.loader.URLClassPath$JarLoader$2::getManifest@10 (line 885)
                      ; - java.net.URLClassLoader::defineClass@34 (line 491)
                      ; - java.net.URLClassLoader$1::run@43 (line 427)
                      ; - java.net.URLClassLoader$1::run@1 (line 421)
                      ; - java.security.AccessController::executePrivileged@29 (line 807)
                      ; - java.security.AccessController::doPrivileged@13 (line 712)
                      ; - java.net.URLClassLoader::findClass@13 (line 420)
  0x000001f12f6c1418: e46a 97ff | 4c8b d0c5 | f96e c5e9 | 6bd4 ffff | c5f9 7ec5 

  0x000001f12f6c142c: ;   {metadata('java/util/ArrayList')}
  0x000001f12f6c142c: 48ba 10df | 0056 f101 | 0000 6690 

  0x000001f12f6c1438: ;   {runtime_call _new_instance_Java}
  0x000001f12f6c1438: c5f8 77e8 

  0x000001f12f6c143c: ; ImmutableOopMap {[40]=Oop [48]=Oop [64]=NarrowOop [68]=NarrowOop [72]=Oop [80]=Oop [88]=Oop [96]=Oop [112]=NarrowOop [120]=Oop [128]=Oop [136]=Oop [248]=Oop [256]=Oop [264]=Oop }
                      ;*new {reexecute=0 rethrow=0 return_oop=1}
                      ; - java.util.jar.JarVerifier::<init>@133 (line 114)
                      ; - java.util.jar.JarFile::getManifestFromReference@78 (line 422)
                      ; - java.util.jar.JarFile::getManifest@1 (line 406)
                      ; - java.util.jar.JarFile::maybeInstantiateVerifier@31 (line 725)
                      ; - java.util.jar.JarFile::ensureInitialization@1 (line 1031)
                      ; - java.util.jar.JavaUtilJarAccessImpl::ensureInitialization@1 (line 72)
                      ; - jdk.internal.loader.URLClassPath$JarLoader$2::getManifest@10 (line 885)
                      ; - java.net.URLClassLoader::defineClass@34 (line 491)
                      ; - java.net.URLClassLoader$1::run@43 (line 427)
                      ; - java.net.URLClassLoader$1::run@1 (line 421)
                      ; - java.security.AccessController::executePrivileged@29 (line 807)
                      ; - java.security.AccessController::doPrivileged@13 (line 712)
                      ; - java.net.URLClassLoader::findClass@13 (line 420)
  0x000001f12f6c143c: c06a 97ff | 4c8b d0c5 | f96e c5e9 | 87d5 ffff | c5f9 7ec5 

  0x000001f12f6c1450: ;   {metadata('java/util/jar/Manifest')}
  0x000001f12f6c1450: 48ba 009c | 0656 f101 | 0000 6690 

  0x000001f12f6c145c: ;   {runtime_call _new_instance_Java}
  0x000001f12f6c145c: c5f8 77e8 

  0x000001f12f6c1460: ; ImmutableOopMap {[40]=Oop [48]=Oop [64]=NarrowOop [80]=Oop [88]=Oop [96]=Oop [112]=NarrowOop [120]=Oop [128]=Oop [136]=Oop [248]=Oop [256]=Oop [264]=Oop }
                      ;*new {reexecute=0 rethrow=0 return_oop=1}
                      ; - java.util.jar.JarFile::getManifestFromReference@101 (line 430)
                      ; - java.util.jar.JarFile::getManifest@1 (line 406)
                      ; - java.util.jar.JarFile::maybeInstantiateVerifier@31 (line 725)
                      ; - java.util.jar.JarFile::ensureInitialization@1 (line 1031)
                      ; - java.util.jar.JavaUtilJarAccessImpl::ensureInitialization@1 (line 72)
                      ; - jdk.internal.loader.URLClassPath$JarLoader$2::getManifest@10 (line 885)
                      ; - java.net.URLClassLoader::defineClass@34 (line 491)
                      ; - java.net.URLClassLoader$1::run@43 (line 427)
                      ; - java.net.URLClassLoader$1::run@1 (line 421)
                      ; - java.security.AccessController::executePrivileged@29 (line 807)
                      ; - java.security.AccessController::doPrivileged@13 (line 712)
                      ; - java.net.URLClassLoader::findClass@13 (line 420)
  0x000001f12f6c1460: 9c6a 97ff | c5f9 6ec5 | e9f2 d6ff | ffc5 fa11 

  0x000001f12f6c1470: ;   {metadata('java/util/Hashtable$Entry'[])}
  0x000001f12f6c1470: 4424 3848 | ba70 9e15 | 56f1 0100 | 0041 b80b | 0000 0090 

  0x000001f12f6c1484: ;   {runtime_call _new_array_Java}
  0x000001f12f6c1484: c5f8 77e8 

  0x000001f12f6c1488: ; ImmutableOopMap {rbp=Oop [40]=Oop [48]=Oop [64]=NarrowOop [68]=NarrowOop [72]=Oop [80]=Oop [88]=Oop [96]=Oop [112]=NarrowOop [120]=Oop [128]=Oop [136]=Oop [248]=Oop [256]=Oop [264]=Oop }
                      ;*anewarray {reexecute=0 rethrow=0 return_oop=1}
                      ; - java.util.Hashtable::<init>@93 (line 196)
                      ; - java.util.Hashtable::<init>@4 (line 209)
                      ; - java.util.jar.JarVerifier::<init>@104 (line 111)
                      ; - java.util.jar.JarFile::getManifestFromReference@78 (line 422)
                      ; - java.util.jar.JarFile::getManifest@1 (line 406)
                      ; - java.util.jar.JarFile::maybeInstantiateVerifier@31 (line 725)
                      ; - java.util.jar.JarFile::ensureInitialization@1 (line 1031)
                      ; - java.util.jar.JavaUtilJarAccessImpl::ensureInitialization@1 (line 72)
                      ; - jdk.internal.loader.URLClassPath$JarLoader$2::getManifest@10 (line 885)
                      ; - java.net.URLClassLoader::defineClass@34 (line 491)
                      ; - java.net.URLClassLoader$1::run@43 (line 427)
                      ; - java.net.URLClassLoader$1::run@1 (line 421)
                      ; - java.security.AccessController::executePrivileged@29 (line 807)
                      ; - java.security.AccessController::doPrivileged@13 (line 712)
                      ; - java.net.URLClassLoader::findClass@13 (line 420)
  0x000001f12f6c1488: 7467 97ff | c5fa 1044 | 2438 e98a | d2ff ffc5 

  0x000001f12f6c1498: ;   {metadata('java/io/ByteArrayInputStream')}
  0x000001f12f6c1498: f97e c548 | bac0 a201 | 56f1 0100 | 0066 6690 

  0x000001f12f6c14a8: ;   {runtime_call _new_instance_Java}
  0x000001f12f6c14a8: c5f8 77e8 

  0x000001f12f6c14ac: ; ImmutableOopMap {[40]=Oop [48]=Oop [56]=NarrowOop [64]=NarrowOop [72]=Oop [80]=Oop [88]=Oop [96]=Oop [112]=NarrowOop [120]=Oop [128]=Oop [136]=Oop [144]=Oop [248]=Oop [256]=Oop [264]=Oop }
                      ;*new {reexecute=0 rethrow=0 return_oop=1}
                      ; - java.util.jar.JarFile::getManifestFromReference@109 (line 430)
                      ; - java.util.jar.JarFile::getManifest@1 (line 406)
                      ; - java.util.jar.JarFile::maybeInstantiateVerifier@31 (line 725)
                      ; - java.util.jar.JarFile::ensureInitialization@1 (line 1031)
                      ; - java.util.jar.JavaUtilJarAccessImpl::ensureInitialization@1 (line 72)
                      ; - jdk.internal.loader.URLClassPath$JarLoader$2::getManifest@10 (line 885)
                      ; - java.net.URLClassLoader::defineClass@34 (line 491)
                      ; - java.net.URLClassLoader$1::run@43 (line 427)
                      ; - java.net.URLClassLoader$1::run@1 (line 421)
                      ; - java.security.AccessController::executePrivileged@29 (line 807)
                      ; - java.security.AccessController::doPrivileged@13 (line 712)
                      ; - java.net.URLClassLoader::findClass@13 (line 420)
  0x000001f12f6c14ac: 506a 97ff | c5f9 6ec5 | e91d d7ff 

  0x000001f12f6c14b8: ;   {metadata('java/lang/Object')}
  0x000001f12f6c14b8: ff48 ba58 | 0d00 56f1 | 0100 0090 

  0x000001f12f6c14c4: ;   {runtime_call _new_instance_Java}
  0x000001f12f6c14c4: c5f8 77e8 

  0x000001f12f6c14c8: ; ImmutableOopMap {rbp=Oop [40]=Oop [48]=Oop [56]=NarrowOop [72]=Oop [80]=Oop [88]=Oop [96]=Oop [112]=NarrowOop [120]=Oop [128]=Oop [136]=Oop [248]=Oop [256]=Oop [264]=Oop }
                      ;*new {reexecute=0 rethrow=0 return_oop=1}
                      ; - java.util.jar.JarVerifier::<init>@25 (line 97)
                      ; - java.util.jar.JarFile::getManifestFromReference@78 (line 422)
                      ; - java.util.jar.JarFile::getManifest@1 (line 406)
                      ; - java.util.jar.JarFile::maybeInstantiateVerifier@31 (line 725)
                      ; - java.util.jar.JarFile::ensureInitialization@1 (line 1031)
                      ; - java.util.jar.JavaUtilJarAccessImpl::ensureInitialization@1 (line 72)
                      ; - jdk.internal.loader.URLClassPath$JarLoader$2::getManifest@10 (line 885)
                      ; - java.net.URLClassLoader::defineClass@34 (line 491)
                      ; - java.net.URLClassLoader$1::run@43 (line 427)
                      ; - java.net.URLClassLoader$1::run@1 (line 421)
                      ; - java.security.AccessController::executePrivileged@29 (line 807)
                      ; - java.security.AccessController::doPrivileged@13 (line 712)
                      ; - java.net.URLClassLoader::findClass@13 (line 420)
  0x000001f12f6c14c8: 346a 97ff | e9bd cbff | ffc5 f97e 

  0x000001f12f6c14d4: ;   {metadata('java/util/Hashtable')}
  0x000001f12f6c14d4: c548 ba80 | 6f01 56f1 | 0100 0090 

  0x000001f12f6c14e0: ;   {runtime_call _new_instance_Java}
  0x000001f12f6c14e0: c5f8 77e8 

  0x000001f12f6c14e4: ; ImmutableOopMap {[40]=Oop [48]=Oop [64]=NarrowOop [68]=NarrowOop [72]=Oop [80]=Oop [88]=Oop [96]=Oop [112]=NarrowOop [120]=Oop [128]=Oop [136]=Oop [248]=Oop [256]=Oop [264]=Oop }
                      ;*new {reexecute=0 rethrow=0 return_oop=1}
                      ; - java.util.jar.JarVerifier::<init>@76 (line 109)
                      ; - java.util.jar.JarFile::getManifestFromReference@78 (line 422)
                      ; - java.util.jar.JarFile::getManifest@1 (line 406)
                      ; - java.util.jar.JarFile::maybeInstantiateVerifier@31 (line 725)
                      ; - java.util.jar.JarFile::ensureInitialization@1 (line 1031)
                      ; - java.util.jar.JavaUtilJarAccessImpl::ensureInitialization@1 (line 72)
                      ; - jdk.internal.loader.URLClassPath$JarLoader$2::getManifest@10 (line 885)
                      ; - java.net.URLClassLoader::defineClass@34 (line 491)
                      ; - java.net.URLClassLoader$1::run@43 (line 427)
                      ; - java.net.URLClassLoader$1::run@1 (line 421)
                      ; - java.security.AccessController::executePrivileged@29 (line 807)
                      ; - java.security.AccessController::doPrivileged@13 (line 712)
                      ; - java.net.URLClassLoader::findClass@13 (line 420)
  0x000001f12f6c14e4: 186a 97ff | 4c8b d0c5 | f96e c5e9 | eace ffff | 448b 5424 | 4444 8954 | 2474 c5fa | 1144 2444 
  0x000001f12f6c1504: ;   {metadata('java/util/HashMap')}
  0x000001f12f6c1504: 48ba 2036 | 0b56 f101 | 0000 6690 

  0x000001f12f6c1510: ;   {runtime_call _new_instance_Java}
  0x000001f12f6c1510: c5f8 77e8 

  0x000001f12f6c1514: ; ImmutableOopMap {rbp=Oop [40]=Oop [48]=Oop [56]=NarrowOop [64]=NarrowOop [72]=Oop [80]=Oop [88]=Oop [96]=Oop [112]=NarrowOop [116]=NarrowOop [120]=Oop [128]=Oop [136]=Oop [248]=Oop [256]=Oop [264]=Oop }
                      ;*new {reexecute=0 rethrow=0 return_oop=1}
                      ; - java.util.jar.JarVerifier::<init>@36 (line 520)
                      ; - java.util.jar.JarFile::getManifestFromReference@78 (line 422)
                      ; - java.util.jar.JarFile::getManifest@1 (line 406)
                      ; - java.util.jar.JarFile::maybeInstantiateVerifier@31 (line 725)
                      ; - java.util.jar.JarFile::ensureInitialization@1 (line 1031)
                      ; - java.util.jar.JavaUtilJarAccessImpl::ensureInitialization@1 (line 72)
                      ; - jdk.internal.loader.URLClassPath$JarLoader$2::getManifest@10 (line 885)
                      ; - java.net.URLClassLoader::defineClass@34 (line 491)
                      ; - java.net.URLClassLoader$1::run@43 (line 427)
                      ; - java.net.URLClassLoader$1::run@1 (line 421)
                      ; - java.security.AccessController::executePrivileged@29 (line 807)
                      ; - java.security.AccessController::doPrivileged@13 (line 712)
                      ; - java.net.URLClassLoader::findClass@13 (line 420)
  0x000001f12f6c1514: e869 97ff | 4c8b d0c5 | fa10 4424 | 4444 8b44 | 2474 4489 | 4424 44e9 | 2bcc ffff | c5fa 1144 
  0x000001f12f6c1534: ;   {metadata('java/util/Hashtable$Entry'[])}
  0x000001f12f6c1534: 2438 48ba | 709e 1556 | f101 0000 | 41b8 0b00 | 0000 6690 

  0x000001f12f6c1548: ;   {runtime_call _new_array_Java}
  0x000001f12f6c1548: c5f8 77e8 

  0x000001f12f6c154c: ; ImmutableOopMap {rbp=Oop [40]=Oop [48]=Oop [64]=NarrowOop [68]=NarrowOop [72]=Oop [80]=Oop [88]=Oop [96]=Oop [112]=NarrowOop [120]=Oop [128]=Oop [136]=Oop [248]=Oop [256]=Oop [264]=Oop }
                      ;*anewarray {reexecute=0 rethrow=0 return_oop=1}
                      ; - java.util.Hashtable::<init>@93 (line 196)
                      ; - java.util.Hashtable::<init>@5 (line 217)
                      ; - java.util.jar.JarVerifier::<init>@91 (line 110)
                      ; - java.util.jar.JarFile::getManifestFromReference@78 (line 422)
                      ; - java.util.jar.JarFile::getManifest@1 (line 406)
                      ; - java.util.jar.JarFile::maybeInstantiateVerifier@31 (line 725)
                      ; - java.util.jar.JarFile::ensureInitialization@1 (line 1031)
                      ; - java.util.jar.JavaUtilJarAccessImpl::ensureInitialization@1 (line 72)
                      ; - jdk.internal.loader.URLClassPath$JarLoader$2::getManifest@10 (line 885)
                      ; - java.net.URLClassLoader::defineClass@34 (line 491)
                      ; - java.net.URLClassLoader$1::run@43 (line 427)
                      ; - java.net.URLClassLoader$1::run@1 (line 421)
                      ; - java.security.AccessController::executePrivileged@29 (line 807)
                      ; - java.security.AccessController::doPrivileged@13 (line 712)
                      ; - java.net.URLClassLoader::findClass@13 (line 420)
  0x000001f12f6c154c: b066 97ff | c5fa 1044 | 2438 e966 | d0ff ffc5 | fa11 4424 

  0x000001f12f6c1560: ;   {metadata('java/util/Hashtable$Entry'[])}
  0x000001f12f6c1560: 3848 ba70 | 9e15 56f1 | 0100 0041 | b80b 0000 | 0066 6690 

  0x000001f12f6c1574: ;   {runtime_call _new_array_Java}
  0x000001f12f6c1574: c5f8 77e8 

  0x000001f12f6c1578: ; ImmutableOopMap {rbp=Oop [40]=Oop [48]=Oop [64]=NarrowOop [68]=NarrowOop [72]=Oop [80]=Oop [88]=Oop [96]=Oop [112]=NarrowOop [120]=Oop [128]=Oop [136]=Oop [248]=Oop [256]=Oop [264]=Oop }
                      ;*anewarray {reexecute=0 rethrow=0 return_oop=1}
                      ; - java.util.Hashtable::<init>@93 (line 196)
                      ; - java.util.Hashtable::<init>@5 (line 217)
                      ; - java.util.jar.JarVerifier::<init>@80 (line 109)
                      ; - java.util.jar.JarFile::getManifestFromReference@78 (line 422)
                      ; - java.util.jar.JarFile::getManifest@1 (line 406)
                      ; - java.util.jar.JarFile::maybeInstantiateVerifier@31 (line 725)
                      ; - java.util.jar.JarFile::ensureInitialization@1 (line 1031)
                      ; - java.util.jar.JavaUtilJarAccessImpl::ensureInitialization@1 (line 72)
                      ; - jdk.internal.loader.URLClassPath$JarLoader$2::getManifest@10 (line 885)
                      ; - java.net.URLClassLoader::defineClass@34 (line 491)
                      ; - java.net.URLClassLoader$1::run@43 (line 427)
                      ; - java.net.URLClassLoader$1::run@1 (line 421)
                      ; - java.security.AccessController::executePrivileged@29 (line 807)
                      ; - java.security.AccessController::doPrivileged@13 (line 712)
                      ; - java.net.URLClassLoader::findClass@13 (line 420)
  0x000001f12f6c1578: 8466 97ff | c5fa 1044 | 2438 e9da | ceff ff44 | 8b54 2444 | 4489 5424 | 74c5 fa11 

  0x000001f12f6c1594: ;   {metadata('java/util/HashMap')}
  0x000001f12f6c1594: 4424 4448 | ba20 360b | 56f1 0100 | 0066 6690 

  0x000001f12f6c15a4: ;   {runtime_call _new_instance_Java}
  0x000001f12f6c15a4: c5f8 77e8 

  0x000001f12f6c15a8: ; ImmutableOopMap {rbp=Oop [40]=Oop [48]=Oop [56]=NarrowOop [64]=NarrowOop [72]=Oop [80]=Oop [88]=Oop [96]=Oop [112]=NarrowOop [116]=NarrowOop [120]=Oop [128]=Oop [136]=Oop [248]=Oop [256]=Oop [264]=Oop }
                      ;*new {reexecute=0 rethrow=0 return_oop=1}
                      ; - java.util.jar.JarVerifier::<init>@47 (line 521)
                      ; - java.util.jar.JarFile::getManifestFromReference@78 (line 422)
                      ; - java.util.jar.JarFile::getManifest@1 (line 406)
                      ; - java.util.jar.JarFile::maybeInstantiateVerifier@31 (line 725)
                      ; - java.util.jar.JarFile::ensureInitialization@1 (line 1031)
                      ; - java.util.jar.JavaUtilJarAccessImpl::ensureInitialization@1 (line 72)
                      ; - jdk.internal.loader.URLClassPath$JarLoader$2::getManifest@10 (line 885)
                      ; - java.net.URLClassLoader::defineClass@34 (line 491)
                      ; - java.net.URLClassLoader$1::run@43 (line 427)
                      ; - java.net.URLClassLoader$1::run@1 (line 421)
                      ; - java.security.AccessController::executePrivileged@29 (line 807)
                      ; - java.security.AccessController::doPrivileged@13 (line 712)
                      ; - java.net.URLClassLoader::findClass@13 (line 420)
  0x000001f12f6c15a8: 5469 97ff | 4c8b d0c5 | fa10 4424 | 4444 8b44 | 2474 4489 | 4424 4490 | e936 ccff | ffc5 f97e 
  0x000001f12f6c15c8: ;   {metadata('java/util/Hashtable')}
  0x000001f12f6c15c8: c548 ba80 | 6f01 56f1 | 0100 0090 

  0x000001f12f6c15d4: ;   {runtime_call _new_instance_Java}
  0x000001f12f6c15d4: c5f8 77e8 

  0x000001f12f6c15d8: ; ImmutableOopMap {[40]=Oop [48]=Oop [64]=NarrowOop [68]=NarrowOop [72]=Oop [80]=Oop [88]=Oop [96]=Oop [112]=NarrowOop [120]=Oop [128]=Oop [136]=Oop [248]=Oop [256]=Oop [264]=Oop }
                      ;*new {reexecute=0 rethrow=0 return_oop=1}
                      ; - java.util.jar.JarVerifier::<init>@87 (line 110)
                      ; - java.util.jar.JarFile::getManifestFromReference@78 (line 422)
                      ; - java.util.jar.JarFile::getManifest@1 (line 406)
                      ; - java.util.jar.JarFile::maybeInstantiateVerifier@31 (line 725)
                      ; - java.util.jar.JarFile::ensureInitialization@1 (line 1031)
                      ; - java.util.jar.JavaUtilJarAccessImpl::ensureInitialization@1 (line 72)
                      ; - jdk.internal.loader.URLClassPath$JarLoader$2::getManifest@10 (line 885)
                      ; - java.net.URLClassLoader::defineClass@34 (line 491)
                      ; - java.net.URLClassLoader$1::run@43 (line 427)
                      ; - java.net.URLClassLoader$1::run@1 (line 421)
                      ; - java.security.AccessController::executePrivileged@29 (line 807)
                      ; - java.security.AccessController::doPrivileged@13 (line 712)
                      ; - java.net.URLClassLoader::findClass@13 (line 420)
  0x000001f12f6c15d8: 2469 97ff | 4c8b d0c5 | f96e c5e9 | 53cf ffff | 448b 5424 | 4444 8954 | 2474 c5fa | 1144 2444 
  0x000001f12f6c15f8: ;   {metadata('java/security/CodeSigner'[])}
  0x000001f12f6c15f8: 48ba 783c | 0457 f101 | 0000 4533 | c066 6690 

  0x000001f12f6c1608: ;   {runtime_call _new_array_Java}
  0x000001f12f6c1608: c5f8 77e8 

  0x000001f12f6c160c: ; ImmutableOopMap {rbp=Oop [40]=Oop [48]=Oop [56]=NarrowOop [64]=NarrowOop [72]=Oop [80]=Oop [88]=Oop [96]=Oop [112]=NarrowOop [116]=NarrowOop [120]=Oop [128]=Oop [136]=Oop [248]=Oop [256]=Oop [264]=Oop }
                      ;*anewarray {reexecute=0 rethrow=0 return_oop=1}
                      ; - java.util.jar.JarVerifier::<init>@59 (line 562)
                      ; - java.util.jar.JarFile::getManifestFromReference@78 (line 422)
                      ; - java.util.jar.JarFile::getManifest@1 (line 406)
                      ; - java.util.jar.JarFile::maybeInstantiateVerifier@31 (line 725)
                      ; - java.util.jar.JarFile::ensureInitialization@1 (line 1031)
                      ; - java.util.jar.JavaUtilJarAccessImpl::ensureInitialization@1 (line 72)
                      ; - jdk.internal.loader.URLClassPath$JarLoader$2::getManifest@10 (line 885)
                      ; - java.net.URLClassLoader::defineClass@34 (line 491)
                      ; - java.net.URLClassLoader$1::run@43 (line 427)
                      ; - java.net.URLClassLoader$1::run@1 (line 421)
                      ; - java.security.AccessController::executePrivileged@29 (line 807)
                      ; - java.security.AccessController::doPrivileged@13 (line 712)
                      ; - java.net.URLClassLoader::findClass@13 (line 420)
  0x000001f12f6c160c: f065 97ff | 4c8b d0c5 | fa10 4424 | 4444 8b44 | 2474 4489 | 4424 44e9 | 7fcc ffff 

  0x000001f12f6c1628: ;   {metadata('java/util/HashMap')}
  0x000001f12f6c1628: 48ba 2036 | 0b56 f101 | 0000 6690 

  0x000001f12f6c1634: ;   {runtime_call _new_instance_Java}
  0x000001f12f6c1634: c5f8 77e8 

  0x000001f12f6c1638: ; ImmutableOopMap {[40]=Oop [48]=Oop [56]=NarrowOop [60]=NarrowOop [64]=Oop [72]=Oop [80]=Oop [88]=Oop [96]=Oop [112]=NarrowOop [120]=Oop [128]=Oop [136]=Oop [144]=Oop [152]=Oop [248]=Oop [256]=Oop }
                      ;*new {reexecute=0 rethrow=0 return_oop=1}
                      ; - java.util.jar.Manifest::<init>@16 (line 57)
                      ; - java.util.jar.JarFile::getManifestFromReference@121 (line 430)
                      ; - java.util.jar.JarFile::getManifest@1 (line 406)
                      ; - java.util.jar.JarFile::maybeInstantiateVerifier@31 (line 725)
                      ; - java.util.jar.JarFile::ensureInitialization@1 (line 1031)
                      ; - java.util.jar.JavaUtilJarAccessImpl::ensureInitialization@1 (line 72)
                      ; - jdk.internal.loader.URLClassPath$JarLoader$2::getManifest@10 (line 885)
                      ; - java.net.URLClassLoader::defineClass@34 (line 491)
                      ; - java.net.URLClassLoader$1::run@43 (line 427)
                      ; - java.net.URLClassLoader$1::run@1 (line 421)
                      ; - java.security.AccessController::executePrivileged@29 (line 807)
                      ; - java.security.AccessController::doPrivileged@13 (line 712)
                      ; - java.net.URLClassLoader::findClass@13 (line 420)
  0x000001f12f6c1638: c468 97ff | 4c8b d090 | e996 d7ff 

  0x000001f12f6c1644: ;   {metadata('java/util/jar/Manifest')}
  0x000001f12f6c1644: ff48 ba00 | 9c06 56f1 | 0100 0090 

  0x000001f12f6c1650: ;   {runtime_call _new_instance_Java}
  0x000001f12f6c1650: c5f8 77e8 

  0x000001f12f6c1654: ; ImmutableOopMap {[40]=Oop [48]=Oop [56]=Oop [80]=Oop [88]=Oop [96]=Oop [112]=NarrowOop [120]=Oop [128]=Oop [136]=Oop [248]=Oop [256]=Oop }
                      ;*new {reexecute=0 rethrow=0 return_oop=1}
                      ; - java.util.jar.JarFile::getManifestFromReference@134 (line 433)
                      ; - java.util.jar.JarFile::getManifest@1 (line 406)
                      ; - java.util.jar.JarFile::maybeInstantiateVerifier@31 (line 725)
                      ; - java.util.jar.JarFile::ensureInitialization@1 (line 1031)
                      ; - java.util.jar.JavaUtilJarAccessImpl::ensureInitialization@1 (line 72)
                      ; - jdk.internal.loader.URLClassPath$JarLoader$2::getManifest@10 (line 885)
                      ; - java.net.URLClassLoader::defineClass@34 (line 491)
                      ; - java.net.URLClassLoader$1::run@43 (line 427)
                      ; - java.net.URLClassLoader$1::run@1 (line 421)
                      ; - java.security.AccessController::executePrivileged@29 (line 807)
                      ; - java.security.AccessController::doPrivileged@13 (line 712)
                      ; - java.net.URLClassLoader::findClass@13 (line 420)
  0x000001f12f6c1654: a868 97ff | e975 c4ff 

  0x000001f12f6c165c: ;   {metadata('java/util/LinkedHashMap')}
  0x000001f12f6c165c: ff48 ba20 | 3a0b 56f1 | 0100 0090 

  0x000001f12f6c1668: ;   {runtime_call _new_instance_Java}
  0x000001f12f6c1668: c5f8 77e8 

  0x000001f12f6c166c: ; ImmutableOopMap {rbp=Oop [40]=Oop [48]=Oop [56]=Oop [64]=Oop [72]=NarrowOop [80]=Oop [88]=Oop [96]=Oop [112]=NarrowOop [120]=Oop [128]=Oop [136]=Oop [248]=Oop [256]=Oop }
                      ;*new {reexecute=0 rethrow=0 return_oop=1}
                      ; - java.util.jar.Attributes::<init>@5 (line 82)
                      ; - java.util.jar.Attributes::<init>@3 (line 72)
                      ; - java.util.jar.Manifest::<init>@9 (line 54)
                      ; - java.util.jar.Manifest::<init>@4 (line 87)
                      ; - java.util.jar.JarFile::getManifestFromReference@143 (line 433)
                      ; - java.util.jar.JarFile::getManifest@1 (line 406)
                      ; - java.util.jar.JarFile::maybeInstantiateVerifier@31 (line 725)
                      ; - java.util.jar.JarFile::ensureInitialization@1 (line 1031)
                      ; - java.util.jar.JavaUtilJarAccessImpl::ensureInitialization@1 (line 72)
                      ; - jdk.internal.loader.URLClassPath$JarLoader$2::getManifest@10 (line 885)
                      ; - java.net.URLClassLoader::defineClass@34 (line 491)
                      ; - java.net.URLClassLoader$1::run@43 (line 427)
                      ; - java.net.URLClassLoader$1::run@1 (line 421)
                      ; - java.security.AccessController::executePrivileged@29 (line 807)
                      ; - java.security.AccessController::doPrivileged@13 (line 712)
                      ; - java.net.URLClassLoader::findClass@13 (line 420)
  0x000001f12f6c166c: 9068 97ff | e90d c5ff 

  0x000001f12f6c1674: ;   {metadata('java/util/jar/Attributes')}
  0x000001f12f6c1674: ff48 baf8 | 4c18 56f1 | 0100 0090 

  0x000001f12f6c1680: ;   {runtime_call _new_instance_Java}
  0x000001f12f6c1680: c5f8 77e8 

  0x000001f12f6c1684: ; ImmutableOopMap {[40]=Oop [48]=Oop [56]=Oop [64]=Oop [72]=NarrowOop [80]=Oop [88]=Oop [96]=Oop [112]=NarrowOop [120]=Oop [128]=Oop [136]=Oop [248]=Oop [256]=Oop }
                      ;*new {reexecute=0 rethrow=0 return_oop=1}
                      ; - java.util.jar.Manifest::<init>@5 (line 54)
                      ; - java.util.jar.Manifest::<init>@4 (line 87)
                      ; - java.util.jar.JarFile::getManifestFromReference@143 (line 433)
                      ; - java.util.jar.JarFile::getManifest@1 (line 406)
                      ; - java.util.jar.JarFile::maybeInstantiateVerifier@31 (line 725)
                      ; - java.util.jar.JarFile::ensureInitialization@1 (line 1031)
                      ; - java.util.jar.JavaUtilJarAccessImpl::ensureInitialization@1 (line 72)
                      ; - jdk.internal.loader.URLClassPath$JarLoader$2::getManifest@10 (line 885)
                      ; - java.net.URLClassLoader::defineClass@34 (line 491)
                      ; - java.net.URLClassLoader$1::run@43 (line 427)
                      ; - java.net.URLClassLoader$1::run@1 (line 421)
                      ; - java.security.AccessController::executePrivileged@29 (line 807)
                      ; - java.security.AccessController::doPrivileged@13 (line 712)
                      ; - java.net.URLClassLoader::findClass@13 (line 420)
  0x000001f12f6c1684: 7868 97ff | e9a1 c4ff 

  0x000001f12f6c168c: ;   {metadata('java/util/HashMap')}
  0x000001f12f6c168c: ff48 ba20 | 360b 56f1 | 0100 0090 

  0x000001f12f6c1698: ;   {runtime_call _new_instance_Java}
  0x000001f12f6c1698: c5f8 77e8 

  0x000001f12f6c169c: ; ImmutableOopMap {[40]=Oop [48]=Oop [56]=Oop [64]=Oop [72]=NarrowOop [80]=Oop [88]=Oop [96]=Oop [112]=NarrowOop [120]=Oop [128]=Oop [136]=Oop [144]=Oop [248]=Oop [256]=Oop }
                      ;*new {reexecute=0 rethrow=0 return_oop=1}
                      ; - java.util.jar.Manifest::<init>@16 (line 57)
                      ; - java.util.jar.Manifest::<init>@4 (line 87)
                      ; - java.util.jar.JarFile::getManifestFromReference@143 (line 433)
                      ; - java.util.jar.JarFile::getManifest@1 (line 406)
                      ; - java.util.jar.JarFile::maybeInstantiateVerifier@31 (line 725)
                      ; - java.util.jar.JarFile::ensureInitialization@1 (line 1031)
                      ; - java.util.jar.JavaUtilJarAccessImpl::ensureInitialization@1 (line 72)
                      ; - jdk.internal.loader.URLClassPath$JarLoader$2::getManifest@10 (line 885)
                      ; - java.net.URLClassLoader::defineClass@34 (line 491)
                      ; - java.net.URLClassLoader$1::run@43 (line 427)
                      ; - java.net.URLClassLoader$1::run@1 (line 421)
                      ; - java.security.AccessController::executePrivileged@29 (line 807)
                      ; - java.security.AccessController::doPrivileged@13 (line 712)
                      ; - java.net.URLClassLoader::findClass@13 (line 420)
  0x000001f12f6c169c: 6068 97ff | 4c8b d0e9 | f3c5 ffff | 4489 5424 | 7441 8be8 

  0x000001f12f6c16b0: ;   {metadata({type array byte})}
  0x000001f12f6c16b0: 48ba 2867 | 0056 f101 | 0000 448b | c566 6690 

  0x000001f12f6c16c0: ;   {runtime_call _new_array_Java}
  0x000001f12f6c16c0: c5f8 77e8 

  0x000001f12f6c16c4: ; ImmutableOopMap {[40]=Oop [48]=Oop [56]=Oop [80]=Oop [88]=Oop [96]=Oop [112]=NarrowOop [116]=NarrowOop [120]=Oop [128]=Oop [136]=Oop [144]=Oop [248]=Oop [256]=Oop }
                      ;*newarray {reexecute=0 rethrow=0 return_oop=1}
                      ; - java.util.jar.JarFile::getBytes@99 (line 816)
                      ; - java.util.jar.JarFile::getManifestFromReference@44 (line 419)
                      ; - java.util.jar.JarFile::getManifest@1 (line 406)
                      ; - java.util.jar.JarFile::maybeInstantiateVerifier@31 (line 725)
                      ; - java.util.jar.JarFile::ensureInitialization@1 (line 1031)
                      ; - java.util.jar.JavaUtilJarAccessImpl::ensureInitialization@1 (line 72)
                      ; - jdk.internal.loader.URLClassPath$JarLoader$2::getManifest@10 (line 885)
                      ; - java.net.URLClassLoader::defineClass@34 (line 491)
                      ; - java.net.URLClassLoader$1::run@43 (line 427)
                      ; - java.net.URLClassLoader$1::run@1 (line 421)
                      ; - java.security.AccessController::executePrivileged@29 (line 807)
                      ; - java.security.AccessController::doPrivileged@13 (line 712)
                      ; - java.net.URLClassLoader::findClass@13 (line 420)
  0x000001f12f6c16c4: 3865 97ff | 4c8b d0e9 | d0c7 ffff | ba66 ffff | ff48 8b6c | 2458 4c8b | 5424 284c | 8954 2420 
  0x000001f12f6c16e4: 4c8b 5424 | 604c 8954 | 2440 4c8b | 5424 684c | 8954 2460 

  0x000001f12f6c16f8: ;   {runtime_call UncommonTrapBlob}
  0x000001f12f6c16f8: c5f8 77e8 

  0x000001f12f6c16fc: ; ImmutableOopMap {rbp=Oop [32]=Oop [64]=Oop [80]=Oop [112]=NarrowOop [136]=Oop [248]=Oop [256]=Oop }
                      ;*invokevirtual getManifest {reexecute=0 rethrow=0 return_oop=0}
                      ; - java.util.jar.JarFile::maybeInstantiateVerifier@31 (line 725)
                      ; - java.util.jar.JarFile::ensureInitialization@1 (line 1031)
                      ; - java.util.jar.JavaUtilJarAccessImpl::ensureInitialization@1 (line 72)
                      ; - jdk.internal.loader.URLClassPath$JarLoader$2::getManifest@10 (line 885)
                      ; - java.net.URLClassLoader::defineClass@34 (line 491)
                      ; - java.net.URLClassLoader$1::run@43 (line 427)
                      ; - java.net.URLClassLoader$1::run@1 (line 421)
                      ; - java.security.AccessController::executePrivileged@29 (line 807)
                      ; - java.security.AccessController::doPrivileged@13 (line 712)
                      ; - java.net.URLClassLoader::findClass@13 (line 420)
  0x000001f12f6c16fc: 0052 96ff | bae4 ffff | ff48 8b6c | 2458 4c8b | 5424 284c | 8954 2420 | 4c8b 5424 | 604c 8954 
  0x000001f12f6c171c: 2440 4c8b | 9424 8800 | 0000 4c89 | 5424 484c | 8b54 2468 | 4c89 5424 | 6044 899c | 2494 0000 
  0x000001f12f6c173c: 0066 6690 

  0x000001f12f6c1740: ;   {runtime_call UncommonTrapBlob}
  0x000001f12f6c1740: c5f8 77e8 

  0x000001f12f6c1744: ; ImmutableOopMap {rbp=Oop [32]=Oop [64]=Oop [72]=Oop [80]=Oop [112]=NarrowOop [116]=NarrowOop [128]=NarrowOop [248]=Oop [256]=Oop }
                      ;*aaload {reexecute=0 rethrow=0 return_oop=0}
                      ; - java.lang.ThreadLocal$ThreadLocalMap::set@76 (line 486)
                      ; - java.lang.ThreadLocal::set@17 (line 222)
                      ; - java.util.jar.JarFile::ensureInitialization@37 (line 1036)
                      ; - java.util.jar.JavaUtilJarAccessImpl::ensureInitialization@1 (line 72)
                      ; - jdk.internal.loader.URLClassPath$JarLoader$2::getManifest@10 (line 885)
                      ; - java.net.URLClassLoader::defineClass@34 (line 491)
                      ; - java.net.URLClassLoader$1::run@43 (line 427)
                      ; - java.net.URLClassLoader$1::run@1 (line 421)
                      ; - java.security.AccessController::executePrivileged@29 (line 807)
                      ; - java.security.AccessController::doPrivileged@13 (line 712)
                      ; - java.net.URLClassLoader::findClass@13 (line 420)
  0x000001f12f6c1744: b851 96ff | bae4 ffff | ff48 8b6c | 2458 4c8b | 5424 284c | 8954 2420 | 4c8b 5424 | 604c 8954 
  0x000001f12f6c1764: 2440 4c8b | 9424 8800 | 0000 4c89 | 5424 484c | 8b54 2468 | 4c89 5424 | 6044 899c | 2490 0000 
  0x000001f12f6c1784: 0066 6690 

  0x000001f12f6c1788: ;   {runtime_call UncommonTrapBlob}
  0x000001f12f6c1788: c5f8 77e8 

  0x000001f12f6c178c: ; ImmutableOopMap {rbp=Oop [32]=Oop [64]=Oop [72]=Oop [80]=Oop [112]=NarrowOop [116]=NarrowOop [120]=NarrowOop [248]=Oop [256]=Oop }
                      ;*aaload {reexecute=0 rethrow=0 return_oop=0}
                      ; - java.lang.ThreadLocal$ThreadLocalMap::set@76 (line 486)
                      ; - java.lang.ThreadLocal::set@17 (line 222)
                      ; - java.util.jar.JarFile::ensureInitialization@55 (line 1041)
                      ; - java.util.jar.JavaUtilJarAccessImpl::ensureInitialization@1 (line 72)
                      ; - jdk.internal.loader.URLClassPath$JarLoader$2::getManifest@10 (line 885)
                      ; - java.net.URLClassLoader::defineClass@34 (line 491)
                      ; - java.net.URLClassLoader$1::run@43 (line 427)
                      ; - java.net.URLClassLoader$1::run@1 (line 421)
                      ; - java.security.AccessController::executePrivileged@29 (line 807)
                      ; - java.security.AccessController::doPrivileged@13 (line 712)
                      ; - java.net.URLClassLoader::findClass@13 (line 420)
  0x000001f12f6c178c: 7051 96ff | bae4 ffff | ff48 8b6c | 2458 4c8b | 5c24 284c | 895c 2420 | 4c8b 5c24 | 604c 895c 
  0x000001f12f6c17ac: 2440 4c8b | 9c24 8800 | 0000 4c89 | 5c24 5889 | 8c24 9800 | 0000 899c | 249c 0000 | 0044 8994 
  0x000001f12f6c17cc: 24a4 0000 | 0066 6690 

  0x000001f12f6c17d4: ;   {runtime_call UncommonTrapBlob}
  0x000001f12f6c17d4: c5f8 77e8 

  0x000001f12f6c17d8: ; ImmutableOopMap {rbp=Oop [32]=Oop [64]=Oop [72]=NarrowOop [80]=Oop [88]=Oop [112]=NarrowOop [116]=NarrowOop [248]=Oop [256]=Oop }
                      ;*aaload {reexecute=0 rethrow=0 return_oop=0}
                      ; - java.lang.ThreadLocal$ThreadLocalMap::cleanSomeSlots@23 (line 670)
                      ; - java.lang.ThreadLocal$ThreadLocalMap::set@113 (line 500)
                      ; - java.lang.ThreadLocal::set@17 (line 222)
                      ; - java.util.jar.JarFile::ensureInitialization@37 (line 1036)
                      ; - java.util.jar.JavaUtilJarAccessImpl::ensureInitialization@1 (line 72)
                      ; - jdk.internal.loader.URLClassPath$JarLoader$2::getManifest@10 (line 885)
                      ; - java.net.URLClassLoader::defineClass@34 (line 491)
                      ; - java.net.URLClassLoader$1::run@43 (line 427)
                      ; - java.net.URLClassLoader$1::run@1 (line 421)
                      ; - java.security.AccessController::executePrivileged@29 (line 807)
                      ; - java.security.AccessController::doPrivileged@13 (line 712)
                      ; - java.net.URLClassLoader::findClass@13 (line 420)
  0x000001f12f6c17d8: 2451 96ff | bae4 ffff | ff48 8b6c | 2458 4c8b | 5424 284c | 8954 2420 | 4c8b 5424 | 604c 8954 
  0x000001f12f6c17f8: 2440 4c8b | 9424 8800 | 0000 4c89 | 5424 584c | 8b54 2468 | 4c89 5424 | 6089 8c24 | 9400 0000 
  0x000001f12f6c1818: 4489 8c24 | 9800 0000 | 4489 8424 | a000 0000 

  0x000001f12f6c1828: ;   {runtime_call UncommonTrapBlob}
  0x000001f12f6c1828: c5f8 77e8 

  0x000001f12f6c182c: ; ImmutableOopMap {rbp=Oop [32]=Oop [64]=Oop [72]=NarrowOop [76]=NarrowOop [80]=Oop [88]=Oop [112]=NarrowOop [248]=Oop [256]=Oop }
                      ;*aaload {reexecute=0 rethrow=0 return_oop=0}
                      ; - java.lang.ThreadLocal$ThreadLocalMap::cleanSomeSlots@23 (line 670)
                      ; - java.lang.ThreadLocal$ThreadLocalMap::set@113 (line 500)
                      ; - java.lang.ThreadLocal::set@17 (line 222)
                      ; - java.util.jar.JarFile::ensureInitialization@55 (line 1041)
                      ; - java.util.jar.JavaUtilJarAccessImpl::ensureInitialization@1 (line 72)
                      ; - jdk.internal.loader.URLClassPath$JarLoader$2::getManifest@10 (line 885)
                      ; - java.net.URLClassLoader::defineClass@34 (line 491)
                      ; - java.net.URLClassLoader$1::run@43 (line 427)
                      ; - java.net.URLClassLoader$1::run@1 (line 421)
                      ; - java.security.AccessController::executePrivileged@29 (line 807)
                      ; - java.security.AccessController::doPrivileged@13 (line 712)
                      ; - java.net.URLClassLoader::findClass@13 (line 420)
  0x000001f12f6c182c: d050 96ff | 498b d766 | 0f1f 8400 | 0000 0000 | 6666 6690 | c5f8 7749 | ba70 6b24 | b5fb 7f00 
  0x000001f12f6c184c: 0041 ffd2 | e982 e2ff | ff49 c1e2 | 034d 85d2 | 400f 95c5 | 400f b6ed | 83f5 01ba | 45ff ffff 
  0x000001f12f6c186c: 4c8b 5424 | 584c 8954 | 2438 4c89 | 5424 404c | 8b54 2460 | 4c89 5424 | 484c 8b94 | 2488 0000 
  0x000001f12f6c188c: 004c 8954 | 2458 4c8b | 5424 684c | 8954 2460 

  0x000001f12f6c189c: ;   {runtime_call UncommonTrapBlob}
  0x000001f12f6c189c: c5f8 77e8 

  0x000001f12f6c18a0: ; ImmutableOopMap {[40]=Oop [56]=Oop [64]=Oop [72]=Oop [80]=Oop [88]=Oop [112]=NarrowOop [116]=NarrowOop [128]=NarrowOop [248]=Oop [256]=Oop }
                      ;*ifeq {reexecute=1 rethrow=0 return_oop=0}
                      ; - (reexecute) java.lang.ThreadLocal$ThreadLocalMap::set@53 (line 492)
                      ; - java.lang.ThreadLocal::set@17 (line 222)
                      ; - java.util.jar.JarFile::ensureInitialization@37 (line 1036)
                      ; - java.util.jar.JavaUtilJarAccessImpl::ensureInitialization@1 (line 72)
                      ; - jdk.internal.loader.URLClassPath$JarLoader$2::getManifest@10 (line 885)
                      ; - java.net.URLClassLoader::defineClass@34 (line 491)
                      ; - java.net.URLClassLoader$1::run@43 (line 427)
                      ; - java.net.URLClassLoader$1::run@1 (line 421)
                      ; - java.security.AccessController::executePrivileged@29 (line 807)
                      ; - java.security.AccessController::doPrivileged@13 (line 712)
                      ; - java.net.URLClassLoader::findClass@13 (line 420)
  0x000001f12f6c18a0: 5c50 96ff | 4d8b d349 | c1e2 034d | 85d2 400f | 95c5 400f | b6ed 83f5 | 01ba 45ff | ffff 4c8b 
  0x000001f12f6c18c0: 5424 584c | 8954 2438 | 4c89 5424 | 404c 8b54 | 2460 4c89 | 5424 484c | 8b94 2488 | 0000 004c 
  0x000001f12f6c18e0: 8954 2458 | 4c8b 5424 | 684c 8954 | 2460 6690 

  0x000001f12f6c18f0: ;   {runtime_call UncommonTrapBlob}
  0x000001f12f6c18f0: c5f8 77e8 

  0x000001f12f6c18f4: ; ImmutableOopMap {[40]=Oop [56]=Oop [64]=Oop [72]=Oop [80]=Oop [88]=Oop [112]=NarrowOop [116]=NarrowOop [120]=NarrowOop [248]=Oop [256]=Oop }
                      ;*ifeq {reexecute=1 rethrow=0 return_oop=0}
                      ; - (reexecute) java.lang.ThreadLocal$ThreadLocalMap::set@53 (line 492)
                      ; - java.lang.ThreadLocal::set@17 (line 222)
                      ; - java.util.jar.JarFile::ensureInitialization@55 (line 1041)
                      ; - java.util.jar.JavaUtilJarAccessImpl::ensureInitialization@1 (line 72)
                      ; - jdk.internal.loader.URLClassPath$JarLoader$2::getManifest@10 (line 885)
                      ; - java.net.URLClassLoader::defineClass@34 (line 491)
                      ; - java.net.URLClassLoader$1::run@43 (line 427)
                      ; - java.net.URLClassLoader$1::run@1 (line 421)
                      ; - java.security.AccessController::executePrivileged@29 (line 807)
                      ; - java.security.AccessController::doPrivileged@13 (line 712)
                      ; - java.net.URLClassLoader::findClass@13 (line 420)
  0x000001f12f6c18f4: 0850 96ff | bae4 ffff | ff48 8b6c | 2458 4c8b | 5424 284c | 8954 2420 | 4c8b 5424 | 604c 8954 
  0x000001f12f6c1914: 2440 4c8b | 9424 8800 | 0000 4c89 | 5424 484c | 8b54 2468 | 4c89 5424 | 6066 6690 

  0x000001f12f6c1930: ;   {runtime_call UncommonTrapBlob}
  0x000001f12f6c1930: c5f8 77e8 

  0x000001f12f6c1934: ; ImmutableOopMap {rbp=Oop [32]=Oop [64]=Oop [72]=Oop [80]=Oop [112]=NarrowOop [116]=NarrowOop [128]=NarrowOop [248]=Oop [256]=Oop }
                      ;*aaload {reexecute=0 rethrow=0 return_oop=0}
                      ; - java.lang.ThreadLocal$ThreadLocalMap::set@23 (line 484)
                      ; - java.lang.ThreadLocal::set@17 (line 222)
                      ; - java.util.jar.JarFile::ensureInitialization@37 (line 1036)
                      ; - java.util.jar.JavaUtilJarAccessImpl::ensureInitialization@1 (line 72)
                      ; - jdk.internal.loader.URLClassPath$JarLoader$2::getManifest@10 (line 885)
                      ; - java.net.URLClassLoader::defineClass@34 (line 491)
                      ; - java.net.URLClassLoader$1::run@43 (line 427)
                      ; - java.net.URLClassLoader$1::run@1 (line 421)
                      ; - java.security.AccessController::executePrivileged@29 (line 807)
                      ; - java.security.AccessController::doPrivileged@13 (line 712)
                      ; - java.net.URLClassLoader::findClass@13 (line 420)
  0x000001f12f6c1934: c84f 96ff | bae4 ffff | ff48 8b6c | 2458 488b | 5c24 2848 | 895c 2420 | 488b 5c24 | 6048 895c 
  0x000001f12f6c1954: 2440 488b | 9c24 8800 | 0000 4889 | 5c24 4848 | 8b5c 2468 | 4889 5c24 | 6044 894c | 2478 4489 
  0x000001f12f6c1974: 4424 7c89 | 8c24 8400 | 0000 4489 | 9c24 8c00 | 0000 4489 | 9424 9000 | 0000 6690 

  0x000001f12f6c1990: ;   {runtime_call UncommonTrapBlob}
  0x000001f12f6c1990: c5f8 77e8 

  0x000001f12f6c1994: ; ImmutableOopMap {rbp=Oop [32]=Oop [64]=Oop [72]=Oop [80]=Oop [120]=NarrowOop [124]=NarrowOop [140]=NarrowOop [248]=Oop [256]=Oop }
                      ;*aaload {reexecute=0 rethrow=0 return_oop=0}
                      ; - java.lang.ThreadLocal$ThreadLocalMap::set@23 (line 484)
                      ; - java.lang.ThreadLocal::set@17 (line 222)
                      ; - java.util.jar.JarFile::ensureInitialization@55 (line 1041)
                      ; - java.util.jar.JavaUtilJarAccessImpl::ensureInitialization@1 (line 72)
                      ; - jdk.internal.loader.URLClassPath$JarLoader$2::getManifest@10 (line 885)
                      ; - java.net.URLClassLoader::defineClass@34 (line 491)
                      ; - java.net.URLClassLoader$1::run@43 (line 427)
                      ; - java.net.URLClassLoader$1::run@1 (line 421)
                      ; - java.security.AccessController::executePrivileged@29 (line 807)
                      ; - java.security.AccessController::doPrivileged@13 (line 712)
                      ; - java.net.URLClassLoader::findClass@13 (line 420)
  0x000001f12f6c1994: 684f 96ff | bae4 ffff | ff48 8b6c | 2458 4c8b | 5424 284c | 8954 2420 | 4c8b 5424 | 604c 8954 
  0x000001f12f6c19b4: 2440 4c8b | 9424 8800 | 0000 4c89 | 5424 484c | 8b54 2468 | 4c89 5424 | 6044 8b94 | 2490 0000 
  0x000001f12f6c19d4: 0044 8994 | 248c 0000 | 0048 899c | 2490 0000 | 0066 6690 

  0x000001f12f6c19e8: ;   {runtime_call UncommonTrapBlob}
  0x000001f12f6c19e8: c5f8 77e8 

  0x000001f12f6c19ec: ; ImmutableOopMap {rbp=Oop [32]=Oop [64]=Oop [72]=Oop [80]=Oop [112]=NarrowOop [116]=NarrowOop [128]=NarrowOop [144]=Oop [248]=Oop [256]=Oop }
                      ;*aastore {reexecute=1 rethrow=0 return_oop=0}
                      ; - (reexecute) java.lang.ThreadLocal$ThreadLocalMap::set@94 (line 498)
                      ; - java.lang.ThreadLocal::set@17 (line 222)
                      ; - java.util.jar.JarFile::ensureInitialization@37 (line 1036)
                      ; - java.util.jar.JavaUtilJarAccessImpl::ensureInitialization@1 (line 72)
                      ; - jdk.internal.loader.URLClassPath$JarLoader$2::getManifest@10 (line 885)
                      ; - java.net.URLClassLoader::defineClass@34 (line 491)
                      ; - java.net.URLClassLoader$1::run@43 (line 427)
                      ; - java.net.URLClassLoader$1::run@1 (line 421)
                      ; - java.security.AccessController::executePrivileged@29 (line 807)
                      ; - java.security.AccessController::doPrivileged@13 (line 712)
                      ; - java.net.URLClassLoader::findClass@13 (line 420)
  0x000001f12f6c19ec: 104f 96ff | bae4 ffff | ff48 8b6c | 2458 4c8b | 5c24 284c | 895c 2420 | 4c8b 5c24 | 604c 895c 
  0x000001f12f6c1a0c: 2440 4c8b | 9c24 8800 | 0000 4c89 | 5c24 484c | 8b5c 2468 | 4c89 5c24 | 6044 8994 | 2488 0000 
  0x000001f12f6c1a2c: 0048 899c | 2490 0000 | 0066 6690 

  0x000001f12f6c1a38: ;   {runtime_call UncommonTrapBlob}
  0x000001f12f6c1a38: c5f8 77e8 

  0x000001f12f6c1a3c: ; ImmutableOopMap {rbp=Oop [32]=Oop [64]=Oop [72]=Oop [80]=Oop [112]=NarrowOop [116]=NarrowOop [120]=NarrowOop [144]=Oop [248]=Oop [256]=Oop }
                      ;*aastore {reexecute=1 rethrow=0 return_oop=0}
                      ; - (reexecute) java.lang.ThreadLocal$ThreadLocalMap::set@94 (line 498)
                      ; - java.lang.ThreadLocal::set@17 (line 222)
                      ; - java.util.jar.JarFile::ensureInitialization@55 (line 1041)
                      ; - java.util.jar.JavaUtilJarAccessImpl::ensureInitialization@1 (line 72)
                      ; - jdk.internal.loader.URLClassPath$JarLoader$2::getManifest@10 (line 885)
                      ; - java.net.URLClassLoader::defineClass@34 (line 491)
                      ; - java.net.URLClassLoader$1::run@43 (line 427)
                      ; - java.net.URLClassLoader$1::run@1 (line 421)
                      ; - java.security.AccessController::executePrivileged@29 (line 807)
                      ; - java.security.AccessController::doPrivileged@13 (line 712)
                      ; - java.net.URLClassLoader::findClass@13 (line 420)
  0x000001f12f6c1a3c: c04e 96ff | 498b d7c5 | f877 49ba | 706b 24b5 | fb7f 0000 | 41ff d2e9 | 60b3 ffff | 498b d70f 
  0x000001f12f6c1a5c: 1f44 0000 | c5f8 7749 | ba70 6b24 | b5fb 7f00 | 0041 ffd2 | e916 b6ff | ffba 4f00 | 0000 4c8b 
  0x000001f12f6c1a7c: 5c24 584c | 895c 2438 | 4c89 5c24 | 404c 8b5c | 2460 4c89 | 5c24 484c | 8b9c 2488 | 0000 004c 
  0x000001f12f6c1a9c: 895c 2458 | 4c8b 5c24 | 684c 895c | 2460 4489 | 9424 9c00 | 0000 6690 

  0x000001f12f6c1ab4: ;   {runtime_call UncommonTrapBlob}
  0x000001f12f6c1ab4: c5f8 77e8 

  0x000001f12f6c1ab8: ; ImmutableOopMap {[40]=Oop [56]=Oop [64]=Oop [72]=Oop [80]=Oop [88]=Oop [112]=NarrowOop [128]=Oop [144]=Oop [156]=NarrowOop [248]=Oop [256]=Oop }
                      ;*new {reexecute=0 rethrow=0 return_oop=0}
                      ; - java.util.jar.JarFile::getBytes@20 (line 804)
                      ; - java.util.jar.JarFile::getManifestFromReference@44 (line 419)
                      ; - java.util.jar.JarFile::getManifest@1 (line 406)
                      ; - java.util.jar.JarFile::maybeInstantiateVerifier@31 (line 725)
                      ; - java.util.jar.JarFile::ensureInitialization@1 (line 1031)
                      ; - java.util.jar.JavaUtilJarAccessImpl::ensureInitialization@1 (line 72)
                      ; - jdk.internal.loader.URLClassPath$JarLoader$2::getManifest@10 (line 885)
                      ; - java.net.URLClassLoader::defineClass@34 (line 491)
                      ; - java.net.URLClassLoader$1::run@43 (line 427)
                      ; - java.net.URLClassLoader$1::run@1 (line 421)
                      ; - java.security.AccessController::executePrivileged@29 (line 807)
                      ; - java.security.AccessController::doPrivileged@13 (line 712)
                      ; - java.net.URLClassLoader::findClass@13 (line 420)
  0x000001f12f6c1ab8: 444e 96ff | bade ffff | ff48 8b6c | 2458 4c8b | 5424 284c | 8954 2420 | 4c8b 5424 | 604c 8954 
  0x000001f12f6c1ad8: 2440 4c8b | 9424 8800 | 0000 4c89 | 5424 5890 

  0x000001f12f6c1ae8: ;   {runtime_call UncommonTrapBlob}
  0x000001f12f6c1ae8: c5f8 77e8 

  0x000001f12f6c1aec: ; ImmutableOopMap {rbp=Oop [32]=Oop [64]=Oop [72]=Oop [80]=Oop [88]=Oop [112]=NarrowOop [116]=NarrowOop [128]=Oop [248]=Oop [256]=Oop [264]=Oop }
                      ;*invokevirtual getName {reexecute=0 rethrow=0 return_oop=0}
                      ; - java.util.jar.JarFile::getManifestFromReference@74 (line 422)
                      ; - java.util.jar.JarFile::getManifest@1 (line 406)
                      ; - java.util.jar.JarFile::maybeInstantiateVerifier@31 (line 725)
                      ; - java.util.jar.JarFile::ensureInitialization@1 (line 1031)
                      ; - java.util.jar.JavaUtilJarAccessImpl::ensureInitialization@1 (line 72)
                      ; - jdk.internal.loader.URLClassPath$JarLoader$2::getManifest@10 (line 885)
                      ; - java.net.URLClassLoader::defineClass@34 (line 491)
                      ; - java.net.URLClassLoader$1::run@43 (line 427)
                      ; - java.net.URLClassLoader$1::run@1 (line 421)
                      ; - java.security.AccessController::executePrivileged@29 (line 807)
                      ; - java.security.AccessController::doPrivileged@13 (line 712)
                      ; - java.net.URLClassLoader::findClass@13 (line 420)
  0x000001f12f6c1aec: 104e 96ff | 498b d766 | 0f1f 8400 | 0000 0000 | 6666 6690 | c5f8 7749 | ba70 6b24 | b5fb 7f00 
  0x000001f12f6c1b0c: 0041 ffd2 | e956 b1ff | ff49 8bd7 | 0f1f 8400 | 0000 0000 | c5f8 7749 | ba70 6b24 | b5fb 7f00 
  0x000001f12f6c1b2c: 0041 ffd2 | e985 b1ff | ff49 8bd7 | 0f1f 8400 | 0000 0000 | c5f8 7749 | ba70 6b24 | b5fb 7f00 
  0x000001f12f6c1b4c: 0041 ffd2 | e9c9 b1ff | ffba 45ff | ffff 488b | 6c24 584c | 8b54 2428 | 4c89 5424 | 204c 8b54 
  0x000001f12f6c1b6c: 2460 4c89 | 5424 404c | 8b94 2488 | 0000 004c | 8954 2458 | 899c 2488 | 0000 0090 

  0x000001f12f6c1b88: ;   {runtime_call UncommonTrapBlob}
  0x000001f12f6c1b88: c5f8 77e8 

  0x000001f12f6c1b8c: ; ImmutableOopMap {rbp=Oop [32]=Oop [64]=Oop [80]=Oop [88]=Oop [112]=NarrowOop [116]=NarrowOop [248]=Oop [256]=Oop }
                      ;*ifne {reexecute=1 rethrow=0 return_oop=0}
                      ; - (reexecute) java.lang.ThreadLocal$ThreadLocalMap::set@116 (line 500)
                      ; - java.lang.ThreadLocal::set@17 (line 222)
                      ; - java.util.jar.JarFile::ensureInitialization@37 (line 1036)
                      ; - java.util.jar.JavaUtilJarAccessImpl::ensureInitialization@1 (line 72)
                      ; - jdk.internal.loader.URLClassPath$JarLoader$2::getManifest@10 (line 885)
                      ; - java.net.URLClassLoader::defineClass@34 (line 491)
                      ; - java.net.URLClassLoader$1::run@43 (line 427)
                      ; - java.net.URLClassLoader$1::run@1 (line 421)
                      ; - java.security.AccessController::executePrivileged@29 (line 807)
                      ; - java.security.AccessController::doPrivileged@13 (line 712)
                      ; - java.net.URLClassLoader::findClass@13 (line 420)
  0x000001f12f6c1b8c: 704d 96ff | 498b d766 | 0f1f 8400 | 0000 0000 | 6666 6690 | c5f8 7749 | ba70 6b24 | b5fb 7f00 
  0x000001f12f6c1bac: 0041 ffd2 | e996 b3ff | ff49 8bd7 | 0f1f 8400 | 0000 0000 | c5f8 7749 | ba70 6b24 | b5fb 7f00 
  0x000001f12f6c1bcc: 0041 ffd2 | e9c5 b3ff | ff8b bc24 | 8000 0000 | 498b d790 | c5f8 7749 | ba70 6b24 | b5fb 7f00 
  0x000001f12f6c1bec: 0041 ffd2 | e900 e3ff | ffba 45ff | ffff 488b | 6c24 584c | 8b54 2428 | 4c89 5424 | 204c 8b54 
  0x000001f12f6c1c0c: 2460 4c89 | 5424 404c | 8b54 2468 | 4c89 5424 | 6044 8b54 | 2470 4489 | 5424 4c44 | 8b54 2474 
  0x000001f12f6c1c2c: 4489 5424 | 7044 894c | 2474 6690 

  0x000001f12f6c1c38: ;   {runtime_call UncommonTrapBlob}
  0x000001f12f6c1c38: c5f8 77e8 

  0x000001f12f6c1c3c: ; ImmutableOopMap {rbp=Oop [32]=Oop [64]=Oop [72]=NarrowOop [76]=NarrowOop [80]=Oop [136]=Oop [248]=Oop [256]=Oop }
                      ;*ifne {reexecute=1 rethrow=0 return_oop=0}
                      ; - (reexecute) java.lang.ThreadLocal$ThreadLocalMap::set@116 (line 500)
                      ; - java.lang.ThreadLocal::set@17 (line 222)
                      ; - java.util.jar.JarFile::ensureInitialization@55 (line 1041)
                      ; - java.util.jar.JavaUtilJarAccessImpl::ensureInitialization@1 (line 72)
                      ; - jdk.internal.loader.URLClassPath$JarLoader$2::getManifest@10 (line 885)
                      ; - java.net.URLClassLoader::defineClass@34 (line 491)
                      ; - java.net.URLClassLoader$1::run@43 (line 427)
                      ; - java.net.URLClassLoader$1::run@1 (line 421)
                      ; - java.security.AccessController::executePrivileged@29 (line 807)
                      ; - java.security.AccessController::doPrivileged@13 (line 712)
                      ; - java.net.URLClassLoader::findClass@13 (line 420)
  0x000001f12f6c1c3c: c04c 96ff | ba85 0100 | 0048 8b6c | 2458 4c8b | 5c24 284c | 895c 2420 | 4c8b 5c24 | 604c 895c 
  0x000001f12f6c1c5c: 2440 4c8b | 9c24 8800 | 0000 4c89 | 5c24 484c | 8b5c 2468 | 4c89 5c24 | 6044 8994 | 248c 0000 
  0x000001f12f6c1c7c: 0044 898c | 2498 0000 | 0066 6690 

  0x000001f12f6c1c88: ;   {runtime_call UncommonTrapBlob}
  0x000001f12f6c1c88: c5f8 77e8 

  0x000001f12f6c1c8c: ; ImmutableOopMap {rbp=Oop [32]=Oop [64]=Oop [72]=Oop [80]=Oop [112]=NarrowOop [116]=NarrowOop [128]=Oop [144]=Oop [248]=Oop [256]=Oop }
                      ;*new {reexecute=0 rethrow=0 return_oop=0}
                      ; - java.util.jar.JarFile::getBytes@141 (line 823)
                      ; - java.util.jar.JarFile::getManifestFromReference@44 (line 419)
                      ; - java.util.jar.JarFile::getManifest@1 (line 406)
                      ; - java.util.jar.JarFile::maybeInstantiateVerifier@31 (line 725)
                      ; - java.util.jar.JarFile::ensureInitialization@1 (line 1031)
                      ; - java.util.jar.JavaUtilJarAccessImpl::ensureInitialization@1 (line 72)
                      ; - jdk.internal.loader.URLClassPath$JarLoader$2::getManifest@10 (line 885)
                      ; - java.net.URLClassLoader::defineClass@34 (line 491)
                      ; - java.net.URLClassLoader$1::run@43 (line 427)
                      ; - java.net.URLClassLoader$1::run@1 (line 421)
                      ; - java.security.AccessController::executePrivileged@29 (line 807)
                      ; - java.security.AccessController::doPrivileged@13 (line 712)
                      ; - java.net.URLClassLoader::findClass@13 (line 420)
  0x000001f12f6c1c8c: 704c 96ff | 498b d766 | 0f1f 8400 | 0000 0000 | 6666 6690 | c5f8 7749 | ba70 6b24 | b5fb 7f00 
  0x000001f12f6c1cac: 0041 ffd2 | e9bb d2ff | ff49 8bd7 | 0f1f 8400 | 0000 0000 | c5f8 7749 | ba70 6b24 | b5fb 7f00 
  0x000001f12f6c1ccc: 0041 ffd2 | e942 e4ff | ffba deff | ffff 488b | 6c24 584c | 8b5c 2428 | 4c89 5c24 | 204c 8b5c 
  0x000001f12f6c1cec: 2460 4c89 | 5c24 404c | 8b9c 2488 | 0000 004c | 895c 2448 | 4c8b 5c24 | 684c 895c | 2460 4c89 
  0x000001f12f6c1d0c: 9424 8800 | 0000 4c89 | 8424 9000 | 0000 6690 

  0x000001f12f6c1d1c: ;   {runtime_call UncommonTrapBlob}
  0x000001f12f6c1d1c: c5f8 77e8 

  0x000001f12f6c1d20: ; ImmutableOopMap {rbp=Oop [32]=Oop [64]=Oop [72]=Oop [80]=Oop [112]=NarrowOop [128]=Oop [136]=Oop [144]=Oop [248]=Oop [256]=Oop }
                      ;*invokevirtual close {reexecute=0 rethrow=0 return_oop=0}
                      ; - java.util.jar.JarFile::getManifestFromReference@152 (line 434)
                      ; - java.util.jar.JarFile::getManifest@1 (line 406)
                      ; - java.util.jar.JarFile::maybeInstantiateVerifier@31 (line 725)
                      ; - java.util.jar.JarFile::ensureInitialization@1 (line 1031)
                      ; - java.util.jar.JavaUtilJarAccessImpl::ensureInitialization@1 (line 72)
                      ; - jdk.internal.loader.URLClassPath$JarLoader$2::getManifest@10 (line 885)
                      ; - java.net.URLClassLoader::defineClass@34 (line 491)
                      ; - java.net.URLClassLoader$1::run@43 (line 427)
                      ; - java.net.URLClassLoader$1::run@1 (line 421)
                      ; - java.security.AccessController::executePrivileged@29 (line 807)
                      ; - java.security.AccessController::doPrivileged@13 (line 712)
                      ; - java.net.URLClassLoader::findClass@13 (line 420)
  0x000001f12f6c1d20: dc4b 96ff | ba45 ffff | ff4c 8b54 | 2458 4c89 | 5424 384c | 8954 2440 | 4c8b 5424 | 604c 8954 
  0x000001f12f6c1d40: 2448 4c8b | 9424 8800 | 0000 4c89 | 5424 584c | 8b54 2468 | 4c89 5424 | 6066 6690 

  0x000001f12f6c1d5c: ;   {runtime_call UncommonTrapBlob}
  0x000001f12f6c1d5c: c5f8 77e8 

  0x000001f12f6c1d60: ; ImmutableOopMap {[40]=Oop [56]=Oop [64]=Oop [72]=Oop [80]=Oop [88]=Oop [112]=NarrowOop [116]=NarrowOop [128]=Oop [248]=Oop [256]=Oop [264]=Oop }
                      ;*ifne {reexecute=1 rethrow=0 return_oop=0}
                      ; - (reexecute) java.util.jar.JarFile::getManifestFromReference@52 (line 420)
                      ; - java.util.jar.JarFile::getManifest@1 (line 406)
                      ; - java.util.jar.JarFile::maybeInstantiateVerifier@31 (line 725)
                      ; - java.util.jar.JarFile::ensureInitialization@1 (line 1031)
                      ; - java.util.jar.JavaUtilJarAccessImpl::ensureInitialization@1 (line 72)
                      ; - jdk.internal.loader.URLClassPath$JarLoader$2::getManifest@10 (line 885)
                      ; - java.net.URLClassLoader::defineClass@34 (line 491)
                      ; - java.net.URLClassLoader$1::run@43 (line 427)
                      ; - java.net.URLClassLoader$1::run@1 (line 421)
                      ; - java.security.AccessController::executePrivileged@29 (line 807)
                      ; - java.security.AccessController::doPrivileged@13 (line 712)
                      ; - java.net.URLClassLoader::findClass@13 (line 420)
  0x000001f12f6c1d60: 9c4b 96ff | ba45 ffff | ff48 8b6c | 2458 4c8b | 5424 284c | 8954 2420 | 4c8b 5424 | 604c 8954 
  0x000001f12f6c1d80: 2440 4c8b | 9424 8800 | 0000 4c89 | 5424 484c | 8b54 2468 | 4c89 5424 | 6089 8424 | 8c00 0000 
  0x000001f12f6c1da0: ;   {runtime_call UncommonTrapBlob}
  0x000001f12f6c1da0: c5f8 77e8 

  0x000001f12f6c1da4: ; ImmutableOopMap {rbp=Oop [32]=Oop [64]=Oop [72]=Oop [80]=Oop [112]=NarrowOop [116]=NarrowOop [128]=Oop [248]=Oop [256]=Oop [264]=Oop }
                      ;*if_icmpne {reexecute=1 rethrow=0 return_oop=0}
                      ; - (reexecute) java.util.jar.JarFile::getManifestFromReference@65 (line 421)
                      ; - java.util.jar.JarFile::getManifest@1 (line 406)
                      ; - java.util.jar.JarFile::maybeInstantiateVerifier@31 (line 725)
                      ; - java.util.jar.JarFile::ensureInitialization@1 (line 1031)
                      ; - java.util.jar.JavaUtilJarAccessImpl::ensureInitialization@1 (line 72)
                      ; - jdk.internal.loader.URLClassPath$JarLoader$2::getManifest@10 (line 885)
                      ; - java.net.URLClassLoader::defineClass@34 (line 491)
                      ; - java.net.URLClassLoader$1::run@43 (line 427)
                      ; - java.net.URLClassLoader$1::run@1 (line 421)
                      ; - java.security.AccessController::executePrivileged@29 (line 807)
                      ; - java.security.AccessController::doPrivileged@13 (line 712)
                      ; - java.net.URLClassLoader::findClass@13 (line 420)
  0x000001f12f6c1da4: 584b 96ff | c5f9 7ec6 | 498b d7c5 | f877 49ba | 706b 24b5 | fb7f 0000 | 41ff d2c5 | f96e c6e9 
  0x000001f12f6c1dc4: 83cb ffff | c5f9 7ec6 | 498b d7c5 | f877 49ba | 706b 24b5 | fb7f 0000 | 41ff d2c5 | f96e c6e9 
  0x000001f12f6c1de4: 23ca ffff | c5f9 7ec6 | 498b d7c5 | f877 49ba | 706b 24b5 | fb7f 0000 | 41ff d2c5 | f96e c6e9 
  0x000001f12f6c1e04: 89cc ffff | c5f9 7ec7 | 498b d7c5 | f877 49ba | 706b 24b5 | fb7f 0000 | 41ff d2c5 | f96e c7e9 
  0x000001f12f6c1e24: 49c9 ffff | c5f9 7ec7 | 498b d7c5 | f877 49ba | 706b 24b5 | fb7f 0000 | 41ff d2c5 | f96e c7e9 
  0x000001f12f6c1e44: 92cc ffff | c5f9 7ec7 | 498b d7c5 | f877 49ba | 706b 24b5 | fb7f 0000 | 41ff d2c5 | f96e c7e9 
  0x000001f12f6c1e64: 83cb ffff | c5f9 7ec3 | 498b d7c5 | f877 49ba | 706b 24b5 | fb7f 0000 | 41ff d2c5 | f96e c3e9 
  0x000001f12f6c1e84: 76c4 ffff | c5f9 7ec3 | 498b d7c5 | f877 49ba | 706b 24b5 | fb7f 0000 | 41ff d2c5 | f96e c3e9 
  0x000001f12f6c1ea4: acc4 ffff | c5f9 7ec3 | 498b d7c5 | f877 49ba | 706b 24b5 | fb7f 0000 | 41ff d2c5 | f96e c3e9 
  0x000001f12f6c1ec4: 49c7 ffff | c5f9 7ec7 | 498b d7c5 | f877 49ba | 706b 24b5 | fb7f 0000 | 41ff d2c5 | f96e c7e9 
  0x000001f12f6c1ee4: c9c5 ffff | c5f9 7ec7 | 498b d7c5 | f877 49ba | 706b 24b5 | fb7f 0000 | 41ff d2c5 | f96e c7e9 
  0x000001f12f6c1f04: 09c3 ffff | c5f9 7ec7 | 498b d7c5 | f877 49ba | 706b 24b5 | fb7f 0000 | 41ff d2c5 | f96e c7e9 
  0x000001f12f6c1f24: 8dc3 ffff | c5f9 7ec6 | 498b d7c5 | f877 49ba | 706b 24b5 | fb7f 0000 | 41ff d2c5 | f96e c6e9 
  0x000001f12f6c1f44: 29c2 ffff | 498b d7c5 | f877 49ba | 706b 24b5 | fb7f 0000 | 41ff d20f | 1f44 0000 | e98c ceff 
  0x000001f12f6c1f64: ff49 8bd7 | c5f8 7749 | ba70 6b24 | b5fb 7f00 | 0041 ffd2 | e96e cdff | ff49 8bd7 | c5f8 7749 
  0x000001f12f6c1f84: ba70 6b24 | b5fb 7f00 | 0041 ffd2 | e9bf cdff | ff49 8bd7 | 0f1f 8400 | 0000 0000 | c5f8 7749 
  0x000001f12f6c1fa4: ba70 6b24 | b5fb 7f00 | 0041 ffd2 | e9a2 ceff | ff49 63c8 | e900 beff | ff49 8bd7 | c5f8 7749 
  0x000001f12f6c1fc4: ba70 6b24 | b5fb 7f00 | 0041 ffd2 | e93f bcff | ff49 8bd7 | 0f1f 8400 | 0000 0000 | c5f8 7749 
  0x000001f12f6c1fe4: ba70 6b24 | b5fb 7f00 | 0041 ffd2 | e9e5 f0ff | ff49 8bd7 | 0f1f 8400 | 0000 0000 | c5f8 7749 
  0x000001f12f6c2004: ba70 6b24 | b5fb 7f00 | 0041 ffd2 | e9a5 bbff | ff49 8bda | 498b d70f | 1f44 0000 | c5f8 7749 
  0x000001f12f6c2024: ba70 6b24 | b5fb 7f00 | 0041 ffd2 | e9ea f0ff | ffba deff | ffff 488b | 6c24 584c | 8b5c 2428 
  0x000001f12f6c2044: 4c89 5c24 | 204c 8b5c | 2460 4c89 | 5c24 404c | 8b9c 2488 | 0000 004c | 895c 2458 | 4c8b 5c24 
  0x000001f12f6c2064: 684c 895c | 2460 4889 | 8424 8800 | 0000 6690 

  0x000001f12f6c2074: ;   {runtime_call UncommonTrapBlob}
  0x000001f12f6c2074: c5f8 77e8 

  0x000001f12f6c2078: ; ImmutableOopMap {rbp=Oop [32]=Oop [64]=Oop [72]=Oop [80]=Oop [88]=Oop [112]=NarrowOop [136]=Oop [248]=Oop [256]=Oop }
                      ;*checkcast {reexecute=0 rethrow=0 return_oop=0}
                      ; - java.util.jar.JarFile::getManEntry@28 (line 944)
                      ; - java.util.jar.JarFile::getManifestFromReference@27 (line 414)
                      ; - java.util.jar.JarFile::getManifest@1 (line 406)
                      ; - java.util.jar.JarFile::maybeInstantiateVerifier@31 (line 725)
                      ; - java.util.jar.JarFile::ensureInitialization@1 (line 1031)
                      ; - java.util.jar.JavaUtilJarAccessImpl::ensureInitialization@1 (line 72)
                      ; - jdk.internal.loader.URLClassPath$JarLoader$2::getManifest@10 (line 885)
                      ; - java.net.URLClassLoader::defineClass@34 (line 491)
                      ; - java.net.URLClassLoader$1::run@43 (line 427)
                      ; - java.net.URLClassLoader$1::run@1 (line 421)
                      ; - java.security.AccessController::executePrivileged@29 (line 807)
                      ; - java.security.AccessController::doPrivileged@13 (line 712)
                      ; - java.net.URLClassLoader::findClass@13 (line 420)
  0x000001f12f6c2078: 8448 96ff | 488b f849 | 8bdb 498b | d7c5 f877 | 49ba 706b | 24b5 fb7f | 0000 41ff | d2e9 68f2 
  0x000001f12f6c2098: ffff bade | ffff ff4c | 8b54 2458 | 4c89 5424 | 384c 8954 | 2440 4c8b | 5424 604c | 8954 2448 
  0x000001f12f6c20b8: 4889 7c24 | 584c 8b54 | 2468 4c89 | 5424 6048 | 8974 2478 

  0x000001f12f6c20cc: ;   {runtime_call UncommonTrapBlob}
  0x000001f12f6c20cc: c5f8 77e8 

  0x000001f12f6c20d0: ; ImmutableOopMap {rbp=NarrowOop [40]=Oop [56]=Oop [64]=Oop [72]=Oop [88]=Oop [120]=Oop [136]=Oop [248]=Oop [256]=Oop }
                      ;*checkcast {reexecute=0 rethrow=0 return_oop=0}
                      ; - java.util.jar.JarFile::getManifestFromReference@14 (line 410)
                      ; - java.util.jar.JarFile::getManifest@1 (line 406)
                      ; - jdk.internal.loader.URLClassPath$JarLoader$2::getManifest@22 (line 886)
                      ; - java.net.URLClassLoader::defineClass@34 (line 491)
                      ; - java.net.URLClassLoader$1::run@43 (line 427)
                      ; - java.net.URLClassLoader$1::run@1 (line 421)
                      ; - java.security.AccessController::executePrivileged@29 (line 807)
                      ; - java.security.AccessController::doPrivileged@13 (line 712)
                      ; - java.net.URLClassLoader::findClass@13 (line 420)
  0x000001f12f6c20d0: 2c48 96ff | bade ffff | ff4c 8b54 | 2458 4c89 | 5424 384c | 8954 2440 | 4c8b 5424 | 604c 8954 
  0x000001f12f6c20f0: 2448 4c8b | 9424 8800 | 0000 4c89 | 5424 584c | 8b54 2468 | 4c89 5424 | 604c 8984 | 2488 0000 
  0x000001f12f6c2110: 0066 6690 

  0x000001f12f6c2114: ;   {runtime_call UncommonTrapBlob}
  0x000001f12f6c2114: c5f8 77e8 

  0x000001f12f6c2118: ; ImmutableOopMap {rbp=NarrowOop [40]=Oop [56]=Oop [64]=Oop [72]=Oop [80]=Oop [88]=Oop [112]=NarrowOop [136]=Oop [248]=Oop [256]=Oop }
                      ;*checkcast {reexecute=0 rethrow=0 return_oop=0}
                      ; - java.util.jar.JarFile::getManifestFromReference@14 (line 410)
                      ; - java.util.jar.JarFile::getManifest@1 (line 406)
                      ; - java.util.jar.JarFile::maybeInstantiateVerifier@31 (line 725)
                      ; - java.util.jar.JarFile::ensureInitialization@1 (line 1031)
                      ; - java.util.jar.JavaUtilJarAccessImpl::ensureInitialization@1 (line 72)
                      ; - jdk.internal.loader.URLClassPath$JarLoader$2::getManifest@10 (line 885)
                      ; - java.net.URLClassLoader::defineClass@34 (line 491)
                      ; - java.net.URLClassLoader$1::run@43 (line 427)
                      ; - java.net.URLClassLoader$1::run@1 (line 421)
                      ; - java.security.AccessController::executePrivileged@29 (line 807)
                      ; - java.security.AccessController::doPrivileged@13 (line 712)
                      ; - java.net.URLClassLoader::findClass@13 (line 420)
  0x000001f12f6c2118: e447 96ff | baf6 ffff | ff49 8bee | 4889 5c24 | 2066 6690 

  0x000001f12f6c212c: ;   {runtime_call UncommonTrapBlob}
  0x000001f12f6c212c: c5f8 77e8 

  0x000001f12f6c2130: ; ImmutableOopMap {rbp=Oop [32]=Oop [96]=Oop }
                      ;*invokevirtual replace {reexecute=0 rethrow=0 return_oop=0}
                      ; - java.net.URLClassLoader$1::run@8 (line 423)
                      ; - java.net.URLClassLoader$1::run@1 (line 421)
                      ; - java.security.AccessController::executePrivileged@29 (line 807)
                      ; - java.security.AccessController::doPrivileged@13 (line 712)
                      ; - java.net.URLClassLoader::findClass@13 (line 420)
  0x000001f12f6c2130: cc47 96ff | baf6 ffff | ff49 8bee | 4889 5c24 | 2066 6690 

  0x000001f12f6c2144: ;   {runtime_call UncommonTrapBlob}
  0x000001f12f6c2144: c5f8 77e8 

  0x000001f12f6c2148: ; ImmutableOopMap {rbp=Oop [32]=Oop [96]=Oop }
                      ;*arraylength {reexecute=0 rethrow=0 return_oop=0}
                      ; - java.lang.StringLatin1::replace@8 (line 304)
                      ; - java.lang.String::replace@18 (line 2808)
                      ; - java.net.URLClassLoader$1::run@8 (line 423)
                      ; - java.net.URLClassLoader$1::run@1 (line 421)
                      ; - java.security.AccessController::executePrivileged@29 (line 807)
                      ; - java.security.AccessController::doPrivileged@13 (line 712)
                      ; - java.net.URLClassLoader::findClass@13 (line 420)
  0x000001f12f6c2148: b447 96ff | baf6 ffff | ff49 8bea | 4c8b 5424 | 284c 8954 | 2420 4c8b | 9424 8800 | 0000 4c89 
  0x000001f12f6c2168: 5424 5090 

  0x000001f12f6c216c: ;   {runtime_call UncommonTrapBlob}
  0x000001f12f6c216c: c5f8 77e8 

  0x000001f12f6c2170: ; ImmutableOopMap {rbp=Oop [32]=Oop [80]=Oop [96]=Oop [136]=Oop }
                      ;*arraylength {reexecute=0 rethrow=0 return_oop=0}
                      ; - java.lang.String::length@4 (line 1481)
                      ; - java.lang.String::lastIndexOf@3 (line 2451)
                      ; - java.net.URLClassLoader::defineClass@7 (line 486)
                      ; - java.net.URLClassLoader$1::run@43 (line 427)
                      ; - java.net.URLClassLoader$1::run@1 (line 421)
                      ; - java.security.AccessController::executePrivileged@29 (line 807)
                      ; - java.security.AccessController::doPrivileged@13 (line 712)
                      ; - java.net.URLClassLoader::findClass@13 (line 420)
  0x000001f12f6c2170: 8c47 96ff | baf6 ffff | ff4c 8b54 | 2428 4c89 | 5424 2090 

  0x000001f12f6c2184: ;   {runtime_call UncommonTrapBlob}
  0x000001f12f6c2184: c5f8 77e8 

  0x000001f12f6c2188: ; ImmutableOopMap {[32]=Oop [80]=Oop [88]=Oop [96]=Oop [136]=Oop }
                      ;*arraylength {reexecute=0 rethrow=0 return_oop=0}
                      ; - java.net.URLClassLoader::defineClass@217 (line 524)
                      ; - java.net.URLClassLoader$1::run@43 (line 427)
                      ; - java.net.URLClassLoader$1::run@1 (line 421)
                      ; - java.security.AccessController::executePrivileged@29 (line 807)
                      ; - java.security.AccessController::doPrivileged@13 (line 712)
                      ; - java.net.URLClassLoader::findClass@13 (line 420)
  0x000001f12f6c2188: 7447 96ff | baf6 ffff | ff4c 8b54 | 2458 4c89 | 5424 2044 | 894c 2440 | 4c8b 5424 | 604c 8954 
  0x000001f12f6c21a8: 2450 6690 

  0x000001f12f6c21ac: ;   {runtime_call UncommonTrapBlob}
  0x000001f12f6c21ac: c5f8 77e8 

  0x000001f12f6c21b0: ; ImmutableOopMap {rbp=Oop [32]=Oop [40]=Oop [80]=Oop [136]=Oop }
                      ;*getfield csu {reexecute=1 rethrow=0 return_oop=0}
                      ; - (reexecute) jdk.internal.loader.URLClassPath$JarLoader$2::getCodeSourceURL@4 (line 879)
                      ; - java.net.URLClassLoader::defineClass@13 (line 487)
                      ; - java.net.URLClassLoader$1::run@43 (line 427)
                      ; - java.net.URLClassLoader$1::run@1 (line 421)
                      ; - java.security.AccessController::executePrivileged@29 (line 807)
                      ; - java.security.AccessController::doPrivileged@13 (line 712)
                      ; - java.net.URLClassLoader::findClass@13 (line 420)
  0x000001f12f6c21b0: 4c47 96ff | baf6 ffff | ff48 8b6c | 2458 4c8b | 5424 284c | 8954 2420 | 4c8b 5424 | 604c 8954 
  0x000001f12f6c21d0: 2440 4c8b | 9424 8800 | 0000 4c89 | 5424 5090 

  0x000001f12f6c21e0: ;   {runtime_call UncommonTrapBlob}
  0x000001f12f6c21e0: c5f8 77e8 

  0x000001f12f6c21e4: ; ImmutableOopMap {rbp=Oop [32]=Oop [64]=Oop [80]=Oop [136]=Oop [248]=Oop }
                      ;*arraylength {reexecute=0 rethrow=0 return_oop=0}
                      ; - java.lang.String::length@4 (line 1481)
                      ; - java.lang.String::substring@1 (line 2708)
                      ; - java.net.URLClassLoader::defineClass@28 (line 489)
                      ; - java.net.URLClassLoader$1::run@43 (line 427)
                      ; - java.net.URLClassLoader$1::run@1 (line 421)
                      ; - java.security.AccessController::executePrivileged@29 (line 807)
                      ; - java.security.AccessController::doPrivileged@13 (line 712)
                      ; - java.net.URLClassLoader::findClass@13 (line 420)
  0x000001f12f6c21e4: 1847 96ff | baf6 ffff | ff48 8b6c | 2458 4c8b | 5424 284c | 8954 2420 | 4c8b 5424 | 604c 8954 
  0x000001f12f6c2204: 2440 4889 | 7c24 504c | 8b54 2468 | 4c89 5424 | 5866 6690 

  0x000001f12f6c2218: ;   {runtime_call UncommonTrapBlob}
  0x000001f12f6c2218: c5f8 77e8 

  0x000001f12f6c221c: ; ImmutableOopMap {rbp=Oop [32]=Oop [64]=Oop [80]=Oop [136]=Oop [248]=Oop [256]=Oop }
                      ;*getfield jar {reexecute=1 rethrow=0 return_oop=0}
                      ; - (reexecute) jdk.internal.loader.URLClassPath$JarLoader$2::getManifest@7 (line 885)
                      ; - java.net.URLClassLoader::defineClass@34 (line 491)
                      ; - java.net.URLClassLoader$1::run@43 (line 427)
                      ; - java.net.URLClassLoader$1::run@1 (line 421)
                      ; - java.security.AccessController::executePrivileged@29 (line 807)
                      ; - java.security.AccessController::doPrivileged@13 (line 712)
                      ; - java.net.URLClassLoader::findClass@13 (line 420)
  0x000001f12f6c221c: e046 96ff | baf6 ffff | ff48 8b6c | 2458 4c8b | 5424 284c | 8954 2420 | 4c8b 5424 | 604c 8954 
  0x000001f12f6c223c: 2440 4889 | 7c24 504c | 8b54 2468 | 4c89 5424 | 5866 6690 

  0x000001f12f6c2250: ;   {runtime_call UncommonTrapBlob}
  0x000001f12f6c2250: c5f8 77e8 

  0x000001f12f6c2254: ; ImmutableOopMap {rbp=Oop [32]=Oop [64]=Oop [80]=Oop [136]=Oop [248]=Oop [256]=Oop }
                      ;*invokevirtual ensureInitialization {reexecute=0 rethrow=0 return_oop=0}
                      ; - java.util.jar.JavaUtilJarAccessImpl::ensureInitialization@1 (line 72)
                      ; - jdk.internal.loader.URLClassPath$JarLoader$2::getManifest@10 (line 885)
                      ; - java.net.URLClassLoader::defineClass@34 (line 491)
                      ; - java.net.URLClassLoader$1::run@43 (line 427)
                      ; - java.net.URLClassLoader$1::run@1 (line 421)
                      ; - java.security.AccessController::executePrivileged@29 (line 807)
                      ; - java.security.AccessController::doPrivileged@13 (line 712)
                      ; - java.net.URLClassLoader::findClass@13 (line 420)
  0x000001f12f6c2254: a846 96ff | baf6 ffff | ff48 8b6c | 2458 4c8b | 5424 284c | 8954 2420 | 4c8b 5424 | 604c 8954 
  0x000001f12f6c2274: 2440 4889 | 7c24 504c | 8b54 2468 | 4c89 5424 | 5866 6690 

  0x000001f12f6c2288: ;   {runtime_call UncommonTrapBlob}
  0x000001f12f6c2288: c5f8 77e8 

  0x000001f12f6c228c: ; ImmutableOopMap {rbp=Oop [32]=Oop [64]=Oop [80]=Oop [136]=Oop [248]=Oop [256]=Oop }
                      ;*getfield jar {reexecute=1 rethrow=0 return_oop=0}
                      ; - (reexecute) jdk.internal.loader.URLClassPath$JarLoader$2::getManifest@19 (line 886)
                      ; - java.net.URLClassLoader::defineClass@34 (line 491)
                      ; - java.net.URLClassLoader$1::run@43 (line 427)
                      ; - java.net.URLClassLoader$1::run@1 (line 421)
                      ; - java.security.AccessController::executePrivileged@29 (line 807)
                      ; - java.security.AccessController::doPrivileged@13 (line 712)
                      ; - java.net.URLClassLoader::findClass@13 (line 420)
  0x000001f12f6c228c: 7046 96ff | baf6 ffff | ff48 8b6c | 2458 4c8b | 5424 284c | 8954 2420 | 4c8b 5424 | 604c 8954 
  0x000001f12f6c22ac: 2440 4889 | 7c24 504c | 8b54 2468 | 4c89 5424 | 5866 6690 

  0x000001f12f6c22c0: ;   {runtime_call UncommonTrapBlob}
  0x000001f12f6c22c0: c5f8 77e8 

  0x000001f12f6c22c4: ; ImmutableOopMap {rbp=Oop [32]=Oop [64]=Oop [80]=Oop [136]=Oop [248]=Oop [256]=Oop }
                      ;*invokevirtual getManifest {reexecute=0 rethrow=0 return_oop=0}
                      ; - jdk.internal.loader.URLClassPath$JarLoader$2::getManifest@22 (line 886)
                      ; - java.net.URLClassLoader::defineClass@34 (line 491)
                      ; - java.net.URLClassLoader$1::run@43 (line 427)
                      ; - java.net.URLClassLoader$1::run@1 (line 421)
                      ; - java.security.AccessController::executePrivileged@29 (line 807)
                      ; - java.security.AccessController::doPrivileged@13 (line 712)
                      ; - java.net.URLClassLoader::findClass@13 (line 420)
  0x000001f12f6c22c4: 3846 96ff | baf4 ffff | ff48 8b6c | 2458 4c8b | 5424 284c | 8954 2420 | 4c8b 5424 | 604c 8954 
  0x000001f12f6c22e4: 2440 4889 | 7c24 504c | 8b54 2468 | 4c89 5424 | 5848 8974 | 2470 6690 

  0x000001f12f6c22fc: ;   {runtime_call UncommonTrapBlob}
  0x000001f12f6c22fc: c5f8 77e8 

  0x000001f12f6c2300: ; ImmutableOopMap {rbp=Oop [32]=Oop [64]=Oop [80]=Oop [112]=Oop [136]=Oop [248]=Oop [256]=Oop }
                      ;*checkcast {reexecute=0 rethrow=0 return_oop=0}
                      ; - java.util.jar.JarFile::getManifestFromReference@14 (line 410)
                      ; - java.util.jar.JarFile::getManifest@1 (line 406)
                      ; - jdk.internal.loader.URLClassPath$JarLoader$2::getManifest@22 (line 886)
                      ; - java.net.URLClassLoader::defineClass@34 (line 491)
                      ; - java.net.URLClassLoader$1::run@43 (line 427)
                      ; - java.net.URLClassLoader$1::run@1 (line 421)
                      ; - java.security.AccessController::executePrivileged@29 (line 807)
                      ; - java.security.AccessController::doPrivileged@13 (line 712)
                      ; - java.net.URLClassLoader::findClass@13 (line 420)
  0x000001f12f6c2300: fc45 96ff | ba45 ffff | ff48 8b6c | 2458 4c8b | 5424 284c | 8954 2420 | 4c8b 5424 | 604c 8954 
  0x000001f12f6c2320: 2440 4c8b | 5424 684c | 8954 2458 | 4889 7c24 | 7044 8944 | 247c 6690 

  0x000001f12f6c2338: ;   {runtime_call UncommonTrapBlob}
  0x000001f12f6c2338: c5f8 77e8 

  0x000001f12f6c233c: ; ImmutableOopMap {rbp=Oop [32]=Oop [64]=Oop [112]=Oop [124]=NarrowOop [136]=Oop [248]=Oop [256]=Oop }
                      ;*ifnonnull {reexecute=1 rethrow=0 return_oop=0}
                      ; - (reexecute) jdk.internal.access.SharedSecrets::javaUtilJarAccess@5 (line 104)
                      ; - jdk.internal.loader.URLClassPath$JarLoader$2::getManifest@0 (line 885)
                      ; - java.net.URLClassLoader::defineClass@34 (line 491)
                      ; - java.net.URLClassLoader$1::run@43 (line 427)
                      ; - java.net.URLClassLoader$1::run@1 (line 421)
                      ; - java.security.AccessController::executePrivileged@29 (line 807)
                      ; - java.security.AccessController::doPrivileged@13 (line 712)
                      ; - java.net.URLClassLoader::findClass@13 (line 420)
  0x000001f12f6c233c: c045 96ff | baf6 ffff | ff48 8b6c | 2458 4c8b | 5424 284c | 8954 2420 | 4c8b 5424 | 604c 8954 
  0x000001f12f6c235c: 2440 4c8b | 9424 8800 | 0000 4c89 | 5424 584c | 8b54 2468 | 4c89 5424 | 6066 6690 

  0x000001f12f6c2378: ;   {runtime_call UncommonTrapBlob}
  0x000001f12f6c2378: c5f8 77e8 

  0x000001f12f6c237c: ; ImmutableOopMap {rbp=Oop [32]=Oop [64]=Oop [80]=Oop [88]=Oop [112]=Oop [120]=Oop [128]=NarrowOop [248]=Oop [256]=Oop }
                      ;*arraylength {reexecute=0 rethrow=0 return_oop=0}
                      ; - java.util.jar.JarFile::getBytes@125 (line 820)
                      ; - java.util.jar.JarFile::getManifestFromReference@44 (line 419)
                      ; - java.util.jar.JarFile::getManifest@1 (line 406)
                      ; - jdk.internal.loader.URLClassPath$JarLoader$2::getManifest@22 (line 886)
                      ; - java.net.URLClassLoader::defineClass@34 (line 491)
                      ; - java.net.URLClassLoader$1::run@43 (line 427)
                      ; - java.net.URLClassLoader$1::run@1 (line 421)
                      ; - java.security.AccessController::executePrivileged@29 (line 807)
                      ; - java.security.AccessController::doPrivileged@13 (line 712)
                      ; - java.net.URLClassLoader::findClass@13 (line 420)
  0x000001f12f6c237c: 8045 96ff | ba45 ffff | ff48 8b6c | 2458 4c8b | 5c24 284c | 895c 2420 | 4c8b 5c24 | 604c 895c 
  0x000001f12f6c239c: 2440 4c8b | 9c24 8800 | 0000 4c89 | 5c24 584c | 8b5c 2468 | 4c89 5c24 | 604c 8994 | 2488 0000 
  0x000001f12f6c23bc: 0066 6690 

  0x000001f12f6c23c0: ;   {runtime_call UncommonTrapBlob}
  0x000001f12f6c23c0: c5f8 77e8 

  0x000001f12f6c23c4: ; ImmutableOopMap {rbp=Oop [32]=Oop [64]=Oop [72]=Oop [80]=Oop [88]=Oop [112]=Oop [136]=Oop [248]=Oop [256]=Oop }
                      ;*ifnull {reexecute=1 rethrow=0 return_oop=0}
                      ; - (reexecute) java.util.jar.JarFile::getManifestFromReference@148 (line 434)
                      ; - java.util.jar.JarFile::getManifest@1 (line 406)
                      ; - jdk.internal.loader.URLClassPath$JarLoader$2::getManifest@22 (line 886)
                      ; - java.net.URLClassLoader::defineClass@34 (line 491)
                      ; - java.net.URLClassLoader$1::run@43 (line 427)
                      ; - java.net.URLClassLoader$1::run@1 (line 421)
                      ; - java.security.AccessController::executePrivileged@29 (line 807)
                      ; - java.security.AccessController::doPrivileged@13 (line 712)
                      ; - java.net.URLClassLoader::findClass@13 (line 420)
  0x000001f12f6c23c4: 3845 96ff | baf4 ffff | ff48 8b6c | 2458 4c8b | 5424 284c | 8954 2420 | 4c8b 5424 | 604c 8954 
  0x000001f12f6c23e4: 2440 4c8b | 5424 684c | 8954 2460 

  0x000001f12f6c23f0: ;   {runtime_call UncommonTrapBlob}
  0x000001f12f6c23f0: c5f8 77e8 

  0x000001f12f6c23f4: ; ImmutableOopMap {rbp=Oop [32]=Oop [64]=Oop [72]=Oop [80]=Oop [136]=Oop [248]=Oop [256]=Oop }
                      ;*checkcast {reexecute=0 rethrow=0 return_oop=0}
                      ; - java.util.jar.JarFile::getManEntry@28 (line 944)
                      ; - java.util.jar.JarFile::getManifestFromReference@27 (line 414)
                      ; - java.util.jar.JarFile::getManifest@1 (line 406)
                      ; - jdk.internal.loader.URLClassPath$JarLoader$2::getManifest@22 (line 886)
                      ; - java.net.URLClassLoader::defineClass@34 (line 491)
                      ; - java.net.URLClassLoader$1::run@43 (line 427)
                      ; - java.net.URLClassLoader$1::run@1 (line 421)
                      ; - java.security.AccessController::executePrivileged@29 (line 807)
                      ; - java.security.AccessController::doPrivileged@13 (line 712)
                      ; - java.net.URLClassLoader::findClass@13 (line 420)
  0x000001f12f6c23f4: 0845 96ff | baf4 ffff | ff48 8b6c | 2458 4c8b | 5424 284c | 8954 2420 | 4c8b 5424 | 604c 8954 
  0x000001f12f6c2414: 2440 4c8b | 5424 684c | 8954 2460 | 4c89 8424 | 8000 0000 

  0x000001f12f6c2428: ;   {runtime_call UncommonTrapBlob}
  0x000001f12f6c2428: c5f8 77e8 

  0x000001f12f6c242c: ; ImmutableOopMap {rbp=Oop [32]=Oop [64]=Oop [80]=Oop [112]=NarrowOop [128]=Oop [136]=Oop [248]=Oop [256]=Oop }
                      ;*checkcast {reexecute=0 rethrow=0 return_oop=0}
                      ; - java.util.jar.JarFile::getManifestFromReference@14 (line 410)
                      ; - java.util.jar.JarFile::getManifest@1 (line 406)
                      ; - java.util.jar.JarFile::maybeInstantiateVerifier@31 (line 725)
                      ; - java.util.jar.JarFile::ensureInitialization@1 (line 1031)
                      ; - java.util.jar.JavaUtilJarAccessImpl::ensureInitialization@1 (line 72)
                      ; - jdk.internal.loader.URLClassPath$JarLoader$2::getManifest@10 (line 885)
                      ; - java.net.URLClassLoader::defineClass@34 (line 491)
                      ; - java.net.URLClassLoader$1::run@43 (line 427)
                      ; - java.net.URLClassLoader$1::run@1 (line 421)
                      ; - java.security.AccessController::executePrivileged@29 (line 807)
                      ; - java.security.AccessController::doPrivileged@13 (line 712)
                      ; - java.net.URLClassLoader::findClass@13 (line 420)
  0x000001f12f6c242c: d044 96ff | baf6 ffff | ff48 8b6c | 2458 4c8b | 5424 284c | 8954 2420 | 4c8b 5424 | 604c 8954 
  0x000001f12f6c244c: 2440 4c8b | 5424 684c | 8954 2460 

  0x000001f12f6c2458: ;   {runtime_call UncommonTrapBlob}
  0x000001f12f6c2458: c5f8 77e8 

  0x000001f12f6c245c: ; ImmutableOopMap {rbp=Oop [32]=Oop [64]=Oop [80]=Oop [112]=NarrowOop [136]=Oop [248]=Oop [256]=Oop }
                      ;*arraylength {reexecute=0 rethrow=0 return_oop=0}
                      ; - java.lang.ThreadLocal$ThreadLocalMap::set@6 (line 481)
                      ; - java.lang.ThreadLocal::set@17 (line 222)
                      ; - java.util.jar.JarFile::ensureInitialization@37 (line 1036)
                      ; - java.util.jar.JavaUtilJarAccessImpl::ensureInitialization@1 (line 72)
                      ; - jdk.internal.loader.URLClassPath$JarLoader$2::getManifest@10 (line 885)
                      ; - java.net.URLClassLoader::defineClass@34 (line 491)
                      ; - java.net.URLClassLoader$1::run@43 (line 427)
                      ; - java.net.URLClassLoader$1::run@1 (line 421)
                      ; - java.security.AccessController::executePrivileged@29 (line 807)
                      ; - java.security.AccessController::doPrivileged@13 (line 712)
                      ; - java.net.URLClassLoader::findClass@13 (line 420)
  0x000001f12f6c245c: a044 96ff | baf6 ffff | ff48 8b6c | 2458 4c8b | 5424 284c | 8954 2420 | 4c8b 5424 | 604c 8954 
  0x000001f12f6c247c: 2440 4c8b | 5424 684c | 8954 2460 | 4489 4c24 | 7866 6690 

  0x000001f12f6c2490: ;   {runtime_call UncommonTrapBlob}
  0x000001f12f6c2490: c5f8 77e8 

  0x000001f12f6c2494: ; ImmutableOopMap {rbp=Oop [32]=Oop [64]=Oop [80]=Oop [120]=NarrowOop [136]=Oop [248]=Oop [256]=Oop }
                      ;*arraylength {reexecute=0 rethrow=0 return_oop=0}
                      ; - java.lang.ThreadLocal$ThreadLocalMap::set@6 (line 481)
                      ; - java.lang.ThreadLocal::set@17 (line 222)
                      ; - java.util.jar.JarFile::ensureInitialization@55 (line 1041)
                      ; - java.util.jar.JavaUtilJarAccessImpl::ensureInitialization@1 (line 72)
                      ; - jdk.internal.loader.URLClassPath$JarLoader$2::getManifest@10 (line 885)
                      ; - java.net.URLClassLoader::defineClass@34 (line 491)
                      ; - java.net.URLClassLoader$1::run@43 (line 427)
                      ; - java.net.URLClassLoader$1::run@1 (line 421)
                      ; - java.security.AccessController::executePrivileged@29 (line 807)
                      ; - java.security.AccessController::doPrivileged@13 (line 712)
                      ; - java.net.URLClassLoader::findClass@13 (line 420)
  0x000001f12f6c2494: 6844 96ff | baf6 ffff | ff48 8b6c | 2458 4c8b | 5424 284c | 8954 2420 | 4c8b 5424 | 604c 8954 
  0x000001f12f6c24b4: 2440 4c8b | 5424 684c | 8954 2460 

  0x000001f12f6c24c0: ;   {runtime_call UncommonTrapBlob}
  0x000001f12f6c24c0: c5f8 77e8 

  0x000001f12f6c24c4: ; ImmutableOopMap {rbp=Oop [32]=Oop [64]=Oop [80]=Oop [112]=NarrowOop [136]=Oop [248]=Oop [256]=Oop }
                      ;*arraylength {reexecute=0 rethrow=0 return_oop=0}
                      ; - java.lang.ThreadLocal$ThreadLocalMap::cleanSomeSlots@10 (line 667)
                      ; - java.lang.ThreadLocal$ThreadLocalMap::set@113 (line 500)
                      ; - java.lang.ThreadLocal::set@17 (line 222)
                      ; - java.util.jar.JarFile::ensureInitialization@37 (line 1036)
                      ; - java.util.jar.JavaUtilJarAccessImpl::ensureInitialization@1 (line 72)
                      ; - jdk.internal.loader.URLClassPath$JarLoader$2::getManifest@10 (line 885)
                      ; - java.net.URLClassLoader::defineClass@34 (line 491)
                      ; - java.net.URLClassLoader$1::run@43 (line 427)
                      ; - java.net.URLClassLoader$1::run@1 (line 421)
                      ; - java.security.AccessController::executePrivileged@29 (line 807)
                      ; - java.security.AccessController::doPrivileged@13 (line 712)
                      ; - java.net.URLClassLoader::findClass@13 (line 420)
  0x000001f12f6c24c4: 3844 96ff | baf6 ffff | ff48 8b6c | 2458 4c8b | 5424 284c | 8954 2420 | 4c8b 5424 | 604c 8954 
  0x000001f12f6c24e4: 2440 4c8b | 5424 684c | 8954 2460 

  0x000001f12f6c24f0: ;   {runtime_call UncommonTrapBlob}
  0x000001f12f6c24f0: c5f8 77e8 

  0x000001f12f6c24f4: ; ImmutableOopMap {rbp=Oop [32]=Oop [64]=Oop [80]=Oop [112]=NarrowOop [136]=Oop [248]=Oop [256]=Oop }
                      ;*arraylength {reexecute=0 rethrow=0 return_oop=0}
                      ; - java.lang.ThreadLocal$ThreadLocalMap::cleanSomeSlots@10 (line 667)
                      ; - java.lang.ThreadLocal$ThreadLocalMap::set@113 (line 500)
                      ; - java.lang.ThreadLocal::set@17 (line 222)
                      ; - java.util.jar.JarFile::ensureInitialization@55 (line 1041)
                      ; - java.util.jar.JavaUtilJarAccessImpl::ensureInitialization@1 (line 72)
                      ; - jdk.internal.loader.URLClassPath$JarLoader$2::getManifest@10 (line 885)
                      ; - java.net.URLClassLoader::defineClass@34 (line 491)
                      ; - java.net.URLClassLoader$1::run@43 (line 427)
                      ; - java.net.URLClassLoader$1::run@1 (line 421)
                      ; - java.security.AccessController::executePrivileged@29 (line 807)
                      ; - java.security.AccessController::doPrivileged@13 (line 712)
                      ; - java.net.URLClassLoader::findClass@13 (line 420)
  0x000001f12f6c24f4: 0844 96ff | baf4 ffff | ff66 6690 

  0x000001f12f6c2500: ;   {runtime_call UncommonTrapBlob}
  0x000001f12f6c2500: c5f8 77e8 

  0x000001f12f6c2504: ; ImmutableOopMap {}
                      ;*checkcast {reexecute=0 rethrow=0 return_oop=0}
                      ; - java.net.URLClassLoader::findClass@28 (line 442)
  0x000001f12f6c2504: f843 96ff | baf6 ffff | ff48 8b6c | 2458 4c8b | 5424 284c | 8954 2420 | 4c8b 5424 | 604c 8954 
  0x000001f12f6c2524: 2440 4c8b | 9424 8800 | 0000 4c89 | 5424 5890 

  0x000001f12f6c2534: ;   {runtime_call UncommonTrapBlob}
  0x000001f12f6c2534: c5f8 77e8 

  0x000001f12f6c2538: ; ImmutableOopMap {rbp=Oop [32]=Oop [64]=Oop [80]=Oop [88]=Oop [112]=NarrowOop [116]=NarrowOop [128]=Oop [144]=Oop [248]=Oop [256]=Oop }
                      ;*arraylength {reexecute=0 rethrow=0 return_oop=0}
                      ; - java.util.jar.JarFile::getBytes@125 (line 820)
                      ; - java.util.jar.JarFile::getManifestFromReference@44 (line 419)
                      ; - java.util.jar.JarFile::getManifest@1 (line 406)
                      ; - java.util.jar.JarFile::maybeInstantiateVerifier@31 (line 725)
                      ; - java.util.jar.JarFile::ensureInitialization@1 (line 1031)
                      ; - java.util.jar.JavaUtilJarAccessImpl::ensureInitialization@1 (line 72)
                      ; - jdk.internal.loader.URLClassPath$JarLoader$2::getManifest@10 (line 885)
                      ; - java.net.URLClassLoader::defineClass@34 (line 491)
                      ; - java.net.URLClassLoader$1::run@43 (line 427)
                      ; - java.net.URLClassLoader$1::run@1 (line 421)
                      ; - java.security.AccessController::executePrivileged@29 (line 807)
                      ; - java.security.AccessController::doPrivileged@13 (line 712)
                      ; - java.net.URLClassLoader::findClass@13 (line 420)
  0x000001f12f6c2538: c443 96ff | ba45 ffff | ff48 8b6c | 2458 4c8b | 5c24 284c | 895c 2420 | 4c8b 5c24 | 604c 895c 
  0x000001f12f6c2558: 2440 4c8b | 9c24 8800 | 0000 4c89 | 5c24 484c | 8b5c 2468 | 4c89 5c24 | 604c 8994 | 2488 0000 
  0x000001f12f6c2578: 004c 8984 | 2498 0000 | 0066 6690 

  0x000001f12f6c2584: ;   {runtime_call UncommonTrapBlob}
  0x000001f12f6c2584: c5f8 77e8 

  0x000001f12f6c2588: ; ImmutableOopMap {rbp=Oop [32]=Oop [64]=Oop [72]=Oop [80]=Oop [112]=NarrowOop [128]=Oop [136]=Oop [152]=Oop [248]=Oop [256]=Oop }
                      ;*ifnull {reexecute=1 rethrow=0 return_oop=0}
                      ; - (reexecute) java.util.jar.JarFile::getManifestFromReference@148 (line 434)
                      ; - java.util.jar.JarFile::getManifest@1 (line 406)
                      ; - java.util.jar.JarFile::maybeInstantiateVerifier@31 (line 725)
                      ; - java.util.jar.JarFile::ensureInitialization@1 (line 1031)
                      ; - java.util.jar.JavaUtilJarAccessImpl::ensureInitialization@1 (line 72)
                      ; - jdk.internal.loader.URLClassPath$JarLoader$2::getManifest@10 (line 885)
                      ; - java.net.URLClassLoader::defineClass@34 (line 491)
                      ; - java.net.URLClassLoader$1::run@43 (line 427)
                      ; - java.net.URLClassLoader$1::run@1 (line 421)
                      ; - java.security.AccessController::executePrivileged@29 (line 807)
                      ; - java.security.AccessController::doPrivileged@13 (line 712)
                      ; - java.net.URLClassLoader::findClass@13 (line 420)
  0x000001f12f6c2588: 7443 96ff | baf4 ffff | ff48 8b6c | 2458 4c8b | 5424 284c | 8954 2420 | 4c8b 5424 | 604c 8954 
  0x000001f12f6c25a8: 2440 4c8b | 9424 8800 | 0000 4c89 | 5424 584c | 8b54 2468 | 4c89 5424 | 6066 6690 

  0x000001f12f6c25c4: ;   {runtime_call UncommonTrapBlob}
  0x000001f12f6c25c4: c5f8 77e8 

  0x000001f12f6c25c8: ; ImmutableOopMap {rbp=Oop [32]=Oop [64]=Oop [72]=Oop [80]=Oop [88]=Oop [112]=NarrowOop [248]=Oop [256]=Oop }
                      ;*checkcast {reexecute=0 rethrow=0 return_oop=0}
                      ; - java.util.jar.JarFile::getManEntry@28 (line 944)
                      ; - java.util.jar.JarFile::getManifestFromReference@27 (line 414)
                      ; - java.util.jar.JarFile::getManifest@1 (line 406)
                      ; - java.util.jar.JarFile::maybeInstantiateVerifier@31 (line 725)
                      ; - java.util.jar.JarFile::ensureInitialization@1 (line 1031)
                      ; - java.util.jar.JavaUtilJarAccessImpl::ensureInitialization@1 (line 72)
                      ; - jdk.internal.loader.URLClassPath$JarLoader$2::getManifest@10 (line 885)
                      ; - java.net.URLClassLoader::defineClass@34 (line 491)
                      ; - java.net.URLClassLoader$1::run@43 (line 427)
                      ; - java.net.URLClassLoader$1::run@1 (line 421)
                      ; - java.security.AccessController::executePrivileged@29 (line 807)
                      ; - java.security.AccessController::doPrivileged@13 (line 712)
                      ; - java.net.URLClassLoader::findClass@13 (line 420)
  0x000001f12f6c25c8: 3443 96ff | 4c8b d0e9 | 8803 0000 | 4c8b d0e9 | 8003 0000 | 4c8b d090 | e997 0600 | 004c 8bd0 
  0x000001f12f6c25e8: e98f 0600 | 0048 8b94 | 24a8 0000 | 004c 8bc0 

  0x000001f12f6c25f8: ;   {optimized virtual_call}
  0x000001f12f6c25f8: c5f8 77e8 

  0x000001f12f6c25fc: ; ImmutableOopMap {[40]=Oop [48]=Oop [56]=Oop [80]=Oop [88]=Oop [96]=Oop [112]=NarrowOop [128]=Oop [136]=Oop [168]=Oop [248]=Oop [256]=Oop }
                      ;*invokevirtual addSuppressed {reexecute=0 rethrow=0 return_oop=0}
                      ; - java.util.jar.JarFile::getBytes@213 (line 801)
                      ; - java.util.jar.JarFile::getManifestFromReference@44 (line 419)
                      ; - java.util.jar.JarFile::getManifest@1 (line 406)
                      ; - java.util.jar.JarFile::maybeInstantiateVerifier@31 (line 725)
                      ; - java.util.jar.JarFile::ensureInitialization@1 (line 1031)
                      ; - java.util.jar.JavaUtilJarAccessImpl::ensureInitialization@1 (line 72)
                      ; - jdk.internal.loader.URLClassPath$JarLoader$2::getManifest@10 (line 885)
                      ; - java.net.URLClassLoader::defineClass@34 (line 491)
                      ; - java.net.URLClassLoader$1::run@43 (line 427)
                      ; - java.net.URLClassLoader$1::run@1 (line 421)
                      ; - java.security.AccessController::executePrivileged@29 (line 807)
                      ; - java.security.AccessController::doPrivileged@13 (line 712)
                      ; - java.net.URLClassLoader::findClass@13 (line 420)
  0x000001f12f6c25fc: 80ed 95ff | e9bf 0200 | 0048 8b94 | 24a0 0000 | 004c 8bc0 

  0x000001f12f6c2610: ;   {optimized virtual_call}
  0x000001f12f6c2610: c5f8 77e8 

  0x000001f12f6c2614: ; ImmutableOopMap {[40]=Oop [48]=Oop [80]=Oop [88]=Oop [96]=Oop [112]=NarrowOop [136]=Oop [160]=Oop [248]=Oop [256]=Oop }
                      ;*invokevirtual addSuppressed {reexecute=0 rethrow=0 return_oop=0}
                      ; - java.util.jar.JarFile::getManifestFromReference@177 (line 432)
                      ; - java.util.jar.JarFile::getManifest@1 (line 406)
                      ; - java.util.jar.JarFile::maybeInstantiateVerifier@31 (line 725)
                      ; - java.util.jar.JarFile::ensureInitialization@1 (line 1031)
                      ; - java.util.jar.JavaUtilJarAccessImpl::ensureInitialization@1 (line 72)
                      ; - jdk.internal.loader.URLClassPath$JarLoader$2::getManifest@10 (line 885)
                      ; - java.net.URLClassLoader::defineClass@34 (line 491)
                      ; - java.net.URLClassLoader$1::run@43 (line 427)
                      ; - java.net.URLClassLoader$1::run@1 (line 421)
                      ; - java.security.AccessController::executePrivileged@29 (line 807)
                      ; - java.security.AccessController::doPrivileged@13 (line 712)
                      ; - java.net.URLClassLoader::findClass@13 (line 420)
  0x000001f12f6c2614: 68ed 95ff | e937 0300 | 0048 8984 | 24a8 0000 | 00e9 7502 | 0000 488b | d8e9 8605 | 0000 4c8b 
  0x000001f12f6c2634: d0e9 f601 | 0000 e9ec | 0200 0090 | e9e6 0200 | 0048 8984 | 24a0 0000 | 00e9 e102 | 0000 e9d4 
  0x000001f12f6c2654: 0200 004c | 8bd0 e9fd | 0200 004c | 8bd0 e9f5 | 0200 004c | 8bd0 e9ed | 0200 004c | 8bd0 e9e5 
  0x000001f12f6c2674: 0200 004c | 8bd0 e9dd | 0200 004c | 8bd0 e9d5 | 0200 004c | 8bd0 e9cd | 0200 004c | 8bd0 e9c5 
  0x000001f12f6c2694: 0200 004c | 8bd0 e9bd | 0200 004c | 8bd0 e9b5 | 0200 004c | 8bd0 e9ad | 0200 004c | 8bd0 e9a5 
  0x000001f12f6c26b4: 0200 004c | 8bd0 e99d | 0200 004c | 8bd0 e995 | 0200 004c | 8bd0 e98d | 0200 004c | 8bd0 e985 
  0x000001f12f6c26d4: 0200 004c | 8bd0 e97d | 0200 004c | 8bd0 e975 | 0200 004c | 8bd0 e96d | 0200 004c | 8bd0 e965 
  0x000001f12f6c26f4: 0200 004c | 8bd0 e95d | 0200 004c | 8bd0 e955 | 0200 004c | 8bd0 e98d | 0200 004c | 8bd0 e991 
  0x000001f12f6c2714: 0200 004c | 8bd0 e97d | 0200 004c | 8bd0 e981 | 0200 0048 | 8b94 2498 | 0000 004c | 8bc0 4c8b 
  0x000001f12f6c2734: 5424 504c | 8954 2448 | 4c8b 5424 | 684c 8954 | 2450 6690 

  0x000001f12f6c2748: ;   {optimized virtual_call}
  0x000001f12f6c2748: c5f8 77e8 

  0x000001f12f6c274c: ; ImmutableOopMap {[40]=Oop [72]=Oop [88]=Oop [96]=Oop [136]=Oop [152]=Oop [248]=Oop [256]=Oop }
                      ;*invokevirtual addSuppressed {reexecute=0 rethrow=0 return_oop=0}
                      ; - java.util.jar.JarFile::getManifestFromReference@177 (line 432)
                      ; - java.util.jar.JarFile::getManifest@1 (line 406)
                      ; - jdk.internal.loader.URLClassPath$JarLoader$2::getManifest@22 (line 886)
                      ; - java.net.URLClassLoader::defineClass@34 (line 491)
                      ; - java.net.URLClassLoader$1::run@43 (line 427)
                      ; - java.net.URLClassLoader$1::run@1 (line 421)
                      ; - java.security.AccessController::executePrivileged@29 (line 807)
                      ; - java.security.AccessController::doPrivileged@13 (line 712)
                      ; - java.net.URLClassLoader::findClass@13 (line 420)
  0x000001f12f6c274c: 30ec 95ff | e987 0300 | 0048 8b94 | 2490 0000 | 004c 8bc0 

  0x000001f12f6c2760: ;   {optimized virtual_call}
  0x000001f12f6c2760: c5f8 77e8 

  0x000001f12f6c2764: ; ImmutableOopMap {[40]=Oop [56]=Oop [80]=Oop [88]=Oop [96]=Oop [112]=Oop [136]=Oop [144]=Oop [248]=Oop [256]=Oop }
                      ;*invokevirtual addSuppressed {reexecute=0 rethrow=0 return_oop=0}
                      ; - java.util.jar.JarFile::getBytes@213 (line 801)
                      ; - java.util.jar.JarFile::getManifestFromReference@44 (line 419)
                      ; - java.util.jar.JarFile::getManifest@1 (line 406)
                      ; - jdk.internal.loader.URLClassPath$JarLoader$2::getManifest@22 (line 886)
                      ; - java.net.URLClassLoader::defineClass@34 (line 491)
                      ; - java.net.URLClassLoader$1::run@43 (line 427)
                      ; - java.net.URLClassLoader$1::run@1 (line 421)
                      ; - java.security.AccessController::executePrivileged@29 (line 807)
                      ; - java.security.AccessController::doPrivileged@13 (line 712)
                      ; - java.net.URLClassLoader::findClass@13 (line 420)
  0x000001f12f6c2764: 18ec 95ff | e913 0400 | 004c 8bd0 | e927 0200 | 004c 8bd0 | e92b 0200 | 0048 8bd8 | 448b 5008 
  0x000001f12f6c2784: e942 0500 | 0048 8984 | 2490 0000 | 00e9 c903 | 0000 4c8b | d0e9 be01 | 0000 4c8b | d0e9 b601 
  0x000001f12f6c27a4: 0000 4889 | 8424 9800 | 0000 e909 | 0300 004c | 8bd0 e9c1 | 0400 004c | 8bd0 6690 | e9b7 0400 
  0x000001f12f6c27c4: 004c 8bd0 | e9af 0400 | 004c 8bd0 | e9a7 0400 | 004c 8bd0 | e99f 0400 | 004c 8bd0 | e997 0400 
  0x000001f12f6c27e4: 004c 8bd0 | e98f 0400 | 004c 8bd0 | e987 0400 | 004c 8bd0 | e97f 0400 | 004c 8bd0 | e977 0400 
  0x000001f12f6c2804: 004c 8bd0 | e96f 0400 | 004c 8bd0 | e967 0400 | 004c 8bd0 | e95f 0400 | 004c 8bd0 | e957 0400 
  0x000001f12f6c2824: 004c 8bd0 | e94f 0400 | 004c 8bd0 | 498b da45 | 8b52 0849 | bb00 0000 | 56f1 0100 | 004d 03da 
  0x000001f12f6c2844: e921 0600 | 0048 8bd8 | e934 0600 | 004c 8bd0 | e903 0100 | 004c 8bd0 | 0f1f 4000 | e9f7 0000 
  0x000001f12f6c2864: 004c 8bd0 | e9ef 0000 | 004c 8bd0 | e9e7 0000 | 004c 8bd0 | e9df 0000 | 004c 8bd0 | e9d7 0000 
  0x000001f12f6c2884: 004c 8bd0 | e9cf 0000 | 0048 8984 | 24a8 0000 | 00eb 0848 | 8984 24a8 | 0000 004c | 8b94 2490 
  0x000001f12f6c28a4: 0000 004d | 85d2 7418 | 498b d266 | 6690 c5f8 | 7748 b8ff | ffff ffff 

  0x000001f12f6c28bc: ;   {virtual_call}
  0x000001f12f6c28bc: ffff ffe8 

  0x000001f12f6c28c0: ; ImmutableOopMap {[40]=Oop [48]=Oop [56]=Oop [80]=Oop [88]=Oop [96]=Oop [112]=NarrowOop [128]=Oop [136]=Oop [168]=Oop [248]=Oop [256]=Oop }
                      ;*invokevirtual close {reexecute=0 rethrow=0 return_oop=0}
                      ; - java.util.jar.JarFile::getBytes@202 (line 801)
                      ; - java.util.jar.JarFile::getManifestFromReference@44 (line 419)
                      ; - java.util.jar.JarFile::getManifest@1 (line 406)
                      ; - java.util.jar.JarFile::maybeInstantiateVerifier@31 (line 725)
                      ; - java.util.jar.JarFile::ensureInitialization@1 (line 1031)
                      ; - java.util.jar.JavaUtilJarAccessImpl::ensureInitialization@1 (line 72)
                      ; - jdk.internal.loader.URLClassPath$JarLoader$2::getManifest@10 (line 885)
                      ; - java.net.URLClassLoader::defineClass@34 (line 491)
                      ; - java.net.URLClassLoader$1::run@43 (line 427)
                      ; - java.net.URLClassLoader$1::run@1 (line 421)
                      ; - java.security.AccessController::executePrivileged@29 (line 807)
                      ; - java.security.AccessController::doPrivileged@13 (line 712)
                      ; - java.net.URLClassLoader::findClass@13 (line 420)
  0x000001f12f6c28c0: bced 95ff | 4c8b 9424 | a800 0000 | e98b 0000 | 004c 8bd0 | e926 0100 | 0048 8be8 

  0x000001f12f6c28dc: ;   {oop(a 'java/lang/ThreadLocal'{0x000000060066eee0})}
  0x000001f12f6c28dc: 48ba e0ee | 6600 0600 

  0x000001f12f6c28e4: ;   {oop(a 'java/lang/Boolean'{0x00000006004a6610} = false)}
  0x000001f12f6c28e4: 0000 49b8 | 1066 4a00 | 0600 0000 

  0x000001f12f6c28f0: ;   {optimized virtual_call}
  0x000001f12f6c28f0: c5f8 77e8 

  0x000001f12f6c28f4: ; ImmutableOopMap {rbp=Oop [40]=Oop [48]=Oop [80]=Oop [88]=Oop [96]=Oop [136]=Oop [248]=Oop [256]=Oop }
                      ;*invokevirtual set {reexecute=0 rethrow=0 return_oop=0}
                      ; - java.util.jar.JarFile::ensureInitialization@68 (line 1041)
                      ; - java.util.jar.JavaUtilJarAccessImpl::ensureInitialization@1 (line 72)
                      ; - jdk.internal.loader.URLClassPath$JarLoader$2::getManifest@10 (line 885)
                      ; - java.net.URLClassLoader::defineClass@34 (line 491)
                      ; - java.net.URLClassLoader$1::run@43 (line 427)
                      ; - java.net.URLClassLoader$1::run@1 (line 421)
                      ; - java.security.AccessController::executePrivileged@29 (line 807)
                      ; - java.security.AccessController::doPrivileged@13 (line 712)
                      ; - java.net.URLClassLoader::findClass@13 (line 420)
  0x000001f12f6c28f4: 88ea 95ff | 488b dd0f | 1f44 0000 | e9b3 0200 | 0048 8bd8 | e95e 0400 | 0048 8bd8 | e956 0400 
  0x000001f12f6c2914: 0048 8bd8 | e94e 0400 | 0048 8bd8 | 448b 5008 | e9a2 0300 | 00eb 0048 | 8984 24a0 | 0000 004c 
  0x000001f12f6c2934: 8b54 2438 | 4d85 d274 | 1749 8bd2 | 6690 c5f8 | 7748 b8ff | ffff ffff 

  0x000001f12f6c294c: ;   {virtual_call}
  0x000001f12f6c294c: ffff ffe8 

  0x000001f12f6c2950: ; ImmutableOopMap {[40]=Oop [48]=Oop [80]=Oop [88]=Oop [96]=Oop [112]=NarrowOop [136]=Oop [160]=Oop [248]=Oop [256]=Oop }
                      ;*invokevirtual close {reexecute=0 rethrow=0 return_oop=0}
                      ; - java.util.jar.JarFile::getManifestFromReference@165 (line 432)
                      ; - java.util.jar.JarFile::getManifest@1 (line 406)
                      ; - java.util.jar.JarFile::maybeInstantiateVerifier@31 (line 725)
                      ; - java.util.jar.JarFile::ensureInitialization@1 (line 1031)
                      ; - java.util.jar.JavaUtilJarAccessImpl::ensureInitialization@1 (line 72)
                      ; - jdk.internal.loader.URLClassPath$JarLoader$2::getManifest@10 (line 885)
                      ; - java.net.URLClassLoader::defineClass@34 (line 491)
                      ; - java.net.URLClassLoader$1::run@43 (line 427)
                      ; - java.net.URLClassLoader$1::run@1 (line 421)
                      ; - java.security.AccessController::executePrivileged@29 (line 807)
                      ; - java.security.AccessController::doPrivileged@13 (line 712)
                      ; - java.net.URLClassLoader::findClass@13 (line 420)
  0x000001f12f6c2950: 2ced 95ff | 4c8b 9424 | a000 0000 | 498b da45 | 8b5a 08e9 | 2c02 0000 | 488b d844 | 8b50 0849 
  0x000001f12f6c2970: bb00 0000 | 56f1 0100 | 004d 03da | 4d8b 5b50 | 4c3b dd0f | 8542 0300 | 0045 33c9 | e9d3 0000 
  0x000001f12f6c2990: 0048 8bd8 | e9ec 0400 | 004c 8bd0 | 498b da90 | e913 0200 | 004c 8bd0 | 498b dae9 | 0802 0000 
  0x000001f12f6c29b0: 4c8b d0eb | 034c 8bd0 | 498b da45 | 8b52 084c | 8b5c 2430 | 4c89 5c24 | 584c 8b5c | 2438 4c89 
  0x000001f12f6c29d0: 9c24 8800 | 0000 e9f0 | 0200 004c | 8bd0 6690 | eb03 4c8b | d04c 8b5c | 2420 4c89 | 5c24 5849 
  0x000001f12f6c29f0: 8bda e974 | 0300 004c | 8bd0 eb03 | 4c8b d04c | 8b5c 2420 | 4c89 5c24 | 5849 8bda | e95a 0300 
  0x000001f12f6c2a10: 004c 8bd0 | e963 0200 | 004c 8bd0 | 0f1f 4000 | e996 0200 | 0048 8bd8 | 448b 5008 | 4889 6c24 
  0x000001f12f6c2a30: 58e9 9502 | 0000 4c8b | d0e9 3e02 | 0000 488b | d844 8b50 | 0849 bb00 | 0000 56f1 | 0100 004d 
  0x000001f12f6c2a50: 03da 4d8b | 5b50 4c3b | dd0f 856c | 0200 004c | 8b4c 2438 | 488b 5424 | 604c 8b84 | 2400 0100 
  0x000001f12f6c2a70: 0048 8bbc | 24f8 0000 | 0066 6690 

  0x000001f12f6c2a7c: ;   {optimized virtual_call}
  0x000001f12f6c2a7c: c5f8 77e8 

  0x000001f12f6c2a80: ; ImmutableOopMap {[40]=Oop [48]=Oop [88]=Oop [96]=Oop [136]=Oop [248]=Oop [256]=Oop }
                      ;*invokevirtual getAndVerifyPackage {reexecute=0 rethrow=0 return_oop=1}
                      ; - java.net.URLClassLoader::defineClass@97 (line 502)
                      ; - java.net.URLClassLoader$1::run@43 (line 427)
                      ; - java.net.URLClassLoader$1::run@1 (line 421)
                      ; - java.security.AccessController::executePrivileged@29 (line 807)
                      ; - java.security.AccessController::doPrivileged@13 (line 712)
                      ; - java.net.URLClassLoader::findClass@13 (line 420)
  0x000001f12f6c2a80: fce8 95ff | 4885 c00f | 8520 89ff | ffba fd00 | 0000 4c8b | 5424 284c | 8954 2420 

  0x000001f12f6c2a9c: ;   {runtime_call UncommonTrapBlob}
  0x000001f12f6c2a9c: c5f8 77e8 

  0x000001f12f6c2aa0: ; ImmutableOopMap {[32]=Oop [88]=Oop [96]=Oop [136]=Oop [256]=Oop }
                      ;*new {reexecute=0 rethrow=0 return_oop=0}
                      ; - java.net.URLClassLoader::defineClass@103 (line 504)
                      ; - java.net.URLClassLoader$1::run@43 (line 427)
                      ; - java.net.URLClassLoader$1::run@1 (line 421)
                      ; - java.security.AccessController::executePrivileged@29 (line 807)
                      ; - java.security.AccessController::doPrivileged@13 (line 712)
                      ; - java.net.URLClassLoader::findClass@13 (line 420)
  0x000001f12f6c2aa0: 5c3e 96ff | 4c8b d0e9 | d001 0000 | 4c8b d0e9 | c801 0000 | 4889 8424 | 9800 0000 | 4c8b d590 
  0x000001f12f6c2ac0: 4d85 d274 | 1749 8bd2 | 6690 c5f8 | 7748 b8ff | ffff ffff 

  0x000001f12f6c2ad4: ;   {virtual_call}
  0x000001f12f6c2ad4: ffff ffe8 

  0x000001f12f6c2ad8: ; ImmutableOopMap {[40]=Oop [80]=Oop [88]=Oop [96]=Oop [136]=Oop [152]=Oop [248]=Oop [256]=Oop }
                      ;*invokevirtual close {reexecute=0 rethrow=0 return_oop=0}
                      ; - java.util.jar.JarFile::getManifestFromReference@165 (line 432)
                      ; - java.util.jar.JarFile::getManifest@1 (line 406)
                      ; - jdk.internal.loader.URLClassPath$JarLoader$2::getManifest@22 (line 886)
                      ; - java.net.URLClassLoader::defineClass@34 (line 491)
                      ; - java.net.URLClassLoader$1::run@43 (line 427)
                      ; - java.net.URLClassLoader$1::run@1 (line 421)
                      ; - java.security.AccessController::executePrivileged@29 (line 807)
                      ; - java.security.AccessController::doPrivileged@13 (line 712)
                      ; - java.net.URLClassLoader::findClass@13 (line 420)
  0x000001f12f6c2ad8: a4eb 95ff | 4c8b 9424 | 9800 0000 | e993 0100 | 004c 8bd0 | e98b 0100 | 004c 8bd0 | e983 0100 
  0x000001f12f6c2af8: 004c 8bd0 | 0f1f 4000 | e977 0100 | 004c 8bd0 | e96f 0100 | 004c 8bd0 | e967 0100 | 004c 8bd0 
  0x000001f12f6c2b18: e95f 0100 | 004c 8bd0 | e957 0100 | 004c 8bd0 | e94f 0100 | 004c 8bd0 | e947 0100 | 004c 8bd0 
  0x000001f12f6c2b38: e93f 0100 | 004c 8bd0 | e937 0100 | 004c 8bd0 | e92f 0100 | 0048 8984 | 2490 0000 | 00eb 0848 
  0x000001f12f6c2b58: 8984 2490 | 0000 004c | 8b54 2478 | 4d85 d274 | 1749 8bd2 | 6690 c5f8 | 7748 b8ff | ffff ffff 
  0x000001f12f6c2b78: ;   {virtual_call}
  0x000001f12f6c2b78: ffff ffe8 

  0x000001f12f6c2b7c: ; ImmutableOopMap {[40]=Oop [56]=Oop [80]=Oop [88]=Oop [96]=Oop [112]=Oop [136]=Oop [144]=Oop [248]=Oop [256]=Oop }
                      ;*invokevirtual close {reexecute=0 rethrow=0 return_oop=0}
                      ; - java.util.jar.JarFile::getBytes@202 (line 801)
                      ; - java.util.jar.JarFile::getManifestFromReference@44 (line 419)
                      ; - java.util.jar.JarFile::getManifest@1 (line 406)
                      ; - jdk.internal.loader.URLClassPath$JarLoader$2::getManifest@22 (line 886)
                      ; - java.net.URLClassLoader::defineClass@34 (line 491)
                      ; - java.net.URLClassLoader$1::run@43 (line 427)
                      ; - java.net.URLClassLoader$1::run@1 (line 421)
                      ; - java.security.AccessController::executePrivileged@29 (line 807)
                      ; - java.security.AccessController::doPrivileged@13 (line 712)
                      ; - java.net.URLClassLoader::findClass@13 (line 420)
  0x000001f12f6c2b7c: 00eb 95ff | 4c8b 9424 | 9000 0000 | e9ef 0000 | 0048 8bd8 | 448b 5808 | 49ba 0000 | 0056 f101 
  0x000001f12f6c2b9c: 0000 4d03 | d34d 8b52 

  0x000001f12f6c2ba4: ;   {metadata('java/io/IOException')}
  0x000001f12f6c2ba4: 4849 bbd8 | 4504 57f1 | 0100 004d | 3bd3 0f84 | 1003 0000 | 4c8b 5c24 | 3048 8d84 | 2410 0100 
  0x000001f12f6c2bc4: 0048 8138 | 0000 0000 | 0f84 8300 | 0000 4d8b | 1349 f7c2 | 0200 0000 | 746f 4981 | ba86 0000 
  0x000001f12f6c2be4: 0000 0000 | 0074 0949 | ff8a 8600 | 0000 eb51 | 498b 8296 | 0000 0049 | 0b82 8e00 | 0000 750a 
  0x000001f12f6c2c04: 49c7 423e | 0000 0000 | eb47 4981 | ba9e 0000 | 0000 0000 | 0074 2548 | 33c0 49c7 | 423e 0000 
  0x000001f12f6c2c24: 0000 f083 | 0424 0049 | 81ba 9e00 | 0000 0000 | 0000 750d | f04d 0fb1 | 7a3e 7505 | 83c8 01eb 
  0x000001f12f6c2c44: 10f7 c000 | 0000 00eb | 084c 8b10 | f04d 0fb1 | 1374 2848 | 8b4c 2430 | 488d 9424 | 1001 0000 
  0x000001f12f6c2c64: 4d8b c7c5 | f877 49ba | 9093 65b5 | fb7f 0000 | 41ff d2eb | 064c 8bd0 | 498b da44 | 8b53 08e9 
  0x000001f12f6c2c84: 4300 0000 | 488b d844 | 8b50 08e9 | 3700 0000 | 488b d844 | 8b50 08eb | 2e48 8bd8 | 448b 5008 
  0x000001f12f6c2ca4: eb25 488b | d844 8b50 | 08eb 1c48 | 8bd8 448b | 5008 eb13 | 4c8b d049 | 8bda 458b | 5208 eb07 
  0x000001f12f6c2cc4: 488b d844 | 8b50 0849 | bb00 0000 | 56f1 0100 | 004d 03da | 4d8b 5348 

  0x000001f12f6c2cdc: ;   {metadata('java/io/IOException')}
  0x000001f12f6c2cdc: 49b8 d845 | 0457 f101 | 0000 4d3b | d00f 84b6 | 0100 004d 

  0x000001f12f6c2cf0: ;   {metadata('java/lang/ClassFormatError')}
  0x000001f12f6c2cf0: 8b53 5049 | bb10 b616 | 57f1 0100 | 0066 6690 | 4d3b d30f | 8562 0000 | 0048 8beb | 488b 9424 
  0x000001f12f6c2d10: 8800 0000 | 6690 c5f8 | 7748 b8ff | ffff ffff 

  0x000001f12f6c2d20: ;   {virtual_call}
  0x000001f12f6c2d20: ffff ffe8 

  0x000001f12f6c2d24: ; ImmutableOopMap {rbp=Oop [40]=Oop [88]=Oop [136]=Oop }
                      ;*invokevirtual getDataError {reexecute=0 rethrow=0 return_oop=1}
                      ; - java.net.URLClassLoader$1::run@63 (line 431)
                      ; - java.net.URLClassLoader$1::run@1 (line 421)
                      ; - java.security.AccessController::executePrivileged@29 (line 807)
                      ; - java.security.AccessController::doPrivileged@13 (line 712)
                      ; - java.net.URLClassLoader::findClass@13 (line 420)
  0x000001f12f6c2d24: 58e9 95ff | 4885 c074 | 3348 8b94 | 2488 0000 | 0090 c5f8 | 7748 b8ff | ffff ffff 

  0x000001f12f6c2d40: ;   {virtual_call}
  0x000001f12f6c2d40: ffff ffe8 

  0x000001f12f6c2d44: ; ImmutableOopMap {rbp=Oop [40]=Oop [88]=Oop }
                      ;*invokevirtual getDataError {reexecute=0 rethrow=0 return_oop=1}
                      ; - java.net.URLClassLoader$1::run@71 (line 432)
                      ; - java.net.URLClassLoader$1::run@1 (line 421)
                      ; - java.security.AccessController::executePrivileged@29 (line 807)
                      ; - java.security.AccessController::doPrivileged@13 (line 712)
                      ; - java.net.URLClassLoader::findClass@13 (line 420)
  0x000001f12f6c2d44: 38e9 95ff | 4c8b 5c24 | 284c 895c | 2420 488b | d54c 8bc0 

  0x000001f12f6c2d58: ;   {optimized virtual_call}
  0x000001f12f6c2d58: c5f8 77e8 

  0x000001f12f6c2d5c: ; ImmutableOopMap {rbp=Oop [32]=Oop [88]=Oop }
                      ;*invokevirtual addSuppressed {reexecute=0 rethrow=0 return_oop=0}
                      ; - java.net.URLClassLoader$1::run@74 (line 432)
                      ; - java.net.URLClassLoader$1::run@1 (line 421)
                      ; - java.security.AccessController::executePrivileged@29 (line 807)
                      ; - java.security.AccessController::doPrivileged@13 (line 712)
                      ; - java.net.URLClassLoader::findClass@13 (line 420)
  0x000001f12f6c2d5c: 20e6 95ff | 488b d5e9 | 8b81 ffff | 488b d844 | 8b5b 08eb | 1148 8bd8 | 448b 5808 | 4c8b 5424 
  0x000001f12f6c2d7c: 204c 8954 

  0x000001f12f6c2d80: ;   {metadata('java/lang/RuntimeException')}
  0x000001f12f6c2d80: 2458 49ba | 1013 0656 | f101 0000 | 49b8 0000 | 0056 f101 | 0000 4d03 | c34d 8b58 | 4866 6690 
  0x000001f12f6c2da0: 4d3b da75 | 0848 8bd3 | e946 81ff | ff4d 8b50 

  0x000001f12f6c2db0: ;   {metadata('java/lang/Exception')}
  0x000001f12f6c2db0: 4049 bbc8 | 0402 56f1 | 0100 000f | 1f44 0000 | 4d3b d30f | 8590 0000 | 004c 8bd3 | 4c89 5424 
  0x000001f12f6c2dd0: 2849 8b87 | 0801 0000 | 4c8b d049 | 83c2 2890 | 4d3b 9718 | 0100 000f | 83a0 0000 | 004d 8997 
  0x000001f12f6c2df0: 0801 0000 | 410f 0d8a | c000 0000 | 48c7 0001 

  0x000001f12f6c2e00: ;   {metadata('java/security/PrivilegedActionException')}
  0x000001f12f6c2e00: 0000 00c7 | 4008 e8a8 | 0401 4489 | 600c 4c89 | 6010 4c89 | 6018 4c89 | 6020 488b | e848 8bd5 
  0x000001f12f6c2e20: 4c8b 4424 | 2866 6690 

  0x000001f12f6c2e28: ;   {optimized virtual_call}
  0x000001f12f6c2e28: c5f8 77e8 

  0x000001f12f6c2e2c: ; ImmutableOopMap {rbp=Oop [88]=Oop }
                      ;*invokespecial <init> {reexecute=0 rethrow=0 return_oop=0}
                      ; - java.security.AccessController::wrapException@5 (line 828)
                      ; - java.security.AccessController::doPrivileged@22 (line 716)
                      ; - java.net.URLClassLoader::findClass@13 (line 420)
  0x000001f12f6c2e2c: 50e5 95ff | 488b d590 

  0x000001f12f6c2e34: ;   {optimized virtual_call}
  0x000001f12f6c2e34: c5f8 77e8 

  0x000001f12f6c2e38: ; ImmutableOopMap {}
                      ;*invokevirtual getException {reexecute=0 rethrow=0 return_oop=1}
                      ; - java.net.URLClassLoader::findClass@25 (line 442)
  0x000001f12f6c2e38: 44e5 95ff | 0f1f 4000 

  0x000001f12f6c2e40: ; implicit exception: dispatches to 0x000001f12f6c24f8
  0x000001f12f6c2e40: 448b 5808 

  0x000001f12f6c2e44: ;   {metadata('java/lang/ClassNotFoundException')}
  0x000001f12f6c2e44: 4181 fb00 | 2802 000f | 8567 0000 | 0048 8bd0 | e99a 80ff | ff44 8b53 | 0849 bb00 | 0000 56f1 
  0x000001f12f6c2e64: 0100 004d 

  0x000001f12f6c2e68: ;   {metadata('java/security/PrivilegedActionException')}
  0x000001f12f6c2e68: 03da 49ba | e8a8 0457 | f101 0000 | 4d3b da75 | 0c48 8bd3 | 0f1f 4000 | ebb1 488b | d848 8bd3 
  0x000001f12f6c2e88: e966 80ff 

  0x000001f12f6c2e8c: ;   {metadata('java/security/PrivilegedActionException')}
  0x000001f12f6c2e8c: ff48 bae8 | a804 57f1 | 0100 0090 

  0x000001f12f6c2e98: ;   {runtime_call _new_instance_Java}
  0x000001f12f6c2e98: c5f8 77e8 

  0x000001f12f6c2e9c: ; ImmutableOopMap {[40]=Oop [88]=Oop }
                      ;*new {reexecute=0 rethrow=0 return_oop=1}
                      ; - java.security.AccessController::wrapException@0 (line 828)
                      ; - java.security.AccessController::doPrivileged@22 (line 716)
                      ; - java.net.URLClassLoader::findClass@13 (line 420)
  0x000001f12f6c2e9c: 6050 97ff | e975 ffff | ff48 8beb | ba2f 0000 | 0066 6690 

  0x000001f12f6c2eb0: ;   {runtime_call UncommonTrapBlob}
  0x000001f12f6c2eb0: c5f8 77e8 

  0x000001f12f6c2eb4: ; ImmutableOopMap {rbp=Oop [40]=Oop [88]=Oop [96]=Oop }
                      ;*new {reexecute=0 rethrow=0 return_oop=0}
                      ; - java.net.URLClassLoader$1::run@48 (line 429)
                      ; - java.net.URLClassLoader$1::run@1 (line 421)
                      ; - java.security.AccessController::executePrivileged@29 (line 807)
                      ; - java.security.AccessController::doPrivileged@13 (line 712)
                      ; - java.net.URLClassLoader::findClass@13 (line 420)
  0x000001f12f6c2eb4: 483a 96ff | bade ffff | ff48 8be8 

  0x000001f12f6c2ec0: ;   {runtime_call UncommonTrapBlob}
  0x000001f12f6c2ec0: c5f8 77e8 

  0x000001f12f6c2ec4: ; ImmutableOopMap {rbp=Oop }
                      ;*checkcast {reexecute=0 rethrow=0 return_oop=0}
                      ; - java.net.URLClassLoader::findClass@28 (line 442)
  0x000001f12f6c2ec4: 383a 96ff | 488b ebba | df01 0000 | 4c8b 5424 | 584c 8954 | 2438 4c89 | 5424 404c | 8b54 2460 
  0x000001f12f6c2ee4: 4c89 5424 | 484c 8b54 | 2468 4c89 | 5424 6090 

  0x000001f12f6c2ef4: ;   {runtime_call UncommonTrapBlob}
  0x000001f12f6c2ef4: c5f8 77e8 

  0x000001f12f6c2ef8: ; ImmutableOopMap {rbp=Oop [40]=Oop [56]=Oop [64]=Oop [72]=Oop [80]=Oop [112]=NarrowOop [136]=Oop [248]=Oop [256]=Oop }
                      ;*new {reexecute=0 rethrow=0 return_oop=0}
                      ; - java.util.jar.JarFile::ensureInitialization@8 (line 1033)
                      ; - java.util.jar.JavaUtilJarAccessImpl::ensureInitialization@1 (line 72)
                      ; - jdk.internal.loader.URLClassPath$JarLoader$2::getManifest@10 (line 885)
                      ; - java.net.URLClassLoader::defineClass@34 (line 491)
                      ; - java.net.URLClassLoader$1::run@43 (line 427)
                      ; - java.net.URLClassLoader$1::run@1 (line 421)
                      ; - java.security.AccessController::executePrivileged@29 (line 807)
                      ; - java.security.AccessController::doPrivileged@13 (line 712)
                      ; - java.net.URLClassLoader::findClass@13 (line 420)
  0x000001f12f6c2ef8: 043a 96ff 

  0x000001f12f6c2efc: ;   {internal_word}
  0x000001f12f6c2efc: 49ba e8b4 | 6b2f f101 | 0000 4d89 | 9760 0300 

  0x000001f12f6c2f0c: ;   {runtime_call SafepointBlob}
  0x000001f12f6c2f0c: 00e9 ee4a | 96ff f4f4 | f4f4 f4f4 | f4f4 f4f4 | f4f4 f4f4 
[Stub Code]
  0x000001f12f6c2f20: ;   {no_reloc}
  0x000001f12f6c2f20: 48bb 0000 | 0000 0000 

  0x000001f12f6c2f28: ;   {runtime_call}
  0x000001f12f6c2f28: 0000 e9fb 

  0x000001f12f6c2f2c: ;   {static_stub}
  0x000001f12f6c2f2c: ffff ff48 | bb00 0000 | 0000 0000 

  0x000001f12f6c2f38: ;   {runtime_call}
  0x000001f12f6c2f38: 00e9 fbff 

  0x000001f12f6c2f3c: ;   {static_stub}
  0x000001f12f6c2f3c: ffff 48bb | 0000 0000 | 0000 0000 

  0x000001f12f6c2f48: ;   {runtime_call}
  0x000001f12f6c2f48: e9fb ffff 

  0x000001f12f6c2f4c: ;   {static_stub}
  0x000001f12f6c2f4c: ff48 bb00 | 0000 0000 

  0x000001f12f6c2f54: ;   {runtime_call}
  0x000001f12f6c2f54: 0000 00e9 | fbff ffff 

  0x000001f12f6c2f5c: ;   {static_stub}
  0x000001f12f6c2f5c: 48bb 1067 | 1956 f101 

  0x000001f12f6c2f64: ;   {runtime_call I2C/C2I adapters}
  0x000001f12f6c2f64: 0000 e9ee 

  0x000001f12f6c2f68: ;   {static_stub}
  0x000001f12f6c2f68: 2d96 ff48 | bb00 0000 | 0000 0000 

  0x000001f12f6c2f74: ;   {runtime_call}
  0x000001f12f6c2f74: 00e9 fbff 

  0x000001f12f6c2f78: ;   {static_stub}
  0x000001f12f6c2f78: ffff 48bb | 0000 0000 | 0000 0000 

  0x000001f12f6c2f84: ;   {runtime_call}
  0x000001f12f6c2f84: e9fb ffff 

  0x000001f12f6c2f88: ;   {static_stub}
  0x000001f12f6c2f88: ff48 bb00 | 0000 0000 

  0x000001f12f6c2f90: ;   {runtime_call}
  0x000001f12f6c2f90: 0000 00e9 | fbff ffff 

  0x000001f12f6c2f98: ;   {static_stub}
  0x000001f12f6c2f98: 48bb 0000 | 0000 0000 

  0x000001f12f6c2fa0: ;   {runtime_call}
  0x000001f12f6c2fa0: 0000 e9fb 

  0x000001f12f6c2fa4: ;   {static_stub}
  0x000001f12f6c2fa4: ffff ff48 | bb00 0000 | 0000 0000 

  0x000001f12f6c2fb0: ;   {runtime_call}
  0x000001f12f6c2fb0: 00e9 fbff 

  0x000001f12f6c2fb4: ;   {static_stub}
  0x000001f12f6c2fb4: ffff 48bb | 0000 0000 | 0000 0000 

  0x000001f12f6c2fc0: ;   {runtime_call}
  0x000001f12f6c2fc0: e9fb ffff 

  0x000001f12f6c2fc4: ;   {static_stub}
  0x000001f12f6c2fc4: ff48 bb00 | 0000 0000 

  0x000001f12f6c2fcc: ;   {runtime_call}
  0x000001f12f6c2fcc: 0000 00e9 | fbff ffff 

  0x000001f12f6c2fd4: ;   {static_stub}
  0x000001f12f6c2fd4: 48bb a0ac | 0656 f101 

  0x000001f12f6c2fdc: ;   {runtime_call I2C/C2I adapters}
  0x000001f12f6c2fdc: 0000 e9fe 

  0x000001f12f6c2fe0: ;   {static_stub}
  0x000001f12f6c2fe0: a995 ff48 | bb00 0000 | 0000 0000 

  0x000001f12f6c2fec: ;   {runtime_call}
  0x000001f12f6c2fec: 00e9 fbff 

  0x000001f12f6c2ff0: ;   {static_stub}
  0x000001f12f6c2ff0: ffff 48bb | 0000 0000 | 0000 0000 

  0x000001f12f6c2ffc: ;   {runtime_call}
  0x000001f12f6c2ffc: e9fb ffff 

  0x000001f12f6c3000: ;   {static_stub}
  0x000001f12f6c3000: ff48 bb00 | 0000 0000 

  0x000001f12f6c3008: ;   {runtime_call}
  0x000001f12f6c3008: 0000 00e9 | fbff ffff 

  0x000001f12f6c3010: ;   {static_stub}
  0x000001f12f6c3010: 48bb 0000 | 0000 0000 

  0x000001f12f6c3018: ;   {runtime_call}
  0x000001f12f6c3018: 0000 e9fb 

  0x000001f12f6c301c: ;   {static_stub}
  0x000001f12f6c301c: ffff ff48 | bb00 0000 | 0000 0000 

  0x000001f12f6c3028: ;   {runtime_call}
  0x000001f12f6c3028: 00e9 fbff 

  0x000001f12f6c302c: ;   {static_stub}
  0x000001f12f6c302c: ffff 48bb | 0000 0000 | 0000 0000 

  0x000001f12f6c3038: ;   {runtime_call}
  0x000001f12f6c3038: e9fb ffff 

  0x000001f12f6c303c: ;   {static_stub}
  0x000001f12f6c303c: ff48 bb00 | 0000 0000 

  0x000001f12f6c3044: ;   {runtime_call}
  0x000001f12f6c3044: 0000 00e9 | fbff ffff 

  0x000001f12f6c304c: ;   {static_stub}
  0x000001f12f6c304c: 48bb 0000 | 0000 0000 

  0x000001f12f6c3054: ;   {runtime_call}
  0x000001f12f6c3054: 0000 e9fb 

  0x000001f12f6c3058: ;   {static_stub}
  0x000001f12f6c3058: ffff ff48 | bb00 0000 | 0000 0000 

  0x000001f12f6c3064: ;   {runtime_call}
  0x000001f12f6c3064: 00e9 fbff 

  0x000001f12f6c3068: ;   {static_stub}
  0x000001f12f6c3068: ffff 48bb | 0000 0000 | 0000 0000 

  0x000001f12f6c3074: ;   {runtime_call}
  0x000001f12f6c3074: e9fb ffff 

  0x000001f12f6c3078: ;   {static_stub}
  0x000001f12f6c3078: ff48 bb00 | 0000 0000 

  0x000001f12f6c3080: ;   {runtime_call}
  0x000001f12f6c3080: 0000 00e9 | fbff ffff 

  0x000001f12f6c3088: ;   {static_stub}
  0x000001f12f6c3088: 48bb 0000 | 0000 0000 

  0x000001f12f6c3090: ;   {runtime_call}
  0x000001f12f6c3090: 0000 e9fb 

  0x000001f12f6c3094: ;   {static_stub}
  0x000001f12f6c3094: ffff ff48 | bb00 0000 | 0000 0000 

  0x000001f12f6c30a0: ;   {runtime_call}
  0x000001f12f6c30a0: 00e9 fbff 

  0x000001f12f6c30a4: ;   {static_stub}
  0x000001f12f6c30a4: ffff 48bb | 0000 0000 | 0000 0000 

  0x000001f12f6c30b0: ;   {runtime_call}
  0x000001f12f6c30b0: e9fb ffff 

  0x000001f12f6c30b4: ;   {static_stub}
  0x000001f12f6c30b4: ff48 bb00 | 0000 0000 

  0x000001f12f6c30bc: ;   {runtime_call}
  0x000001f12f6c30bc: 0000 00e9 | fbff ffff 

  0x000001f12f6c30c4: ;   {static_stub}
  0x000001f12f6c30c4: 48bb 0000 | 0000 0000 

  0x000001f12f6c30cc: ;   {runtime_call}
  0x000001f12f6c30cc: 0000 e9fb 

  0x000001f12f6c30d0: ;   {static_stub}
  0x000001f12f6c30d0: ffff ff48 | bb00 0000 | 0000 0000 

  0x000001f12f6c30dc: ;   {runtime_call}
  0x000001f12f6c30dc: 00e9 fbff 

  0x000001f12f6c30e0: ;   {static_stub}
  0x000001f12f6c30e0: ffff 48bb | 0000 0000 | 0000 0000 

  0x000001f12f6c30ec: ;   {runtime_call}
  0x000001f12f6c30ec: e9fb ffff 

  0x000001f12f6c30f0: ;   {static_stub}
  0x000001f12f6c30f0: ff48 bb00 | 0000 0000 

  0x000001f12f6c30f8: ;   {runtime_call}
  0x000001f12f6c30f8: 0000 00e9 | fbff ffff 

  0x000001f12f6c3100: ;   {static_stub}
  0x000001f12f6c3100: 48bb 0000 | 0000 0000 

  0x000001f12f6c3108: ;   {runtime_call}
  0x000001f12f6c3108: 0000 e9fb 

  0x000001f12f6c310c: ;   {static_stub}
  0x000001f12f6c310c: ffff ff48 | bb00 0000 | 0000 0000 

  0x000001f12f6c3118: ;   {runtime_call}
  0x000001f12f6c3118: 00e9 fbff 

  0x000001f12f6c311c: ;   {static_stub}
  0x000001f12f6c311c: ffff 48bb | 0000 0000 | 0000 0000 

  0x000001f12f6c3128: ;   {runtime_call}
  0x000001f12f6c3128: e9fb ffff 

  0x000001f12f6c312c: ;   {static_stub}
  0x000001f12f6c312c: ff48 bb00 | 0000 0000 

  0x000001f12f6c3134: ;   {runtime_call}
  0x000001f12f6c3134: 0000 00e9 | fbff ffff 

  0x000001f12f6c313c: ;   {static_stub}
  0x000001f12f6c313c: 48bb 0000 | 0000 0000 

  0x000001f12f6c3144: ;   {runtime_call}
  0x000001f12f6c3144: 0000 e9fb 

  0x000001f12f6c3148: ;   {static_stub}
  0x000001f12f6c3148: ffff ff48 | bb00 0000 | 0000 0000 

  0x000001f12f6c3154: ;   {runtime_call}
  0x000001f12f6c3154: 00e9 fbff 

  0x000001f12f6c3158: ;   {static_stub}
  0x000001f12f6c3158: ffff 48bb | 0000 0000 | 0000 0000 

  0x000001f12f6c3164: ;   {runtime_call}
  0x000001f12f6c3164: e9fb ffff 

  0x000001f12f6c3168: ;   {static_stub}
  0x000001f12f6c3168: ff48 bb00 | 0000 0000 

  0x000001f12f6c3170: ;   {runtime_call}
  0x000001f12f6c3170: 0000 00e9 | fbff ffff 

  0x000001f12f6c3178: ;   {static_stub}
  0x000001f12f6c3178: 48bb 0000 | 0000 0000 

  0x000001f12f6c3180: ;   {runtime_call}
  0x000001f12f6c3180: 0000 e9fb 

  0x000001f12f6c3184: ;   {static_stub}
  0x000001f12f6c3184: ffff ff48 | bb00 0000 | 0000 0000 

  0x000001f12f6c3190: ;   {runtime_call}
  0x000001f12f6c3190: 00e9 fbff 

  0x000001f12f6c3194: ;   {static_stub}
  0x000001f12f6c3194: ffff 48bb | 0000 0000 | 0000 0000 

  0x000001f12f6c31a0: ;   {runtime_call}
  0x000001f12f6c31a0: e9fb ffff 

  0x000001f12f6c31a4: ;   {static_stub}
  0x000001f12f6c31a4: ff48 bb00 | 0000 0000 

  0x000001f12f6c31ac: ;   {runtime_call}
  0x000001f12f6c31ac: 0000 00e9 | fbff ffff 

  0x000001f12f6c31b4: ;   {static_stub}
  0x000001f12f6c31b4: 48bb 0000 | 0000 0000 

  0x000001f12f6c31bc: ;   {runtime_call}
  0x000001f12f6c31bc: 0000 e9fb 

  0x000001f12f6c31c0: ;   {static_stub}
  0x000001f12f6c31c0: ffff ff48 | bb00 0000 | 0000 0000 

  0x000001f12f6c31cc: ;   {runtime_call}
  0x000001f12f6c31cc: 00e9 fbff 

  0x000001f12f6c31d0: ;   {static_stub}
  0x000001f12f6c31d0: ffff 48bb | 0000 0000 | 0000 0000 

  0x000001f12f6c31dc: ;   {runtime_call}
  0x000001f12f6c31dc: e9fb ffff 

  0x000001f12f6c31e0: ;   {static_stub}
  0x000001f12f6c31e0: ff48 bb00 | 0000 0000 

  0x000001f12f6c31e8: ;   {runtime_call}
  0x000001f12f6c31e8: 0000 00e9 | fbff ffff 

  0x000001f12f6c31f0: ;   {static_stub}
  0x000001f12f6c31f0: 48bb 0000 | 0000 0000 

  0x000001f12f6c31f8: ;   {runtime_call}
  0x000001f12f6c31f8: 0000 e9fb 

  0x000001f12f6c31fc: ;   {static_stub}
  0x000001f12f6c31fc: ffff ff48 | bb00 0000 | 0000 0000 

  0x000001f12f6c3208: ;   {runtime_call}
  0x000001f12f6c3208: 00e9 fbff 

  0x000001f12f6c320c: ;   {static_stub}
  0x000001f12f6c320c: ffff 48bb | 0000 0000 | 0000 0000 

  0x000001f12f6c3218: ;   {runtime_call}
  0x000001f12f6c3218: e9fb ffff 

  0x000001f12f6c321c: ;   {static_stub}
  0x000001f12f6c321c: ff48 bb00 | 0000 0000 

  0x000001f12f6c3224: ;   {runtime_call}
  0x000001f12f6c3224: 0000 00e9 | fbff ffff 

  0x000001f12f6c322c: ;   {static_stub}
  0x000001f12f6c322c: 48bb 0000 | 0000 0000 

  0x000001f12f6c3234: ;   {runtime_call}
  0x000001f12f6c3234: 0000 e9fb 

  0x000001f12f6c3238: ;   {static_stub}
  0x000001f12f6c3238: ffff ff48 | bb00 0000 | 0000 0000 

  0x000001f12f6c3244: ;   {runtime_call}
  0x000001f12f6c3244: 00e9 fbff 

  0x000001f12f6c3248: ;   {static_stub}
  0x000001f12f6c3248: ffff 48bb | 0000 0000 | 0000 0000 

  0x000001f12f6c3254: ;   {runtime_call}
  0x000001f12f6c3254: e9fb ffff 

  0x000001f12f6c3258: ;   {static_stub}
  0x000001f12f6c3258: ff48 bb00 | 0000 0000 

  0x000001f12f6c3260: ;   {runtime_call}
  0x000001f12f6c3260: 0000 00e9 | fbff ffff 
[Exception Handler]
  0x000001f12f6c3268: ;   {runtime_call ExceptionBlob}
  0x000001f12f6c3268: e993 4f97 | ffe8 0000 | 0000 4883 

  0x000001f12f6c3274: ;   {runtime_call DeoptimizationBlob}
  0x000001f12f6c3274: 2c24 05e9 | 243a 96ff | f4f4 f4f4 
[/MachCode]


---------------  P R O C E S S  ---------------

Threads class SMR info:
_java_thread_list=0x000001f19f139d40, length=70, elements={
0x000001f117720e50, 0x000001f1529b25e0, 0x000001f1529b3460, 0x000001f1529c7c60,
0x000001f1529c8820, 0x000001f1529cb1f0, 0x000001f1529cbbb0, 0x000001f1529cd8b0,
0x000001f1529ce360, 0x000001f1529d3ca0, 0x000001f15540a7c0, 0x000001f155549b60,
0x000001f19c6cf9d0, 0x000001f19ba157a0, 0x000001f155891320, 0x000001f19ba8ccc0,
0x000001f19ba8d1a0, 0x000001f19b4f6e70, 0x000001f19b4f5010, 0x000001f19b4f87c0,
0x000001f19b4f6960, 0x000001f19b4f5520, 0x000001f19b4f7380, 0x000001f19b4f5a30,
0x000001f19b4f5f40, 0x000001f19b4f7890, 0x000001f19b4f7da0, 0x000001f19b4f6450,
0x000001f19b4f82b0, 0x000001f155a723a0, 0x000001f155a76060, 0x000001f155a76570,
0x000001f155a6f100, 0x000001f155a74200, 0x000001f155a71470, 0x000001f155a75640,
0x000001f155a6fb20, 0x000001f155a72dc0, 0x000001f155a728b0, 0x000001f155a75b50,
0x000001f155a71980, 0x000001f155a71e90, 0x000001f155a74710, 0x000001f155a70f60,
0x000001f155a74c20, 0x000001f155a73cf0, 0x000001f155a6f610, 0x000001f155a75130,
0x000001f155a76a80, 0x000001f155a70030, 0x000001f155a70a50, 0x000001f19e826ec0,
0x000001f19e828d20, 0x000001f19e8278e0, 0x000001f19e825a80, 0x000001f19e828810,
0x000001f19e82bfc0, 0x000001f19e8273d0, 0x000001f19e827df0, 0x000001f19e82b090,
0x000001f19e829230, 0x000001f19e829740, 0x000001f19e829c50, 0x000001f19e82a160,
0x000001f19e82c4d0, 0x000001f19e825570, 0x000001f19e82a670, 0x000001f19e825f90,
0x000001f19e82ab80, 0x000001f19e8264a0
}

Java Threads: ( => current thread )
  0x000001f117720e50 JavaThread "main" [_thread_blocked, id=1896, stack(0x000000ca4b700000,0x000000ca4b800000)]
  0x000001f1529b25e0 JavaThread "Reference Handler" daemon [_thread_blocked, id=7640, stack(0x000000ca4be00000,0x000000ca4bf00000)]
  0x000001f1529b3460 JavaThread "Finalizer" daemon [_thread_blocked, id=7092, stack(0x000000ca4bf00000,0x000000ca4c000000)]
  0x000001f1529c7c60 JavaThread "Signal Dispatcher" daemon [_thread_blocked, id=19448, stack(0x000000ca4c000000,0x000000ca4c100000)]
  0x000001f1529c8820 JavaThread "Attach Listener" daemon [_thread_blocked, id=19428, stack(0x000000ca4c100000,0x000000ca4c200000)]
  0x000001f1529cb1f0 JavaThread "Service Thread" daemon [_thread_blocked, id=6376, stack(0x000000ca4c200000,0x000000ca4c300000)]
  0x000001f1529cbbb0 JavaThread "Monitor Deflation Thread" daemon [_thread_blocked, id=19172, stack(0x000000ca4c300000,0x000000ca4c400000)]
  0x000001f1529cd8b0 JavaThread "C2 CompilerThread0" daemon [_thread_blocked, id=10392, stack(0x000000ca4c400000,0x000000ca4c500000)]
  0x000001f1529ce360 JavaThread "C1 CompilerThread0" daemon [_thread_blocked, id=4532, stack(0x000000ca4c500000,0x000000ca4c600000)]
  0x000001f1529d3ca0 JavaThread "Sweeper thread" daemon [_thread_blocked, id=19076, stack(0x000000ca4c600000,0x000000ca4c700000)]
  0x000001f15540a7c0 JavaThread "Common-Cleaner" daemon [_thread_blocked, id=12784, stack(0x000000ca4c700000,0x000000ca4c800000)]
  0x000001f155549b60 JavaThread "Notification Thread" daemon [_thread_blocked, id=16660, stack(0x000000ca4c800000,0x000000ca4c900000)]
  0x000001f19c6cf9d0 JavaThread "Daemon health stats" [_thread_blocked, id=8256, stack(0x000000ca4ca00000,0x000000ca4cb00000)]
  0x000001f19ba157a0 JavaThread "Incoming local TCP Connector on port 53129" [_thread_in_native, id=13616, stack(0x000000ca4cf00000,0x000000ca4d000000)]
  0x000001f155891320 JavaThread "Daemon periodic checks" [_thread_blocked, id=18564, stack(0x000000ca4d000000,0x000000ca4d100000)]
  0x000001f19ba8ccc0 JavaThread "Daemon" [_thread_blocked, id=6088, stack(0x000000ca4d100000,0x000000ca4d200000)]
  0x000001f19ba8d1a0 JavaThread "Handler for socket connection from /127.0.0.1:53129 to /127.0.0.1:53130" [_thread_in_native, id=14752, stack(0x000000ca4d200000,0x000000ca4d300000)]
  0x000001f19b4f6e70 JavaThread "Cancel handler" [_thread_blocked, id=10300, stack(0x000000ca4d300000,0x000000ca4d400000)]
=>0x000001f19b4f5010 JavaThread "Daemon worker" [_thread_in_vm, id=13996, stack(0x000000ca4d400000,0x000000ca4d500000)]
  0x000001f19b4f87c0 JavaThread "Asynchronous log dispatcher for DefaultDaemonConnection: socket connection from /127.0.0.1:53129 to /127.0.0.1:53130" [_thread_blocked, id=332, stack(0x000000ca4d500000,0x000000ca4d600000)]
  0x000001f19b4f6960 JavaThread "Stdin handler" [_thread_blocked, id=12604, stack(0x000000ca4d600000,0x000000ca4d700000)]
  0x000001f19b4f5520 JavaThread "Daemon client event forwarder" [_thread_blocked, id=17188, stack(0x000000ca4d700000,0x000000ca4d800000)]
  0x000001f19b4f7380 JavaThread "Cache worker for journal cache (C:\Users\admin\.gradle\caches\journal-1)" [_thread_blocked, id=2216, stack(0x000000ca4d800000,0x000000ca4d900000)]
  0x000001f19b4f5a30 JavaThread "File lock request listener" [_thread_blocked, id=14524, stack(0x000000ca4d900000,0x000000ca4da00000)]
  0x000001f19b4f5f40 JavaThread "Cache worker for file hash cache (C:\Users\admin\.gradle\caches\9.1.0\fileHashes)" [_thread_blocked, id=5916, stack(0x000000ca4da00000,0x000000ca4db00000)]
  0x000001f19b4f7890 JavaThread "File lock release action executor" [_thread_blocked, id=10928, stack(0x000000ca4de00000,0x000000ca4df00000)]
  0x000001f19b4f7da0 JavaThread "Cache worker for file hash cache (C:\Users\admin\Downloads\livreurs-pro\flutter\foodmood_app\android\.gradle\9.1.0\fileHashes)" [_thread_blocked, id=1716, stack(0x000000ca4e100000,0x000000ca4e200000)]
  0x000001f19b4f6450 JavaThread "Cache worker for Build Output Cleanup Cache (C:\Users\admin\Downloads\livreurs-pro\flutter\foodmood_app\android\.gradle\buildOutputCleanup)" [_thread_blocked, id=13488, stack(0x000000ca4e200000,0x000000ca4e300000)]
  0x000001f19b4f82b0 JavaThread "File watcher server" daemon [_thread_in_native, id=12580, stack(0x000000ca4e300000,0x000000ca4e400000)]
  0x000001f155a723a0 JavaThread "File watcher consumer" daemon [_thread_blocked, id=12764, stack(0x000000ca4e400000,0x000000ca4e500000)]
  0x000001f155a76060 JavaThread "jar transforms" [_thread_blocked, id=7212, stack(0x000000ca4e000000,0x000000ca4e100000)]
  0x000001f155a76570 JavaThread "jar transforms Thread 2" [_thread_blocked, id=18776, stack(0x000000ca4e500000,0x000000ca4e600000)]
  0x000001f155a6f100 JavaThread "jar transforms Thread 3" [_thread_blocked, id=17620, stack(0x000000ca4e600000,0x000000ca4e700000)]
  0x000001f155a74200 JavaThread "Cache worker for checksums cache (C:\Users\admin\Downloads\livreurs-pro\flutter\foodmood_app\android\.gradle\9.1.0\checksums)" [_thread_blocked, id=4396, stack(0x000000ca4e700000,0x000000ca4e800000)]
  0x000001f155a71470 JavaThread "Cache worker for file content cache (C:\Users\admin\.gradle\caches\9.1.0\fileContent)" [_thread_blocked, id=12108, stack(0x000000ca4e800000,0x000000ca4e900000)]
  0x000001f155a75640 JavaThread "Cache worker for cache directory md-supplier (C:\Users\admin\.gradle\caches\9.1.0\md-supplier)" [_thread_blocked, id=4004, stack(0x000000ca4ea00000,0x000000ca4eb00000)]
  0x000001f155a6fb20 JavaThread "Cache worker for cache directory md-rule (C:\Users\admin\.gradle\caches\9.1.0\md-rule)" [_thread_blocked, id=13028, stack(0x000000ca4e900000,0x000000ca4ea00000)]
  0x000001f155a72dc0 JavaThread "jar transforms Thread 4" [_thread_blocked, id=16688, stack(0x000000ca4eb00000,0x000000ca4ec00000)]
  0x000001f155a728b0 JavaThread "jar transforms Thread 5" [_thread_blocked, id=16380, stack(0x000000ca4ec00000,0x000000ca4ed00000)]
  0x000001f155a75b50 JavaThread "jar transforms Thread 6" [_thread_blocked, id=6888, stack(0x000000ca4ed00000,0x000000ca4ee00000)]
  0x000001f155a71980 JavaThread "jar transforms Thread 7" [_thread_blocked, id=16032, stack(0x000000ca4f000000,0x000000ca4f100000)]
  0x000001f155a71e90 JavaThread "jar transforms Thread 8" [_thread_blocked, id=9028, stack(0x000000ca4f100000,0x000000ca4f200000)]
  0x000001f155a74710 JavaThread "Cache worker for Build Output Cleanup Cache (C:\flutter\packages\flutter_tools\gradle\.gradle\buildOutputCleanup)" [_thread_blocked, id=8616, stack(0x000000ca4f200000,0x000000ca4f300000)]
  0x000001f155a70f60 JavaThread "Unconstrained build operations" [_thread_blocked, id=9624, stack(0x000000ca4f400000,0x000000ca4f500000)]
  0x000001f155a74c20 JavaThread "Unconstrained build operations Thread 2" [_thread_blocked, id=1376, stack(0x000000ca4f500000,0x000000ca4f600000)]
  0x000001f155a73cf0 JavaThread "Unconstrained build operations Thread 3" [_thread_blocked, id=15488, stack(0x000000ca4f600000,0x000000ca4f700000)]
  0x000001f155a6f610 JavaThread "Unconstrained build operations Thread 4" [_thread_blocked, id=11460, stack(0x000000ca4f700000,0x000000ca4f800000)]
  0x000001f155a75130 JavaThread "Unconstrained build operations Thread 5" [_thread_blocked, id=11144, stack(0x000000ca4f800000,0x000000ca4f900000)]
  0x000001f155a76a80 JavaThread "Unconstrained build operations Thread 6" [_thread_blocked, id=16944, stack(0x000000ca4f900000,0x000000ca4fa00000)]
  0x000001f155a70030 JavaThread "Unconstrained build operations Thread 7" [_thread_blocked, id=2548, stack(0x000000ca4fa00000,0x000000ca4fb00000)]
  0x000001f155a70a50 JavaThread "Unconstrained build operations Thread 8" [_thread_blocked, id=12396, stack(0x000000ca4fb00000,0x000000ca4fc00000)]
  0x000001f19e826ec0 JavaThread "Unconstrained build operations Thread 9" [_thread_blocked, id=13904, stack(0x000000ca4fc00000,0x000000ca4fd00000)]
  0x000001f19e828d20 JavaThread "Unconstrained build operations Thread 10" [_thread_blocked, id=9096, stack(0x000000ca4fd00000,0x000000ca4fe00000)]
  0x000001f19e8278e0 JavaThread "Unconstrained build operations Thread 11" [_thread_blocked, id=10800, stack(0x000000ca4fe00000,0x000000ca4ff00000)]
  0x000001f19e825a80 JavaThread "Unconstrained build operations Thread 12" [_thread_blocked, id=300, stack(0x000000ca4ff00000,0x000000ca50000000)]
  0x000001f19e828810 JavaThread "Unconstrained build operations Thread 13" [_thread_blocked, id=6940, stack(0x000000ca50000000,0x000000ca50100000)]
  0x000001f19e82bfc0 JavaThread "Unconstrained build operations Thread 14" [_thread_blocked, id=16668, stack(0x000000ca50100000,0x000000ca50200000)]
  0x000001f19e8273d0 JavaThread "Unconstrained build operations Thread 15" [_thread_blocked, id=9220, stack(0x000000ca4f300000,0x000000ca4f400000)]
  0x000001f19e827df0 JavaThread "Unconstrained build operations Thread 16" [_thread_blocked, id=12532, stack(0x000000ca50200000,0x000000ca50300000)]
  0x000001f19e82b090 JavaThread "Unconstrained build operations Thread 17" [_thread_blocked, id=17464, stack(0x000000ca50300000,0x000000ca50400000)]
  0x000001f19e829230 JavaThread "Unconstrained build operations Thread 18" [_thread_blocked, id=18480, stack(0x000000ca50400000,0x000000ca50500000)]
  0x000001f19e829740 JavaThread "Unconstrained build operations Thread 19" [_thread_blocked, id=8728, stack(0x000000ca50500000,0x000000ca50600000)]
  0x000001f19e829c50 JavaThread "Unconstrained build operations Thread 20" [_thread_blocked, id=15752, stack(0x000000ca50600000,0x000000ca50700000)]
  0x000001f19e82a160 JavaThread "Unconstrained build operations Thread 21" [_thread_blocked, id=13592, stack(0x000000ca50700000,0x000000ca50800000)]
  0x000001f19e82c4d0 JavaThread "Memory manager" [_thread_blocked, id=18104, stack(0x000000ca50900000,0x000000ca50a00000)]
  0x000001f19e825570 JavaThread "build event listener" [_thread_blocked, id=18932, stack(0x000000ca50800000,0x000000ca50900000)]
  0x000001f19e82a670 JavaThread "File lock release action executor Thread 2" [_thread_blocked, id=13684, stack(0x000000ca50a00000,0x000000ca50b00000)]
  0x000001f19e825f90 JavaThread "File lock release action executor Thread 3" [_thread_blocked, id=4392, stack(0x000000ca50b00000,0x000000ca50c00000)]
  0x000001f19e82ab80 JavaThread "File lock release action executor Thread 4" [_thread_blocked, id=8736, stack(0x000000ca50c00000,0x000000ca50d00000)]
  0x000001f19e8264a0 JavaThread "File lock release action executor Thread 5" [_thread_blocked, id=8620, stack(0x000000ca50d00000,0x000000ca50e00000)]

Other Threads:
  0x000001f1529acbf0 VMThread "VM Thread" [stack: 0x000000ca4bd00000,0x000000ca4be00000] [id=12208] _threads_hazard_ptr=0x000001f19f139d40
  0x000001f117721cd0 WatcherThread [stack: 0x000000ca4c900000,0x000000ca4ca00000] [id=9144]
  0x000001f1177ce900 GCTaskThread "GC Thread#0" [stack: 0x000000ca4b800000,0x000000ca4b900000] [id=18600]
  0x000001f1556466d0 GCTaskThread "GC Thread#1" [stack: 0x000000ca4cb00000,0x000000ca4cc00000] [id=10760]
  0x000001f1558af270 GCTaskThread "GC Thread#2" [stack: 0x000000ca4cc00000,0x000000ca4cd00000] [id=16208]
  0x000001f19b2c9b30 GCTaskThread "GC Thread#3" [stack: 0x000000ca4cd00000,0x000000ca4ce00000] [id=5092]
  0x000001f19b822160 GCTaskThread "GC Thread#4" [stack: 0x000000ca4ce00000,0x000000ca4cf00000] [id=13384]
  0x000001f19c8b4e70 GCTaskThread "GC Thread#5" [stack: 0x000000ca4db00000,0x000000ca4dc00000] [id=4480]
  0x000001f155a3b200 GCTaskThread "GC Thread#6" [stack: 0x000000ca4dc00000,0x000000ca4dd00000] [id=6368]
  0x000001f155456ca0 GCTaskThread "GC Thread#7" [stack: 0x000000ca4dd00000,0x000000ca4de00000] [id=5852]
  0x000001f1528009c0 ConcurrentGCThread "G1 Main Marker" [stack: 0x000000ca4b900000,0x000000ca4ba00000] [id=5512]
  0x000001f1528013e0 ConcurrentGCThread "G1 Conc#0" [stack: 0x000000ca4ba00000,0x000000ca4bb00000] [id=18228]
  0x000001f19c112180 ConcurrentGCThread "G1 Conc#1" [stack: 0x000000ca4df00000,0x000000ca4e000000] [id=15012]
  0x000001f152868f80 ConcurrentGCThread "G1 Refine#0" [stack: 0x000000ca4bb00000,0x000000ca4bc00000] [id=16752]
  0x000001f1528699b0 ConcurrentGCThread "G1 Service" [stack: 0x000000ca4bc00000,0x000000ca4bd00000] [id=15868]

Threads with active compile tasks:

VM state: synchronizing (normal execution)

VM Mutex/Monitor currently owned by a thread:  ([mutex/lock_event])
[0x000001f11771ada0] Metaspace_lock - owner thread: 0x000001f19b4f5010
[0x000001f11771b660] Threads_lock - owner thread: 0x000001f1529acbf0

Heap address: 0x0000000600000000, size: 8192 MB, Compressed Oops mode: Zero based, Oop shift amount: 3

CDS archive(s) mapped at: [0x000001f156000000-0x000001f156bb0000-0x000001f156bb0000), size 12255232, SharedBaseAddress: 0x000001f156000000, ArchiveRelocationMode: 1.
Compressed class space mapped at: 0x000001f157000000-0x000001f197000000, reserved size: 1073741824
Narrow klass base: 0x000001f156000000, Narrow klass shift: 0, Narrow klass range: 0x100000000

GC Precious Log:
 CPUs: 8 total, 8 available
 Memory: 8070M
 Large Page Support: Disabled
 NUMA Support: Disabled
 Compressed Oops: Enabled (Zero based)
 Heap Region Size: 4M
 Heap Min Capacity: 8M
 Heap Initial Capacity: 128M
 Heap Max Capacity: 8G
 Pre-touch: Disabled
 Parallel Workers: 8
 Concurrent Workers: 2
 Concurrent Refinement Workers: 8
 Periodic GC: Disabled

Heap:
 garbage-first heap   total 102400K, used 63435K [0x0000000600000000, 0x0000000800000000)
  region size 4096K, 4 young (16384K), 1 survivors (4096K)
 Metaspace       used 63895K, committed 64704K, reserved 1114112K
  class space    used 9151K, committed 9536K, reserved 1048576K

Heap Regions: E=young(eden), S=young(survivor), O=old, HS=humongous(starts), HC=humongous(continues), CS=collection set, F=free, OA=open archive, CA=closed archive, TAMS=top-at-mark-start (previous, next)
|   0|0x0000000600000000, 0x0000000600400000, 0x0000000600400000|100%|HS|  |TAMS 0x0000000600400000, 0x0000000600000000| Complete 
|   1|0x0000000600400000, 0x0000000600800000, 0x0000000600800000|100%| O|  |TAMS 0x0000000600800000, 0x0000000600400000| Untracked 
|   2|0x0000000600800000, 0x0000000600c00000, 0x0000000600c00000|100%| O|  |TAMS 0x0000000600c00000, 0x0000000600800000| Untracked 
|   3|0x0000000600c00000, 0x0000000600f8f800, 0x0000000601000000| 89%| O|  |TAMS 0x0000000600f8f800, 0x0000000600c00000| Untracked 
|   4|0x0000000601000000, 0x0000000601400000, 0x0000000601400000|100%| O|  |TAMS 0x0000000601400000, 0x0000000601000000| Untracked 
|   5|0x0000000601400000, 0x0000000601800000, 0x0000000601800000|100%| O|  |TAMS 0x0000000601800000, 0x0000000601400000| Untracked 
|   6|0x0000000601800000, 0x0000000601c00000, 0x0000000601c00000|100%| O|  |TAMS 0x0000000601c00000, 0x0000000601800000| Untracked 
|   7|0x0000000601c00000, 0x0000000602000000, 0x0000000602000000|100%| O|  |TAMS 0x0000000602000000, 0x0000000601c00000| Untracked 
|   8|0x0000000602000000, 0x0000000602400000, 0x0000000602400000|100%| O|  |TAMS 0x0000000602400000, 0x0000000602000000| Untracked 
|   9|0x0000000602400000, 0x0000000602800000, 0x0000000602800000|100%| O|  |TAMS 0x0000000602800000, 0x0000000602400000| Untracked 
|  10|0x0000000602800000, 0x0000000602c00000, 0x0000000602c00000|100%| O|  |TAMS 0x0000000602c00000, 0x0000000602800000| Untracked 
|  11|0x0000000602c00000, 0x0000000603000000, 0x0000000603000000|100%| O|  |TAMS 0x0000000603000000, 0x0000000602c00000| Untracked 
|  12|0x0000000603000000, 0x00000006032d5c00, 0x0000000603400000| 70%| O|  |TAMS 0x0000000603112e00, 0x0000000603000000| Untracked 
|  13|0x0000000603400000, 0x0000000603400000, 0x0000000603800000|  0%| F|  |TAMS 0x0000000603400000, 0x0000000603400000| Untracked 
|  14|0x0000000603800000, 0x0000000603800000, 0x0000000603c00000|  0%| F|  |TAMS 0x0000000603800000, 0x0000000603800000| Untracked 
|  15|0x0000000603c00000, 0x0000000603c00000, 0x0000000604000000|  0%| F|  |TAMS 0x0000000603c00000, 0x0000000603c00000| Untracked 
|  16|0x0000000604000000, 0x0000000604000000, 0x0000000604400000|  0%| F|  |TAMS 0x0000000604000000, 0x0000000604000000| Untracked 
|  17|0x0000000604400000, 0x0000000604400000, 0x0000000604800000|  0%| F|  |TAMS 0x0000000604400000, 0x0000000604400000| Untracked 
|  18|0x0000000604800000, 0x0000000604b8d9d0, 0x0000000604c00000| 88%| S|CS|TAMS 0x0000000604800000, 0x0000000604800000| Complete 
|  19|0x0000000604c00000, 0x0000000604c00000, 0x0000000605000000|  0%| F|  |TAMS 0x0000000604c00000, 0x0000000604c00000| Untracked 
|  20|0x0000000605000000, 0x0000000605000000, 0x0000000605400000|  0%| F|  |TAMS 0x0000000605000000, 0x0000000605000000| Untracked 
|  21|0x0000000605400000, 0x0000000605400000, 0x0000000605800000|  0%| F|  |TAMS 0x0000000605400000, 0x0000000605400000| Untracked 
|  22|0x0000000605800000, 0x0000000605958398, 0x0000000605c00000| 33%| E|  |TAMS 0x0000000605800000, 0x0000000605800000| Complete 
|  23|0x0000000605c00000, 0x0000000606000000, 0x0000000606000000|100%| E|CS|TAMS 0x0000000605c00000, 0x0000000605c00000| Complete 
|  31|0x0000000607c00000, 0x0000000608000000, 0x0000000608000000|100%| E|CS|TAMS 0x0000000607c00000, 0x0000000607c00000| Complete 

Card table byte_map: [0x000001f1407f0000,0x000001f1417f0000] _byte_map_base: 0x000001f13d7f0000

Marking Bits (Prev, Next): (CMBitMap*) 0x000001f1527f00d0, (CMBitMap*) 0x000001f1527f0090
 Prev Bits: [0x000001f14a7f0000, 0x000001f1527f0000)
 Next Bits: [0x000001f1427f0000, 0x000001f14a7f0000)

Polling page: 0x000001f116ed0000

Metaspace:

Usage:
  Non-class:     53.46 MB used.
      Class:      8.94 MB used.
       Both:     62.40 MB used.

Virtual space:
  Non-class space:       64.00 MB reserved,      53.88 MB ( 84%) committed,  1 nodes.
      Class space:        1.00 GB reserved,       9.31 MB ( <1%) committed,  1 nodes.
             Both:        1.06 GB reserved,      63.19 MB (  6%) committed. 

Chunk freelists:
   Non-Class:  9.24 MB
       Class:  6.66 MB
        Both:  15.89 MB

MaxMetaspaceSize: 4.00 GB
CompressedClassSpaceSize: 1.00 GB
Initial GC threshold: 21.00 MB
Current GC threshold: 102.50 MB
CDS: on
MetaspaceReclaimPolicy: balanced
 - commit_granule_bytes: 65536.
 - commit_granule_words: 8192.
 - virtual_space_node_default_size: 8388608.
 - enlarge_chunks_in_place: 1.
 - new_chunks_are_fully_committed: 0.
 - uncommit_free_chunks: 1.
 - use_allocation_guard: 0.
 - handle_deallocations: 1.


Internal statistics:

num_allocs_failed_limit: 6.
num_arena_births: 1262.
num_arena_deaths: 0.
num_vsnodes_births: 2.
num_vsnodes_deaths: 0.
num_space_committed: 1011.
num_space_uncommitted: 0.
num_chunks_returned_to_freelist: 6.
num_chunks_taken_from_freelist: 4041.
num_chunk_merges: 6.
num_chunk_splits: 2585.
num_chunks_enlarged: 1610.
num_inconsistent_stats: 0.

CodeHeap 'non-profiled nmethods': size=259264Kb used=4558Kb max_used=4558Kb free=254705Kb
 bounds [0x000001f12f570000, 0x000001f12f9f0000, 0x000001f13f2a0000]
CodeHeap 'profiled nmethods': size=259264Kb used=14339Kb max_used=14339Kb free=244924Kb
 bounds [0x000001f11f2a0000, 0x000001f1200b0000, 0x000001f12efd0000]
CodeHeap 'non-nmethods': size=5760Kb used=1694Kb max_used=1763Kb free=4065Kb
 bounds [0x000001f12efd0000, 0x000001f12f240000, 0x000001f12f570000]
 total_blobs=8036 nmethods=7255 adapters=694
 compilation: enabled
              stopped_count=0, restarted_count=0
 full_count=0

Compilation events (20 events):
Event: 63.352 Thread 0x000001f1529ce360 8045       3       org.gradle.api.internal.initialization.ClassLoaderScopeIdentifier::hashCode (23 bytes)
Event: 63.353 Thread 0x000001f1529ce360 nmethod 8045 0x000001f120092e90 code [0x000001f120093080, 0x000001f120093428]
Event: 63.488 Thread 0x000001f1529ce360 8046       3       jdk.internal.loader.Resource::<init> (5 bytes)
Event: 63.488 Thread 0x000001f1529ce360 nmethod 8046 0x000001f120093610 code [0x000001f1200937c0, 0x000001f120093918]
Event: 63.700 Thread 0x000001f1529cd8b0 8047       4       java.util.TreeMap$ValueIterator::next (8 bytes)
Event: 63.706 Thread 0x000001f1529ce360 8048       3       java.lang.reflect.ProxyGenerator::collectCompatibleTypes (93 bytes)
Event: 63.707 Thread 0x000001f1529cd8b0 nmethod 8047 0x000001f12f9e3310 code [0x000001f12f9e34a0, 0x000001f12f9e37f8]
Event: 63.707 Thread 0x000001f1529ce360 nmethod 8048 0x000001f120093a10 code [0x000001f120093c00, 0x000001f120094108]
Event: 63.724 Thread 0x000001f1529ce360 8049       3       com.google.common.collect.LinkedHashMultimap$ValueSet::add (144 bytes)
Event: 63.726 Thread 0x000001f1529ce360 nmethod 8049 0x000001f120094390 code [0x000001f1200946a0, 0x000001f120095cd8]
Event: 63.726 Thread 0x000001f1529ce360 8052       3       com.google.common.collect.LinkedHashMultimap$ValueSet::rehashIfNecessary (88 bytes)
Event: 63.727 Thread 0x000001f1529ce360 nmethod 8052 0x000001f120096410 code [0x000001f120096620, 0x000001f120096d98]
Event: 63.727 Thread 0x000001f1529ce360 8050       3       com.google.common.collect.LinkedHashMultimap$ValueSet::mask (8 bytes)
Event: 63.727 Thread 0x000001f1529ce360 nmethod 8050 0x000001f120096f90 code [0x000001f120097120, 0x000001f120097238]
Event: 63.727 Thread 0x000001f1529ce360 8051       3       com.google.common.collect.LinkedHashMultimap$ValueEntry::getPredecessorInMultimap (11 bytes)
Event: 63.727 Thread 0x000001f1529ce360 nmethod 8051 0x000001f120097310 code [0x000001f1200974c0, 0x000001f120097728]
Event: 63.727 Thread 0x000001f1529ce360 8053       3       com.google.common.collect.Hashing::needsResizing (22 bytes)
Event: 63.728 Thread 0x000001f1529ce360 nmethod 8053 0x000001f120097810 code [0x000001f1200979a0, 0x000001f120097b58]
Event: 63.728 Thread 0x000001f1529ce360 8054       3       org.objectweb.asm.Frame::execute (2303 bytes)
Event: 63.735 Thread 0x000001f1529ce360 nmethod 8054 0x000001f120097c10 code [0x000001f120098b20, 0x000001f12009f0e8]

GC Heap History (20 events):
Event: 47.308 GC heap before
{Heap before GC invocations=14 (full 0):
 garbage-first heap   total 98304K, used 76014K [0x0000000600000000, 0x0000000800000000)
  region size 4096K, 10 young (40960K), 1 survivors (4096K)
 Metaspace       used 47458K, committed 48256K, reserved 1114112K
  class space    used 6788K, committed 7168K, reserved 1048576K
}
Event: 47.315 GC heap after
{Heap after GC invocations=15 (full 0):
 garbage-first heap   total 98304K, used 40890K [0x0000000600000000, 0x0000000800000000)
  region size 4096K, 2 young (8192K), 2 survivors (8192K)
 Metaspace       used 47458K, committed 48256K, reserved 1114112K
  class space    used 6788K, committed 7168K, reserved 1048576K
}
Event: 49.076 GC heap before
{Heap before GC invocations=15 (full 0):
 garbage-first heap   total 98304K, used 69562K [0x0000000600000000, 0x0000000800000000)
  region size 4096K, 10 young (40960K), 2 survivors (8192K)
 Metaspace       used 48990K, committed 49792K, reserved 1114112K
  class space    used 7000K, committed 7360K, reserved 1048576K
}
Event: 49.088 GC heap after
{Heap after GC invocations=16 (full 0):
 garbage-first heap   total 98304K, used 44957K [0x0000000600000000, 0x0000000800000000)
  region size 4096K, 2 young (8192K), 2 survivors (8192K)
 Metaspace       used 48990K, committed 49792K, reserved 1114112K
  class space    used 7000K, committed 7360K, reserved 1048576K
}
Event: 51.125 GC heap before
{Heap before GC invocations=16 (full 0):
 garbage-first heap   total 98304K, used 73629K [0x0000000600000000, 0x0000000800000000)
  region size 4096K, 9 young (36864K), 2 survivors (8192K)
 Metaspace       used 50857K, committed 51648K, reserved 1114112K
  class space    used 7307K, committed 7680K, reserved 1048576K
}
Event: 51.133 GC heap after
{Heap after GC invocations=17 (full 0):
 garbage-first heap   total 98304K, used 44620K [0x0000000600000000, 0x0000000800000000)
  region size 4096K, 2 young (8192K), 2 survivors (8192K)
 Metaspace       used 50857K, committed 51648K, reserved 1114112K
  class space    used 7307K, committed 7680K, reserved 1048576K
}
Event: 53.586 GC heap before
{Heap before GC invocations=17 (full 0):
 garbage-first heap   total 98304K, used 69196K [0x0000000600000000, 0x0000000800000000)
  region size 4096K, 9 young (36864K), 2 survivors (8192K)
 Metaspace       used 52883K, committed 53696K, reserved 1114112K
  class space    used 7642K, committed 8064K, reserved 1048576K
}
Event: 53.592 GC heap after
{Heap after GC invocations=18 (full 0):
 garbage-first heap   total 98304K, used 50183K [0x0000000600000000, 0x0000000800000000)
  region size 4096K, 2 young (8192K), 2 survivors (8192K)
 Metaspace       used 52883K, committed 53696K, reserved 1114112K
  class space    used 7642K, committed 8064K, reserved 1048576K
}
Event: 54.631 GC heap before
{Heap before GC invocations=18 (full 0):
 garbage-first heap   total 98304K, used 70663K [0x0000000600000000, 0x0000000800000000)
  region size 4096K, 7 young (28672K), 2 survivors (8192K)
 Metaspace       used 54987K, committed 55808K, reserved 1114112K
  class space    used 7916K, committed 8320K, reserved 1048576K
}
Event: 54.635 GC heap after
{Heap after GC invocations=19 (full 0):
 garbage-first heap   total 98304K, used 50158K [0x0000000600000000, 0x0000000800000000)
  region size 4096K, 1 young (4096K), 1 survivors (4096K)
 Metaspace       used 54987K, committed 55808K, reserved 1114112K
  class space    used 7916K, committed 8320K, reserved 1048576K
}
Event: 55.888 GC heap before
{Heap before GC invocations=20 (full 0):
 garbage-first heap   total 102400K, used 66542K [0x0000000600000000, 0x0000000800000000)
  region size 4096K, 6 young (24576K), 1 survivors (4096K)
 Metaspace       used 57373K, committed 58304K, reserved 1114112K
  class space    used 8221K, committed 8640K, reserved 1048576K
}
Event: 55.892 GC heap after
{Heap after GC invocations=21 (full 0):
 garbage-first heap   total 102400K, used 50845K [0x0000000600000000, 0x0000000800000000)
  region size 4096K, 1 young (4096K), 1 survivors (4096K)
 Metaspace       used 57373K, committed 58304K, reserved 1114112K
  class space    used 8221K, committed 8640K, reserved 1048576K
}
Event: 57.068 GC heap before
{Heap before GC invocations=21 (full 0):
 garbage-first heap   total 102400K, used 75421K [0x0000000600000000, 0x0000000800000000)
  region size 4096K, 7 young (28672K), 1 survivors (4096K)
 Metaspace       used 59145K, committed 59968K, reserved 1114112K
  class space    used 8472K, committed 8832K, reserved 1048576K
}
Event: 57.071 GC heap after
{Heap after GC invocations=22 (full 0):
 garbage-first heap   total 102400K, used 51594K [0x0000000600000000, 0x0000000800000000)
  region size 4096K, 1 young (4096K), 1 survivors (4096K)
 Metaspace       used 59145K, committed 59968K, reserved 1114112K
  class space    used 8472K, committed 8832K, reserved 1048576K
}
Event: 58.402 GC heap before
{Heap before GC invocations=23 (full 0):
 garbage-first heap   total 102400K, used 76170K [0x0000000600000000, 0x0000000800000000)
  region size 4096K, 7 young (28672K), 1 survivors (4096K)
 Metaspace       used 60566K, committed 61376K, reserved 1114112K
  class space    used 8673K, committed 9024K, reserved 1048576K
}
Event: 58.405 GC heap after
{Heap after GC invocations=24 (full 0):
 garbage-first heap   total 102400K, used 52145K [0x0000000600000000, 0x0000000800000000)
  region size 4096K, 1 young (4096K), 1 survivors (4096K)
 Metaspace       used 60566K, committed 61376K, reserved 1114112K
  class space    used 8673K, committed 9024K, reserved 1048576K
}
Event: 60.548 GC heap before
{Heap before GC invocations=24 (full 0):
 garbage-first heap   total 102400K, used 76721K [0x0000000600000000, 0x0000000800000000)
  region size 4096K, 7 young (28672K), 1 survivors (4096K)
 Metaspace       used 62074K, committed 62912K, reserved 1114112K
  class space    used 8896K, committed 9280K, reserved 1048576K
}
Event: 60.553 GC heap after
{Heap after GC invocations=25 (full 0):
 garbage-first heap   total 102400K, used 53094K [0x0000000600000000, 0x0000000800000000)
  region size 4096K, 1 young (4096K), 1 survivors (4096K)
 Metaspace       used 62074K, committed 62912K, reserved 1114112K
  class space    used 8896K, committed 9280K, reserved 1048576K
}
Event: 62.333 GC heap before
{Heap before GC invocations=26 (full 0):
 garbage-first heap   total 102400K, used 77670K [0x0000000600000000, 0x0000000800000000)
  region size 4096K, 7 young (28672K), 1 survivors (4096K)
 Metaspace       used 63646K, committed 64448K, reserved 1114112K
  class space    used 9112K, committed 9472K, reserved 1048576K
}
Event: 62.339 GC heap after
{Heap after GC invocations=27 (full 0):
 garbage-first heap   total 102400K, used 55243K [0x0000000600000000, 0x0000000800000000)
  region size 4096K, 1 young (4096K), 1 survivors (4096K)
 Metaspace       used 63646K, committed 64448K, reserved 1114112K
  class space    used 9112K, committed 9472K, reserved 1048576K
}

Dll operation events (15 events):
Event: 0.100 Loaded shared library C:\Program Files\Eclipse Adoptium\jdk-17.0.19.10-hotspot\bin\java.dll
Event: 0.219 Loaded shared library C:\Program Files\Eclipse Adoptium\jdk-17.0.19.10-hotspot\bin\jsvml.dll
Event: 0.541 Loaded shared library C:\Program Files\Eclipse Adoptium\jdk-17.0.19.10-hotspot\bin\zip.dll
Event: 0.580 Loaded shared library C:\Program Files\Eclipse Adoptium\jdk-17.0.19.10-hotspot\bin\instrument.dll
Event: 0.589 Loaded shared library C:\Program Files\Eclipse Adoptium\jdk-17.0.19.10-hotspot\bin\net.dll
Event: 0.592 Loaded shared library C:\Program Files\Eclipse Adoptium\jdk-17.0.19.10-hotspot\bin\nio.dll
Event: 0.596 Loaded shared library C:\Program Files\Eclipse Adoptium\jdk-17.0.19.10-hotspot\bin\zip.dll
Event: 1.443 Loaded shared library C:\Program Files\Eclipse Adoptium\jdk-17.0.19.10-hotspot\bin\jimage.dll
Event: 1.869 Loaded shared library C:\Program Files\Eclipse Adoptium\jdk-17.0.19.10-hotspot\bin\verify.dll
Event: 1.974 Loaded shared library C:\Users\admin\.gradle\native\1def1411415f61bf3af743bc5b6707747c0891f09f0c88961ee8f79bc544acac\windows-amd64\native-platform.dll
Event: 1.995 Loaded shared library C:\Users\admin\.gradle\native\0.2.8\x86_64-windows-gnu\gradle-fileevents.dll
Event: 5.171 Loaded shared library C:\Program Files\Eclipse Adoptium\jdk-17.0.19.10-hotspot\bin\management.dll
Event: 5.175 Loaded shared library C:\Program Files\Eclipse Adoptium\jdk-17.0.19.10-hotspot\bin\management_ext.dll
Event: 6.892 Loaded shared library C:\Program Files\Eclipse Adoptium\jdk-17.0.19.10-hotspot\bin\extnet.dll
Event: 8.066 Loaded shared library C:\Program Files\Eclipse Adoptium\jdk-17.0.19.10-hotspot\bin\sunmscapi.dll

Deoptimization events (20 events):
Event: 56.644 Thread 0x000001f19b4f5010 Uncommon trap: trap_request=0xffffff45 fr.pc=0x000001f12f6d361c relative=0x000000000000073c
Event: 56.644 Thread 0x000001f19b4f5010 Uncommon trap: reason=unstable_if action=reinterpret pc=0x000001f12f6d361c method=org.gradle.util.internal.SimpleMapInterner.intern(Ljava/lang/String;)Ljava/lang/String; @ 1 c2
Event: 56.644 Thread 0x000001f19b4f5010 DEOPT PACKING pc=0x000001f12f6d361c sp=0x000000ca4d4f2520
Event: 56.644 Thread 0x000001f19b4f5010 DEOPT UNPACKING pc=0x000001f12f0269a3 sp=0x000000ca4d4f24e8 mode 2
Event: 61.213 Thread 0x000001f19b4f5010 Uncommon trap: trap_request=0xfffffff4 fr.pc=0x000001f12f9a4288 relative=0x0000000000000068
Event: 61.213 Thread 0x000001f19b4f5010 Uncommon trap: reason=null_check action=make_not_entrant pc=0x000001f12f9a4288 method=java.lang.Class.isAnnotation()Z @ 1 c2
Event: 61.214 Thread 0x000001f19b4f5010 DEOPT PACKING pc=0x000001f12f9a4288 sp=0x000000ca4d4f1a20
Event: 61.214 Thread 0x000001f19b4f5010 DEOPT UNPACKING pc=0x000001f12f0269a3 sp=0x000000ca4d4f19b0 mode 2
Event: 61.750 Thread 0x000001f19b4f5010 Uncommon trap: trap_request=0xffffff45 fr.pc=0x000001f12f771ec0 relative=0x00000000000005e0
Event: 61.750 Thread 0x000001f19b4f5010 Uncommon trap: reason=unstable_if action=reinterpret pc=0x000001f12f771ec0 method=java.lang.String.regionMatches(ZILjava/lang/String;II)Z @ 1 c2
Event: 61.750 Thread 0x000001f19b4f5010 DEOPT PACKING pc=0x000001f12f771ec0 sp=0x000000ca4d4f2230
Event: 61.750 Thread 0x000001f19b4f5010 DEOPT UNPACKING pc=0x000001f12f0269a3 sp=0x000000ca4d4f21d8 mode 2
Event: 63.488 Thread 0x000001f19b4f5010 Uncommon trap: trap_request=0xffffffde fr.pc=0x000001f12f6bf6a4 relative=0x0000000000005044
Event: 63.488 Thread 0x000001f19b4f5010 Uncommon trap: reason=class_check action=maybe_recompile pc=0x000001f12f6bf6a4 method=java.net.URLClassLoader.defineClass(Ljava/lang/String;Ljdk/internal/loader/Resource;)Ljava/lang/Class; @ 34 c2
Event: 63.488 Thread 0x000001f19b4f5010 DEOPT PACKING pc=0x000001f12f6bf6a4 sp=0x000000ca4d4f5100
Event: 63.488 Thread 0x000001f19b4f5010 DEOPT UNPACKING pc=0x000001f12f0269a3 sp=0x000000ca4d4f4f08 mode 2
Event: 63.726 Thread 0x000001f19b4f5010 Uncommon trap: trap_request=0xffffff45 fr.pc=0x000001f12f89e4bc relative=0x00000000000022fc
Event: 63.726 Thread 0x000001f19b4f5010 Uncommon trap: reason=unstable_if action=reinterpret pc=0x000001f12f89e4bc method=org.objectweb.asm.Frame.execute(IILorg/objectweb/asm/Symbol;Lorg/objectweb/asm/SymbolTable;)V @ 1 c2
Event: 63.726 Thread 0x000001f19b4f5010 DEOPT PACKING pc=0x000001f12f89e4bc sp=0x000000ca4d4f3ae0
Event: 63.726 Thread 0x000001f19b4f5010 DEOPT UNPACKING pc=0x000001f12f0269a3 sp=0x000000ca4d4f3a88 mode 2

Classes loaded (20 events):
Event: 56.600 Loading class java/util/ArrayList$SubList$2
Event: 56.601 Loading class java/util/ArrayList$SubList$2 done
Event: 59.001 Loading class java/io/Console
Event: 59.002 Loading class java/io/Console done
Event: 59.002 Loading class java/nio/charset/Charset$ExtendedProviderHolder
Event: 59.003 Loading class java/nio/charset/Charset$ExtendedProviderHolder done
Event: 59.003 Loading class java/nio/charset/Charset$ExtendedProviderHolder$1
Event: 59.003 Loading class java/nio/charset/Charset$ExtendedProviderHolder$1 done
Event: 59.012 Loading class java/nio/charset/Charset$2
Event: 59.012 Loading class java/nio/charset/Charset$2 done
Event: 59.012 Loading class java/nio/charset/Charset$1
Event: 59.012 Loading class java/nio/charset/Charset$1 done
Event: 59.015 Loading class java/nio/charset/UnsupportedCharsetException
Event: 59.015 Loading class java/nio/charset/UnsupportedCharsetException done
Event: 59.015 Loading class java/io/Console$2
Event: 59.015 Loading class jdk/internal/access/JavaIOAccess
Event: 59.016 Loading class jdk/internal/access/JavaIOAccess done
Event: 59.016 Loading class java/io/Console$2 done
Event: 61.739 Loading class java/nio/file/FileTreeWalker$1
Event: 61.740 Loading class java/nio/file/FileTreeWalker$1 done

Classes unloaded (0 events):
No events

Classes redefined (0 events):
No events

Internal exceptions (20 events):
Event: 55.636 Thread 0x000001f19b4f5010 Exception <a 'java/lang/NoSuchMethodError'{0x000000060511c138}: static Lorg/jetbrains/kotlin/gradle/plugin/internal/DefaultConfigurationCacheStartParameterAccessorVariantFactory;.<clinit>()V> (0x000000060511c138) 
thrown [s\src\hotspot\share\prims\jni.cpp, line 1112]
Event: 55.743 Thread 0x000001f19b4f5010 Exception <a 'java/lang/IncompatibleClassChangeError'{0x00000006052aeac0}: Found class java.lang.Object, but interface was expected> (0x00000006052aeac0) 
thrown [s\src\hotspot\share\interpreter\linkResolver.cpp, line 826]
Event: 56.537 Thread 0x000001f19b4f5010 Exception <a 'java/lang/NoSuchMethodError'{0x0000000605de8a18}: static Ljava/lang/Object;.<clinit>()V> (0x0000000605de8a18) 
thrown [s\src\hotspot\share\prims\jni.cpp, line 1112]
Event: 56.562 Thread 0x000001f19b4f5010 Exception <a 'java/lang/NoSuchMethodError'{0x0000000605ed9b78}: static Lorg/jetbrains/kotlin/gradle/plugin/statistics/MetricContainer;.<clinit>()V> (0x0000000605ed9b78) 
thrown [s\src\hotspot\share\prims\jni.cpp, line 1112]
Event: 56.644 Thread 0x000001f19b4f5010 Implicit null exception at 0x000001f12f65cc92 to 0x000001f12f65d3b0
Event: 56.644 Thread 0x000001f19b4f5010 Implicit null exception at 0x000001f12f6d2f14 to 0x000001f12f6d3600
Event: 59.935 Thread 0x000001f19b4f5010 Exception <a 'java/lang/ClassNotFoundException'{0x0000000605149cb0}: org/jetbrains/kotlin/gradle/targets/js/npm/DefaultNpmDependencyExtensionBeanInfo> (0x0000000605149cb0) 
thrown [s\src\hotspot\share\classfile\systemDictionary.cpp, line 256]
Event: 59.937 Thread 0x000001f19b4f5010 Exception <a 'java/lang/ClassNotFoundException'{0x0000000605159d68}: org/jetbrains/kotlin/gradle/targets/js/npm/DefaultNpmDependencyExtensionCustomizer> (0x0000000605159d68) 
thrown [s\src\hotspot\share\classfile\systemDictionary.cpp, line 256]
Event: 59.952 Thread 0x000001f19b4f5010 Exception <a 'java/lang/ClassNotFoundException'{0x00000006051e8ef8}: org/jetbrains/kotlin/gradle/targets/js/npm/NpmDependencyExtensionKt$defaultNpmDependencyDelegate$1BeanInfo> (0x00000006051e8ef8) 
thrown [s\src\hotspot\share\classfile\systemDictionary.cpp, line 256]
Event: 59.952 Thread 0x000001f19b4f5010 Exception <a 'java/lang/ClassNotFoundException'{0x00000006051f8ff0}: org/jetbrains/kotlin/gradle/targets/js/npm/NpmDependencyExtensionDelegateBeanInfo> (0x00000006051f8ff0) 
thrown [s\src\hotspot\share\classfile\systemDictionary.cpp, line 256]
Event: 59.966 Thread 0x000001f19b4f5010 Exception <a 'java/lang/ClassNotFoundException'{0x0000000605209400}: org/jetbrains/kotlin/gradle/targets/js/npm/NpmDependencyExtensionDelegateCustomizer> (0x0000000605209400) 
thrown [s\src\hotspot\share\classfile\systemDictionary.cpp, line 256]
Event: 59.976 Thread 0x000001f19b4f5010 Exception <a 'java/lang/ClassNotFoundException'{0x00000006052486c0}: org/jetbrains/kotlin/gradle/targets/js/npm/NpmDependencyExtensionKt$defaultNpmDependencyDelegate$1Customizer> (0x00000006052486c0) 
thrown [s\src\hotspot\share\classfile\systemDictionary.cpp, line 256]
Event: 59.985 Thread 0x000001f19b4f5010 Exception <a 'java/lang/ClassNotFoundException'{0x000000060528a4c0}: org/jetbrains/kotlin/gradle/targets/js/npm/DefaultDevNpmDependencyExtensionBeanInfo> (0x000000060528a4c0) 
thrown [s\src\hotspot\share\classfile\systemDictionary.cpp, line 256]
Event: 59.986 Thread 0x000001f19b4f5010 Exception <a 'java/lang/ClassNotFoundException'{0x000000060529a590}: org/jetbrains/kotlin/gradle/targets/js/npm/DefaultDevNpmDependencyExtensionCustomizer> (0x000000060529a590) 
thrown [s\src\hotspot\share\classfile\systemDictionary.cpp, line 256]
Event: 59.997 Thread 0x000001f19b4f5010 Exception <a 'java/lang/ClassNotFoundException'{0x00000006052e7108}: org/jetbrains/kotlin/gradle/targets/js/npm/DefaultPeerNpmDependencyExtensionBeanInfo> (0x00000006052e7108) 
thrown [s\src\hotspot\share\classfile\systemDictionary.cpp, line 256]
Event: 59.998 Thread 0x000001f19b4f5010 Exception <a 'java/lang/ClassNotFoundException'{0x00000006052f7448}: org/jetbrains/kotlin/gradle/targets/js/npm/DefaultPeerNpmDependencyExtensionCustomizer> (0x00000006052f7448) 
thrown [s\src\hotspot\share\classfile\systemDictionary.cpp, line 256]
Event: 60.006 Thread 0x000001f19b4f5010 Exception <a 'java/lang/ClassNotFoundException'{0x0000000605347aa8}: org/jetbrains/kotlin/gradle/targets/js/npm/DefaultPeerNpmDependencyExtension$delegate$1BeanInfo> (0x0000000605347aa8) 
thrown [s\src\hotspot\share\classfile\systemDictionary.cpp, line 256]
Event: 60.007 Thread 0x000001f19b4f5010 Exception <a 'java/lang/ClassNotFoundException'{0x0000000605357cd0}: org/jetbrains/kotlin/gradle/targets/js/npm/DefaultPeerNpmDependencyExtension$delegate$1Customizer> (0x0000000605357cd0) 
thrown [s\src\hotspot\share\classfile\systemDictionary.cpp, line 256]
Event: 61.722 Thread 0x000001f19b4f5010 Exception <a 'java/lang/NoSuchMethodError'{0x0000000605649e08}: 'int java.lang.invoke.DirectMethodHandle$Holder.invokeSpecialIFC(java.lang.Object, java.lang.Object, java.lang.Object, java.lang.Object, java.lang.Object)'> (0x0000000605649e08) 
thrown [s\src\hotspot\share\interpreter\linkResolver.cpp, line 759]
Event: 61.858 Thread 0x000001f19b4f5010 Exception <a 'java/lang/NoSuchMethodError'{0x00000006057f21c0}: 'long java.lang.invoke.DirectMethodHandle$Holder.invokeStatic(java.lang.Object, java.lang.Object)'> (0x00000006057f21c0) 
thrown [s\src\hotspot\share\interpreter\linkResolver.cpp, line 759]

VM Operations (20 events):
Event: 57.970 Executing VM operation: HandshakeAllThreads
Event: 57.978 Executing VM operation: HandshakeAllThreads done
Event: 58.401 Executing VM operation: G1CollectForAllocation
Event: 58.406 Executing VM operation: G1CollectForAllocation done
Event: 59.414 Executing VM operation: Cleanup
Event: 59.513 Executing VM operation: Cleanup done
Event: 60.116 Executing VM operation: HandshakeAllThreads
Event: 60.116 Executing VM operation: HandshakeAllThreads done
Event: 60.548 Executing VM operation: G1CollectForAllocation
Event: 60.553 Executing VM operation: G1CollectForAllocation done
Event: 60.639 Executing VM operation: G1PauseRemark
Event: 60.669 Executing VM operation: G1PauseRemark done
Event: 60.704 Executing VM operation: G1PauseCleanup
Event: 60.704 Executing VM operation: G1PauseCleanup done
Event: 61.706 Executing VM operation: Cleanup
Event: 61.721 Executing VM operation: Cleanup done
Event: 62.333 Executing VM operation: G1CollectForAllocation
Event: 62.339 Executing VM operation: G1CollectForAllocation done
Event: 63.346 Executing VM operation: Cleanup
Event: 63.347 Executing VM operation: Cleanup done

Memory protections (0 events):
No events

Nmethod flushes (20 events):
Event: 41.487 Thread 0x000001f1529d3ca0 flushing  nmethod 0x000001f11fa37890
Event: 41.487 Thread 0x000001f1529d3ca0 flushing  nmethod 0x000001f11fa48710
Event: 41.487 Thread 0x000001f1529d3ca0 flushing  nmethod 0x000001f11fa49210
Event: 41.487 Thread 0x000001f1529d3ca0 flushing  nmethod 0x000001f11fa49910
Event: 41.487 Thread 0x000001f1529d3ca0 flushing  nmethod 0x000001f11fa53690
Event: 41.487 Thread 0x000001f1529d3ca0 flushing  nmethod 0x000001f11fa54490
Event: 41.487 Thread 0x000001f1529d3ca0 flushing  nmethod 0x000001f11fa54810
Event: 41.487 Thread 0x000001f1529d3ca0 flushing  nmethod 0x000001f11fa75590
Event: 41.487 Thread 0x000001f1529d3ca0 flushing  nmethod 0x000001f11fa81490
Event: 41.487 Thread 0x000001f1529d3ca0 flushing  nmethod 0x000001f11fa85e10
Event: 41.487 Thread 0x000001f1529d3ca0 flushing  nmethod 0x000001f11fa88c90
Event: 41.487 Thread 0x000001f1529d3ca0 flushing  nmethod 0x000001f11fadf090
Event: 41.487 Thread 0x000001f1529d3ca0 flushing  nmethod 0x000001f11fae9a90
Event: 41.487 Thread 0x000001f1529d3ca0 flushing  nmethod 0x000001f11faeef10
Event: 41.487 Thread 0x000001f1529d3ca0 flushing  nmethod 0x000001f11fafb090
Event: 41.488 Thread 0x000001f1529d3ca0 flushing  nmethod 0x000001f11fb73e10
Event: 41.488 Thread 0x000001f1529d3ca0 flushing  nmethod 0x000001f11fba3090
Event: 41.488 Thread 0x000001f1529d3ca0 flushing  nmethod 0x000001f11fbd8c90
Event: 41.488 Thread 0x000001f1529d3ca0 flushing  nmethod 0x000001f11fc25110
Event: 41.488 Thread 0x000001f1529d3ca0 flushing  nmethod 0x000001f11fc25c90

Events (20 events):
Event: 48.661 Thread 0x000001f19e138470 Thread exited: 0x000001f19e138470
Event: 48.779 Thread 0x000001f19b4f5010 Thread added: 0x000001f19e8273d0
Event: 48.781 Thread 0x000001f19b4f5010 Thread added: 0x000001f19e827df0
Event: 48.782 Thread 0x000001f19b4f5010 Thread added: 0x000001f19e82b090
Event: 48.787 Thread 0x000001f19b4f5010 Thread added: 0x000001f19e829230
Event: 48.788 Thread 0x000001f19b4f5010 Thread added: 0x000001f19e829740
Event: 48.790 Thread 0x000001f19b4f5010 Thread added: 0x000001f19e829c50
Event: 48.793 Thread 0x000001f19b4f5010 Thread added: 0x000001f19e82a160
Event: 48.962 Thread 0x000001f1529ce360 Thread added: 0x000001f19e023600
Event: 50.834 Thread 0x000001f19b4f5010 Thread added: 0x000001f19e82c4d0
Event: 50.905 Thread 0x000001f19e023600 Thread exited: 0x000001f19e023600
Event: 50.958 Thread 0x000001f1529ce360 Thread added: 0x000001f19e023600
Event: 53.195 Thread 0x000001f19e023600 Thread exited: 0x000001f19e023600
Event: 55.911 Thread 0x000001f1529ce360 Thread added: 0x000001f1556456e0
Event: 56.160 Thread 0x000001f1556456e0 Thread exited: 0x000001f1556456e0
Event: 56.620 Thread 0x000001f19b4f5010 Thread added: 0x000001f19e825570
Event: 59.514 Thread 0x000001f19b4f5a30 Thread added: 0x000001f19e82a670
Event: 59.514 Thread 0x000001f19b4f5a30 Thread added: 0x000001f19e825f90
Event: 59.649 Thread 0x000001f19b4f5a30 Thread added: 0x000001f19e82ab80
Event: 59.653 Thread 0x000001f19b4f5a30 Thread added: 0x000001f19e8264a0


Dynamic libraries:
0x00007ff7f7450000 - 0x00007ff7f745e000 	C:\Program Files\Eclipse Adoptium\jdk-17.0.19.10-hotspot\bin\java.exe
0x00007ffbf7510000 - 0x00007ffbf7727000 	C:\WINDOWS\SYSTEM32\ntdll.dll
0x00007ffbf6790000 - 0x00007ffbf6854000 	C:\WINDOWS\System32\KERNEL32.DLL
0x00007ffbf47e0000 - 0x00007ffbf4bb2000 	C:\WINDOWS\System32\KERNELBASE.dll
0x00007ffbf46c0000 - 0x00007ffbf47d1000 	C:\WINDOWS\System32\ucrtbase.dll
0x00007ffbebaa0000 - 0x00007ffbebabe000 	C:\Program Files\Eclipse Adoptium\jdk-17.0.19.10-hotspot\bin\VCRUNTIME140.dll
0x00007ffbeba30000 - 0x00007ffbeba48000 	C:\Program Files\Eclipse Adoptium\jdk-17.0.19.10-hotspot\bin\jli.dll
0x00007ffbf52b0000 - 0x00007ffbf5461000 	C:\WINDOWS\System32\USER32.dll
0x00007ffbf4bc0000 - 0x00007ffbf4be6000 	C:\WINDOWS\System32\win32u.dll
0x00007ffbf74a0000 - 0x00007ffbf74c9000 	C:\WINDOWS\System32\GDI32.dll
0x00007ffbf4bf0000 - 0x00007ffbf4d13000 	C:\WINDOWS\System32\gdi32full.dll
0x00007ffbf4d20000 - 0x00007ffbf4dba000 	C:\WINDOWS\System32\msvcp_win.dll
0x00007ffbdee30000 - 0x00007ffbdf0cb000 	C:\WINDOWS\WinSxS\amd64_microsoft.windows.common-controls_6595b64144ccf1df_6.0.22621.5547_none_27104afb73855772\COMCTL32.dll
0x00007ffbf7130000 - 0x00007ffbf71d7000 	C:\WINDOWS\System32\msvcrt.dll
0x00007ffbf6560000 - 0x00007ffbf6591000 	C:\WINDOWS\System32\IMM32.DLL
0x00007ffbebb60000 - 0x00007ffbebb6c000 	C:\Program Files\Eclipse Adoptium\jdk-17.0.19.10-hotspot\bin\vcruntime140_1.dll
0x00007ffbe9260000 - 0x00007ffbe92ed000 	C:\Program Files\Eclipse Adoptium\jdk-17.0.19.10-hotspot\bin\msvcp140.dll
0x00007ffbb4f70000 - 0x00007ffbb5bdc000 	C:\Program Files\Eclipse Adoptium\jdk-17.0.19.10-hotspot\bin\server\jvm.dll
0x00007ffbf7010000 - 0x00007ffbf70c1000 	C:\WINDOWS\System32\ADVAPI32.dll
0x00007ffbf5c00000 - 0x00007ffbf5ca8000 	C:\WINDOWS\System32\sechost.dll
0x00007ffbf5170000 - 0x00007ffbf5198000 	C:\WINDOWS\System32\bcrypt.dll
0x00007ffbf65c0000 - 0x00007ffbf66d4000 	C:\WINDOWS\System32\RPCRT4.dll
0x00007ffbf5230000 - 0x00007ffbf52a1000 	C:\WINDOWS\System32\WS2_32.dll
0x00007ffbf44d0000 - 0x00007ffbf451d000 	C:\WINDOWS\SYSTEM32\POWRPROF.dll
0x00007ffbea780000 - 0x00007ffbea7b4000 	C:\WINDOWS\SYSTEM32\WINMM.dll
0x00007ffbe2020000 - 0x00007ffbe202a000 	C:\WINDOWS\SYSTEM32\VERSION.dll
0x00007ffbf44b0000 - 0x00007ffbf44c3000 	C:\WINDOWS\SYSTEM32\UMPDC.dll
0x00007ffbf35f0000 - 0x00007ffbf3608000 	C:\WINDOWS\SYSTEM32\kernel.appcore.dll
0x00007ffbeba90000 - 0x00007ffbeba9a000 	C:\Program Files\Eclipse Adoptium\jdk-17.0.19.10-hotspot\bin\jimage.dll
0x00007ffbeefa0000 - 0x00007ffbef1d3000 	C:\WINDOWS\SYSTEM32\DBGHELP.DLL
0x00007ffbf6860000 - 0x00007ffbf6bf3000 	C:\WINDOWS\System32\combase.dll
0x00007ffbf6c00000 - 0x00007ffbf6cd7000 	C:\WINDOWS\System32\OLEAUT32.dll
0x00007ffbde5e0000 - 0x00007ffbde612000 	C:\WINDOWS\SYSTEM32\dbgcore.DLL
0x00007ffbf4dc0000 - 0x00007ffbf4e3b000 	C:\WINDOWS\System32\bcryptPrimitives.dll
0x00007ffbea7c0000 - 0x00007ffbea7ce000 	C:\Program Files\Eclipse Adoptium\jdk-17.0.19.10-hotspot\bin\instrument.dll
0x00007ffbe9420000 - 0x00007ffbe9445000 	C:\Program Files\Eclipse Adoptium\jdk-17.0.19.10-hotspot\bin\java.dll
0x00007ffbd3160000 - 0x00007ffbd3237000 	C:\Program Files\Eclipse Adoptium\jdk-17.0.19.10-hotspot\bin\jsvml.dll
0x00007ffbf5cb0000 - 0x00007ffbf6552000 	C:\WINDOWS\System32\SHELL32.dll
0x00007ffbf4fb0000 - 0x00007ffbf50ef000 	C:\WINDOWS\System32\wintypes.dll
0x00007ffbf24e0000 - 0x00007ffbf2dfd000 	C:\WINDOWS\SYSTEM32\windows.storage.dll
0x00007ffbf7310000 - 0x00007ffbf741c000 	C:\WINDOWS\System32\SHCORE.dll
0x00007ffbf54d0000 - 0x00007ffbf5539000 	C:\WINDOWS\System32\shlwapi.dll
0x00007ffbf4530000 - 0x00007ffbf455b000 	C:\WINDOWS\SYSTEM32\profapi.dll
0x00007ffbe9240000 - 0x00007ffbe9258000 	C:\Program Files\Eclipse Adoptium\jdk-17.0.19.10-hotspot\bin\zip.dll
0x00007ffbd8530000 - 0x00007ffbd854a000 	C:\Program Files\Eclipse Adoptium\jdk-17.0.19.10-hotspot\bin\net.dll
0x00007ffbe9e80000 - 0x00007ffbe9fac000 	C:\WINDOWS\SYSTEM32\WINHTTP.dll
0x00007ffbf3a60000 - 0x00007ffbf3ac9000 	C:\WINDOWS\system32\mswsock.dll
0x00007ffbd2ff0000 - 0x00007ffbd3006000 	C:\Program Files\Eclipse Adoptium\jdk-17.0.19.10-hotspot\bin\nio.dll
0x00007ffbe9230000 - 0x00007ffbe9240000 	C:\Program Files\Eclipse Adoptium\jdk-17.0.19.10-hotspot\bin\verify.dll
0x00007ffbdf560000 - 0x00007ffbdf587000 	C:\Users\admin\.gradle\native\1def1411415f61bf3af743bc5b6707747c0891f09f0c88961ee8f79bc544acac\windows-amd64\native-platform.dll
0x00007ffbd2a50000 - 0x00007ffbd2ac7000 	C:\Users\admin\.gradle\native\0.2.8\x86_64-windows-gnu\gradle-fileevents.dll
0x00007ffbe9220000 - 0x00007ffbe922a000 	C:\Program Files\Eclipse Adoptium\jdk-17.0.19.10-hotspot\bin\management.dll
0x00007ffbe9210000 - 0x00007ffbe921c000 	C:\Program Files\Eclipse Adoptium\jdk-17.0.19.10-hotspot\bin\management_ext.dll
0x00007ffbf55d0000 - 0x00007ffbf55d8000 	C:\WINDOWS\System32\PSAPI.DLL
0x00007ffbf3060000 - 0x00007ffbf308d000 	C:\WINDOWS\SYSTEM32\IPHLPAPI.DLL
0x00007ffbf65b0000 - 0x00007ffbf65b9000 	C:\WINDOWS\System32\NSI.dll
0x00007ffbea560000 - 0x00007ffbea579000 	C:\WINDOWS\SYSTEM32\dhcpcsvc6.DLL
0x00007ffbea540000 - 0x00007ffbea55f000 	C:\WINDOWS\SYSTEM32\dhcpcsvc.DLL
0x00007ffbf30d0000 - 0x00007ffbf31c8000 	C:\WINDOWS\SYSTEM32\DNSAPI.dll
0x00007ffbe9200000 - 0x00007ffbe9209000 	C:\Program Files\Eclipse Adoptium\jdk-17.0.19.10-hotspot\bin\extnet.dll
0x00007ffbf3db0000 - 0x00007ffbf3dcb000 	C:\WINDOWS\SYSTEM32\CRYPTSP.dll
0x00007ffbf3550000 - 0x00007ffbf3587000 	C:\WINDOWS\system32\rsaenh.dll
0x00007ffbf3b00000 - 0x00007ffbf3b28000 	C:\WINDOWS\SYSTEM32\USERENV.dll
0x00007ffbf3d90000 - 0x00007ffbf3d9c000 	C:\WINDOWS\SYSTEM32\CRYPTBASE.dll
0x00007ffbe91f0000 - 0x00007ffbe91fe000 	C:\Program Files\Eclipse Adoptium\jdk-17.0.19.10-hotspot\bin\sunmscapi.dll
0x00007ffbf4e40000 - 0x00007ffbf4fa7000 	C:\WINDOWS\System32\CRYPT32.dll
0x00007ffbf3ec0000 - 0x00007ffbf3eed000 	C:\WINDOWS\SYSTEM32\ncrypt.dll
0x00007ffbf3e80000 - 0x00007ffbf3eb7000 	C:\WINDOWS\SYSTEM32\NTASN1.dll
0x00007ffbec890000 - 0x00007ffbec898000 	C:\WINDOWS\system32\wshunix.dll

dbghelp: loaded successfully - version: 4.0.5 - missing functions: none
symbol engine: initialized successfully - sym options: 0x614 - pdb path: .;C:\Program Files\Eclipse Adoptium\jdk-17.0.19.10-hotspot\bin;C:\WINDOWS\SYSTEM32;C:\WINDOWS\WinSxS\amd64_microsoft.windows.common-controls_6595b64144ccf1df_6.0.22621.5547_none_27104afb73855772;C:\Program Files\Eclipse Adoptium\jdk-17.0.19.10-hotspot\bin\server;C:\Users\admin\.gradle\native\1def1411415f61bf3af743bc5b6707747c0891f09f0c88961ee8f79bc544acac\windows-amd64;C:\Users\admin\.gradle\native\0.2.8\x86_64-windows-gnu

VM Arguments:
jvm_args: --add-opens=java.base/java.lang=ALL-UNNAMED --add-opens=java.base/java.lang.invoke=ALL-UNNAMED --add-opens=java.base/java.util=ALL-UNNAMED --add-opens=java.prefs/java.util.prefs=ALL-UNNAMED --add-exports=jdk.compiler/com.sun.tools.javac.api=ALL-UNNAMED --add-exports=jdk.compiler/com.sun.tools.javac.util=ALL-UNNAMED --add-opens=java.base/java.util=ALL-UNNAMED --add-opens=java.prefs/java.util.prefs=ALL-UNNAMED --add-opens=java.base/java.nio.charset=ALL-UNNAMED --add-opens=java.base/java.net=ALL-UNNAMED --add-opens=java.base/java.util.concurrent=ALL-UNNAMED --add-opens=java.base/java.util.concurrent.atomic=ALL-UNNAMED --add-opens=java.xml/javax.xml.namespace=ALL-UNNAMED --add-opens=java.base/java.time=ALL-UNNAMED -XX:MaxMetaspaceSize=4G -XX:ReservedCodeCacheSize=512m -XX:+HeapDumpOnOutOfMemoryError -Xmx8G -Dfile.encoding=UTF-8 -Duser.country=FR -Duser.language=fr -Duser.variant -javaagent:C:\Users\admin\.gradle\wrapper\dists\gradle-9.1.0-all\7wzd0jkjit61aq2p43wpjgij9\gradle-9.1.0\lib\agents\gradle-instrumentation-agent-9.1.0.jar 
java_command: org.gradle.launcher.daemon.bootstrap.GradleDaemon 9.1.0
java_class_path (initial): C:\Users\admin\.gradle\wrapper\dists\gradle-9.1.0-all\7wzd0jkjit61aq2p43wpjgij9\gradle-9.1.0\lib\gradle-daemon-main-9.1.0.jar
Launcher Type: SUN_STANDARD

[Global flags]
     intx CICompilerCount                          = 4                                         {product} {ergonomic}
     uint ConcGCThreads                            = 2                                         {product} {ergonomic}
     uint G1ConcRefinementThreads                  = 8                                         {product} {ergonomic}
   size_t G1HeapRegionSize                         = 4194304                                   {product} {ergonomic}
    uintx GCDrainStackTargetSize                   = 64                                        {product} {ergonomic}
     bool HeapDumpOnOutOfMemoryError               = true                                   {manageable} {command line}
   size_t InitialHeapSize                          = 134217728                                 {product} {ergonomic}
   size_t MarkStackSize                            = 4194304                                   {product} {ergonomic}
   size_t MaxHeapSize                              = 8589934592                                {product} {command line}
   size_t MaxMetaspaceSize                         = 4294967296                                {product} {command line}
   size_t MaxNewSize                               = 5150605312                                {product} {ergonomic}
   size_t MinHeapDeltaBytes                        = 4194304                                   {product} {ergonomic}
   size_t MinHeapSize                              = 8388608                                   {product} {ergonomic}
    uintx NonNMethodCodeHeapSize                   = 5839372                                {pd product} {ergonomic}
    uintx NonProfiledCodeHeapSize                  = 265515770                              {pd product} {ergonomic}
    uintx ProfiledCodeHeapSize                     = 265515770                              {pd product} {ergonomic}
    uintx ReservedCodeCacheSize                    = 536870912                              {pd product} {command line}
     bool SegmentedCodeCache                       = true                                      {product} {ergonomic}
   size_t SoftMaxHeapSize                          = 8589934592                             {manageable} {ergonomic}
   double SweeperThreshold                         = 0.234375                                  {product} {ergonomic}
     bool UseCompressedClassPointers               = true                           {product lp64_product} {ergonomic}
     bool UseCompressedOops                        = true                           {product lp64_product} {ergonomic}
     bool UseG1GC                                  = true                                      {product} {ergonomic}
     bool UseLargePagesIndividualAllocation        = false                                  {pd product} {ergonomic}

Logging:
Log output configuration:
 #0: stdout all=warning uptime,level,tags
 #1: stderr all=off uptime,level,tags

Environment Variables:
JAVA_HOME=C:\Program Files\Eclipse Adoptium\jdk-25.0.1.8-hotspot
PATH=C:\Program Files\Eclipse Adoptium\jdk-17.0.19.10-hotspot\bin;C:\Program Files (x86)\VMware\VMware Workstation\bin\;C:\Program Files\Python312\Scripts\;C:\Program Files\Python312\;C:\WINDOWS\system32;C:\WINDOWS;C:\WINDOWS\System32\Wbem;C:\WINDOWS\System32\WindowsPowerShell\v1.0\;C:\WINDOWS\System32\OpenSSH\;C:\Program Files (x86)\Microsoft SQL Server\160\Tools\Binn\;C:\Program Files\Microsoft SQL Server\160\Tools\Binn\;C:\Program Files\Microsoft SQL Server\Client SDK\ODBC\170\Tools\Binn\;C:\Program Files\Microsoft SQL Server\160\DTS\Binn\;C:\Program Files (x86)\Microsoft SQL Server\160\DTS\Binn\;C:\Windows\system32\python;C:\sqlite3;C:\Program Files\nodejs\;C:\MinGW\bin;C:\curl\bin;C:\curl\include;C:\MinGW;C:\MinGW\lib;C:\GnuWin32\bin;C:\OpenSSL-Win64\bin;C:\Program Files\PostgreSQL\17\bin;C:\Program Files\Eclipse Adoptium\jdk-25.0.1.8-hotspot\bin;C:\Program Files\Heroku\bin;C:\Program Files\Git\cmd;C:\Program Files (x86)\VMware\VMware Workstation\bin\;C:\Program Files\Python312\Scripts\;C:\Program Files\Python312\;C:\WINDOWS\system32;C:\WINDOWS;C:\WINDOWS\System32\Wbem;C:\WINDOWS\System32\WindowsPowerShell\v1.0\;C:\WINDOWS\System32\OpenSSH\;C:\Program Files (x86)\Microsoft SQL Server\160\Tools\Binn\;C:\Program Files\Microsoft SQL Server\160\Tools\Binn\;C:\Program Files\Microsoft SQL Server\Client SDK\ODBC\170\Tools\Binn\;C:\Program Files\Microsoft SQL Server\160\DTS\Binn\;C:\Program Files (x86)\Microsoft SQL Server\160\DTS\Binn\;C:\Windows\system32\python;C:\sqlite3;C:\Program Files\nodejs\;C:\MinGW\bin;C:\curl\bin;C:\curl\include;C:\MinGW;C:\MinGW\lib;C:\GnuWin32\bin;C:\OpenSSL-Win64\bin;C:\Program Files\PostgreSQL\17\bin;C:\Program Files\Eclipse Adoptium\jdk-25.0.1.8-hotspot\bin;C:\Program Files\Git\cmd;C:\Program Files\Docker\Docker\resources\bin;C:\Program Files\Heroku\bin;C:\Users\admin\AppData\Local\Programs\Microsoft VS Code;C:\Program Files\P;C:\flutter\bin\flutter;C:\flutter\bin;C:\Users\admin\AppData\Local\Programs\Microsoft VS Code\bin
USERNAME=admin
OS=Windows_NT
PROCESSOR_IDENTIFIER=Intel64 Family 6 Model 142 Stepping 10, GenuineIntel
TMP=C:\Users\admin\AppData\Local\Temp
TEMP=C:\Users\admin\AppData\Local\Temp



Periodic native trim disabled


---------------  S Y S T E M  ---------------

OS:
 Windows 11 , 64 bit Build 22621 (10.0.22621.5415)
OS uptime: 0 days 0:43 hours
Hyper-V role detected

CPU: total 8 (initial active 8) (4 cores per cpu, 2 threads per core) family 6 model 142 stepping 10 microcode 0xf4, cx8, cmov, fxsr, ht, mmx, 3dnowpref, sse, sse2, sse3, ssse3, sse4.1, sse4.2, popcnt, lzcnt, tsc, tscinvbit, avx, avx2, aes, erms, clmul, bmi1, bmi2, rtm, adx, fma, vzeroupper, clflush, clflushopt, hv
Processor Information for all 8 processors :
  Max Mhz: 1896, Current Mhz: 1696, Mhz Limit: 1687

Memory: 4k page, system-wide physical 8070M (1088M free)
TotalPageFile size 16358M (AvailPageFile size 47M)
current process WorkingSet (physical memory assigned to process): 286M, peak: 286M
current process commit charge ("private bytes"): 342M, peak: 343M

vm_info: OpenJDK 64-Bit Server VM (17.0.19+10) for windows-amd64 JRE (17.0.19+10), built on Apr 25 2026 08:04:44 by "admin" with MS VC++ 17.12 (VS2022)

END.
