JvmtiExport can_access_local_variables 0
JvmtiExport can_hotswap_or_post_breakpoint 0
JvmtiExport can_post_on_exceptions 0
# 573 ciObject found
instanceKlass org/jetbrains/kotlin/resolve/calls/smartcasts/DataFlowValueFactoryImpl
ciInstanceKlass java/lang/Cloneable 1 0 7 100 1 100 1 1 1
instanceKlass org/jetbrains/kotlin/cfg/WhenOnNullableExhaustivenessChecker
instanceKlass org/jetbrains/kotlin/types/model/TypeSystemContext$iterator$1
instanceKlass org/jetbrains/kotlin/types/checker/IsErrorTypeEqualToAnythingTypeChecker
instanceKlass org/jetbrains/kotlin/resolve/sam/SamConstructorTypeParameters
instanceKlass org/jetbrains/kotlin/resolve/sam/SamConstructorUtilsKt
instanceKlass org/jetbrains/kotlin/kdoc/parser/KDocKnownTag$Companion
instanceKlass org/jetbrains/kotlin/com/intellij/util/io/URLUtil
instanceKlass org/jetbrains/kotlin/com/intellij/util/PathUtil
instanceKlass org/jetbrains/kotlin/serialization/deserialization/AbstractAnnotationLoader$WhenMappings
instanceKlass org/jetbrains/kotlin/resolve/checkers/ConfusingWhenBranchSyntaxChecker
instanceKlass org/jetbrains/kotlin/diagnostics/WhenMissingCase
instanceKlass org/jetbrains/kotlin/com/intellij/psi/impl/source/codeStyle/CodeEditUtil
instanceKlass org/jetbrains/kotlin/types/expressions/PatternMatchingTypingVisitor$Subject
instanceKlass org/jetbrains/kotlin/cfg/WhenOnClassExhaustivenessChecker
instanceKlass org/jetbrains/kotlin/cfg/WhenOnBooleanExhaustivenessChecker
instanceKlass org/jetbrains/kotlin/cfg/WhenExhaustivenessChecker
instanceKlass org/jetbrains/kotlin/cfg/WhenChecker
instanceKlass org/jetbrains/kotlin/types/TypeUnifier$UnificationResultImpl
instanceKlass org/jetbrains/kotlin/types/TypeUnifier$UnificationResult
instanceKlass org/jetbrains/kotlin/types/TypeUnifier
instanceKlass org/jetbrains/kotlin/types/checker/TypeCheckerProcedureCallbacksImpl
instanceKlass org/jetbrains/kotlin/resolve/calls/tower/ResolvedAtomCompleter$CallableReferenceResultTypeInfo
instanceKlass org/jetbrains/kotlin/resolve/calls/tower/ResolvedAtomCompleter$WhenMappings
instanceKlass org/jetbrains/kotlin/resolve/calls/inference/ComposedSubstitutor
instanceKlass org/jetbrains/kotlin/resolve/calls/components/CallableReceiver
instanceKlass org/jetbrains/kotlin/resolve/calls/tower/SamePriorityCompositeScopeTowerProcessor
instanceKlass org/jetbrains/kotlin/resolve/calls/components/CallableReferenceResolutionKt
instanceKlass org/jetbrains/kotlin/resolve/calls/model/CallableReferencesCandidateFactory
instanceKlass org/jetbrains/kotlin/resolve/calls/model/LHSResult
instanceKlass org/jetbrains/kotlin/resolve/calls/smartcasts/IdentifierInfo$PostfixIdentifierInfo
instanceKlass org/jetbrains/kotlin/contracts/description/expressions/IsNullPredicate
instanceKlass org/jetbrains/kotlin/com/intellij/openapi/util/TextRange
instanceKlass org/jetbrains/kotlin/com/intellij/openapi/util/Segment
instanceKlass org/jetbrains/kotlin/kdoc/psi/impl/KDocTag$Companion
instanceKlass org/jetbrains/kotlin/kdoc/parser/KDocElementTypes
instanceKlass org/jetbrains/kotlin/kdoc/parser/KDocParser
instanceKlass org/jetbrains/kotlin/com/intellij/lexer/MergingLexerAdapter$MyMergeFunction
instanceKlass org/jetbrains/kotlin/kdoc/lexer/_KDocLexer
instanceKlass org/jetbrains/kotlin/com/intellij/lexer/MergeFunction
instanceKlass kotlin/jvm/internal/IntCompanionObject
instanceKlass org/jetbrains/kotlin/resolve/calls/inference/ConstraintSystemImpl$WhenMappings
instanceKlass org/jetbrains/kotlin/resolve/calls/inference/TypeVariable
instanceKlass org/jetbrains/kotlin/resolve/calls/inference/ConstraintSystemImpl$status$1
instanceKlass org/jetbrains/kotlin/resolve/calls/inference/ConstraintSystemStatus
instanceKlass org/jetbrains/kotlin/resolve/calls/inference/ConstraintSystemImpl
instanceKlass org/jetbrains/kotlin/resolve/calls/inference/ConstraintSystem
instanceKlass org/jetbrains/kotlin/types/checker/SubtypePathNode
instanceKlass org/jetbrains/kotlin/types/checker/UtilsKt
instanceKlass org/jetbrains/kotlin/resolve/calls/inference/ConstraintSystemBuilderImpl$Constraint
instanceKlass org/jetbrains/kotlin/resolve/calls/inference/ConstraintSystemBuilderImpl$addConstraint$typeCheckingProcedure$1
instanceKlass org/jetbrains/kotlin/resolve/calls/inference/ConstraintContext
instanceKlass org/jetbrains/kotlin/resolve/calls/inference/constraintPosition/ConstraintPositionImpl
instanceKlass org/jetbrains/kotlin/resolve/calls/inference/constraintPosition/ConstraintPosition
instanceKlass org/jetbrains/kotlin/resolve/calls/inference/CallHandle$NONE
instanceKlass org/jetbrains/kotlin/types/TypeIntersector$TypeUnifier$TypeParameterUsage
instanceKlass org/jetbrains/kotlin/resolve/calls/inference/CallHandle
instanceKlass org/jetbrains/kotlin/types/TypeIntersector$TypeUnifier
instanceKlass org/jetbrains/kotlin/utils/SmartList$1
instanceKlass org/jetbrains/kotlin/diagnostics/DiagnosticUtilsKt
instanceKlass org/jetbrains/kotlin/resolve/calls/inference/model/NewConstraintSystemImpl$WhenMappings
instanceKlass org/jetbrains/kotlin/resolve/calls/model/ArgumentNullabilityMismatchDiagnostic
instanceKlass org/jetbrains/kotlin/contracts/model/structure/ESIs
instanceKlass org/jetbrains/kotlin/resolve/calls/smartcasts/ConditionalDataFlowInfo$Companion
instanceKlass org/jetbrains/kotlin/com/intellij/util/containers/LockFreeCopyOnWriteArrayList$COWIterator
instanceKlass kotlin/sequences/DropSequence$iterator$1
instanceKlass kotlin/sequences/DropSequence
instanceKlass org/jetbrains/kotlin/diagnostics/DiagnosticWithParameters2Marker
instanceKlass org/jetbrains/kotlin/resolve/deprecation/DeprecationUtilKt$WhenMappings
instanceKlass org/jetbrains/kotlin/resolve/deprecation/DeprecationUtilKt
instanceKlass org/jetbrains/kotlin/resolve/jvm/checkers/RepeatableAnnotationChecker$ResolvedAnnotation
instanceKlass org/jetbrains/kotlin/name/StandardClassIds$Annotations
instanceKlass org/jetbrains/kotlin/resolve/multiplatform/OptionalAnnotationUtil
instanceKlass org/jetbrains/kotlin/resolve/ImportedFromObjectKt
instanceKlass org/jetbrains/kotlin/descriptors/ConstUtil
instanceKlass org/jetbrains/kotlin/synthetic/JavaSyntheticPropertiesScopeKt
instanceKlass org/jetbrains/kotlin/synthetic/SyntheticJavaPropertyDescriptor$Companion$findByGetterOrSetter$3
instanceKlass org/jetbrains/kotlin/synthetic/SyntheticJavaPropertyDescriptor$Companion
instanceKlass org/jetbrains/kotlin/resolve/calls/results/ManyCandidates$WhenMappings
instanceKlass org/jetbrains/kotlin/resolve/calls/model/UnstableSmartCast$Companion
instanceKlass org/jetbrains/kotlin/resolve/calls/model/ArgumentUnmapped
instanceKlass org/jetbrains/kotlin/resolve/calls/inference/components/ConstraintInjector$TypeCheckerStateForConstraintInjector$WhenMappings
instanceKlass org/jetbrains/kotlin/resolve/calls/inference/components/NewTypeSubstitutorKt$createCompositeSubstitutor$1
instanceKlass org/jetbrains/kotlin/resolve/calls/inference/components/NewTypeSubstitutorKt
instanceKlass org/jetbrains/kotlin/resolve/calls/checkers/AssignmentCheckUtilsKt
instanceKlass org/jetbrains/kotlin/load/java/sam/JavaBasedSamConversionResolver
instanceKlass org/jetbrains/kotlin/load/java/sam/JavaSingleAbstractMethodUtils$FunctionInitializer
instanceKlass org/jetbrains/kotlin/load/java/sam/JavaSingleAbstractMethodUtils
instanceKlass java/util/concurrent/locks/AbstractQueuedSynchronizer$Node
instanceKlass org/jetbrains/kotlin/resolve/calls/CommonSuperTypeUtilsKt
instanceKlass org/jetbrains/kotlin/types/AbstractTypeApproximator$ApproximationResult
instanceKlass org/jetbrains/kotlin/resolve/checkers/PrimitiveNumericComparisonInfo
instanceKlass org/jetbrains/kotlin/resolve/sam/SamConversionResolverKt
instanceKlass org/jetbrains/kotlin/resolve/calls/model/SamConversionDescription
instanceKlass org/jetbrains/kotlin/load/java/sam/JavaBasedSamConversionOracle
instanceKlass org/jetbrains/kotlin/resolve/calls/tower/MemberScopeTowerLevel$approximateCapturedTypes$wrappedSubstitution$1$WhenMappings
instanceKlass org/jetbrains/kotlin/types/typesApproximation/ApproximationBounds
instanceKlass org/jetbrains/kotlin/types/typesApproximation/TypeArgument
instanceKlass org/jetbrains/kotlin/types/typesApproximation/CapturedTypeApproximationKt$WhenMappings
instanceKlass javaslang/collection/HashSet
instanceKlass org/jetbrains/kotlin/resolve/calls/smartcasts/MultipleSmartCasts
instanceKlass org/jetbrains/kotlin/contracts/model/structure/ESOr
instanceKlass org/jetbrains/kotlin/contracts/model/structure/ESAnd
instanceKlass org/jetbrains/kotlin/contracts/model/functors/FunctorsUtilsKt
instanceKlass org/jetbrains/kotlin/resolve/calls/checkers/RttiExpressionInformation
instanceKlass org/jetbrains/kotlin/types/CastDiagnosticsUtil
instanceKlass org/jetbrains/kotlin/types/TypeReconstructionResult
instanceKlass org/jetbrains/kotlin/types/expressions/TypeReconstructionUtil
instanceKlass org/jetbrains/kotlin/types/expressions/DefinitelyNotNullDeprecationKt
instanceKlass org/jetbrains/kotlin/resolve/scopes/TypeIntersectionScope$Companion
instanceKlass org/jetbrains/kotlin/types/TypeUtils$4
instanceKlass org/jetbrains/kotlin/resolve/calls/smartcasts/SingleSmartCast
instanceKlass org/jetbrains/kotlin/resolve/calls/smartcasts/ExplicitSmartCasts
instanceKlass org/jetbrains/kotlin/types/FunctionPlaceholderTypeConstructor
instanceKlass org/jetbrains/kotlin/types/FunctionPlaceholdersKt
instanceKlass org/jetbrains/kotlin/types/checker/NullabilityChecker
instanceKlass org/jetbrains/kotlin/types/checker/TypeIntersector
instanceKlass org/jetbrains/kotlin/resolve/annotations/UtilsKt
instanceKlass org/jetbrains/kotlin/resolve/deprecation/DeprecatedByAnnotation$Companion
instanceKlass org/jetbrains/kotlin/resolve/deprecation/DeprecationInfo
instanceKlass org/jetbrains/kotlin/load/kotlin/AbstractBinaryClassAnnotationLoaderKt
instanceKlass org/jetbrains/kotlin/metadata/jvm/deserialization/JvmFlags
instanceKlass org/jetbrains/kotlin/resolve/OverridingUtilsKt
instanceKlass org/jetbrains/kotlin/resolve/sam/SamConversionResolverImplKt
instanceKlass org/jetbrains/kotlin/contracts/model/structure/ValuesKt
instanceKlass org/jetbrains/kotlin/contracts/model/structure/ESEqual
instanceKlass org/jetbrains/kotlin/contracts/model/ESOperator
instanceKlass org/jetbrains/kotlin/resolve/jvm/checkers/JavaNullabilityCheckerKt
instanceKlass org/jetbrains/kotlin/types/expressions/SenselessComparisonChecker$WhenMappings
instanceKlass org/jetbrains/kotlin/types/expressions/SenselessComparisonChecker
instanceKlass org/jetbrains/kotlin/types/EnumCompatibilityCheckerKt
instanceKlass org/jetbrains/kotlin/types/TypeIntersector
instanceKlass org/jetbrains/kotlin/cfg/CfgContainingDeclarationUtilsKt
instanceKlass org/jetbrains/kotlin/types/expressions/AssignedVariablesSearcher$Writer
instanceKlass java/util/stream/FindOps$FindOp
instanceKlass java/util/stream/FindOps$FindSink
instanceKlass java/util/stream/FindOps
instanceKlass java/util/Collections$2
instanceKlass org/jetbrains/kotlin/resolve/LateinitModifierApplicabilityChecker
instanceKlass org/jetbrains/kotlin/resolve/calls/smartcasts/IdentifierInfo$SafeCast
instanceKlass javaslang/collection/List$Cons
instanceKlass org/jetbrains/kotlin/resolve/calls/smartcasts/DataFlowInfoImplKt
instanceKlass org/jetbrains/kotlin/resolve/calls/smartcasts/Nullability$1
instanceKlass org/jetbrains/kotlin/types/DefinitelyNotNullType$Companion
instanceKlass org/jetbrains/kotlin/types/expressions/LabelResolver
instanceKlass org/jetbrains/kotlin/load/kotlin/BinaryClassAnnotationAndConstantLoaderImpl$AbstractAnnotationArgumentVisitor$visitAnnotation$1
instanceKlass org/jetbrains/kotlin/load/kotlin/AbstractBinaryClassAnnotationLoader$WhenMappings
instanceKlass org/jetbrains/kotlin/diagnostics/DiagnosticWithParameters3Marker
instanceKlass org/jetbrains/kotlin/resolve/calls/tower/ErrorCandidate
instanceKlass org/jetbrains/kotlin/types/expressions/ControlStructureTypingUtils$ThrowingOnErrorTracingStrategy
instanceKlass org/jetbrains/kotlin/resolve/descriptorUtil/AnnotationsWithOnly
instanceKlass org/jetbrains/kotlin/types/expressions/ControlStructureTypingUtils$1
instanceKlass org/jetbrains/kotlin/com/google/common/primitives/IntsMethodsForWeb
instanceKlass org/jetbrains/kotlin/contracts/model/visitors/Substitutor
instanceKlass org/jetbrains/kotlin/contracts/model/AbstractFunctor
instanceKlass org/jetbrains/kotlin/contracts/description/ReturnsEffectDeclaration
instanceKlass org/jetbrains/kotlin/contracts/description/ConditionalEffectDeclaration
instanceKlass org/jetbrains/kotlin/contracts/interpretation/CallsEffectInterpreter
instanceKlass org/jetbrains/kotlin/contracts/interpretation/ReturnsEffectInterpreter
instanceKlass org/jetbrains/kotlin/contracts/interpretation/EffectDeclarationInterpreter
instanceKlass org/jetbrains/kotlin/contracts/interpretation/ConditionalEffectInterpreter
instanceKlass org/jetbrains/kotlin/contracts/interpretation/ConditionInterpreter
instanceKlass org/jetbrains/kotlin/contracts/description/ContractDescriptionVisitor
instanceKlass org/jetbrains/kotlin/contracts/interpretation/ConstantValuesInterpreter
instanceKlass org/jetbrains/kotlin/contracts/interpretation/ContractInterpretationDispatcher
instanceKlass org/jetbrains/kotlin/psi/KtElementUtilsKt
instanceKlass org/jetbrains/kotlin/resolve/calls/tower/FunctionLiteralTypes
instanceKlass org/jetbrains/kotlin/resolve/calls/tower/FunctionLiteralTypes$ProcessedType
instanceKlass org/jetbrains/kotlin/resolve/calls/components/ReturnArgumentsInfo$Companion
instanceKlass org/jetbrains/kotlin/resolve/calls/components/ReturnArgumentsInfo
instanceKlass org/jetbrains/kotlin/types/expressions/FunctionsTypingVisitorKt
instanceKlass org/jetbrains/kotlin/types/CommonSupertypes
instanceKlass org/jetbrains/kotlin/resolve/checkers/OptionalExpectationChecker
instanceKlass org/jetbrains/kotlin/resolve/checkers/PublishedApiUsageChecker
instanceKlass org/jetbrains/kotlin/resolve/OperatorModifierChecker
instanceKlass org/jetbrains/kotlin/resolve/annotations/AnnotationUtilKt
instanceKlass org/jetbrains/kotlin/psi/VisitorWrappersKt
instanceKlass org/jetbrains/kotlin/resolve/AnnotationUseSiteTargetChecker
instanceKlass org/jetbrains/kotlin/resolve/diagnostics/SimpleGenericDiagnostics
instanceKlass org/jetbrains/kotlin/resolve/diagnostics/DiagnosticsElementsCache
instanceKlass org/jetbrains/kotlin/resolve/diagnostics/DiagnosticsWithSuppression
instanceKlass org/jetbrains/kotlin/types/expressions/FakeCallResolver$TracingStrategyForIteratorCall
instanceKlass org/jetbrains/kotlin/types/expressions/FakeCallResolver$WhenMappings
instanceKlass org/jetbrains/kotlin/com/intellij/psi/impl/source/tree/Factory
instanceKlass org/jetbrains/kotlin/types/expressions/PreliminaryLoopVisitor$Companion
instanceKlass org/jetbrains/kotlin/contracts/model/structure/ESReceiver
instanceKlass org/jetbrains/kotlin/resolve/calls/DslMarkerUtils$DslMarkersFromReceiver
instanceKlass org/jetbrains/kotlin/resolve/calls/DslMarkerUtilsKt
instanceKlass org/jetbrains/kotlin/resolve/calls/DslMarkerUtils
instanceKlass org/jetbrains/kotlin/resolve/StatementFilterKt
instanceKlass org/jetbrains/kotlin/resolve/calls/DslMarkerUtils$FunctionTypeAnnotationsKey
instanceKlass org/jetbrains/kotlin/resolve/calls/util/FunctionTypeResolveUtilsKt
instanceKlass org/jetbrains/kotlin/resolve/calls/tower/LambdaContextInfo
instanceKlass org/jetbrains/kotlin/resolve/calls/tower/KotlinResolutionCallbacksImpl$LambdaInfo$Companion
instanceKlass org/jetbrains/kotlin/descriptors/annotations/BuiltInAnnotationDescriptor
instanceKlass org/jetbrains/kotlin/resolve/calls/components/BuiltInsProviderKt
instanceKlass org/jetbrains/kotlin/resolve/calls/model/FunctionExpression
instanceKlass org/jetbrains/kotlin/resolve/deprecation/CommonDeprecationUtilsKt$WhenMappings
instanceKlass org/jetbrains/kotlin/resolve/deprecation/CommonDeprecationUtilsKt
instanceKlass org/jetbrains/kotlin/metadata/deserialization/VersionRequirement$Companion$WhenMappings
instanceKlass org/jetbrains/kotlin/metadata/deserialization/VersionRequirement$Version$Companion
instanceKlass org/jetbrains/kotlin/metadata/deserialization/VersionRequirement$Version
instanceKlass org/jetbrains/kotlin/contracts/description/AbstractContractProvider
instanceKlass org/jetbrains/kotlin/descriptors/ContractProvider
instanceKlass org/jetbrains/kotlin/contracts/model/Functor
instanceKlass org/jetbrains/kotlin/contracts/description/ContractDescription
instanceKlass org/jetbrains/kotlin/contracts/description/CallsEffectDeclaration
instanceKlass org/jetbrains/kotlin/contracts/description/EffectDeclaration
instanceKlass org/jetbrains/kotlin/contracts/description/EventOccurrencesRange$Companion
instanceKlass org/jetbrains/kotlin/contracts/description/expressions/VariableReference
instanceKlass org/jetbrains/kotlin/contracts/ContractDeserializerImpl$ContractDeserializationWorker$WhenMappings
instanceKlass org/jetbrains/kotlin/contracts/ContractDeserializerImpl$ContractDeserializationWorker
instanceKlass org/jetbrains/kotlin/builtins/functions/FunctionClassKind$Companion
instanceKlass org/jetbrains/kotlin/builtins/functions/FunctionClassDescriptor$Companion
instanceKlass org/jetbrains/kotlin/builtins/FunctionInterfacePackageFragment
instanceKlass org/jetbrains/kotlin/builtins/functions/FunctionTypeKindExtractor$KindWithArity
instanceKlass org/jetbrains/kotlin/parsing/BindAll
instanceKlass org/jetbrains/kotlin/parsing/AllCommentsBinder
instanceKlass org/jetbrains/kotlin/parsing/KotlinWhitespaceAndCommentsBindersKt
instanceKlass org/jetbrains/kotlin/resolve/calls/inference/model/ConstraintStorageKt$WhenMappings
instanceKlass org/jetbrains/kotlin/resolve/calls/inference/model/ConstraintStorageKt
instanceKlass org/jetbrains/kotlin/types/checker/IntersectionTypeKt
instanceKlass org/jetbrains/kotlin/types/AbstractFlexibilityChecker
instanceKlass org/jetbrains/kotlin/resolve/calls/inference/components/ResultTypeResolver$sinkIntegerLiteralTypes$1$containsILT$1
instanceKlass org/jetbrains/kotlin/types/AbstractStubType$Companion
instanceKlass org/jetbrains/kotlin/types/checker/ClassicTypeSystemContextKt$WhenMappings
instanceKlass org/jetbrains/kotlin/resolve/calls/inference/components/ConstraintIncorporatorKt
instanceKlass org/jetbrains/kotlin/resolve/calls/inference/components/ConstraintIncorporator$WhenMappings
instanceKlass org/jetbrains/kotlin/resolve/calls/model/PartialCallContainer$Companion
instanceKlass org/jetbrains/kotlin/resolve/calls/model/PartialCallContainer
instanceKlass org/jetbrains/kotlin/resolve/calls/NewCommonSuperTypeCalculator
instanceKlass org/jetbrains/kotlin/resolve/calls/inference/components/ResultTypeResolver$sinkIntegerLiteralTypes$$inlined$sortedBy$1
instanceKlass org/jetbrains/kotlin/resolve/calls/components/CompletionModeCalculator$CalculatorForNestedCall$FixationDirectionForVariable
instanceKlass org/jetbrains/kotlin/resolve/calls/components/CompletionModeCalculator$CalculatorForNestedCall$WhenMappings
instanceKlass org/jetbrains/kotlin/resolve/calls/components/CompletionModeCalculator$CalculatorForNestedCall
instanceKlass org/jetbrains/kotlin/descriptors/ConstUtilKt
instanceKlass org/jetbrains/kotlin/resolve/calls/smartcasts/IdentifierInfo$Qualified
instanceKlass org/jetbrains/kotlin/resolve/calls/smartcasts/IdentifierInfo$EnumEntry
instanceKlass org/jetbrains/kotlin/descriptors/impl/EnumEntrySyntheticClassDescriptor$EnumEntryScope$3
instanceKlass org/jetbrains/kotlin/descriptors/impl/EnumEntrySyntheticClassDescriptor$EnumEntryScope$2
instanceKlass org/jetbrains/kotlin/descriptors/impl/EnumEntrySyntheticClassDescriptor$EnumEntryScope$1
instanceKlass org/jetbrains/kotlin/resolve/calls/CallExpressionResolver$WhenMappings
instanceKlass org/jetbrains/kotlin/resolve/calls/tower/InvokeProcessorsKt
instanceKlass org/jetbrains/kotlin/resolve/calls/tower/AbstractInvokeTowerProcessor$VariableInvokeProcessor
instanceKlass org/jetbrains/kotlin/parsing/BindFirstShebangWithWhitespaceOnly
instanceKlass org/jetbrains/kotlin/psi/KtPsiFactory$Companion
instanceKlass org/jetbrains/kotlin/psi/KtPsiFactory
instanceKlass org/jetbrains/kotlin/resolve/constants/PrimitiveTypeUtilKt
instanceKlass org/jetbrains/kotlin/resolve/constants/IntegerLiteralTypeConstructor$Companion
instanceKlass org/jetbrains/kotlin/resolve/constants/IntegerValueTypeConstant$Companion
instanceKlass org/jetbrains/kotlin/resolve/constants/CompileTimeConstantKt
instanceKlass org/jetbrains/kotlin/resolve/constants/evaluate/OperationsMapGeneratedKt$WhenMappings
instanceKlass org/jetbrains/kotlin/resolve/constants/evaluate/OperationsMapGeneratedKt
instanceKlass org/jetbrains/kotlin/resolve/constants/evaluate/ConstantExpressionEvaluatorVisitor$OperationArgument
instanceKlass org/jetbrains/kotlin/resolve/constants/evaluate/ConstantExpressionEvaluatorKt$WhenMappings
instanceKlass org/jetbrains/kotlin/resolve/constants/evaluate/ConstantExpressionEvaluatorKt
instanceKlass org/jetbrains/kotlin/resolve/constants/CompileTimeConstantChecker$CharacterWithDiagnostic
instanceKlass org/jetbrains/kotlin/resolve/calls/util/CallMaker$ExpressionValueArgument
instanceKlass org/jetbrains/kotlin/types/expressions/OperatorConventions
instanceKlass org/jetbrains/kotlin/it/unimi/dsi/fastutil/ints/IntIterators$EmptyIterator
instanceKlass org/jetbrains/kotlin/it/unimi/dsi/fastutil/ints/IntIterators
instanceKlass org/jetbrains/kotlin/it/unimi/dsi/fastutil/ints/Int2ObjectOpenHashMap$MapIterator
instanceKlass org/jetbrains/kotlin/resolve/jvm/JvmBindingContextSlices
instanceKlass org/jetbrains/kotlin/resolve/jvm/RuntimeAssertionsKt
instanceKlass org/jetbrains/kotlin/load/java/typeEnhancement/EnhancedTypeAnnotationDescriptor
instanceKlass org/jetbrains/kotlin/resolve/calls/checkers/CoroutineCallCheckerKt
instanceKlass kotlin/properties/NotNullVar
instanceKlass org/jetbrains/kotlin/synthetic/JavaSyntheticPropertiesScope$MyPropertyDescriptor$Companion
instanceKlass org/jetbrains/kotlin/synthetic/SyntheticExtensionsUtilsKt
instanceKlass org/jetbrains/kotlin/resolve/calls/smartcasts/SmartCastReceiverValue
instanceKlass org/jetbrains/kotlin/resolve/calls/smartcasts/SmartCastUtilKt
instanceKlass org/jetbrains/kotlin/resolve/calls/model/SimpleCandidateFactoryKt
instanceKlass org/jetbrains/kotlin/resolve/ArrayFqNames
instanceKlass org/jetbrains/kotlin/resolve/CompileTimeConstantUtils
instanceKlass org/jetbrains/kotlin/types/RangeUtilKt
instanceKlass org/jetbrains/kotlin/contracts/ESDataFlowValue
instanceKlass org/jetbrains/kotlin/types/expressions/BasicExpressionTypingVisitor$1
instanceKlass org/jetbrains/kotlin/types/expressions/LabelResolver$LabeledReceiverResolutionResult$Companion
instanceKlass org/jetbrains/kotlin/types/expressions/LabelResolver$LabeledReceiverResolutionResult
instanceKlass org/jetbrains/kotlin/resolve/calls/model/ResolvedCallImpl
instanceKlass org/jetbrains/kotlin/resolve/calls/model/MutableResolvedCall
instanceKlass org/jetbrains/kotlin/resolve/scopes/receivers/ImplicitContextReceiver
instanceKlass org/jetbrains/kotlin/resolve/calls/CallExpressionElement
instanceKlass org/jetbrains/kotlin/resolve/scopes/receivers/ClassValueReceiver
instanceKlass kotlin/sequences/SequencesKt___SequencesKt$asIterable$$inlined$Iterable$1
instanceKlass org/jetbrains/kotlin/resolve/calls/CallExpressionUnrollerKt
instanceKlass kotlin/sequences/TakeWhileSequence$iterator$1
instanceKlass kotlin/sequences/TakeWhileSequence
instanceKlass org/jetbrains/kotlin/resolve/scopes/receivers/SuperCallReceiverValue
instanceKlass org/jetbrains/kotlin/resolve/calls/model/ReceiverExpressionKotlinCallArgument$Companion
instanceKlass org/jetbrains/kotlin/descriptors/impl/SyntheticFieldDescriptor$Companion
instanceKlass org/jetbrains/kotlin/resolve/calls/smartcasts/IdentifierInfo$NULL
instanceKlass org/jetbrains/kotlin/utils/NumberWithRadix
instanceKlass org/jetbrains/kotlin/utils/NumbersKt
instanceKlass org/jetbrains/kotlin/com/intellij/openapi/util/text/CharFilter
instanceKlass org/jetbrains/kotlin/com/intellij/util/text/LiteralFormatUtil
instanceKlass org/jetbrains/kotlin/contracts/ContextInfoToDataFlowInfoKt
instanceKlass org/jetbrains/kotlin/contracts/model/MutableContextInfo$Companion
instanceKlass org/jetbrains/kotlin/contracts/model/MutableContextInfo
instanceKlass org/jetbrains/kotlin/contracts/model/visitors/InfoCollector
instanceKlass org/jetbrains/kotlin/contracts/model/structure/UNKNOWN_COMPUTATION
instanceKlass org/jetbrains/kotlin/contracts/description/ContractProviderKey
instanceKlass org/jetbrains/kotlin/contracts/model/structure/CallComputation
instanceKlass org/jetbrains/kotlin/contracts/model/structure/TypesKt
instanceKlass org/jetbrains/kotlin/contracts/model/ESTypeSubstitution$Companion
instanceKlass org/jetbrains/kotlin/contracts/model/ESTypeSubstitution
instanceKlass org/jetbrains/kotlin/contracts/model/visitors/Reducer
instanceKlass org/jetbrains/kotlin/contracts/model/ESExpressionVisitor
instanceKlass org/jetbrains/kotlin/contracts/model/structure/ESType
instanceKlass org/jetbrains/kotlin/contracts/description/expressions/BooleanConstantReference$Companion
instanceKlass org/jetbrains/kotlin/contracts/description/expressions/ConstantReference$Companion
instanceKlass org/jetbrains/kotlin/contracts/description/expressions/ConstantReference
instanceKlass org/jetbrains/kotlin/contracts/description/expressions/ContractDescriptionValue
instanceKlass org/jetbrains/kotlin/contracts/description/BooleanExpression
instanceKlass org/jetbrains/kotlin/contracts/description/ContractDescriptionElement
instanceKlass org/jetbrains/kotlin/contracts/model/structure/AbstractESValue
instanceKlass org/jetbrains/kotlin/contracts/model/ESValue
instanceKlass org/jetbrains/kotlin/contracts/model/ESExpression
instanceKlass org/jetbrains/kotlin/contracts/model/Computation
instanceKlass org/jetbrains/kotlin/contracts/model/structure/ESConstants
instanceKlass org/jetbrains/kotlin/contracts/model/ESEffect
instanceKlass org/jetbrains/kotlin/types/AbstractTypeApproximator$WhenMappings
instanceKlass org/jetbrains/kotlin/resolve/calls/inference/model/MutableVariableWithConstraints$WhenMappings
instanceKlass org/jetbrains/kotlin/resolve/calls/inference/components/VariableFixationFinder$WhenMappings
instanceKlass org/jetbrains/kotlin/resolve/calls/inference/components/SimpleConstraintSystemImpl
instanceKlass org/jetbrains/kotlin/it/unimi/dsi/fastutil/objects/ObjectOpenCustomHashSet$SetIterator
instanceKlass org/jetbrains/kotlin/resolve/calls/results/OverloadingConflictResolver$WhenMappings
instanceKlass org/jetbrains/kotlin/resolve/calls/results/OverloadingConflictResolver$filterOutEquivalentCalls$$inlined$sortedBy$1
instanceKlass org/jetbrains/kotlin/resolve/calls/inference/components/VariableFixationFinderKt
instanceKlass org/jetbrains/kotlin/types/model/MarkerExtensionsKt
instanceKlass org/jetbrains/kotlin/types/model/TypeSystemContextHelpersKt
instanceKlass org/jetbrains/kotlin/resolve/calls/inference/components/ConstraintContext
instanceKlass org/jetbrains/kotlin/resolve/calls/inference/model/MutableVariableWithConstraints
instanceKlass org/jetbrains/kotlin/resolve/calls/inference/model/TypeVariableKt
instanceKlass org/jetbrains/kotlin/resolve/calls/inference/model/TypeVariableTypeConstructor
instanceKlass org/jetbrains/kotlin/resolve/calls/inference/model/NewTypeVariable
instanceKlass org/jetbrains/kotlin/load/kotlin/AbstractBinaryClassAnnotationAndConstantLoader$loadAnnotationsAndInitializers$1$MemberAnnotationVisitor
instanceKlass org/jetbrains/kotlin/load/kotlin/KotlinJvmBinaryClass$MethodAnnotationVisitor
instanceKlass org/jetbrains/kotlin/load/kotlin/AbstractBinaryClassAnnotationAndConstantLoader$loadAnnotationsAndInitializers$1
instanceKlass org/jetbrains/kotlin/load/kotlin/KotlinJvmBinaryClass$MemberVisitor
instanceKlass org/jetbrains/kotlin/metadata/jvm/deserialization/JvmMemberSignature
instanceKlass org/jetbrains/kotlin/metadata/jvm/deserialization/ClassMapperLite
instanceKlass org/jetbrains/kotlin/load/kotlin/MemberSignature$Companion
instanceKlass org/jetbrains/kotlin/resolve/calls/tower/SimpleTypeArgumentImpl
instanceKlass org/jetbrains/kotlin/resolve/calls/model/SimpleTypeArgument
instanceKlass org/jetbrains/kotlin/resolve/calls/model/TypeArgument
instanceKlass org/jetbrains/kotlin/resolve/ObservableBindingTrace$RecordHandler
instanceKlass org/jetbrains/kotlin/types/AlternativeTypeSubstitutionKt$substituteAlternativesInPublicType$substitutor$1
instanceKlass org/jetbrains/kotlin/types/AlternativeTypeSubstitutionKt
instanceKlass org/jetbrains/kotlin/resolve/constants/CompileTimeConstantChecker
instanceKlass org/jetbrains/kotlin/resolve/constants/UnsignedErrorValueTypeConstant
instanceKlass org/jetbrains/kotlin/parsing/ParseUtilsKt
instanceKlass org/jetbrains/kotlin/types/expressions/PreliminaryDeclarationVisitor$Companion
instanceKlass org/jetbrains/kotlin/resolve/calls/inference/model/ConstraintSystemError
instanceKlass org/jetbrains/kotlin/resolve/calls/inference/model/NewConstraintMismatch
instanceKlass javaslang/ValueModule
instanceKlass org/jetbrains/kotlin/resolve/calls/smartcasts/DataFlowValueKindUtilsKt
instanceKlass org/jetbrains/kotlin/resolve/calls/smartcasts/IdentifierInfo$Variable
instanceKlass org/jetbrains/kotlin/load/kotlin/KotlinJvmBinaryPackageSourceElement
instanceKlass org/jetbrains/kotlin/descriptors/impl/TypeAliasConstructorDescriptorImpl$Companion
instanceKlass org/jetbrains/kotlin/resolve/FunctionDescriptorUtil
instanceKlass org/jetbrains/kotlin/resolve/calls/results/FlatSignatureKt
instanceKlass org/jetbrains/kotlin/resolve/calls/results/OverloadabilitySpecificityCallbacks
instanceKlass org/jetbrains/kotlin/resolve/calls/results/TypeWithConversion
instanceKlass org/jetbrains/kotlin/resolve/calls/results/FlatSignatureUtilsKt
instanceKlass org/jetbrains/kotlin/resolve/calls/results/FlatSignature$Companion
instanceKlass org/jetbrains/kotlin/resolve/calls/results/FlatSignature
instanceKlass org/jetbrains/kotlin/types/Variance$WhenMappings
instanceKlass org/jetbrains/kotlin/resolve/VarianceCheckerCore$WhenMappings
instanceKlass org/jetbrains/kotlin/types/EnrichedProjectionKind$Companion$WhenMappings
instanceKlass org/jetbrains/kotlin/types/EnrichedProjectionKind$Companion
instanceKlass org/jetbrains/kotlin/types/checker/TypeCheckingProcedureCallbacks
instanceKlass org/jetbrains/kotlin/types/checker/TypeCheckingProcedure
instanceKlass org/jetbrains/kotlin/resolve/typeBinding/TypeArgumentBindingImpl
instanceKlass org/jetbrains/kotlin/resolve/typeBinding/TypeArgumentBinding
instanceKlass org/jetbrains/kotlin/resolve/typeBinding/ExplicitTypeBinding
instanceKlass org/jetbrains/kotlin/resolve/typeBinding/AbbreviatedTypeBinding
instanceKlass org/jetbrains/kotlin/resolve/typeBinding/TypeBinding
instanceKlass org/jetbrains/kotlin/resolve/typeBinding/TypeBindingKt
instanceKlass org/jetbrains/kotlin/resolve/OverrideResolver$checkOverrideForMember$1
instanceKlass org/jetbrains/kotlin/resolve/OverrideResolver$CheckOverrideReportForDeclaredMemberStrategy
instanceKlass org/jetbrains/kotlin/resolve/OverrideResolver$CollectErrorInformationForInheritedMembersStrategy
instanceKlass org/jetbrains/kotlin/resolve/OverrideResolver$CheckInheritedSignaturesReportStrategy
instanceKlass org/jetbrains/kotlin/resolve/OverrideResolver$checkOverrideForComponentFunction$1
instanceKlass org/jetbrains/kotlin/resolve/OverrideResolver$CheckOverrideReportStrategy
instanceKlass org/jetbrains/kotlin/descriptors/DeclarationDescriptorWithNavigationSubstitute
instanceKlass org/jetbrains/kotlin/com/google/common/collect/AbstractMapBasedMultimap$KeySet$1
instanceKlass org/jetbrains/kotlin/resolve/lazy/data/KtScriptInfo
instanceKlass org/jetbrains/kotlin/com/google/common/collect/AbstractMapBasedMultimap$AsMap$AsMapIterator
instanceKlass org/jetbrains/kotlin/resolve/DescriptorEquivalenceForOverrides
instanceKlass org/jetbrains/kotlin/resolve/OverridingUtil$2
instanceKlass org/jetbrains/kotlin/types/StarProjectionImplKt
instanceKlass org/jetbrains/kotlin/load/java/ErasedOverridabilityCondition$WhenMappings
instanceKlass org/jetbrains/kotlin/descriptors/impl/FunctionDescriptorImpl$1
instanceKlass org/jetbrains/kotlin/util/OneElementArrayMap$iterator$1
instanceKlass org/jetbrains/kotlin/load/java/lazy/types/RawSubstitution$Companion
instanceKlass org/jetbrains/kotlin/load/java/lazy/types/RawProjectionComputer$WhenMappings
instanceKlass org/jetbrains/kotlin/codegen/AsmUtil
instanceKlass org/jetbrains/kotlin/codegen/binding/CodegenBinding
instanceKlass org/jetbrains/kotlin/descriptors/impl/PropertyDescriptorImpl$CopyConfiguration
instanceKlass kotlin/jvm/internal/TypeIntrinsics
instanceKlass org/jetbrains/kotlin/load/kotlin/TypeMappingMode$WhenMappings
instanceKlass org/jetbrains/kotlin/load/java/structure/JavaTypesKt
instanceKlass org/jetbrains/kotlin/builtins/jvm/JvmBuiltInsCustomizer$WhenMappings
instanceKlass org/jetbrains/kotlin/load/java/lazy/descriptors/JavaDescriptorUtilKt
instanceKlass org/jetbrains/kotlin/utils/SmartSet$ArrayIterator
instanceKlass org/jetbrains/kotlin/resolve/OverridingUtil$7
instanceKlass org/jetbrains/kotlin/resolve/OverridingUtil$6
instanceKlass org/jetbrains/kotlin/resolve/VisibilityUtilKt
instanceKlass org/jetbrains/kotlin/resolve/OverridingUtil$3
instanceKlass org/jetbrains/kotlin/resolve/scopes/DescriptorKindExclude
instanceKlass org/jetbrains/kotlin/types/TypeAliasExpansionReportStrategy$DO_NOTHING
instanceKlass org/jetbrains/kotlin/types/TypeAliasExpander$Companion
instanceKlass org/jetbrains/kotlin/types/TypeAliasExpander
instanceKlass org/jetbrains/kotlin/types/TypeAliasExpansion$Companion
instanceKlass org/jetbrains/kotlin/types/TypeAliasExpansion
instanceKlass org/jetbrains/kotlin/resolve/TypeResolver$TracingTypeAliasExpansionReportStrategy
instanceKlass org/jetbrains/kotlin/types/TypeAliasExpansionReportStrategy
instanceKlass org/jetbrains/kotlin/descriptors/impl/AbstractTypeAliasDescriptor$typeConstructor$1
instanceKlass org/jetbrains/kotlin/serialization/deserialization/AnnotationDeserializer$WhenMappings
instanceKlass org/jetbrains/kotlin/resolve/MemberComparator$NameAndTypeMemberComparator
instanceKlass org/jetbrains/kotlin/descriptors/annotations/AnnotationsImpl
instanceKlass org/jetbrains/kotlin/load/java/components/JavaAnnotationTargetMapper
instanceKlass org/jetbrains/kotlin/descriptors/annotations/AnnotationWithTarget
instanceKlass java/util/RegularEnumSet$EnumSetIterator
instanceKlass org/jetbrains/kotlin/resolve/scopes/ScopeUtils
instanceKlass org/jetbrains/kotlin/resolve/VariableAsPropertyInfo$Companion
instanceKlass org/jetbrains/kotlin/resolve/VariableAsPropertyInfo
instanceKlass org/jetbrains/kotlin/resolve/lazy/descriptors/ClassResolutionScopesSupportKt
instanceKlass org/jetbrains/kotlin/it/unimi/dsi/fastutil/objects/Object2ObjectOpenHashMap$MapIterator
instanceKlass org/jetbrains/kotlin/load/java/components/DescriptorResolverUtils$1$1
instanceKlass org/jetbrains/kotlin/resolve/OverridingUtil$4
instanceKlass org/jetbrains/kotlin/resolve/OverridingUtil$5
instanceKlass org/jetbrains/kotlin/load/kotlin/JvmTypeFactoryImpl$WhenMappings
instanceKlass org/jetbrains/kotlin/resolve/jvm/kotlinSignature/SignaturesPropagationData$VarargCheckResult
instanceKlass org/jetbrains/kotlin/resolve/jvm/kotlinSignature/SignaturesPropagationData$TypeAndName
instanceKlass org/jetbrains/kotlin/resolve/jvm/jvmSignature/KotlinToJvmSignatureMapperKt
instanceKlass org/jetbrains/kotlin/codegen/state/InfoForMangling
instanceKlass org/jetbrains/kotlin/resolve/jvm/InlineClassManglingRulesKt
instanceKlass org/jetbrains/kotlin/resolve/jvm/jvmSignature/JvmMethodSignature
instanceKlass org/jetbrains/org/objectweb/asm/commons/Method
instanceKlass org/jetbrains/kotlin/codegen/state/InlineClassManglingUtilsKt
instanceKlass org/jetbrains/kotlin/descriptors/ScriptDescriptor
instanceKlass org/jetbrains/kotlin/load/java/SpecialBuiltinMembers
instanceKlass org/jetbrains/kotlin/resolve/jvm/AsmTypes$1
instanceKlass org/jetbrains/kotlin/resolve/jvm/AsmTypes
instanceKlass org/jetbrains/kotlin/resolve/jvm/jvmSignature/JvmMethodParameterSignature
instanceKlass org/jetbrains/kotlin/codegen/AccessorForCallableDescriptor
instanceKlass org/jetbrains/kotlin/codegen/state/KotlinTypeMapper$WhenMappings
instanceKlass org/jetbrains/kotlin/codegen/signature/AsmTypeFactory
instanceKlass org/jetbrains/kotlin/load/kotlin/JvmDescriptorTypeWriter
instanceKlass org/jetbrains/kotlin/codegen/JvmCodegenUtil
instanceKlass org/jetbrains/kotlin/codegen/coroutines/CoroutineCodegenUtilKt$INITIAL_SUSPEND_DESCRIPTOR_FOR_INVOKE_SUSPEND$1
instanceKlass org/jetbrains/kotlin/codegen/coroutines/CoroutineCodegenUtilKt$INITIAL_DESCRIPTOR_FOR_SUSPEND_FUNCTION$1
instanceKlass org/jetbrains/kotlin/codegen/CodegenUtilKt
instanceKlass org/jetbrains/kotlin/codegen/coroutines/CoroutineCodegenUtilKt
instanceKlass org/jetbrains/kotlin/resolve/ImportedFromObjectCallableDescriptor
instanceKlass org/jetbrains/kotlin/codegen/OwnerKind$Companion
instanceKlass org/jetbrains/kotlin/util/Check$DefaultImpls
instanceKlass org/jetbrains/kotlin/builtins/jvm/MappingUtilKt
instanceKlass org/jetbrains/kotlin/load/java/components/JavaResolverCache$1
instanceKlass org/jetbrains/kotlin/descriptors/deserialization/AdditionalClassPartsProvider$None
instanceKlass org/jetbrains/kotlin/descriptors/deserialization/PlatformDependentDeclarationFilter$All
instanceKlass org/jetbrains/kotlin/builtins/jvm/FallbackBuiltIns$Companion
instanceKlass org/jetbrains/kotlin/descriptors/deserialization/PlatformDependentDeclarationFilterKt
instanceKlass org/jetbrains/kotlin/descriptors/SourceFile$1
instanceKlass org/jetbrains/kotlin/resolve/source/PsiSourceFile
instanceKlass org/jetbrains/kotlin/descriptors/SourceFile
instanceKlass org/jetbrains/kotlin/metadata/ProtoBuf$1
instanceKlass org/jetbrains/kotlin/resolve/constants/KClassValue$Value
instanceKlass org/jetbrains/kotlin/resolve/constants/ClassLiteralValue
instanceKlass org/jetbrains/kotlin/resolve/constants/KClassValue$Companion
instanceKlass org/jetbrains/kotlin/types/AbstractTypeChecker$WhenMappings
instanceKlass org/jetbrains/kotlin/types/model/TypeSystemContextKt$WhenMappings
instanceKlass org/jetbrains/kotlin/types/model/TypeSystemContextKt
instanceKlass org/jetbrains/kotlin/descriptors/ModalityUtilsKt
instanceKlass org/jetbrains/kotlin/types/checker/ClassicTypeSystemContextKt
instanceKlass org/jetbrains/kotlin/resolve/calls/smartcasts/IdentifierInfo$PackageOrClass
instanceKlass org/jetbrains/kotlin/resolve/calls/tower/StubTypesBasedInferenceSession
instanceKlass org/jetbrains/kotlin/types/expressions/DoubleColonExpressionResolverKt
instanceKlass org/jetbrains/kotlin/types/expressions/DoubleColonExpressionResolver$ReservedDoubleColonLHSResolutionResult
instanceKlass org/jetbrains/kotlin/types/expressions/DoubleColonExpressionResolver$LHSResolutionResult
instanceKlass org/jetbrains/kotlin/resolve/scopes/receivers/TypeParameterQualifier
instanceKlass org/jetbrains/kotlin/resolve/QualifiedExpressionResolveUtilKt
instanceKlass org/jetbrains/kotlin/resolve/descriptorUtil/DescriptorUtilsKt$WhenMappings
instanceKlass org/jetbrains/kotlin/resolve/scopes/receivers/ClassQualifier
instanceKlass org/jetbrains/kotlin/resolve/scopes/receivers/ClassifierQualifier
instanceKlass org/jetbrains/kotlin/resolve/calls/results/OverloadResolutionResultsUtil
instanceKlass org/jetbrains/kotlin/resolve/calls/model/SimpleCandidateFactory$WhenMappings
instanceKlass org/jetbrains/kotlin/resolve/calls/tower/CandidateWithBoundDispatchReceiver
instanceKlass org/jetbrains/kotlin/resolve/calls/util/IsFromStdlibJre7Or8Kt
instanceKlass org/jetbrains/kotlin/resolve/calls/tower/PrioritizedCompositeScopeTowerProcessor
instanceKlass org/jetbrains/kotlin/resolve/calls/CallTransformer
instanceKlass org/jetbrains/kotlin/resolve/calls/tower/AbstractInvokeTowerProcessor
instanceKlass org/jetbrains/kotlin/resolve/calls/tower/PSICallResolver$FactoryProviderForInvoke
instanceKlass org/jetbrains/kotlin/resolve/calls/tower/CandidateFactoryProviderForInvoke
instanceKlass org/jetbrains/kotlin/resolve/TraceEntryFilter
instanceKlass org/jetbrains/kotlin/resolve/calls/tower/PSIErrorCallInfo
instanceKlass org/jetbrains/kotlin/resolve/calls/components/ErrorCallInfo
instanceKlass org/jetbrains/kotlin/diagnostics/AbstractDiagnostic
instanceKlass org/jetbrains/kotlin/diagnostics/DiagnosticWithParameters1Marker
instanceKlass org/jetbrains/kotlin/resolve/calls/model/TransformableToWarning
instanceKlass org/jetbrains/kotlin/resolve/calls/tower/ErrorCandidateFactoryKt$WhenMappings
instanceKlass org/jetbrains/kotlin/resolve/calls/tower/ErrorCandidateContext
instanceKlass org/jetbrains/kotlin/resolve/calls/tower/ErrorCandidateFactoryKt
instanceKlass org/jetbrains/kotlin/resolve/calls/tower/PSICallResolver$WhenMappings
instanceKlass org/jetbrains/kotlin/resolve/calls/model/KotlinCallDiagnostic
instanceKlass org/jetbrains/kotlin/resolve/SinceKotlinValue
instanceKlass org/jetbrains/kotlin/resolve/calls/tower/TowerLevelsKt
instanceKlass org/jetbrains/kotlin/it/unimi/dsi/fastutil/objects/ObjectOpenHashSet$SetIterator
instanceKlass org/jetbrains/kotlin/resolve/scopes/MemberScopeKt
instanceKlass org/jetbrains/kotlin/synthetic/JavaSyntheticPropertiesScope$SyntheticPropertyHolder$Companion
instanceKlass org/jetbrains/kotlin/resolve/calls/smartcasts/IdentifierInfo$Receiver
instanceKlass org/jetbrains/kotlin/resolve/scopes/DeprecatedLexicalScope
instanceKlass org/jetbrains/kotlin/resolve/calls/tower/AbstractScopeTowerLevel
instanceKlass org/jetbrains/kotlin/psi/KtCommonFileKt
instanceKlass org/jetbrains/kotlin/resolve/calls/tower/TowerResolver$Task
instanceKlass org/jetbrains/kotlin/resolve/calls/tower/AbstractSimpleScopeTowerProcessor
instanceKlass org/jetbrains/kotlin/resolve/calls/tower/SimpleScopeTowerProcessor
instanceKlass org/jetbrains/kotlin/resolve/calls/tower/ScopeTowerLevel
instanceKlass org/jetbrains/kotlin/resolve/calls/tower/VariableAndObjectScopeTowerProcessor
instanceKlass org/jetbrains/kotlin/resolve/calls/tower/ScopeTowerProcessorsKt
instanceKlass org/jetbrains/kotlin/resolve/calls/KotlinCallResolver$WhenMappings
instanceKlass org/jetbrains/kotlin/resolve/calls/util/CallMaker$CallImpl
instanceKlass org/jetbrains/kotlin/resolve/calls/context/TemporaryResolutionResultsCache
instanceKlass org/jetbrains/kotlin/resolve/calls/context/TemporaryTraceAndCache
instanceKlass org/jetbrains/kotlin/resolve/constants/IntegerValueTypeConstant
instanceKlass org/jetbrains/kotlin/resolve/jvm/RuntimeAssertionsDataFlowExtras
instanceKlass org/jetbrains/kotlin/resolve/jvm/RuntimeAssertionInfo$DataFlowExtras
instanceKlass org/jetbrains/kotlin/resolve/jvm/RuntimeAssertionInfo$Companion
instanceKlass org/jetbrains/kotlin/resolve/jvm/RuntimeAssertionInfo
instanceKlass org/jetbrains/kotlin/resolve/ImplicitIntegerCoercion
instanceKlass org/jetbrains/kotlin/resolve/calls/tower/NewAbstractResolvedCall$getDataFlowInfoForArguments$1
instanceKlass org/jetbrains/kotlin/resolve/calls/model/ArgumentMatchImpl
instanceKlass org/jetbrains/kotlin/resolve/calls/model/ArgumentMatch
instanceKlass org/jetbrains/kotlin/resolve/calls/model/ArgumentMapping
instanceKlass org/jetbrains/kotlin/resolve/calls/model/VarargValueArgument
instanceKlass org/jetbrains/kotlin/resolve/calls/tower/EmptyLabeledReturn
instanceKlass org/jetbrains/kotlin/resolve/calls/model/QualifierReceiverKotlinCallArgument
instanceKlass org/jetbrains/kotlin/resolve/calls/model/ReceiverExpressionKotlinCallArgument
instanceKlass org/jetbrains/kotlin/resolve/descriptorUtil/AnnotationsForResolveKt
instanceKlass org/jetbrains/kotlin/resolve/descriptorUtil/AnnotationsForResolveUtilsKt
instanceKlass org/jetbrains/kotlin/resolve/calls/inference/BuilderInferenceUtilKt
instanceKlass org/jetbrains/kotlin/resolve/calls/inference/model/InitialConstraint
instanceKlass org/jetbrains/kotlin/resolve/calls/inference/ConstraintSystemBuilderKt$WhenMappings
instanceKlass org/jetbrains/kotlin/resolve/calls/inference/ConstraintSystemTransaction
instanceKlass org/jetbrains/kotlin/resolve/calls/inference/ConstraintSystemBuilderKt
instanceKlass org/jetbrains/kotlin/resolve/calls/components/SimpleArgumentsChecksKt
instanceKlass org/jetbrains/kotlin/resolve/calls/components/PostponeArgumentsChecksKt
instanceKlass org/jetbrains/kotlin/builtins/UnsignedTypes
instanceKlass org/jetbrains/kotlin/resolve/calls/components/UnitTypeConversions
instanceKlass org/jetbrains/kotlin/resolve/calls/components/SuspendTypeConversions
instanceKlass org/jetbrains/kotlin/resolve/calls/components/TypeConversions$ConversionData
instanceKlass org/jetbrains/kotlin/resolve/calls/components/SamTypeConversions
instanceKlass org/jetbrains/kotlin/resolve/calls/components/ParameterTypeConversion
instanceKlass org/jetbrains/kotlin/resolve/calls/components/TypeConversions
instanceKlass org/jetbrains/kotlin/resolve/calls/components/ResolutionPartsKt
instanceKlass org/jetbrains/kotlin/resolve/calls/components/ReceiverInfo$Companion
instanceKlass org/jetbrains/kotlin/resolve/calls/components/ReceiverInfo
instanceKlass org/jetbrains/kotlin/resolve/calls/model/SubKotlinCallArgument
instanceKlass org/jetbrains/kotlin/resolve/calls/model/LambdaKotlinCallArgument
instanceKlass org/jetbrains/kotlin/resolve/calls/model/ExpressionKotlinCallArgument
instanceKlass org/jetbrains/kotlin/types/checker/NewCapturedTypeKt
instanceKlass org/jetbrains/kotlin/resolve/scopes/receivers/QualifierReceiverKt
instanceKlass javaslang/Tuple2
instanceKlass javaslang/Tuple
instanceKlass javaslang/collection/IteratorModule$EmptyIterator
instanceKlass javaslang/collection/AbstractIterator
instanceKlass javaslang/collection/List$Nil
instanceKlass javaslang/collection/List
instanceKlass javaslang/collection/Stack
instanceKlass javaslang/collection/Queue
instanceKlass javaslang/collection/LinearSeq
instanceKlass javaslang/collection/LinkedHashMap
instanceKlass javaslang/collection/LinkedHashSet
instanceKlass javaslang/control/Option$None
instanceKlass org/jetbrains/kotlin/resolve/calls/smartcasts/DataFlowValueKt
instanceKlass org/jetbrains/kotlin/resolve/calls/smartcasts/IdentifierInfo$Expression
instanceKlass org/jetbrains/kotlin/resolve/calls/smartcasts/IdentifierInfo$ERROR
instanceKlass org/jetbrains/kotlin/resolve/calls/smartcasts/DataFlowValue$Companion
instanceKlass org/jetbrains/kotlin/resolve/calls/smartcasts/IdentifierInfo$NO
instanceKlass org/jetbrains/kotlin/resolve/calls/smartcasts/IdentifierInfo
instanceKlass org/jetbrains/kotlin/resolve/calls/smartcasts/IdentifierInfoKt
instanceKlass org/jetbrains/kotlin/resolve/scopes/receivers/ExpressionReceiver$Companion
instanceKlass org/jetbrains/kotlin/resolve/calls/util/PsiUtilsKt
instanceKlass org/jetbrains/kotlin/util/IncrementalTrackerUtilKt
instanceKlass org/jetbrains/kotlin/resolve/constants/CompileTimeConstant$DefaultImpls
instanceKlass org/jetbrains/kotlin/resolve/constants/TypedCompileTimeConstant
instanceKlass org/jetbrains/kotlin/resolve/constants/CompileTimeConstant$Parameters
instanceKlass org/jetbrains/kotlin/types/expressions/typeInfoFactory/TypeInfoFactoryKt
instanceKlass org/jetbrains/kotlin/resolve/calls/tower/NewCallArgumentsKt
instanceKlass org/jetbrains/kotlin/psi/KtPsiUtil$KtExpressionWrapper
instanceKlass org/jetbrains/kotlin/resolve/constants/IntegerLiteralTypeConstructor
instanceKlass org/jetbrains/kotlin/types/AbstractNullabilityChecker
instanceKlass org/jetbrains/kotlin/resolve/jvm/diagnostics/ErrorsJvm$1
instanceKlass org/jetbrains/kotlin/resolve/jvm/diagnostics/ErrorsJvm
instanceKlass org/jetbrains/kotlin/resolve/scopes/receivers/AbstractReceiverValue
instanceKlass org/jetbrains/kotlin/types/typesApproximation/CapturedTypeApproximationKt
instanceKlass org/jetbrains/kotlin/descriptors/annotations/FilteredAnnotations
instanceKlass org/jetbrains/kotlin/types/TypeSubstitutionKt
instanceKlass org/jetbrains/kotlin/types/TypeCapabilitiesKt
instanceKlass org/jetbrains/kotlin/types/TypeSubstitutor$2
instanceKlass org/jetbrains/kotlin/types/DisjointKeysUnionTypeSubstitution$Companion
instanceKlass org/jetbrains/kotlin/types/DescriptorSubstitutor
instanceKlass org/jetbrains/kotlin/descriptors/impl/FunctionDescriptorImpl$CopyConfiguration
instanceKlass org/jetbrains/kotlin/load/java/descriptors/UtilKt
instanceKlass org/jetbrains/kotlin/load/java/typeEnhancement/TypeEnhancementKt$WhenMappings
instanceKlass org/jetbrains/kotlin/load/java/typeEnhancement/PredefinedFunctionEnhancementInfo
instanceKlass org/jetbrains/kotlin/load/java/typeEnhancement/SignatureEnhancementBuilder$ClassEnhancementBuilder$FunctionEnhancementBuilder
instanceKlass org/jetbrains/kotlin/load/java/typeEnhancement/SignatureEnhancementBuilder$ClassEnhancementBuilder
instanceKlass org/jetbrains/kotlin/load/java/typeEnhancement/SignatureEnhancementBuilder
instanceKlass org/jetbrains/kotlin/load/java/typeEnhancement/PredefinedEnhancementInfoKt
instanceKlass org/jetbrains/kotlin/load/kotlin/MethodSignatureBuildingUtilsKt
instanceKlass org/jetbrains/kotlin/types/checker/NewTypeVariableConstructor
instanceKlass org/jetbrains/kotlin/load/kotlin/JvmType$Companion
instanceKlass org/jetbrains/kotlin/load/kotlin/JvmType
instanceKlass org/jetbrains/kotlin/load/kotlin/TypeSignatureMappingKt
instanceKlass org/jetbrains/kotlin/utils/FunctionsKt$ALWAYS_NULL$1
instanceKlass org/jetbrains/kotlin/utils/FunctionsKt
instanceKlass org/jetbrains/kotlin/load/kotlin/DescriptorBasedTypeSignatureMappingKt
instanceKlass org/jetbrains/kotlin/load/kotlin/TypeMappingConfigurationImpl
instanceKlass org/jetbrains/kotlin/load/kotlin/TypeMappingMode$Companion
instanceKlass org/jetbrains/kotlin/load/kotlin/TypeMappingMode
instanceKlass org/jetbrains/kotlin/load/kotlin/JvmTypeFactoryImpl
instanceKlass org/jetbrains/kotlin/load/kotlin/JvmTypeFactory
instanceKlass org/jetbrains/kotlin/load/kotlin/MethodSignatureMappingKt
instanceKlass org/jetbrains/kotlin/load/java/BuiltinSpecialPropertiesKt
instanceKlass org/jetbrains/kotlin/load/java/BuiltinSpecialProperties
instanceKlass org/jetbrains/kotlin/load/java/PropertiesConventionUtilKt
instanceKlass org/jetbrains/kotlin/load/java/lazy/descriptors/LazyJavaScope$MethodSignatureData
instanceKlass org/jetbrains/kotlin/resolve/jvm/kotlinSignature/SignaturesPropagationData$ValueParameters
instanceKlass org/jetbrains/kotlin/resolve/jvm/kotlinSignature/SignaturePropagationUtilKt
instanceKlass org/jetbrains/kotlin/util/CheckResult
instanceKlass org/jetbrains/kotlin/util/Checks$3
instanceKlass org/jetbrains/kotlin/util/Checks$4
instanceKlass org/jetbrains/kotlin/util/ReturnsCheck
instanceKlass org/jetbrains/kotlin/util/IsKPropertyCheck
instanceKlass org/jetbrains/kotlin/util/NoDefaultAndVarargsCheck
instanceKlass org/jetbrains/kotlin/util/Checks$2
instanceKlass org/jetbrains/kotlin/util/ValueParameterCountCheck
instanceKlass org/jetbrains/kotlin/util/MemberKindCheck
instanceKlass org/jetbrains/kotlin/util/Check
instanceKlass org/jetbrains/kotlin/util/Checks
instanceKlass org/jetbrains/kotlin/util/AbstractModifierChecks
instanceKlass org/jetbrains/kotlin/codegen/state/KotlinTypeMapper$typeMappingConfiguration$1
instanceKlass org/jetbrains/kotlin/load/kotlin/TypeMappingConfiguration
instanceKlass org/jetbrains/kotlin/codegen/ClassBuilderMode
instanceKlass org/jetbrains/kotlin/resolve/InlineClassDescriptorResolver
instanceKlass org/jetbrains/kotlin/codegen/state/KotlinTypeMapper$Companion
instanceKlass org/jetbrains/kotlin/codegen/state/KotlinTypeMapperBase
instanceKlass org/jetbrains/kotlin/codegen/signature/KotlinToJvmSignatureMapperImpl
instanceKlass org/jetbrains/kotlin/resolve/jvm/jvmSignature/KotlinToJvmSignatureMapper
instanceKlass org/jetbrains/kotlin/resolve/jvm/kotlinSignature/SignaturesPropagationData
instanceKlass org/jetbrains/kotlin/load/java/lazy/descriptors/LazyJavaScope$ResolvedValueParameters
instanceKlass org/jetbrains/kotlin/types/FlexibleTypeImpl$Companion
instanceKlass org/jetbrains/kotlin/descriptors/impl/AbstractTypeParameterDescriptor$2$1
instanceKlass org/jetbrains/kotlin/load/java/descriptors/JavaMethodDescriptor$2
instanceKlass org/jetbrains/kotlin/load/java/descriptors/JavaMethodDescriptor$1
instanceKlass org/jetbrains/kotlin/load/java/structure/JavaLoadingKt
instanceKlass org/jetbrains/kotlin/load/java/lazy/descriptors/ClassDeclaredMemberIndex
instanceKlass org/jetbrains/kotlin/types/RawType
instanceKlass java/util/EnumMap$EntryIterator$Entry
instanceKlass java/util/EnumMap$EnumMapIterator
instanceKlass org/jetbrains/kotlin/types/AbstractStrictEqualityTypeChecker
instanceKlass org/jetbrains/kotlin/types/checker/StrictEqualityTypeChecker
instanceKlass org/jetbrains/kotlin/load/java/typeEnhancement/JavaTypeEnhancement$Result
instanceKlass org/jetbrains/kotlin/load/java/typeEnhancement/JavaTypeEnhancement$SimpleResult
instanceKlass org/jetbrains/kotlin/load/java/typeEnhancement/EnhancedTypeAnnotations
instanceKlass org/jetbrains/kotlin/load/java/typeEnhancement/TypeEnhancementKt
instanceKlass org/jetbrains/kotlin/load/java/typeEnhancement/TypeComponentPositionKt
instanceKlass org/jetbrains/kotlin/load/java/typeEnhancement/TypeEnhancementInfo
instanceKlass org/jetbrains/kotlin/load/java/typeEnhancement/TypeEnhancementUtilsKt
instanceKlass org/jetbrains/kotlin/load/java/typeEnhancement/JavaTypeQualifiers$Companion
instanceKlass org/jetbrains/kotlin/load/java/typeEnhancement/JavaTypeQualifiers
instanceKlass org/jetbrains/kotlin/load/java/lazy/types/JavaTypeResolverKt
instanceKlass org/jetbrains/kotlin/load/java/components/JavaAnnotationDescriptor
instanceKlass javaslang/control/Option$Some
instanceKlass javaslang/control/Option
instanceKlass org/jetbrains/kotlin/util/javaslang/JavaslangAdaptersKt
instanceKlass org/jetbrains/kotlin/load/java/structure/impl/classFiles/ClassifierResolutionContext$InnerClassInfo
instanceKlass org/jetbrains/kotlin/asJava/KtLightClassMarker
instanceKlass org/jetbrains/kotlin/load/java/structure/impl/JavaClassImpl$Companion
instanceKlass org/jetbrains/kotlin/load/java/JavaDefaultQualifiers
instanceKlass org/jetbrains/kotlin/load/java/JvmAnnotationNamesKt
instanceKlass org/jetbrains/kotlin/load/java/JavaDefaultQualifiersKt
instanceKlass org/jetbrains/kotlin/load/java/lazy/descriptors/LazyJavaAnnotationDescriptor
instanceKlass org/jetbrains/kotlin/load/java/descriptors/PossiblyExternalAnnotationDescriptor
instanceKlass org/jetbrains/kotlin/com/intellij/psi/EmptySubstitutor$Holder
instanceKlass org/jetbrains/kotlin/com/intellij/psi/EmptySubstitutor
instanceKlass org/jetbrains/kotlin/com/intellij/psi/infos/CandidateInfo
instanceKlass org/jetbrains/kotlin/resolve/source/PsiSourceElementKt
instanceKlass org/jetbrains/kotlin/resolve/DescriptorToSourceUtils
instanceKlass org/jetbrains/kotlin/load/java/structure/JavaEnumValueAnnotationArgument
instanceKlass org/jetbrains/kotlin/resolve/lazy/ResolveSessionUtils
instanceKlass org/jetbrains/kotlin/com/intellij/util/containers/EmptyIterator
instanceKlass org/jetbrains/kotlin/com/intellij/psi/PsiDeclarationStatement
instanceKlass org/jetbrains/kotlin/it/unimi/dsi/fastutil/objects/Object2IntOpenHashMap$MapIterator
instanceKlass org/jetbrains/kotlin/com/intellij/psi/impl/cache/ModifierFlags
instanceKlass org/jetbrains/kotlin/com/intellij/psi/impl/PsiImplUtil
instanceKlass org/jetbrains/kotlin/com/intellij/psi/impl/compiled/ClsJavaCodeReferenceElementImpl$Resolver
instanceKlass org/jetbrains/kotlin/com/intellij/psi/PsiNameHelper
instanceKlass org/jetbrains/kotlin/com/intellij/lang/jvm/types/JvmArrayType
instanceKlass org/jetbrains/kotlin/com/intellij/psi/impl/cache/TypeAnnotationContainer
instanceKlass org/jetbrains/kotlin/com/intellij/psi/impl/source/resolve/ResolveCache$PolyVariantContextResolver
instanceKlass org/jetbrains/kotlin/com/intellij/psi/PsiReferenceParameterList
instanceKlass java/util/Collections$SynchronizedCollection
instanceKlass org/jetbrains/kotlin/com/intellij/util/IdempotenceChecker
instanceKlass org/jetbrains/kotlin/load/java/structure/impl/JavaElementCollectionFromPsiArrayUtil
instanceKlass org/jetbrains/kotlin/com/intellij/psi/PsiAnnotatedJavaCodeReferenceElement
instanceKlass org/jetbrains/kotlin/com/intellij/psi/impl/source/ClassInnerStuffCache
instanceKlass org/jetbrains/kotlin/com/intellij/psi/javadoc/PsiDocComment
instanceKlass org/jetbrains/kotlin/com/intellij/psi/stubs/StubSpine
instanceKlass org/jetbrains/kotlin/com/intellij/psi/stubs/MaterialStubList$1
instanceKlass org/jetbrains/kotlin/com/intellij/psi/stubs/Hash
instanceKlass org/jetbrains/kotlin/com/intellij/psi/stubs/StrippedIntOpenHashMap
instanceKlass org/jetbrains/kotlin/com/intellij/psi/stubs/StubList$2
instanceKlass org/jetbrains/kotlin/com/intellij/util/containers/ConcurrentIntObjectHashMap$CollectionView
instanceKlass org/jetbrains/kotlin/com/intellij/util/containers/ConcurrentIntObjectHashMap$CounterCell
instanceKlass org/jetbrains/kotlin/com/intellij/util/containers/ConcurrentIntObjectHashMap$Node
instanceKlass org/jetbrains/kotlin/com/intellij/util/containers/IntObjectMap$Entry
instanceKlass org/jetbrains/kotlin/com/intellij/util/containers/ConcurrentIntObjectHashMap
instanceKlass org/jetbrains/kotlin/com/intellij/util/Consumer
instanceKlass org/jetbrains/kotlin/com/intellij/util/containers/ContainerUtilRt
instanceKlass org/jetbrains/kotlin/com/intellij/psi/impl/compiled/SignatureParsing$TypeParametersDeclaration
instanceKlass org/jetbrains/kotlin/com/intellij/psi/impl/compiled/StubBuildingVisitor$ClassInfo
instanceKlass java/security/CodeSigner
instanceKlass org/jetbrains/kotlin/com/intellij/psi/JavaTokenType
instanceKlass java/util/stream/ForEachOps$ForEachOp
instanceKlass java/util/stream/ForEachOps
instanceKlass org/jetbrains/kotlin/one/util/streamex/StreamContext
instanceKlass java/util/stream/DoubleStream
instanceKlass java/util/stream/LongStream
instanceKlass org/jetbrains/kotlin/one/util/streamex/Internals$CloneableSpliterator
instanceKlass org/jetbrains/kotlin/one/util/streamex/BaseStreamEx
instanceKlass org/jetbrains/kotlin/it/unimi/dsi/fastutil/objects/Object2IntMap$FastEntrySet
instanceKlass org/jetbrains/kotlin/it/unimi/dsi/fastutil/objects/AbstractObject2IntFunction
instanceKlass org/jetbrains/kotlin/it/unimi/dsi/fastutil/objects/Object2IntMap
instanceKlass org/jetbrains/kotlin/it/unimi/dsi/fastutil/objects/Object2IntFunction
instanceKlass java/util/function/ToIntFunction
instanceKlass org/jetbrains/kotlin/com/intellij/util/BitUtil
instanceKlass org/jetbrains/kotlin/com/intellij/psi/impl/compiled/FirstPassData$ClassEntry
instanceKlass org/jetbrains/kotlin/com/intellij/psi/impl/compiled/FirstPassData
instanceKlass org/jetbrains/org/objectweb/asm/RecordComponentVisitor
instanceKlass org/jetbrains/kotlin/com/intellij/psi/impl/compiled/SignatureParsing$TypeInfoProvider
instanceKlass org/jetbrains/kotlin/com/intellij/psi/PsiEnumConstant
instanceKlass org/jetbrains/kotlin/com/intellij/psi/PsiConstructorCall
instanceKlass org/jetbrains/kotlin/com/intellij/psi/PsiCall
instanceKlass org/jetbrains/kotlin/com/intellij/lang/jvm/JvmEnumField
instanceKlass org/jetbrains/kotlin/com/intellij/psi/impl/compiled/ClsModifierListOwner
instanceKlass org/jetbrains/kotlin/com/intellij/psi/impl/PsiVariableEx
instanceKlass org/jetbrains/kotlin/com/intellij/psi/PsiAnonymousClass
instanceKlass org/jetbrains/kotlin/com/intellij/psi/impl/source/PsiExtensibleClass
instanceKlass org/jetbrains/kotlin/com/intellij/util/containers/UnsignedShortArrayList
instanceKlass org/jetbrains/kotlin/com/intellij/psi/stubs/MostlyUShortIntList
instanceKlass org/jetbrains/kotlin/com/intellij/psi/stubs/StubList$TempState
instanceKlass org/jetbrains/kotlin/com/intellij/psi/impl/java/stubs/StubPsiFactory
instanceKlass org/jetbrains/kotlin/com/intellij/psi/PsiArrayInitializerMemberValue
instanceKlass org/jetbrains/kotlin/com/intellij/psi/impl/compiled/ClsParsingUtil
instanceKlass org/jetbrains/kotlin/com/intellij/psi/stubs/StubBuilderType
instanceKlass org/jetbrains/kotlin/com/intellij/psi/stubs/StubTreeBuilder
instanceKlass org/jetbrains/kotlin/com/intellij/openapi/util/NotNullComputable
instanceKlass org/jetbrains/kotlin/com/intellij/util/indexing/PsiDependentFileContent
instanceKlass org/jetbrains/kotlin/com/intellij/util/indexing/FileContent
instanceKlass org/jetbrains/kotlin/com/intellij/util/indexing/IndexedFile
instanceKlass org/jetbrains/kotlin/com/intellij/psi/impl/source/BasicJavaElementType$FrontBackTypeTextElementType$1
instanceKlass org/jetbrains/kotlin/com/intellij/lang/java/parser/JavaParserUtil
instanceKlass org/jetbrains/kotlin/com/intellij/psi/JavaResolveResult
instanceKlass org/jetbrains/kotlin/com/intellij/lang/jvm/types/JvmWildcardType
instanceKlass org/jetbrains/kotlin/com/intellij/psi/impl/java/stubs/PsiImportStatementStub
instanceKlass org/jetbrains/kotlin/com/intellij/psi/impl/java/stubs/PsiClassReferenceListStub
instanceKlass org/jetbrains/kotlin/com/intellij/psi/PsiReferenceList
instanceKlass org/jetbrains/kotlin/com/intellij/psi/impl/java/stubs/PsiFieldStub
instanceKlass org/jetbrains/kotlin/com/intellij/psi/impl/java/stubs/PsiMethodStub
instanceKlass org/jetbrains/kotlin/com/intellij/psi/impl/cache/TypeInfo
instanceKlass org/jetbrains/kotlin/com/intellij/psi/impl/java/stubs/PsiClassStub
instanceKlass org/jetbrains/kotlin/com/intellij/psi/impl/java/stubs/PsiPackageAccessibilityStatementStub
instanceKlass org/jetbrains/kotlin/com/intellij/psi/PsiPackageAccessibilityStatement
instanceKlass org/jetbrains/kotlin/com/intellij/psi/PsiRecordHeader
instanceKlass org/jetbrains/kotlin/com/intellij/psi/impl/java/stubs/PsiRecordHeaderStub
instanceKlass org/jetbrains/kotlin/com/intellij/psi/impl/java/stubs/PsiRecordComponentStub
instanceKlass org/jetbrains/kotlin/com/intellij/psi/impl/java/stubs/PsiMemberStub
instanceKlass org/jetbrains/kotlin/com/intellij/psi/PsiRecordComponent
instanceKlass org/jetbrains/kotlin/com/intellij/psi/impl/java/stubs/PsiProvidesStatementStub
instanceKlass org/jetbrains/kotlin/com/intellij/psi/PsiProvidesStatement
instanceKlass org/jetbrains/kotlin/com/intellij/psi/impl/java/stubs/PsiUsesStatementStub
instanceKlass org/jetbrains/kotlin/com/intellij/psi/PsiUsesStatement
instanceKlass org/jetbrains/kotlin/com/intellij/psi/impl/java/stubs/PsiRequiresStatementStub
instanceKlass org/jetbrains/kotlin/com/intellij/psi/PsiRequiresStatement
instanceKlass org/jetbrains/kotlin/com/intellij/psi/PsiStatement
instanceKlass org/jetbrains/kotlin/com/intellij/psi/impl/java/stubs/PsiJavaModuleStub
instanceKlass org/jetbrains/kotlin/com/intellij/psi/PsiJavaModule
instanceKlass org/jetbrains/kotlin/com/intellij/psi/PsiImportList
instanceKlass org/jetbrains/kotlin/com/intellij/psi/impl/java/stubs/PsiImportListStub
instanceKlass org/jetbrains/kotlin/com/intellij/psi/PsiClassInitializer
instanceKlass org/jetbrains/kotlin/com/intellij/psi/impl/java/stubs/PsiClassInitializerStub
instanceKlass org/jetbrains/kotlin/com/intellij/psi/PsiTypeParameterList
instanceKlass org/jetbrains/kotlin/com/intellij/psi/impl/java/stubs/PsiTypeParameterListStub
instanceKlass org/jetbrains/kotlin/com/intellij/psi/impl/java/stubs/PsiTypeParameterStub
instanceKlass org/jetbrains/kotlin/com/intellij/psi/PsiTypeParameter
instanceKlass org/jetbrains/kotlin/com/intellij/psi/impl/java/stubs/PsiParameterStub
instanceKlass org/jetbrains/kotlin/com/intellij/psi/PsiParameterList
instanceKlass org/jetbrains/kotlin/com/intellij/psi/impl/java/stubs/PsiParameterListStub
instanceKlass org/jetbrains/kotlin/com/intellij/psi/PsiMethodReferenceExpression
instanceKlass org/jetbrains/kotlin/com/intellij/psi/PsiLambdaExpression
instanceKlass org/jetbrains/kotlin/com/intellij/psi/PsiFunctionalExpression
instanceKlass org/jetbrains/kotlin/com/intellij/psi/PsiLiteralExpression
instanceKlass org/jetbrains/kotlin/com/intellij/psi/PsiLiteral
instanceKlass org/jetbrains/kotlin/com/intellij/psi/impl/java/stubs/PsiNameValuePairStub
instanceKlass org/jetbrains/kotlin/com/intellij/psi/PsiNameValuePair
instanceKlass org/jetbrains/kotlin/com/intellij/lang/jvm/annotation/JvmAnnotationAttribute
instanceKlass org/jetbrains/kotlin/com/intellij/psi/PsiAnnotationParameterList
instanceKlass org/jetbrains/kotlin/com/intellij/psi/impl/java/stubs/PsiAnnotationParameterListStub
instanceKlass org/jetbrains/kotlin/com/intellij/psi/impl/java/stubs/PsiAnnotationStub
instanceKlass org/jetbrains/kotlin/com/intellij/psi/tree/ParentAwareTokenSet
instanceKlass org/jetbrains/kotlin/com/intellij/psi/impl/source/BasicJavaElementType
instanceKlass org/jetbrains/kotlin/com/intellij/psi/impl/java/stubs/PsiModifierListStub
instanceKlass org/jetbrains/kotlin/com/intellij/psi/impl/java/stubs/JavaStubElementTypes
instanceKlass org/jetbrains/kotlin/com/intellij/lang/java/parser/BasicJavaParser
instanceKlass org/jetbrains/kotlin/com/intellij/psi/tree/ILightLazyParseableElementType
instanceKlass org/jetbrains/kotlin/com/intellij/psi/stubs/EmptyStubSerializer
instanceKlass org/jetbrains/kotlin/com/intellij/psi/impl/source/tree/JavaElementType
instanceKlass org/jetbrains/kotlin/com/intellij/psi/impl/compiled/ClsFileImpl$1
instanceKlass org/jetbrains/kotlin/com/intellij/psi/PsiPackageStatement
instanceKlass org/jetbrains/kotlin/com/intellij/psi/tree/ParentProviderElementType
instanceKlass org/jetbrains/kotlin/com/intellij/psi/impl/compiled/InnerClassSourceStrategy
instanceKlass org/jetbrains/kotlin/com/intellij/psi/PsiJavaFile
instanceKlass org/jetbrains/kotlin/com/intellij/psi/AbstractBasicJavaFile
instanceKlass org/jetbrains/kotlin/com/intellij/psi/PsiCompiledFile
instanceKlass org/jetbrains/kotlin/com/intellij/psi/PsiCompiledElement
instanceKlass org/jetbrains/kotlin/com/intellij/psi/PsiClassOwnerEx
instanceKlass org/jetbrains/kotlin/com/intellij/openapi/extensions/impl/ExtensionPointImpl$1
instanceKlass org/jetbrains/kotlin/com/intellij/lang/jvm/JvmTypeParameter
instanceKlass org/jetbrains/kotlin/name/FqNamesUtilKt$WhenMappings
instanceKlass org/jetbrains/kotlin/com/intellij/openapi/roots/ProjectRootModificationTracker
instanceKlass org/jetbrains/kotlin/com/intellij/openapi/application/BaseActionRunnable
instanceKlass org/jetbrains/kotlin/com/intellij/openapi/application/ReadActionProcessor
instanceKlass org/jetbrains/kotlin/com/intellij/util/CollectionQuery
instanceKlass org/jetbrains/kotlin/com/intellij/util/CommonProcessors$CollectProcessor
instanceKlass org/jetbrains/kotlin/com/intellij/util/Processors
instanceKlass org/jetbrains/kotlin/com/intellij/psi/impl/file/PsiPackageImpl$PackageAnnotationValueProvider
instanceKlass org/jetbrains/kotlin/load/java/typeEnhancement/AbstractSignatureParts$TypeAndDefaultQualifiers
instanceKlass org/jetbrains/kotlin/load/java/typeEnhancement/AbstractSignatureParts
instanceKlass org/jetbrains/kotlin/types/TypeAttributeTranslator$DefaultImpls
instanceKlass org/jetbrains/kotlin/types/TypeAttributesKt
instanceKlass org/jetbrains/kotlin/types/ErasureTypeAttributes
instanceKlass org/jetbrains/kotlin/load/java/lazy/types/JavaTypeAttributesKt
instanceKlass org/jetbrains/kotlin/utils/SmartList$SingletonIteratorBase
instanceKlass org/jetbrains/kotlin/load/java/FakePureImplementationsProvider
instanceKlass org/jetbrains/kotlin/load/java/components/JavaAnnotationMapper
instanceKlass org/jetbrains/kotlin/load/java/structure/impl/classFiles/BinaryJavaClass$WhenMappings
instanceKlass org/jetbrains/kotlin/com/intellij/psi/impl/source/tree/RecursiveTreeElementWalkingVisitor$ASTTreeGuide
instanceKlass org/jetbrains/kotlin/com/intellij/util/WalkingState
instanceKlass org/jetbrains/kotlin/com/intellij/util/WalkingState$TreeGuide
instanceKlass org/jetbrains/kotlin/com/intellij/psi/impl/source/tree/AstBufferUtil
instanceKlass org/jetbrains/kotlin/resolve/calls/model/DefaultValueArgument
instanceKlass org/jetbrains/kotlin/builtins/FunctionTypesKt
instanceKlass org/jetbrains/kotlin/coroutines/CoroutineUtilKt
instanceKlass org/jetbrains/kotlin/resolve/calls/model/ResolvedCallArgument
instanceKlass org/jetbrains/kotlin/resolve/calls/components/ArgumentsUtilsKt
instanceKlass org/jetbrains/kotlin/resolve/calls/components/ArgumentsToParametersMapper$CallArgumentProcessor
instanceKlass org/jetbrains/kotlin/descriptors/Visibilities
instanceKlass org/jetbrains/kotlin/descriptors/DeserializedDeclarationsFromSupertypeConflictDataKey
instanceKlass org/jetbrains/kotlin/utils/SmartSet$SingletonIterator
instanceKlass org/jetbrains/kotlin/load/java/SpecialGenericSignatures$Companion$NameAndSignature
instanceKlass org/jetbrains/kotlin/load/java/SpecialGenericSignatures$Companion
instanceKlass org/jetbrains/kotlin/load/java/SpecialGenericSignatures
instanceKlass org/jetbrains/kotlin/resolve/OverridingUtil$8
instanceKlass org/jetbrains/kotlin/resolve/OverridingUtil$OverrideCompatibilityInfo
instanceKlass org/jetbrains/kotlin/types/TypeWithEnhancement
instanceKlass org/jetbrains/kotlin/types/TypeWithEnhancementKt
instanceKlass org/jetbrains/kotlin/resolve/constants/IntegerValueTypeConstructor
instanceKlass org/jetbrains/kotlin/types/NotNullTypeParameter
instanceKlass org/jetbrains/kotlin/types/checker/ClassicTypeCheckerStateKt
instanceKlass org/jetbrains/kotlin/resolve/OverridingUtilTypeSystemContext
instanceKlass org/jetbrains/kotlin/name/CallableId$Companion
instanceKlass org/jetbrains/kotlin/name/CallableId
instanceKlass org/jetbrains/kotlin/serialization/deserialization/SuspendFunctionTypeUtilKt
instanceKlass org/jetbrains/kotlin/serialization/deserialization/descriptors/DeserializedMemberScope$OptimizedImplementation$computeDescriptors$1$1
instanceKlass org/jetbrains/kotlin/resolve/calls/results/SingleOverloadResolutionResult$WhenMappings
instanceKlass org/jetbrains/kotlin/resolve/calls/results/AbstractOverloadResolutionResults
instanceKlass org/jetbrains/kotlin/resolve/calls/tower/CallInfo
instanceKlass org/jetbrains/kotlin/resolve/calls/components/CompletedCallInfo
instanceKlass org/jetbrains/kotlin/resolve/calls/DiagnosticReporterByTrackingStrategy
instanceKlass org/jetbrains/kotlin/resolve/calls/model/DiagnosticReporter
instanceKlass org/jetbrains/kotlin/resolve/calls/model/ResolvedCallAtomsKt
instanceKlass org/jetbrains/kotlin/resolve/calls/tower/TrackingBindingTrace
instanceKlass org/jetbrains/kotlin/resolve/inline/InlineUtil
instanceKlass org/jetbrains/kotlin/load/java/structure/JavaConstructor
instanceKlass org/jetbrains/kotlin/synthetic/SyntheticJavaPropertyDescriptor
instanceKlass org/jetbrains/kotlin/resolve/calls/model/ArgumentMappingKt
instanceKlass org/jetbrains/kotlin/resolve/checkers/MissingDependencySupertypeChecker
instanceKlass org/jetbrains/kotlin/contracts/parsing/ContractsDslNames
instanceKlass org/jetbrains/kotlin/contracts/parsing/PsiContractsUtilsKt
instanceKlass org/jetbrains/kotlin/resolve/calls/model/ExpressionValueArgument
instanceKlass org/jetbrains/kotlin/resolve/calls/util/ResolvedCallUtilKt$WhenMappings
instanceKlass org/jetbrains/kotlin/resolve/calls/util/ResolvedCallUtilKt
instanceKlass org/jetbrains/kotlin/resolve/calls/checkers/ConstructorHeaderCallCheckerKt
instanceKlass org/jetbrains/kotlin/resolve/calls/tasks/DynamicCallsKt
instanceKlass org/jetbrains/kotlin/resolve/calls/checkers/CallCheckerKt
instanceKlass org/jetbrains/kotlin/descriptors/DescriptorUtilKt
instanceKlass org/jetbrains/kotlin/resolve/calls/model/VariableAsFunctionResolvedCall
instanceKlass org/jetbrains/kotlin/resolve/calls/tower/PSIKotlinCallsKt
instanceKlass org/jetbrains/kotlin/resolve/calls/tower/ResolvedAtomCompleter
instanceKlass org/jetbrains/kotlin/resolve/calls/model/KotlinCallDiagnosticsKt
instanceKlass org/jetbrains/kotlin/resolve/calls/model/PostponedCallableReferenceMarker
instanceKlass org/jetbrains/kotlin/resolve/calls/model/LambdaWithTypeVariableAsExpectedTypeMarker
instanceKlass org/jetbrains/kotlin/types/checker/ClassicTypeSystemContext$DefaultImpls
instanceKlass kotlin/collections/builders/SetBuilder$Companion
instanceKlass org/jetbrains/kotlin/resolve/calls/model/ResolutionAtomsKt
instanceKlass org/jetbrains/kotlin/resolve/calls/components/KotlinCallCompleter$WhenMappings
instanceKlass org/jetbrains/kotlin/resolve/calls/components/KotlinCallCompleterKt
instanceKlass org/jetbrains/kotlin/resolve/calls/components/CompletionModeCalculator$Companion
instanceKlass org/jetbrains/kotlin/resolve/calls/components/CompletionModeCalculator
instanceKlass org/jetbrains/kotlin/resolve/KtDescriptorUtilKt
instanceKlass org/jetbrains/kotlin/resolve/calls/inference/components/NewTypeSubstitutorByConstructorMap
instanceKlass org/jetbrains/kotlin/resolve/calls/inference/InferenceUtilsKt
instanceKlass org/jetbrains/kotlin/types/checker/NewCapturedTypeConstructor
instanceKlass org/jetbrains/kotlin/resolve/RecursiveContractHelperKt
instanceKlass org/jetbrains/kotlin/resolve/calls/tower/CandidateApplicabilityKt
instanceKlass org/jetbrains/kotlin/resolve/calls/tower/KnownResultProcessor
instanceKlass org/jetbrains/kotlin/resolve/calls/tower/ImplicitScopeTowerKt
instanceKlass org/jetbrains/kotlin/resolve/calls/components/CheckExplicitReceiverKindConsistency$WhenMappings
instanceKlass org/jetbrains/kotlin/resolve/calls/inference/components/EmptySubstitutor
instanceKlass org/jetbrains/kotlin/resolve/calls/inference/components/FreshVariableNewTypeSubstitutor$Companion
instanceKlass org/jetbrains/kotlin/resolve/calls/inference/components/FreshVariableNewTypeSubstitutor
instanceKlass org/jetbrains/kotlin/resolve/calls/tower/TowerUtilsKt
instanceKlass org/jetbrains/kotlin/descriptors/SyntheticPropertyDescriptor
instanceKlass org/jetbrains/kotlin/resolve/deprecation/DescriptorBasedDeprecationInfoKt$DEPRECATED_FUNCTION_KEY$1
instanceKlass org/jetbrains/kotlin/descriptors/CallableDescriptor$UserDataKey
instanceKlass org/jetbrains/kotlin/resolve/deprecation/DescriptorBasedDeprecationInfoKt
instanceKlass org/jetbrains/kotlin/resolve/calls/checkers/OperatorCallCheckerKt
instanceKlass org/jetbrains/kotlin/resolve/calls/tower/NewResolutionOldInferenceKt
instanceKlass org/jetbrains/kotlin/types/AbstractTypeChecker
instanceKlass org/jetbrains/kotlin/resolve/calls/inference/model/ConstraintStorage$Empty
instanceKlass org/jetbrains/kotlin/resolve/calls/inference/DescriptorRelatedInferenceUtilsKt
instanceKlass org/jetbrains/kotlin/resolve/calls/inference/model/MutableConstraintStorage
instanceKlass org/jetbrains/kotlin/resolve/calls/inference/NewConstraintSystem
instanceKlass org/jetbrains/kotlin/resolve/calls/components/ClassicTypeSystemContextForCSKt
instanceKlass org/jetbrains/kotlin/resolve/calls/model/SimpleCandidateFactory
instanceKlass org/jetbrains/kotlin/resolve/calls/model/KotlinCallKt$WhenMappings
instanceKlass org/jetbrains/kotlin/resolve/calls/model/KotlinCallKt
instanceKlass org/jetbrains/kotlin/resolve/calls/model/GivenCandidate
instanceKlass org/jetbrains/kotlin/psi/KtPsiFactoryKt
instanceKlass org/jetbrains/kotlin/resolve/calls/tower/PSICallResolver$ASTScopeTower
instanceKlass org/jetbrains/kotlin/resolve/calls/tower/PSIKotlinCall
instanceKlass org/jetbrains/kotlin/resolve/calls/util/DelegatingCall
instanceKlass org/jetbrains/kotlin/resolve/calls/util/CallUtilKt
instanceKlass org/jetbrains/kotlin/resolve/calls/model/ResolutionPart
instanceKlass org/jetbrains/kotlin/resolve/calls/GenericCandidateResolverKt$EntriesMappings
instanceKlass org/jetbrains/kotlin/resolve/calls/GenericCandidateResolverKt
instanceKlass org/jetbrains/kotlin/resolve/calls/CallResolver$ResolutionTask
instanceKlass org/jetbrains/kotlin/resolve/calls/tasks/TracingStrategy$1
instanceKlass org/jetbrains/kotlin/resolve/calls/tasks/AbstractTracingStrategy
instanceKlass org/jetbrains/kotlin/resolve/scopes/SyntheticScopesKt
instanceKlass org/jetbrains/kotlin/resolve/calls/util/CallResolverUtilKt
instanceKlass org/jetbrains/kotlin/resolve/calls/context/ResolutionResultsCacheImpl
instanceKlass org/jetbrains/kotlin/resolve/calls/context/ResolutionResultsCache
instanceKlass org/jetbrains/kotlin/resolve/calls/components/InferenceSession$Companion$default$1
instanceKlass org/jetbrains/kotlin/resolve/calls/components/InferenceSession$Companion
instanceKlass org/jetbrains/kotlin/resolve/calls/util/CallMaker$3
instanceKlass org/jetbrains/kotlin/resolve/calls/util/CallMaker
instanceKlass org/jetbrains/kotlin/resolve/deprecation/DeprecationResolver$DeprecationInfo$Companion
instanceKlass org/jetbrains/kotlin/metadata/deserialization/VersionRequirement$Companion
instanceKlass org/jetbrains/kotlin/metadata/deserialization/VersionRequirement
instanceKlass org/jetbrains/kotlin/resolve/calls/util/FakeCallableDescriptorForObject
instanceKlass org/jetbrains/kotlin/descriptors/annotations/AnnotationDescriptorImpl
instanceKlass org/jetbrains/kotlin/resolve/constants/ConstantValueFactory
instanceKlass org/jetbrains/kotlin/resolve/calls/inference/CapturedTypeConstructorImpl
instanceKlass org/jetbrains/kotlin/resolve/calls/inference/CapturedTypeConstructor
instanceKlass org/jetbrains/kotlin/serialization/deserialization/descriptors/DeserializedCallableMemberDescriptor
instanceKlass org/jetbrains/kotlin/load/java/components/DescriptorResolverUtils
instanceKlass org/jetbrains/kotlin/load/kotlin/BinaryClassAnnotationAndConstantLoaderImpl$AbstractAnnotationArgumentVisitor$visitArray$1
instanceKlass org/jetbrains/kotlin/load/kotlin/BinaryClassAnnotationAndConstantLoaderImpl$AbstractAnnotationArgumentVisitor
instanceKlass org/jetbrains/kotlin/SpecialJvmAnnotations
instanceKlass org/jetbrains/kotlin/load/kotlin/AbstractBinaryClassAnnotationLoader$loadClassAnnotations$1
instanceKlass org/jetbrains/kotlin/resolve/SinceKotlinUtilKt
instanceKlass org/jetbrains/kotlin/resolve/AllUnderImportScope$Companion
instanceKlass org/jetbrains/kotlin/resolve/calls/util/UnderscoreUtilKt
instanceKlass org/jetbrains/kotlin/resolve/lazy/ForceResolveUtil
instanceKlass org/jetbrains/kotlin/resolve/InlineClassesUtilsKt
instanceKlass org/jetbrains/kotlin/resolve/FunctionsFromAny
instanceKlass org/jetbrains/kotlin/resolve/DataClassResolver
instanceKlass org/jetbrains/kotlin/resolve/DataClassDescriptorResolver
instanceKlass org/jetbrains/kotlin/resolve/BindingContextUtils
instanceKlass kotlin/sequences/DropWhileSequence$iterator$1
instanceKlass kotlin/sequences/DropWhileSequence
instanceKlass org/jetbrains/kotlin/psi/typeRefHelpers/TypeRefHelpersKt
instanceKlass org/jetbrains/kotlin/load/java/JavaDescriptorVisibilities
instanceKlass org/jetbrains/kotlin/load/java/UtilsKt
instanceKlass org/jetbrains/kotlin/load/java/structure/impl/JavaModifierListOwnerImpl
instanceKlass org/jetbrains/kotlin/load/java/structure/impl/JavaAnnotationOwnerImpl
instanceKlass org/jetbrains/kotlin/load/java/lazy/LazyJavaTypeParameterResolver
instanceKlass org/jetbrains/kotlin/load/java/components/JavaSourceElementImpl
instanceKlass org/jetbrains/kotlin/load/java/lazy/descriptors/LazyJavaClassDescriptor$Companion
instanceKlass kotlin/collections/builders/ListBuilder$Itr
instanceKlass kotlin/collections/builders/ListBuilder$Companion
instanceKlass org/jetbrains/org/objectweb/asm/TypeReference
instanceKlass org/jetbrains/org/objectweb/asm/TypePath
instanceKlass org/jetbrains/kotlin/load/java/structure/impl/classFiles/BinaryJavaTypeParameter
instanceKlass org/jetbrains/kotlin/load/java/structure/JavaTypeParameter
instanceKlass org/jetbrains/kotlin/load/java/structure/JavaLiteralAnnotationArgument
instanceKlass org/jetbrains/kotlin/load/java/structure/JavaArrayAnnotationArgument
instanceKlass org/jetbrains/kotlin/load/java/structure/JavaArrayType
instanceKlass org/jetbrains/kotlin/load/java/structure/impl/classFiles/PlainJavaAnnotationArgument
instanceKlass org/jetbrains/kotlin/load/java/structure/JavaClassObjectAnnotationArgument
instanceKlass org/jetbrains/kotlin/load/java/structure/JavaWildcardType
instanceKlass org/jetbrains/kotlin/load/java/structure/impl/classFiles/BinaryJavaValueParameter
instanceKlass org/jetbrains/kotlin/load/java/structure/JavaValueParameter
instanceKlass org/jetbrains/org/objectweb/asm/MethodVisitor
instanceKlass org/jetbrains/kotlin/load/java/structure/impl/classFiles/BinaryJavaMethodBase$Companion$MethodInfo
instanceKlass org/jetbrains/kotlin/load/java/structure/impl/classFiles/BinaryJavaMethodBase$Companion
instanceKlass org/jetbrains/kotlin/load/java/structure/impl/classFiles/BinaryJavaMethodBase
instanceKlass org/jetbrains/org/objectweb/asm/FieldVisitor
instanceKlass org/jetbrains/kotlin/load/java/structure/impl/classFiles/BinaryJavaField
instanceKlass org/jetbrains/kotlin/load/java/structure/JavaPrimitiveType
instanceKlass org/jetbrains/kotlin/load/java/structure/impl/classFiles/CommonMixinsKt
instanceKlass org/jetbrains/kotlin/load/java/structure/JavaAnnotationArgument
instanceKlass org/jetbrains/kotlin/load/java/structure/impl/classFiles/BinaryJavaAnnotation$Companion
instanceKlass org/jetbrains/kotlin/load/java/structure/impl/classFiles/BinaryJavaAnnotation
instanceKlass org/jetbrains/kotlin/utils/addToStdlib/AddToStdlibKt
instanceKlass org/jetbrains/kotlin/load/java/structure/impl/classFiles/ClassifierResolutionContext$Result
instanceKlass org/jetbrains/kotlin/load/java/structure/impl/classFiles/JavaPlainType
instanceKlass org/jetbrains/kotlin/load/java/structure/JavaClassifierType
instanceKlass org/jetbrains/kotlin/load/java/structure/JavaType
instanceKlass org/jetbrains/kotlin/load/java/structure/ListBasedJavaAnnotationOwner
instanceKlass java/text/StringCharacterIterator
instanceKlass java/text/CharacterIterator
instanceKlass org/jetbrains/kotlin/load/java/structure/impl/classFiles/BinaryJavaModifierListOwner
instanceKlass org/jetbrains/kotlin/load/java/structure/impl/VirtualFileBoundJavaClass
instanceKlass org/jetbrains/kotlin/load/java/structure/MutableJavaAnnotationOwner
instanceKlass org/jetbrains/kotlin/load/java/structure/impl/classFiles/ClassifierResolutionContext
instanceKlass org/jetbrains/kotlin/resolve/ResolutionAnchorProviderKt
instanceKlass org/jetbrains/kotlin/descriptors/FindClassInModuleKt
instanceKlass org/jetbrains/kotlin/types/SpecialTypesKt
instanceKlass org/jetbrains/kotlin/types/DynamicTypesKt
instanceKlass org/jetbrains/kotlin/types/FlexibleTypesKt
instanceKlass org/jetbrains/kotlin/util/AbstractArrayMapOwner$AbstractArrayMapAccessor
instanceKlass org/jetbrains/kotlin/types/TypeAttribute
instanceKlass org/jetbrains/kotlin/types/AnnotationsTypeAttributeKt
instanceKlass org/jetbrains/kotlin/resolve/calls/inference/CapturedTypeConstructorKt
instanceKlass org/jetbrains/kotlin/resolve/scopes/SubstitutingScope
instanceKlass org/jetbrains/kotlin/descriptors/impl/ModuleAwareClassDescriptorKt
instanceKlass org/jetbrains/kotlin/types/TypeProjectionBase
instanceKlass org/jetbrains/kotlin/resolve/TypeResolver$Companion$WhenMappings
instanceKlass org/jetbrains/kotlin/serialization/deserialization/descriptors/DeserializedMemberDescriptor
instanceKlass org/jetbrains/kotlin/serialization/deserialization/descriptors/DescriptorWithContainerSource
instanceKlass org/jetbrains/kotlin/load/kotlin/ModuleVisibilityUtilsKt
instanceKlass org/jetbrains/kotlin/resolve/AnnotationTargetList
instanceKlass org/jetbrains/kotlin/resolve/AnnotationTargetLists$TargetListBuilder
instanceKlass org/jetbrains/kotlin/descriptors/annotations/KotlinTarget$Companion
instanceKlass org/jetbrains/kotlin/resolve/AnnotationTargetLists
instanceKlass org/jetbrains/kotlin/resolve/ModifierCheckerCore
instanceKlass org/jetbrains/kotlin/com/intellij/psi/impl/source/resolve/FileContextUtil
instanceKlass org/jetbrains/kotlin/name/NameUtils
instanceKlass org/jetbrains/kotlin/load/kotlin/PackagePartClassUtils
instanceKlass org/jetbrains/kotlin/fileClasses/JvmSimpleFileClassInfo
instanceKlass org/jetbrains/kotlin/fileClasses/JvmFileClassInfo
instanceKlass org/jetbrains/kotlin/fileClasses/JvmFileClassUtil
instanceKlass org/jetbrains/kotlin/com/intellij/psi/util/CachedValueProfiler$Overhead
instanceKlass org/jetbrains/kotlin/com/intellij/psi/util/CachedValueProfiler$ThreadContext
instanceKlass org/jetbrains/kotlin/com/intellij/psi/util/CachedValueProfiler$GlobalContext
instanceKlass org/jetbrains/kotlin/com/intellij/psi/util/CachedValueProfiler$EventPlace
instanceKlass org/jetbrains/kotlin/com/intellij/psi/util/CachedValueProfiler
instanceKlass org/jetbrains/kotlin/com/intellij/openapi/util/RecursionManager$StackFrame
instanceKlass org/jetbrains/kotlin/com/intellij/openapi/util/RecursionManager$MyKey
instanceKlass org/jetbrains/kotlin/com/intellij/util/CachedValueBase$Data
instanceKlass org/jetbrains/kotlin/com/intellij/util/CachedValueLeakChecker
instanceKlass org/jetbrains/kotlin/com/intellij/psi/util/CachedValuesManager$1
instanceKlass org/jetbrains/kotlin/fileClasses/JvmFileClassUtilKt
instanceKlass org/jetbrains/kotlin/load/kotlin/KotlinJvmBinarySourceElement
instanceKlass org/jetbrains/kotlin/cli/jvm/compiler/KotlinCliJavaFileManagerImpl$WhenMappings
instanceKlass org/jetbrains/kotlin/load/java/lazy/descriptors/LazyJavaPackageScope$KotlinClassLookupResult
instanceKlass org/jetbrains/kotlin/resolve/PackageFragmentWithCustomSource
instanceKlass org/jetbrains/kotlin/descriptors/annotations/AnnotationDescriptor$DefaultImpls
instanceKlass org/jetbrains/kotlin/resolve/lazy/descriptors/LazyAnnotationDescriptor$FileDescriptorForVisibilityChecks
instanceKlass java/util/AbstractList$SubList$1
instanceKlass org/jetbrains/kotlin/descriptors/annotations/TargetedAnnotations
instanceKlass org/jetbrains/kotlin/resolve/lazy/descriptors/LazyAnnotationDescriptor
instanceKlass org/jetbrains/kotlin/resolve/scopes/receivers/QualifierKt
instanceKlass org/jetbrains/kotlin/resolve/scopes/receivers/PackageQualifier
instanceKlass org/jetbrains/kotlin/resolve/OverridingStrategy
instanceKlass org/jetbrains/kotlin/resolve/DelegationResolver$Companion
instanceKlass org/jetbrains/kotlin/resolve/DelegationResolver
instanceKlass org/jetbrains/kotlin/resolve/lazy/descriptors/LazyClassMemberScope$generateDelegatingDescriptors$lazyMemberExtractor$1
instanceKlass org/jetbrains/kotlin/resolve/DelegationResolver$MemberExtractor
instanceKlass org/jetbrains/kotlin/resolve/lazy/descriptors/LazyClassMemberScope$generateDelegatingDescriptors$lazyTypeResolver$1
instanceKlass org/jetbrains/kotlin/resolve/DelegationResolver$TypeResolver
instanceKlass org/jetbrains/kotlin/resolve/DescriptorFactory
instanceKlass org/jetbrains/kotlin/resolve/scopes/receivers/ImplicitClassReceiver
instanceKlass org/jetbrains/kotlin/resolve/scopes/receivers/ThisClassReceiver
instanceKlass org/jetbrains/kotlin/resolve/scopes/receivers/ImplicitReceiver
instanceKlass org/jetbrains/kotlin/descriptors/annotations/AnnotationSplitter$LazySplitAnnotations
instanceKlass org/jetbrains/kotlin/descriptors/annotations/CompositeAnnotations
instanceKlass org/jetbrains/kotlin/descriptors/annotations/AnnotationSplitter$Companion
instanceKlass org/jetbrains/kotlin/descriptors/annotations/AnnotationSplitter
instanceKlass org/jetbrains/kotlin/util/Box
instanceKlass java/util/stream/Sink$ChainedInt
instanceKlass java/util/stream/Sink$OfInt
instanceKlass java/util/stream/ReduceOps$AccumulatingSink
instanceKlass java/util/stream/TerminalSink
instanceKlass java/util/stream/ReduceOps$Box
instanceKlass java/util/stream/ReduceOps$ReduceOp
instanceKlass java/util/stream/ReduceOps
instanceKlass java/util/stream/IntStream
instanceKlass org/jetbrains/kotlin/com/intellij/openapi/project/ProjectCoreUtil
instanceKlass org/jetbrains/kotlin/resolve/scopes/LexicalScopeStorage$IntList
instanceKlass org/jetbrains/kotlin/resolve/scopes/utils/LexicalScopeWrapper
instanceKlass org/jetbrains/kotlin/types/expressions/ExpressionTypingUtils
instanceKlass org/jetbrains/kotlin/descriptors/impl/ValueParameterDescriptorImpl$Companion
instanceKlass org/jetbrains/kotlin/resolve/scopes/LexicalWritableScope$Snapshot
instanceKlass org/jetbrains/kotlin/types/TypeConstructorSubstitution$Companion
instanceKlass org/jetbrains/kotlin/types/TypeSubstitution$Companion
instanceKlass org/jetbrains/kotlin/types/TypeSubstitution
instanceKlass org/jetbrains/kotlin/types/IntersectionTypeConstructor
instanceKlass org/jetbrains/kotlin/types/model/IntersectionTypeConstructorMarker
instanceKlass org/jetbrains/kotlin/types/CustomTypeParameter
instanceKlass org/jetbrains/kotlin/utils/SmartSet$Companion
instanceKlass org/jetbrains/kotlin/types/typeUtil/TypeUtilsKt
instanceKlass org/jetbrains/kotlin/util/EmptyArrayMap$iterator$1
instanceKlass org/jetbrains/kotlin/resolve/checkers/TrailingCommaChecker
instanceKlass org/jetbrains/kotlin/resolve/PlatformClassesMappedToKotlinChecker
instanceKlass org/jetbrains/kotlin/descriptors/DescriptorVisibilityUtils
instanceKlass org/jetbrains/kotlin/resolve/QualifiedExpressionResolverKt
instanceKlass org/jetbrains/kotlin/descriptors/DescriptorWithDeprecation$Companion
instanceKlass org/jetbrains/kotlin/descriptors/DescriptorWithDeprecation
instanceKlass org/jetbrains/kotlin/utils/CallOnceFunction
instanceKlass java/util/ArrayList$SubList$1
instanceKlass org/jetbrains/kotlin/resolve/jvm/KotlinJavaPsiFacade$3
instanceKlass org/jetbrains/kotlin/com/google/common/collect/PeekingIterator
instanceKlass org/jetbrains/kotlin/com/google/common/collect/Iterators
instanceKlass org/jetbrains/kotlin/com/google/common/collect/ObjectArrays
instanceKlass org/jetbrains/kotlin/com/google/common/collect/ImmutableMultimap$Builder
instanceKlass org/jetbrains/kotlin/resolve/scopes/ImportingScope$DefaultImpls
instanceKlass org/jetbrains/kotlin/resolve/lazy/FileScopeFactory$currentPackageScope$1
instanceKlass org/jetbrains/kotlin/resolve/DelegatingBindingTrace$MyBindingContext
instanceKlass org/jetbrains/kotlin/resolve/AnalyzingUtils
instanceKlass org/jetbrains/kotlin/scripting/extensions/ScriptExtraImportsProviderExtension$getExtraImports$lambda$1$$inlined$runReadAction$1
instanceKlass org/jetbrains/kotlin/resolve/scopes/MemberScope$DefaultImpls
instanceKlass org/jetbrains/kotlin/resolve/scopes/ResolutionScope$DefaultImpls
instanceKlass org/jetbrains/kotlin/resolve/scopes/HierarchicalScope$DefaultImpls
instanceKlass org/jetbrains/kotlin/resolve/scopes/LexicalScope$DefaultImpls
instanceKlass org/jetbrains/kotlin/descriptors/annotations/AnnotationsKt
instanceKlass org/jetbrains/kotlin/psi/KtCodeFragmentBase
instanceKlass org/jetbrains/kotlin/com/intellij/psi/JavaCodeFragment
instanceKlass org/jetbrains/kotlin/com/intellij/psi/PsiCodeFragment
instanceKlass org/jetbrains/kotlin/psi/codeFragmentUtil/CodeFragmentUtilKt
instanceKlass org/jetbrains/kotlin/resolve/scopes/AbstractLocalRedeclarationChecker
instanceKlass org/jetbrains/kotlin/resolve/scopes/LexicalChainedScope$Companion
instanceKlass org/jetbrains/kotlin/resolve/scopes/LexicalChainedScope
instanceKlass kotlin/collections/ReversedList$listIterator$1
instanceKlass kotlin/jvm/internal/markers/KMutableListIterator
instanceKlass kotlin/jvm/internal/markers/KMutableList
instanceKlass kotlin/sequences/EmptySequence
instanceKlass kotlin/sequences/DropTakeSequence
instanceKlass org/jetbrains/kotlin/builtins/CompanionObjectMapping
instanceKlass org/jetbrains/kotlin/builtins/jvm/JavaToKotlinClassMap$PlatformMutabilityMapping
instanceKlass org/jetbrains/kotlin/builtins/jvm/JavaToKotlinClassMap
instanceKlass org/jetbrains/kotlin/load/kotlin/SignatureBuildingComponents
instanceKlass org/jetbrains/kotlin/builtins/jvm/JvmBuiltInsSignatures
instanceKlass org/jetbrains/kotlin/metadata/deserialization/ProtoTypeTableUtilKt
instanceKlass org/jetbrains/kotlin/utils/DFS
instanceKlass org/jetbrains/kotlin/utils/DFS$AbstractNodeHandler
instanceKlass org/jetbrains/kotlin/utils/DFS$NodeHandler
instanceKlass org/jetbrains/kotlin/utils/DFS$VisitedWithSet
instanceKlass org/jetbrains/kotlin/utils/DFS$Visited
instanceKlass org/jetbrains/kotlin/resolve/FindLoopsInSupertypes
instanceKlass org/jetbrains/kotlin/utils/DFS$Neighbors
instanceKlass org/jetbrains/kotlin/storage/SingleThreadValue
instanceKlass org/jetbrains/kotlin/types/KotlinTypeKt
instanceKlass org/jetbrains/kotlin/metadata/jvm/deserialization/JvmNameResolverBase$WhenMappings
instanceKlass org/jetbrains/kotlin/metadata/deserialization/ProtoBufUtilKt
instanceKlass org/jetbrains/kotlin/load/kotlin/JvmPackagePartSource
instanceKlass org/jetbrains/kotlin/serialization/deserialization/descriptors/DeserializedContainerSource
instanceKlass org/jetbrains/kotlin/load/kotlin/FacadeClassSource
instanceKlass org/jetbrains/kotlin/metadata/ProtoBuf$VersionRequirement$VersionKind$1
instanceKlass org/jetbrains/kotlin/metadata/ProtoBuf$VersionRequirement$Level$1
instanceKlass org/jetbrains/kotlin/metadata/ProtoBuf$VersionRequirementOrBuilder
instanceKlass org/jetbrains/kotlin/metadata/ProtoBuf$TypeAliasOrBuilder
instanceKlass org/jetbrains/kotlin/metadata/ProtoBuf$Effect$InvocationKind$1
instanceKlass org/jetbrains/kotlin/metadata/ProtoBuf$Expression$ConstantValue$1
instanceKlass org/jetbrains/kotlin/metadata/ProtoBuf$ExpressionOrBuilder
instanceKlass org/jetbrains/kotlin/metadata/ProtoBuf$Effect$EffectType$1
instanceKlass org/jetbrains/kotlin/metadata/ProtoBuf$EffectOrBuilder
instanceKlass org/jetbrains/kotlin/metadata/jvm/deserialization/JvmNameResolverKt
instanceKlass org/jetbrains/kotlin/metadata/jvm/JvmProtoBuf$StringTableTypes$Record$Operation$1
instanceKlass org/jetbrains/kotlin/metadata/jvm/JvmProtoBuf$StringTableTypes$RecordOrBuilder
instanceKlass org/jetbrains/kotlin/metadata/jvm/JvmProtoBuf$StringTableTypesOrBuilder
instanceKlass kotlin/collections/IndexedValue
instanceKlass kotlin/collections/IndexingIterator
instanceKlass kotlin/collections/IndexingIterable
instanceKlass org/jetbrains/kotlin/metadata/jvm/deserialization/JvmNameResolverBase$Companion
instanceKlass org/jetbrains/kotlin/metadata/jvm/deserialization/JvmNameResolverBase
instanceKlass org/jetbrains/kotlin/metadata/jvm/deserialization/UtfEncodingKt
instanceKlass org/jetbrains/kotlin/metadata/jvm/deserialization/BitEncoding
instanceKlass org/jetbrains/kotlin/load/kotlin/FileBasedKotlinClass$OuterAndInnerName
instanceKlass org/jetbrains/kotlin/load/kotlin/header/ReadKotlinClassHeaderAnnotationVisitor$CollectStringArrayAnnotationVisitor
instanceKlass org/jetbrains/org/objectweb/asm/Type
instanceKlass org/jetbrains/kotlin/load/kotlin/KotlinJvmBinaryClass$AnnotationArrayArgumentVisitor
instanceKlass org/jetbrains/kotlin/load/kotlin/header/ReadKotlinClassHeaderAnnotationVisitor$KotlinMetadataArgumentVisitor
instanceKlass java/lang/Override
instanceKlass org/jetbrains/kotlin/load/java/JvmAnnotationNames
instanceKlass org/jetbrains/kotlin/load/kotlin/KotlinJvmBinaryClass$AnnotationArgumentVisitor
instanceKlass org/jetbrains/kotlin/load/kotlin/header/ReadKotlinClassHeaderAnnotationVisitor
instanceKlass org/jetbrains/kotlin/load/kotlin/KotlinJvmBinaryClass$AnnotationVisitor
instanceKlass org/jetbrains/kotlin/load/kotlin/FileBasedKotlinClass$InnerClassesInfo
instanceKlass org/jetbrains/kotlin/load/kotlin/header/KotlinClassHeader
instanceKlass org/jetbrains/kotlin/load/kotlin/VirtualFileKotlinClass$Factory
instanceKlass org/jetbrains/org/objectweb/asm/AnnotationVisitor
instanceKlass org/jetbrains/kotlin/load/kotlin/FileBasedKotlinClass
instanceKlass org/jetbrains/kotlin/com/intellij/openapi/util/Computable
instanceKlass org/jetbrains/kotlin/load/kotlin/KotlinBinaryClassCache$RequestCache
instanceKlass org/jetbrains/kotlin/load/kotlin/KotlinClassFinderKt
instanceKlass org/jetbrains/kotlin/resolve/jvm/JvmClassName
instanceKlass org/jetbrains/kotlin/resolve/jvm/multiplatform/OptionalAnnotationClassDataFinder
instanceKlass org/jetbrains/kotlin/cli/jvm/index/JvmDependenciesIndexImpl$SearchResult
instanceKlass org/jetbrains/kotlin/load/java/structure/JavaAnnotation
instanceKlass org/jetbrains/kotlin/load/java/lazy/LazyJavaAnnotations
instanceKlass org/jetbrains/kotlin/load/java/lazy/LazyJavaAnnotationsKt
instanceKlass org/jetbrains/kotlin/load/java/lazy/descriptors/LazyJavaPackageScope$FindClassRequest
instanceKlass org/jetbrains/kotlin/load/java/lazy/descriptors/DeclaredMemberIndex
instanceKlass org/jetbrains/kotlin/load/java/lazy/descriptors/JvmPackageScope
instanceKlass org/jetbrains/kotlin/load/java/lazy/ContextKt
instanceKlass org/jetbrains/kotlin/load/java/structure/JavaElementsKt
instanceKlass org/jetbrains/kotlin/load/java/structure/impl/source/JavaElementPsiSource
instanceKlass org/jetbrains/kotlin/load/java/structure/impl/JavaElementImpl
instanceKlass org/jetbrains/kotlin/load/java/structure/impl/source/JavaSourceFactoryOwner
instanceKlass org/jetbrains/kotlin/load/java/structure/MapBasedJavaAnnotationOwner
instanceKlass org/jetbrains/kotlin/load/java/structure/impl/source/JavaElementSourceFactory$Companion
instanceKlass org/jetbrains/kotlin/cli/jvm/index/JvmDependenciesIndexImpl$FindClassRequest
instanceKlass org/jetbrains/kotlin/cli/jvm/index/JvmDependenciesIndexImpl$WhenMappings
instanceKlass org/jetbrains/kotlin/com/intellij/util/containers/IntArrayList
instanceKlass org/jetbrains/kotlin/cli/jvm/index/JvmDependenciesIndexImpl$TraverseRequest
instanceKlass org/jetbrains/kotlin/cli/jvm/index/JvmDependenciesIndexImpl$SearchRequest
instanceKlass org/jetbrains/kotlin/cli/jvm/compiler/KotlinCliJavaFileManagerImplKt
instanceKlass org/jetbrains/kotlin/resolve/jvm/KotlinSafeClassFinder
instanceKlass org/jetbrains/kotlin/com/intellij/util/containers/ImmutableList$Itr
instanceKlass org/jetbrains/kotlin/resolve/jvm/KotlinJavaPsiFacade$CliFinder
instanceKlass org/jetbrains/kotlin/com/intellij/openapi/vfs/CompactVirtualFileSet$3
instanceKlass org/jetbrains/kotlin/com/intellij/util/containers/SequenceIterator
instanceKlass org/jetbrains/kotlin/resolve/jvm/KotlinJavaPsiFacade$PackageCache
instanceKlass org/jetbrains/kotlin/descriptors/annotations/Annotations$DefaultImpls
instanceKlass org/jetbrains/kotlin/resolve/jvm/annotations/JvmAnnotationUtilKt
instanceKlass org/jetbrains/kotlin/com/google/common/collect/Lists
instanceKlass org/jetbrains/kotlin/resolve/scopes/LocalRedeclarationChecker$DO_NOTHING
instanceKlass org/jetbrains/kotlin/resolve/scopes/LexicalScopeImpl$InitializeHandler
instanceKlass org/jetbrains/kotlin/resolve/scopes/utils/ScopeUtilsKt
instanceKlass org/jetbrains/kotlin/resolve/bindingContextUtil/BindingContextUtilsKt
instanceKlass org/jetbrains/kotlin/resolve/lazy/FileScopeFactory$FilesScopesBuilder$importResolver$1
instanceKlass org/jetbrains/kotlin/resolve/lazy/LazyImportScope
instanceKlass org/jetbrains/kotlin/resolve/scopes/BaseHierarchicalScope
instanceKlass org/jetbrains/kotlin/resolve/lazy/FileScopeFactory$FilesScopesBuilder$lazyImportingScope$1
instanceKlass org/jetbrains/kotlin/resolve/lazy/FileScopeFactoryKt
instanceKlass org/jetbrains/kotlin/resolve/lazy/LazyImportResolver
instanceKlass org/jetbrains/kotlin/resolve/lazy/IndexedImports
instanceKlass org/jetbrains/kotlin/resolve/lazy/FileScopeFactory$FilesScopesBuilder
instanceKlass org/jetbrains/kotlin/resolve/lazy/FileScopeProviderKt
instanceKlass org/jetbrains/kotlin/resolve/lazy/descriptors/LazyClassMemberScope$Companion$EXTRACT_PROPERTIES$1
instanceKlass org/jetbrains/kotlin/resolve/lazy/descriptors/LazyClassMemberScope$Companion$EXTRACT_FUNCTIONS$1
instanceKlass org/jetbrains/kotlin/resolve/lazy/descriptors/LazyClassMemberScope$MemberExtractor
instanceKlass org/jetbrains/kotlin/resolve/lazy/descriptors/LazyClassMemberScope$Companion
instanceKlass org/jetbrains/kotlin/psi/KtNamedDeclarationUtil
instanceKlass org/jetbrains/kotlin/resolve/scopes/utils/ErrorLexicalScope
instanceKlass org/jetbrains/kotlin/resolve/lazy/descriptors/ClassResolutionScopesSupport$Companion
instanceKlass org/jetbrains/kotlin/resolve/lazy/descriptors/ClassResolutionScopesSupport
instanceKlass org/jetbrains/kotlin/resolve/source/KotlinSourceElement
instanceKlass org/jetbrains/kotlin/resolve/source/PsiSourceElement
instanceKlass org/jetbrains/kotlin/resolve/source/KotlinSourceElementKt
instanceKlass org/jetbrains/kotlin/resolve/lazy/data/KtClassOrObjectInfo
instanceKlass org/jetbrains/kotlin/resolve/lazy/data/KtClassInfoUtil
instanceKlass org/jetbrains/kotlin/com/google/common/collect/LinkedHashMultimap$ValueSet$1
instanceKlass org/jetbrains/kotlin/com/google/common/collect/AbstractMapBasedMultimap$WrappedCollection$WrappedIterator
instanceKlass org/jetbrains/kotlin/com/google/common/collect/ListMultimap
instanceKlass org/jetbrains/kotlin/storage/LockBasedStorageManager$KeyWithComputation
instanceKlass org/jetbrains/kotlin/resolve/lazy/declarations/AbstractPsiBasedDeclarationProvider$Index
instanceKlass org/jetbrains/kotlin/resolve/lazy/declarations/AbstractPsiBasedDeclarationProvider
instanceKlass org/jetbrains/kotlin/parsing/DoNotBindAnything
instanceKlass org/jetbrains/kotlin/kdoc/psi/api/KDoc
instanceKlass org/jetbrains/kotlin/kdoc/psi/api/KDocElement
instanceKlass org/jetbrains/kotlin/com/intellij/psi/PsiDocCommentBase
instanceKlass java/util/function/IntUnaryOperator
instanceKlass org/jetbrains/kotlin/incremental/KotlinLookupLocation$cachedLocation$2$1
instanceKlass org/jetbrains/kotlin/incremental/components/LocationInfo
instanceKlass org/jetbrains/kotlin/psi/psiUtil/KtPsiUtilKt
instanceKlass org/jetbrains/kotlin/com/intellij/psi/search/PsiElementProcessor$CollectElements
instanceKlass org/jetbrains/kotlin/com/intellij/psi/search/PsiElementProcessor$FindElement
instanceKlass org/jetbrains/kotlin/com/intellij/psi/search/PsiElementProcessor
instanceKlass org/jetbrains/kotlin/com/intellij/psi/util/PsiTreeUtil
instanceKlass org/jetbrains/kotlin/util/slicedMap/OpenAddressLinearProbingHashTableKt
instanceKlass org/jetbrains/kotlin/util/slicedMap/OpenAddressLinearProbingHashTable$Companion
instanceKlass org/jetbrains/kotlin/com/google/common/collect/Sets
instanceKlass org/jetbrains/kotlin/resolve/FilePreprocessorKt
instanceKlass org/jetbrains/kotlin/psi/KtPsiUtil
instanceKlass org/jetbrains/kotlin/psi/KtSimpleNameExpressionImpl$Companion
instanceKlass org/jetbrains/kotlin/psi/KtExpressionImpl$Companion
instanceKlass org/jetbrains/kotlin/psi/KtNameReferenceExpression$Companion
instanceKlass org/jetbrains/kotlin/com/intellij/psi/impl/source/SourceTreeToPsiMap
instanceKlass org/jetbrains/kotlin/psi/psiUtil/PsiUtilsKt$siblings$1$iterator$1
instanceKlass org/jetbrains/kotlin/psi/psiUtil/PsiUtilsKt$siblings$1
instanceKlass org/jetbrains/kotlin/psi/psiUtil/PsiUtilsKt
instanceKlass org/jetbrains/kotlin/psi/KtDotQualifiedExpression$Companion
instanceKlass org/jetbrains/kotlin/psi/KtStubbedPsiUtil
instanceKlass org/jetbrains/kotlin/com/intellij/concurrency/ThreadContext
instanceKlass org/jetbrains/kotlin/com/intellij/openapi/progress/WrappedProgressIndicator
instanceKlass org/jetbrains/kotlin/com/intellij/openapi/progress/impl/NonCancelableIndicator
instanceKlass org/jetbrains/kotlin/com/intellij/openapi/progress/StandardProgressIndicator
instanceKlass org/jetbrains/kotlin/com/intellij/openapi/progress/Cancellation
instanceKlass org/jetbrains/kotlin/com/intellij/openapi/util/ThrowableComputable
instanceKlass org/jetbrains/kotlin/com/intellij/psi/tree/ILeafElementType
instanceKlass org/jetbrains/kotlin/com/intellij/psi/tree/ICustomParsingType
instanceKlass org/jetbrains/kotlin/com/intellij/lang/WhitespacesAndCommentsBinder$RecursiveBinder
instanceKlass org/jetbrains/kotlin/com/intellij/lang/impl/PsiBuilderImpl$RelativeTokenTextView
instanceKlass org/jetbrains/kotlin/parsing/PrecedingCommentsBinder
instanceKlass org/jetbrains/kotlin/parsing/KotlinParsing$PropertyComponentKind$Collector
instanceKlass org/jetbrains/kotlin/parsing/AbstractKotlinParsing$OptionalMarker
instanceKlass org/jetbrains/kotlin/parsing/PrecedingDocCommentsBinder
instanceKlass org/jetbrains/kotlin/parsing/KotlinParsing$ModifierDetector
instanceKlass org/jetbrains/kotlin/com/intellij/lang/WhitespacesBinders$2
instanceKlass org/jetbrains/kotlin/com/intellij/lang/WhitespacesBinders$1
instanceKlass org/jetbrains/kotlin/com/intellij/lang/WhitespacesBinders
instanceKlass org/jetbrains/kotlin/parsing/TrailingCommentsBinder
instanceKlass org/jetbrains/kotlin/com/intellij/util/text/CharSequenceSubSequence
instanceKlass org/jetbrains/kotlin/it/unimi/dsi/fastutil/Arrays
instanceKlass org/jetbrains/kotlin/com/google/common/collect/ImmutableCollection$Builder
instanceKlass org/jetbrains/kotlin/com/google/common/collect/ImmutableMap$Builder
instanceKlass org/jetbrains/kotlin/parsing/AbstractTokenStreamPredicate
instanceKlass org/jetbrains/kotlin/parsing/AbstractTokenStreamPattern
instanceKlass org/jetbrains/kotlin/parsing/TokenStreamPattern
instanceKlass org/jetbrains/kotlin/parsing/Consumer
instanceKlass org/jetbrains/kotlin/parsing/TokenStreamPredicate
instanceKlass org/jetbrains/kotlin/com/intellij/lang/WhitespacesAndCommentsBinder
instanceKlass org/jetbrains/kotlin/parsing/AbstractKotlinParsing
instanceKlass org/jetbrains/kotlin/com/intellij/lang/impl/PsiBuilderAdapter
instanceKlass org/jetbrains/kotlin/parsing/SemanticWhitespaceAwarePsiBuilder
instanceKlass org/jetbrains/kotlin/parsing/KotlinParser
instanceKlass org/jetbrains/kotlin/lexer/_JetLexer$State
instanceKlass org/jetbrains/kotlin/com/intellij/util/text/ImmutableText$InnerLeaf
instanceKlass org/jetbrains/kotlin/com/intellij/util/text/ImmutableText$CompositeNode
instanceKlass org/jetbrains/kotlin/com/intellij/lang/impl/TokenSequence$Builder
instanceKlass org/jetbrains/kotlin/com/intellij/lang/impl/TokenSequence
instanceKlass org/jetbrains/kotlin/com/intellij/lexer/TokenList
instanceKlass org/jetbrains/kotlin/com/intellij/lang/impl/PsiBuilderImpl$Token
instanceKlass org/jetbrains/kotlin/com/intellij/lang/LighterLazyParseableNode
instanceKlass java/util/BitSet
instanceKlass org/jetbrains/kotlin/it/unimi/dsi/fastutil/ints/IntArrays$ArrayHashStrategy
instanceKlass org/jetbrains/kotlin/it/unimi/dsi/fastutil/ints/IntArrays$Segment
instanceKlass org/jetbrains/kotlin/it/unimi/dsi/fastutil/ints/IntArrays
instanceKlass org/jetbrains/kotlin/it/unimi/dsi/fastutil/ints/IntListIterator
instanceKlass org/jetbrains/kotlin/it/unimi/dsi/fastutil/ints/IntBidirectionalIterator
instanceKlass org/jetbrains/kotlin/it/unimi/dsi/fastutil/ints/IntSpliterator
instanceKlass org/jetbrains/kotlin/it/unimi/dsi/fastutil/ints/IntIterator
instanceKlass java/util/PrimitiveIterator$OfInt
instanceKlass java/util/PrimitiveIterator
instanceKlass java/util/function/IntConsumer
instanceKlass org/jetbrains/kotlin/it/unimi/dsi/fastutil/ints/IntStack
instanceKlass org/jetbrains/kotlin/it/unimi/dsi/fastutil/objects/ObjectArrays$ArrayHashStrategy
instanceKlass org/jetbrains/kotlin/it/unimi/dsi/fastutil/objects/ObjectArrays
instanceKlass org/jetbrains/kotlin/it/unimi/dsi/fastutil/objects/ObjectListIterator
instanceKlass org/jetbrains/kotlin/it/unimi/dsi/fastutil/objects/ObjectBidirectionalIterator
instanceKlass org/jetbrains/kotlin/it/unimi/dsi/fastutil/BidirectionalIterator
instanceKlass org/jetbrains/kotlin/it/unimi/dsi/fastutil/objects/ObjectList
instanceKlass org/jetbrains/kotlin/it/unimi/dsi/fastutil/Stack
instanceKlass org/jetbrains/kotlin/com/intellij/psi/text/BlockSupport
instanceKlass org/jetbrains/kotlin/com/intellij/psi/impl/source/tree/SharedImplUtil
instanceKlass org/jetbrains/kotlin/lexer/_JetLexer
instanceKlass org/jetbrains/kotlin/com/intellij/lexer/FlexLexer
instanceKlass org/jetbrains/kotlin/com/intellij/lexer/LexerPosition
instanceKlass org/jetbrains/kotlin/com/intellij/lang/WhitespacesAndCommentsBinder$TokenTextGetter
instanceKlass org/jetbrains/kotlin/com/intellij/lang/PsiBuilder$Marker
instanceKlass org/jetbrains/kotlin/com/intellij/lang/SyntaxTreeBuilder$Marker
instanceKlass org/jetbrains/kotlin/com/intellij/lang/impl/PsiBuilderImpl$ProductionMarker
instanceKlass org/jetbrains/kotlin/com/intellij/lang/impl/PsiBuilderImpl$Node
instanceKlass org/jetbrains/kotlin/com/intellij/lang/LighterASTNode
instanceKlass org/jetbrains/kotlin/com/intellij/util/diff/ShallowNodeComparator
instanceKlass org/jetbrains/kotlin/com/intellij/util/diff/DiffTreeChangeBuilder
instanceKlass org/jetbrains/kotlin/com/intellij/openapi/util/UnprotectedUserDataHolder
instanceKlass org/jetbrains/kotlin/com/intellij/util/ThrowableRunnable
instanceKlass org/jetbrains/kotlin/com/intellij/psi/impl/source/tree/TreeUtil
instanceKlass org/jetbrains/kotlin/com/intellij/psi/impl/DebugUtil
instanceKlass org/jetbrains/kotlin/com/intellij/lang/LighterAST
instanceKlass org/jetbrains/kotlin/com/intellij/util/AstLoadingFilter
instanceKlass org/jetbrains/kotlin/util/slicedMap/Slices$SliceBuilder
instanceKlass org/jetbrains/kotlin/util/slicedMap/SetSlice$Companion
instanceKlass org/jetbrains/kotlin/util/slicedMap/RewritePolicy$1
instanceKlass org/jetbrains/kotlin/resolve/BindingContext$1
instanceKlass javaslang/collection/HashArrayMappedTrieModule$AbstractNode
instanceKlass javaslang/collection/HashArrayMappedTrie
instanceKlass javaslang/collection/Set
instanceKlass javaslang/collection/Seq
instanceKlass javaslang/collection/Iterator
instanceKlass javaslang/collection/HashMap
instanceKlass javaslang/collection/Map
instanceKlass javaslang/collection/Traversable
instanceKlass javaslang/collection/Foldable
instanceKlass javaslang/Value
instanceKlass javaslang/Function1
instanceKlass javaslang/\u03bb
instanceKlass org/jetbrains/kotlin/resolve/calls/smartcasts/DataFlowInfoImpl$Companion
instanceKlass org/jetbrains/kotlin/resolve/calls/smartcasts/DataFlowInfoImpl
instanceKlass org/jetbrains/kotlin/resolve/calls/smartcasts/DataFlowInfoFactory
instanceKlass org/jetbrains/kotlin/resolve/calls/smartcasts/DataFlowInfo$Companion
instanceKlass org/jetbrains/kotlin/library/metadata/impl/KlibResolvedModuleDescriptorsFactoryImpl$Companion
instanceKlass org/jetbrains/kotlin/library/metadata/impl/KlibResolvedModuleDescriptorsFactoryImpl
instanceKlass org/jetbrains/kotlin/library/metadata/KlibResolvedModuleDescriptorsFactory
instanceKlass org/jetbrains/kotlin/library/metadata/impl/KlibMetadataModuleDescriptorFactoryImpl
instanceKlass org/jetbrains/kotlin/library/metadata/KlibMetadataModuleDescriptorFactory
instanceKlass org/jetbrains/kotlin/library/metadata/impl/KlibMetadataDeserializedPackageFragmentsFactoryImpl
instanceKlass org/jetbrains/kotlin/library/metadata/KlibMetadataDeserializedPackageFragmentsFactory
instanceKlass org/jetbrains/kotlin/library/metadata/impl/KlibModuleDescriptorFactoryImpl
instanceKlass org/jetbrains/kotlin/library/metadata/KlibModuleDescriptorFactory
instanceKlass org/jetbrains/kotlin/library/metadata/NullFlexibleTypeDeserializer
instanceKlass org/jetbrains/kotlin/library/metadata/KlibMetadataFactories
instanceKlass org/jetbrains/kotlin/cli/jvm/compiler/TopDownAnalyzerFacadeForJVMKt
instanceKlass org/jetbrains/kotlin/load/kotlin/incremental/IncrementalPackagePartProvider
instanceKlass org/jetbrains/kotlin/cli/jvm/config/ClassicFrontendSpecificJvmConfigurationKeys
instanceKlass org/jetbrains/kotlin/resolve/CodeAnalyzerInitializer$Companion
instanceKlass org/jetbrains/kotlin/resolve/calls/inference/ConstraintSystemBuilderImpl$Companion
instanceKlass org/jetbrains/kotlin/resolve/calls/inference/ConstraintSystemBuilderImpl
instanceKlass org/jetbrains/kotlin/resolve/calls/results/FlatSignatureForResolvedCallKt
instanceKlass org/jetbrains/kotlin/resolve/calls/CallExpressionResolver$Companion
instanceKlass org/jetbrains/kotlin/builtins/jvm/JvmBuiltInsPackageFragmentProvider$Companion
instanceKlass org/jetbrains/kotlin/resolve/jvm/TopPackageNamesProvider
instanceKlass org/jetbrains/kotlin/serialization/deserialization/JvmEnumEntriesDeserializationSupport
instanceKlass org/jetbrains/kotlin/metadata/jvm/JvmProtoBuf$JvmFieldSignatureOrBuilder
instanceKlass org/jetbrains/kotlin/metadata/jvm/JvmProtoBuf$JvmPropertySignatureOrBuilder
instanceKlass org/jetbrains/kotlin/metadata/jvm/JvmProtoBuf$JvmMethodSignatureOrBuilder
instanceKlass org/jetbrains/kotlin/metadata/jvm/JvmProtoBuf
instanceKlass org/jetbrains/kotlin/metadata/jvm/deserialization/JvmProtoBufUtil
instanceKlass org/jetbrains/kotlin/load/kotlin/JavaFlexibleTypeDeserializer
instanceKlass org/jetbrains/kotlin/load/kotlin/DeserializationComponentsForJava$Companion
instanceKlass org/jetbrains/kotlin/load/kotlin/AbstractBinaryClassAnnotationLoader$Companion
instanceKlass org/jetbrains/kotlin/types/TypeParameterUpperBoundEraser$DataToEraseUpperBound
instanceKlass org/jetbrains/kotlin/types/TypeParameterErasureOptions
instanceKlass org/jetbrains/kotlin/types/TypeParameterUpperBoundEraser$Companion
instanceKlass org/jetbrains/kotlin/types/TypeParameterUpperBoundEraser
instanceKlass org/jetbrains/kotlin/types/ErasureProjectionComputer
instanceKlass org/jetbrains/kotlin/load/java/lazy/types/JavaTypeResolver
instanceKlass kotlin/InitializedLazyImpl
instanceKlass org/jetbrains/kotlin/load/java/lazy/TypeParameterResolver$EMPTY
instanceKlass org/jetbrains/kotlin/load/java/lazy/TypeParameterResolver
instanceKlass org/jetbrains/kotlin/load/java/components/TraceBasedErrorReporter$Companion
instanceKlass org/jetbrains/kotlin/load/kotlin/header/KotlinClassHeader$Kind$Companion
instanceKlass org/jetbrains/kotlin/load/kotlin/DeserializedDescriptorResolver$Companion
instanceKlass org/jetbrains/kotlin/util/slicedMap/Slices$2
instanceKlass org/jetbrains/kotlin/util/slicedMap/Slices$1
instanceKlass org/jetbrains/kotlin/util/slicedMap/RewritePolicy
instanceKlass org/jetbrains/kotlin/util/slicedMap/Slices
instanceKlass org/jetbrains/kotlin/load/java/components/FilesByFacadeFqNameIndexer$Companion
instanceKlass org/jetbrains/kotlin/com/intellij/util/SmartFMap
instanceKlass org/jetbrains/kotlin/resolve/ObservableBindingTrace
instanceKlass org/jetbrains/kotlin/resolve/ShadowedExtensionChecker
instanceKlass org/jetbrains/kotlin/descriptors/EffectiveVisibility
instanceKlass org/jetbrains/kotlin/resolve/ExposedVisibilityChecker
instanceKlass org/jetbrains/kotlin/resolve/DeclarationsChecker$Companion
instanceKlass org/jetbrains/kotlin/resolve/VarianceCheckerCore$Companion
instanceKlass org/jetbrains/kotlin/resolve/VarianceCheckerCore
instanceKlass org/jetbrains/kotlin/idea/MainFunctionDetector$Companion
instanceKlass org/jetbrains/kotlin/resolve/OverrideResolver$Companion
instanceKlass org/jetbrains/kotlin/load/java/AbstractAnnotationTypeQualifierResolver$Companion
instanceKlass org/jetbrains/kotlin/resolve/VariableTypeAndInitializerResolver$Companion
instanceKlass org/jetbrains/kotlin/resolve/checkers/ResolutionWithStubTypesChecker
instanceKlass org/jetbrains/kotlin/types/checker/SimpleClassicTypeSystemContext
instanceKlass org/jetbrains/kotlin/resolve/checkers/PassingProgressionAsCollectionCallChecker
instanceKlass org/jetbrains/kotlin/resolve/calls/checkers/CallCheckerWithAdditionalResolve
instanceKlass org/jetbrains/kotlin/resolve/calls/components/NewOverloadingConflictResolver$Companion
instanceKlass org/jetbrains/kotlin/resolve/calls/inference/components/KotlinConstraintSystemCompleter$Companion
instanceKlass org/jetbrains/kotlin/resolve/calls/inference/components/PostponedArgumentInputTypesResolver$Companion
instanceKlass org/jetbrains/kotlin/resolve/calls/tower/KotlinToResolvedCallTransformer$Companion
instanceKlass org/jetbrains/kotlin/resolve/calls/results/OverloadingConflictResolver$SpecificityComparisonWithNumerics$1
instanceKlass org/jetbrains/kotlin/resolve/calls/results/SpecificityComparisonCallbacks
instanceKlass org/jetbrains/kotlin/resolve/calls/results/OverloadingConflictResolver$resolvedCallHashingStrategy$1
instanceKlass org/jetbrains/kotlin/resolve/calls/components/CallableReferenceOverloadConflictResolver$Companion
instanceKlass org/jetbrains/kotlin/resolve/calls/inference/components/TrivialConstraintTypeInferenceOracle$Companion
instanceKlass org/jetbrains/kotlin/types/AbstractTypeApproximator$Companion
instanceKlass org/jetbrains/kotlin/types/expressions/DoubleColonExpressionResolver$Companion
instanceKlass org/jetbrains/kotlin/resolve/calls/smartcasts/SmartCastManager$Companion
instanceKlass org/jetbrains/kotlin/resolve/StatementFilter$Companion
instanceKlass org/jetbrains/kotlin/resolve/AnnotationChecker$Companion
instanceKlass org/jetbrains/kotlin/resolve/lazy/FileScopeFactory$DefaultImportImpl
instanceKlass org/jetbrains/kotlin/util/collectionUtils/ScopeUtilsKt
instanceKlass org/jetbrains/kotlin/builtins/jvm/CloneableClassScope$Companion
instanceKlass org/jetbrains/kotlin/descriptors/TypeParameterUtilsKt
instanceKlass org/jetbrains/kotlin/incremental/UtilsKt
instanceKlass org/jetbrains/kotlin/serialization/deserialization/descriptors/DeserializedClassDescriptor$EnumEntryClassDescriptors
instanceKlass org/jetbrains/kotlin/builtins/functions/FunctionTypeKindExtractor$Companion
instanceKlass org/jetbrains/kotlin/builtins/functions/FunctionTypeKindExtractor
instanceKlass org/jetbrains/kotlin/serialization/deserialization/descriptors/DeserializedAnnotations
instanceKlass org/jetbrains/kotlin/descriptors/impl/AbstractTypeParameterDescriptor$2
instanceKlass org/jetbrains/kotlin/descriptors/impl/AbstractTypeParameterDescriptor$1
instanceKlass org/jetbrains/kotlin/descriptors/SupertypeLoopChecker$EMPTY
instanceKlass org/jetbrains/kotlin/descriptors/ValueClassRepresentation
instanceKlass org/jetbrains/kotlin/descriptors/ScopesHolderForClass$Companion
instanceKlass org/jetbrains/kotlin/descriptors/ScopesHolderForClass
instanceKlass org/jetbrains/kotlin/serialization/deserialization/ProtoEnumFlagsUtilsKt$WhenMappings
instanceKlass org/jetbrains/kotlin/serialization/deserialization/ProtoEnumFlagsUtilsKt
instanceKlass org/jetbrains/kotlin/serialization/deserialization/ProtoEnumFlags$WhenMappings
instanceKlass org/jetbrains/kotlin/metadata/ProtoBuf$MemberKind$1
instanceKlass org/jetbrains/kotlin/metadata/ProtoBuf$Class$Kind$1
instanceKlass org/jetbrains/kotlin/metadata/ProtoBuf$Modality$1
instanceKlass org/jetbrains/kotlin/metadata/ProtoBuf$Visibility$1
instanceKlass org/jetbrains/kotlin/metadata/deserialization/Flags$FlagField
instanceKlass org/jetbrains/kotlin/metadata/deserialization/Flags
instanceKlass org/jetbrains/kotlin/serialization/deserialization/ProtoEnumFlags
instanceKlass org/jetbrains/kotlin/descriptors/DeserializedDescriptor
instanceKlass org/jetbrains/kotlin/resolve/scopes/ChainedMemberScope$Companion
instanceKlass org/jetbrains/kotlin/resolve/scopes/ChainedMemberScope
instanceKlass org/jetbrains/kotlin/descriptors/PackageFragmentProviderKt
instanceKlass org/jetbrains/kotlin/resolve/scopes/MemberScope$Companion
instanceKlass org/jetbrains/kotlin/resolve/scopes/DescriptorKindFilter$Companion$MaskToName
instanceKlass org/jetbrains/kotlin/resolve/scopes/DescriptorKindFilter$Companion
instanceKlass org/jetbrains/kotlin/resolve/scopes/DescriptorKindFilter
instanceKlass org/jetbrains/kotlin/resolve/scopes/AbstractScopeAdapter
instanceKlass org/jetbrains/kotlin/resolve/TypeResolver$Companion
instanceKlass org/jetbrains/kotlin/resolve/QualifiedExpressionResolver$Companion
instanceKlass org/jetbrains/kotlin/resolve/constants/evaluate/ConstantExpressionEvaluator$Companion$ExperimentalityDiagnostic1
instanceKlass org/jetbrains/kotlin/resolve/constants/evaluate/ConstantExpressionEvaluator$Companion
instanceKlass org/jetbrains/kotlin/util/CounterWithExclude$Companion
instanceKlass org/jetbrains/kotlin/util/ReenterableCounter$Companion
instanceKlass org/jetbrains/kotlin/container/MethodBinding
instanceKlass org/jetbrains/kotlin/resolve/lazy/descriptors/LazyAnnotations
instanceKlass org/jetbrains/kotlin/resolve/lazy/ResolveSession$1
instanceKlass org/jetbrains/kotlin/storage/LockBasedLazyResolveStorageManager$LockProtectedContext
instanceKlass org/jetbrains/kotlin/storage/LockBasedLazyResolveStorageManager$LockProtectedTrace
instanceKlass org/jetbrains/kotlin/storage/LockBasedLazyResolveStorageManager
instanceKlass org/jetbrains/kotlin/resolve/checkers/OptInNames
instanceKlass org/jetbrains/kotlin/resolve/checkers/OptInUsageChecker$OptInFactoryBasedReporter
instanceKlass org/jetbrains/kotlin/resolve/checkers/OptInUsageChecker$OptInDiagnosticReporter
instanceKlass org/jetbrains/kotlin/resolve/checkers/OptInUsageChecker$Companion
instanceKlass org/jetbrains/kotlin/resolve/checkers/ExpectedActualDeclarationChecker$Companion
instanceKlass org/jetbrains/kotlin/resolve/jvm/checkers/InlinePlatformCompatibilityChecker$Companion
instanceKlass org/jetbrains/kotlin/resolve/LanguageVersionSettingsProvider$Companion
instanceKlass org/jetbrains/kotlin/resolve/LanguageVersionSettingsProvider
instanceKlass org/jetbrains/kotlin/descriptors/impl/TypeAliasConstructorDescriptor
instanceKlass org/jetbrains/kotlin/descriptors/impl/DescriptorDerivedFromTypeAlias
instanceKlass org/jetbrains/kotlin/resolve/sam/SamConstructorDescriptor
instanceKlass org/jetbrains/kotlin/descriptors/synthetic/FunctionInterfaceConstructorDescriptor
instanceKlass org/jetbrains/kotlin/load/java/sam/SamAdapterDescriptor
instanceKlass org/jetbrains/kotlin/descriptors/synthetic/FunctionInterfaceAdapterDescriptor
instanceKlass org/jetbrains/kotlin/descriptors/synthetic/SyntheticMemberDescriptor
instanceKlass org/jetbrains/kotlin/load/java/descriptors/JavaCallableMemberDescriptor
instanceKlass org/jetbrains/kotlin/synthetic/SyntheticScopeProviderExtension
instanceKlass org/jetbrains/kotlin/synthetic/JavaSyntheticPropertiesScope$SyntheticPropertyHolder
instanceKlass org/jetbrains/kotlin/resolve/scopes/SyntheticScope$Default
instanceKlass org/jetbrains/kotlin/resolve/scopes/SyntheticScope
instanceKlass org/jetbrains/kotlin/resolve/SinceKotlinAccessibility
instanceKlass org/jetbrains/kotlin/resolve/deprecation/DeprecationResolver$DeprecationInfo
instanceKlass org/jetbrains/kotlin/resolve/deprecation/DeprecationResolver$Companion
instanceKlass org/jetbrains/kotlin/container/IterableDescriptor
instanceKlass org/jetbrains/kotlin/builtins/ReflectionTypes$ClassLookup
instanceKlass org/jetbrains/kotlin/builtins/ReflectionTypes$Companion
instanceKlass org/jetbrains/kotlin/resolve/jvm/checkers/JavaNullabilityChecker$Companion
instanceKlass org/jetbrains/kotlin/container/ConstructorBinding
instanceKlass org/jetbrains/kotlin/container/ResolveKt
instanceKlass org/jetbrains/kotlin/container/SingletonDescriptor$WhenMappings
instanceKlass org/jetbrains/kotlin/load/kotlin/MemberSignature
instanceKlass org/jetbrains/kotlin/serialization/deserialization/ProtoContainer
instanceKlass org/jetbrains/kotlin/load/kotlin/AbstractBinaryClassAnnotationLoader$AnnotationsContainer
instanceKlass org/jetbrains/kotlin/load/java/typeEnhancement/JavaTypeEnhancement
instanceKlass org/jetbrains/kotlin/load/java/typeEnhancement/NullabilityQualifierWithMigrationStatus
instanceKlass org/jetbrains/kotlin/load/java/JavaTypeQualifiersByElementType
instanceKlass org/jetbrains/kotlin/serialization/deserialization/ClassData
instanceKlass org/jetbrains/kotlin/load/kotlin/KotlinJvmBinaryClass
instanceKlass org/jetbrains/kotlin/load/java/typeEnhancement/SignatureEnhancement
instanceKlass org/jetbrains/kotlin/load/kotlin/DeserializedDescriptorResolver
instanceKlass org/jetbrains/kotlin/load/java/lazy/JavaResolverComponents
instanceKlass org/jetbrains/kotlin/resolve/inline/ReasonableInlineRule
instanceKlass org/jetbrains/kotlin/resolve/AnalyzerExtensions
instanceKlass org/jetbrains/kotlin/resolve/ControlFlowAnalyzer
instanceKlass org/jetbrains/kotlin/resolve/ConflictingOverloadsDispatcher$Default
instanceKlass org/jetbrains/kotlin/resolve/ConflictingOverloadsDispatcher
instanceKlass org/jetbrains/kotlin/com/intellij/psi/PsiErrorElement
instanceKlass org/jetbrains/kotlin/com/intellij/psi/PsiPlainTextFile
instanceKlass org/jetbrains/kotlin/com/intellij/psi/templateLanguages/OuterLanguageElement
instanceKlass org/jetbrains/kotlin/resolve/calls/context/CallPosition
instanceKlass org/jetbrains/kotlin/resolve/DeclarationsChecker
instanceKlass org/jetbrains/kotlin/builtins/PlatformSpecificCastChecker$Default
instanceKlass org/jetbrains/kotlin/resolve/ModifiersChecker$ModifiersCheckingProcedure
instanceKlass org/jetbrains/kotlin/resolve/calls/inference/components/TypeVariableDependencyInformationProvider
instanceKlass org/jetbrains/kotlin/resolve/calls/inference/components/VariableFixationFinder$VariableForFixation
instanceKlass org/jetbrains/kotlin/resolve/calls/inference/model/VariableWithConstraints
instanceKlass org/jetbrains/kotlin/resolve/calls/inference/components/ConstraintSystemCompletionContext
instanceKlass org/jetbrains/kotlin/resolve/calls/inference/components/VariableFixationFinder$Context
instanceKlass org/jetbrains/kotlin/resolve/calls/inference/components/ResultTypeResolver$Context
instanceKlass org/jetbrains/kotlin/resolve/calls/inference/components/PostponedArgumentInputTypesResolver
instanceKlass org/jetbrains/kotlin/resolve/calls/inference/components/VariableFixationFinder
instanceKlass org/jetbrains/kotlin/resolve/calls/components/PostponedArgumentsAnalyzer$SubstitutorAndStubsForLambdaAnalysis
instanceKlass org/jetbrains/kotlin/resolve/calls/components/ReturnArgumentsAnalysisResult
instanceKlass org/jetbrains/kotlin/resolve/calls/components/PostponedArgumentsAnalyzerContext
instanceKlass org/jetbrains/kotlin/resolve/calls/model/KotlinDiagnosticsHolder$SimpleHolder
instanceKlass org/jetbrains/kotlin/resolve/calls/tower/CandidateFactory
instanceKlass org/jetbrains/kotlin/resolve/calls/inference/model/ConstraintStorage
instanceKlass org/jetbrains/kotlin/resolve/calls/components/KotlinCallCompleter
instanceKlass org/jetbrains/kotlin/resolve/calls/tower/NewAbstractResolvedCall
instanceKlass org/jetbrains/kotlin/resolve/calls/components/AdditionalDiagnosticReporter
instanceKlass org/jetbrains/kotlin/resolve/calls/tower/KotlinResolutionCallbacksImpl
instanceKlass org/jetbrains/kotlin/resolve/calls/tower/PSIKotlinCallArgument
instanceKlass org/jetbrains/kotlin/resolve/calls/inference/components/ResultTypeResolver
instanceKlass org/jetbrains/kotlin/resolve/calls/inference/components/KotlinConstraintSystemCompleter
instanceKlass org/jetbrains/kotlin/resolve/calls/components/PostponedArgumentsAnalyzer
instanceKlass org/jetbrains/kotlin/resolve/calls/KotlinCallResolver
instanceKlass org/jetbrains/kotlin/resolve/calls/tower/KotlinToResolvedCallTransformer
instanceKlass org/jetbrains/kotlin/resolve/scopes/receivers/ReceiverValueWithSmartCastInfo
instanceKlass org/jetbrains/kotlin/resolve/calls/inference/components/NewTypeSubstitutor
instanceKlass org/jetbrains/kotlin/resolve/calls/tower/ImplicitsExtensionsResolutionFilter$Default
instanceKlass org/jetbrains/kotlin/resolve/calls/tower/TowerData
instanceKlass org/jetbrains/kotlin/resolve/calls/tower/TowerResolver$ResultCollector
instanceKlass org/jetbrains/kotlin/resolve/calls/tower/ScopeTowerProcessor
instanceKlass org/jetbrains/kotlin/resolve/calls/model/ResolvedAtom
instanceKlass org/jetbrains/kotlin/resolve/calls/model/ResolvedCallableReferenceAtom
instanceKlass org/jetbrains/kotlin/resolve/calls/inference/ConstraintSystemBuilder
instanceKlass org/jetbrains/kotlin/resolve/calls/inference/ConstraintSystemOperation
instanceKlass org/jetbrains/kotlin/resolve/calls/results/OverloadingConflictResolver
instanceKlass org/jetbrains/kotlin/types/TypeApproximatorConfiguration
instanceKlass org/jetbrains/kotlin/resolve/calls/inference/model/Constraint
instanceKlass org/jetbrains/kotlin/resolve/calls/inference/components/ConstraintIncorporator$Context
instanceKlass org/jetbrains/kotlin/resolve/calls/inference/components/TrivialConstraintTypeInferenceOracle
instanceKlass org/jetbrains/kotlin/resolve/calls/inference/components/ConstraintInjector$Context
instanceKlass org/jetbrains/kotlin/resolve/calls/inference/components/ConstraintIncorporator
instanceKlass org/jetbrains/kotlin/resolve/calls/components/TypeArgumentsToParametersMapper$TypeArgumentsMapping
instanceKlass org/jetbrains/kotlin/resolve/calls/components/ArgumentsToParametersMapper$ArgumentMapping
instanceKlass org/jetbrains/kotlin/resolve/calls/components/CallableReferenceArgumentResolver
instanceKlass org/jetbrains/kotlin/resolve/calls/components/TypeArgumentsToParametersMapper
instanceKlass org/jetbrains/kotlin/resolve/calls/components/ArgumentsToParametersMapper
instanceKlass org/jetbrains/kotlin/resolve/calls/inference/ConstraintSystem$Builder
instanceKlass org/jetbrains/kotlin/types/expressions/ClassLiteralChecker
instanceKlass org/jetbrains/kotlin/resolve/calls/smartcasts/ConditionalDataFlowInfo
instanceKlass org/jetbrains/kotlin/resolve/calls/smartcasts/SmartCastResult
instanceKlass org/jetbrains/kotlin/com/intellij/openapi/util/Ref
instanceKlass org/jetbrains/kotlin/types/expressions/DoubleColonExpressionResolver$ResolutionResultsAndTraceCommitCallback
instanceKlass org/jetbrains/kotlin/types/expressions/DoubleColonLHS
instanceKlass org/jetbrains/kotlin/resolve/constants/CompileTimeConstant
instanceKlass org/jetbrains/kotlin/types/FunctionPlaceholders
instanceKlass org/jetbrains/kotlin/resolve/calls/CandidateResolver$ValueArgumentsCheckingResult
instanceKlass org/jetbrains/kotlin/resolve/calls/smartcasts/SmartCastManager
instanceKlass org/jetbrains/kotlin/resolve/calls/results/OverloadResolutionResultsImpl
instanceKlass org/jetbrains/kotlin/resolve/calls/inference/BuilderInferenceSupport
instanceKlass org/jetbrains/kotlin/resolve/calls/results/ResolutionResultsHandler
instanceKlass org/jetbrains/kotlin/resolve/calls/tower/TowerResolver
instanceKlass org/jetbrains/kotlin/resolve/calls/CandidateResolver
instanceKlass org/jetbrains/kotlin/resolve/calls/CallCompleter
instanceKlass org/jetbrains/kotlin/resolve/calls/tower/PSICallResolver
instanceKlass org/jetbrains/kotlin/resolve/calls/model/MutableDataFlowInfoForArguments
instanceKlass org/jetbrains/kotlin/resolve/calls/model/DataFlowInfoForArguments
instanceKlass org/jetbrains/kotlin/resolve/calls/tasks/OldResolutionCandidate
instanceKlass org/jetbrains/kotlin/resolve/calls/GenericCandidateResolver
instanceKlass org/jetbrains/kotlin/resolve/calls/ArgumentTypeResolver
instanceKlass org/jetbrains/kotlin/resolve/calls/tower/NewResolutionOldInference
instanceKlass org/jetbrains/kotlin/resolve/scopes/receivers/ExpressionReceiver
instanceKlass org/jetbrains/kotlin/resolve/DelegatingBindingTrace
instanceKlass org/jetbrains/kotlin/resolve/calls/tasks/TracingStrategy
instanceKlass org/jetbrains/kotlin/resolve/calls/tower/NewResolutionOldInference$ResolutionKind
instanceKlass org/jetbrains/kotlin/types/expressions/FakeCallResolver$RealExpression
instanceKlass org/jetbrains/kotlin/resolve/calls/checkers/RttiExpressionChecker
instanceKlass org/jetbrains/kotlin/resolve/calls/model/KotlinCallComponents
instanceKlass org/jetbrains/kotlin/contracts/EffectSystem
instanceKlass org/jetbrains/kotlin/resolve/MissingSupertypesResolver
instanceKlass org/jetbrains/kotlin/types/expressions/ForLoopConventionsChecker
instanceKlass org/jetbrains/kotlin/types/expressions/ValueParameterResolver
instanceKlass org/jetbrains/kotlin/contracts/parsing/ContractParsingServices
instanceKlass org/jetbrains/kotlin/resolve/CollectionLiteralResolver
instanceKlass org/jetbrains/kotlin/resolve/DeclarationsCheckerBuilder
instanceKlass org/jetbrains/kotlin/types/expressions/DataFlowAnalyzer
instanceKlass org/jetbrains/kotlin/types/expressions/FakeCallResolver
instanceKlass org/jetbrains/kotlin/resolve/LocalVariableResolver
instanceKlass org/jetbrains/kotlin/types/expressions/DoubleColonExpressionResolver
instanceKlass org/jetbrains/kotlin/resolve/calls/CallExpressionResolver
instanceKlass org/jetbrains/kotlin/types/expressions/LocalClassifierAnalyzer
instanceKlass org/jetbrains/kotlin/types/expressions/ControlStructureTypingUtils
instanceKlass org/jetbrains/kotlin/builtins/PlatformSpecificCastChecker
instanceKlass org/jetbrains/kotlin/resolve/calls/tower/KotlinResolutionCallbacksImpl$LambdaInfo
instanceKlass org/jetbrains/kotlin/types/expressions/KotlinTypeInfo
instanceKlass org/jetbrains/kotlin/resolve/StatementFilter
instanceKlass org/jetbrains/kotlin/resolve/AnnotationChecker
instanceKlass org/jetbrains/kotlin/types/expressions/ExpressionTypingComponents
instanceKlass org/jetbrains/kotlin/types/expressions/ExpressionTypingInternals
instanceKlass org/jetbrains/kotlin/types/expressions/ExpressionTypingFacade
instanceKlass org/jetbrains/kotlin/resolve/DelegatedPropertyResolver
instanceKlass org/jetbrains/kotlin/resolve/scopes/LexicalScopeStorage
instanceKlass org/jetbrains/kotlin/resolve/DeclarationSignatureAnonymousTypeTransformer
instanceKlass org/jetbrains/kotlin/types/AbstractTypeApproximator
instanceKlass org/jetbrains/kotlin/resolve/ModifiersChecker
instanceKlass org/jetbrains/kotlin/types/expressions/DestructuringDeclarationResolver
instanceKlass org/jetbrains/kotlin/resolve/OverloadChecker
instanceKlass org/jetbrains/kotlin/types/expressions/ExpressionTypingServices
instanceKlass org/jetbrains/kotlin/resolve/VariableTypeAndInitializerResolver
instanceKlass org/jetbrains/kotlin/resolve/scopes/LocalRedeclarationChecker
instanceKlass org/jetbrains/kotlin/resolve/scopes/optimization/OptimizingOptions$Default
instanceKlass org/jetbrains/kotlin/resolve/lazy/FileScopeFactory$DummyContainerDescriptor
instanceKlass org/jetbrains/kotlin/resolve/lazy/FileScopeFactory$DefaultImportResolvers
instanceKlass org/jetbrains/kotlin/resolve/lazy/ImportResolutionComponents
instanceKlass org/jetbrains/kotlin/resolve/lazy/FileScopeFactory
instanceKlass org/jetbrains/kotlin/resolve/lazy/FileScopeProviderImpl
instanceKlass org/jetbrains/kotlin/resolve/lazy/FileScopes
instanceKlass org/jetbrains/kotlin/resolve/lazy/ImportForceResolver
instanceKlass org/jetbrains/kotlin/resolve/checkers/PlatformDiagnosticSuppressor$Default
instanceKlass org/jetbrains/kotlin/types/SubtypingRepresentatives
instanceKlass org/jetbrains/kotlin/resolve/QualifiedExpressionResolver$QualifierPart
instanceKlass org/jetbrains/kotlin/resolve/scopes/ImportingScope
instanceKlass org/jetbrains/kotlin/resolve/scopes/receivers/Qualifier
instanceKlass org/jetbrains/kotlin/resolve/scopes/receivers/QualifierReceiver
instanceKlass org/jetbrains/kotlin/resolve/scopes/receivers/DetailedReceiver
instanceKlass org/jetbrains/kotlin/resolve/QualifiedExpressionResolver$QualifiedExpressionResolveResult
instanceKlass org/jetbrains/kotlin/incremental/KotlinLookupLocation
instanceKlass org/jetbrains/kotlin/resolve/QualifiedExpressionResolver$TypeQualifierResolutionResult
instanceKlass org/jetbrains/kotlin/resolve/PossiblyBareType
instanceKlass org/jetbrains/kotlin/resolve/TypeResolutionContext
instanceKlass org/jetbrains/kotlin/resolve/calls/tasks/DynamicCallableDescriptors
instanceKlass org/jetbrains/kotlin/resolve/ModuleStructureOracle$SingleModule
instanceKlass org/jetbrains/kotlin/psi/Call
instanceKlass org/jetbrains/kotlin/cfg/ControlFlowInformationProvider
instanceKlass org/jetbrains/kotlin/idea/MainFunctionDetector
instanceKlass org/jetbrains/kotlin/load/java/AbstractAnnotationTypeQualifierResolver
instanceKlass org/jetbrains/kotlin/resolve/jvm/modules/JavaModuleResolver$AccessError
instanceKlass org/jetbrains/kotlin/load/java/descriptors/JavaClassDescriptor
instanceKlass org/jetbrains/kotlin/mpp/MppJavaImplicitActualizatorMarker
instanceKlass org/jetbrains/kotlin/load/java/sources/JavaSourceElement
instanceKlass org/jetbrains/kotlin/descriptors/SimpleFunctionDescriptor
instanceKlass org/jetbrains/kotlin/mpp/SimpleFunctionSymbolMarker
instanceKlass org/jetbrains/kotlin/load/java/structure/JavaPackage
instanceKlass org/jetbrains/kotlin/load/java/JavaClassFinder$Request
instanceKlass org/jetbrains/kotlin/load/java/lazy/LazyJavaResolverContext
instanceKlass org/jetbrains/kotlin/load/java/components/SignaturePropagator$PropagatedSignature
instanceKlass org/jetbrains/kotlin/load/java/structure/JavaMethod
instanceKlass org/jetbrains/kotlin/load/java/structure/JavaField
instanceKlass org/jetbrains/kotlin/load/java/structure/JavaMember
instanceKlass org/jetbrains/kotlin/load/kotlin/AbstractBinaryClassAnnotationLoader
instanceKlass org/jetbrains/kotlin/load/kotlin/JavaClassDataFinder
instanceKlass org/jetbrains/kotlin/load/java/lazy/LazyJavaPackageFragmentProvider
instanceKlass org/jetbrains/kotlin/load/kotlin/KotlinClassFinder$Result
instanceKlass org/jetbrains/kotlin/resolve/lazy/data/KtClassLikeInfo
instanceKlass org/jetbrains/kotlin/com/intellij/openapi/module/Module
instanceKlass org/jetbrains/kotlin/resolve/calls/model/ResolvedValueArgument
instanceKlass org/jetbrains/kotlin/resolve/calls/results/OverloadResolutionResults
instanceKlass org/jetbrains/kotlin/resolve/scopes/LexicalScope
instanceKlass org/jetbrains/kotlin/resolve/scopes/HierarchicalScope
instanceKlass org/jetbrains/kotlin/resolve/constants/evaluate/ConstantExpressionEvaluator
instanceKlass org/jetbrains/kotlin/resolve/calls/CallResolver
instanceKlass org/jetbrains/kotlin/resolve/TopDownAnalysisContext
instanceKlass org/jetbrains/kotlin/resolve/BodiesResolveContext
instanceKlass org/jetbrains/kotlin/resolve/calls/smartcasts/DataFlowInfo
instanceKlass org/jetbrains/kotlin/resolve/FilePreprocessor
instanceKlass org/jetbrains/kotlin/resolve/QualifiedExpressionResolver
instanceKlass org/jetbrains/kotlin/resolve/BodyResolver
instanceKlass org/jetbrains/kotlin/resolve/VarianceChecker
instanceKlass org/jetbrains/kotlin/resolve/OverloadResolver
instanceKlass org/jetbrains/kotlin/resolve/OverrideResolver
instanceKlass org/jetbrains/kotlin/resolve/DeclarationResolver
instanceKlass org/jetbrains/kotlin/container/SetterInfo
instanceKlass org/jetbrains/kotlin/javax/inject/Inject
instanceKlass org/jetbrains/kotlin/resolve/lazy/LazyDeclarationResolver
instanceKlass org/jetbrains/kotlin/descriptors/ClassDescriptorWithResolutionScopes
instanceKlass org/jetbrains/kotlin/resolve/lazy/FileScopeProvider
instanceKlass org/jetbrains/kotlin/resolve/FunctionDescriptorResolver
instanceKlass org/jetbrains/kotlin/resolve/DescriptorResolver
instanceKlass org/jetbrains/kotlin/resolve/lazy/DeclarationScopeProviderImpl
instanceKlass org/jetbrains/kotlin/resolve/calls/components/InferenceSession
instanceKlass org/jetbrains/kotlin/resolve/TypeResolver
instanceKlass org/jetbrains/kotlin/resolve/lazy/LazyEntity
instanceKlass org/jetbrains/kotlin/resolve/lazy/DeclarationScopeProvider
instanceKlass org/jetbrains/kotlin/resolve/lazy/descriptors/LazyAnnotationsContext
instanceKlass org/jetbrains/kotlin/storage/LazyResolveStorageManager
instanceKlass org/jetbrains/kotlin/incremental/components/Position
instanceKlass org/jetbrains/kotlin/resolve/calls/inference/model/OnlyInputTypeConstraintPosition
instanceKlass org/jetbrains/kotlin/resolve/calls/model/PostponedAtomWithRevisableExpectedType
instanceKlass org/jetbrains/kotlin/resolve/calls/model/PostponedResolvedAtomMarker
instanceKlass org/jetbrains/kotlin/resolve/calls/inference/model/ConstraintPosition
instanceKlass org/jetbrains/kotlin/types/model/K2Only
instanceKlass org/jetbrains/kotlin/types/model/ObsoleteTypeKind
instanceKlass org/jetbrains/kotlin/resolve/checkers/EmptyIntersectionTypeInfo
instanceKlass org/jetbrains/kotlin/types/model/DynamicTypeMarker
instanceKlass org/jetbrains/kotlin/types/TypeCheckerState$SupertypesPolicy
instanceKlass org/jetbrains/kotlin/types/model/CapturedTypeConstructorMarker
instanceKlass org/jetbrains/kotlin/types/model/CapturedTypeMarker
instanceKlass org/jetbrains/kotlin/builtins/functions/FunctionTypeKind
instanceKlass org/jetbrains/kotlin/types/model/TypeVariableTypeConstructorMarker
instanceKlass org/jetbrains/kotlin/types/model/StubTypeMarker
instanceKlass org/jetbrains/kotlin/types/model/TypeVariableMarker
instanceKlass org/jetbrains/kotlin/types/model/FlexibleTypeMarker
instanceKlass org/jetbrains/kotlin/types/model/DefinitelyNotNullTypeMarker
instanceKlass org/jetbrains/kotlin/resolve/checkers/OptInUsageChecker$OptInReporterMultiplexer
instanceKlass org/jetbrains/kotlin/resolve/calls/smartcasts/DataFlowValue
instanceKlass org/jetbrains/kotlin/resolve/calls/model/SimpleKotlinCallArgument
instanceKlass org/jetbrains/kotlin/resolve/calls/model/ReceiverKotlinCallArgument
instanceKlass org/jetbrains/kotlin/resolve/calls/components/KotlinResolutionCallbacks
instanceKlass org/jetbrains/kotlin/resolve/calls/components/candidate/ResolutionCandidate
instanceKlass org/jetbrains/kotlin/resolve/calls/tower/Candidate
instanceKlass org/jetbrains/kotlin/resolve/calls/model/KotlinDiagnosticsHolder
instanceKlass org/jetbrains/kotlin/resolve/calls/model/KotlinCall
instanceKlass org/jetbrains/kotlin/resolve/calls/tower/ImplicitScopeTower
instanceKlass org/jetbrains/kotlin/resolve/calls/model/CallableReferenceKotlinCallArgument
instanceKlass org/jetbrains/kotlin/resolve/calls/model/PostponableKotlinCallArgument
instanceKlass org/jetbrains/kotlin/resolve/calls/model/KotlinCallArgument
instanceKlass org/jetbrains/kotlin/resolve/calls/model/CallableReferenceResolutionAtom
instanceKlass org/jetbrains/kotlin/resolve/calls/model/ResolutionAtom
instanceKlass org/jetbrains/kotlin/resolve/calls/results/SimpleConstraintSystem
instanceKlass org/jetbrains/kotlin/resolve/calls/inference/components/ConstraintInjector
instanceKlass org/jetbrains/kotlin/types/TypeCheckerState
instanceKlass org/jetbrains/kotlin/resolve/ModuleStructureOracle
instanceKlass org/jetbrains/kotlin/resolve/deprecation/DeprecationResolver
instanceKlass org/jetbrains/kotlin/builtins/ReflectionTypes
instanceKlass org/jetbrains/kotlin/resolve/UpperBoundViolatedReporter
instanceKlass org/jetbrains/kotlin/types/TypeSubstitutor
instanceKlass org/jetbrains/kotlin/types/model/TypeSubstitutorMarker
instanceKlass org/jetbrains/kotlin/descriptors/TypeParameterDescriptor
instanceKlass org/jetbrains/kotlin/types/model/TypeParameterMarker
instanceKlass org/jetbrains/kotlin/mpp/TypeParameterSymbolMarker
instanceKlass java/lang/reflect/WildcardType
instanceKlass sun/reflect/generics/tree/MethodTypeSignature
instanceKlass sun/reflect/generics/tree/VoidDescriptor
instanceKlass sun/reflect/generics/tree/Wildcard
instanceKlass sun/reflect/generics/tree/BottomSignature
instanceKlass org/jetbrains/kotlin/diagnostics/DiagnosticSink$DiagnosticsCallback
instanceKlass org/jetbrains/kotlin/com/intellij/util/xmlb/annotations/Transient
instanceKlass org/jetbrains/kotlin/com/intellij/util/messages/ListenerDescriptor
instanceKlass kotlin/ReplaceWith
instanceKlass kotlin/Deprecated
instanceKlass org/jetbrains/kotlin/cfg/ControlFlowInformationProviderImpl$Factory
instanceKlass org/jetbrains/kotlin/cfg/ControlFlowInformationProvider$Factory
instanceKlass org/jetbrains/kotlin/idea/MainFunctionDetector$Factory$Ordinary
instanceKlass org/jetbrains/kotlin/idea/MainFunctionDetector$Factory
instanceKlass org/jetbrains/kotlin/resolve/lazy/BasicAbsentDescriptorHandler
instanceKlass org/jetbrains/kotlin/resolve/lazy/CompilerLocalDescriptorResolver
instanceKlass org/jetbrains/kotlin/resolve/lazy/LocalDescriptorResolver
instanceKlass org/jetbrains/kotlin/resolve/BodyResolveCache$ThrowException
instanceKlass org/jetbrains/kotlin/resolve/BodyResolveCache
instanceKlass org/jetbrains/kotlin/resolve/jvm/JvmDiagnosticComponents
instanceKlass org/jetbrains/kotlin/platform/PlatformSpecificDiagnosticComponents
instanceKlass org/jetbrains/kotlin/load/java/components/FilesByFacadeFqNameIndexer
instanceKlass org/jetbrains/kotlin/resolve/FilePreprocessorExtension
instanceKlass org/jetbrains/kotlin/resolve/jvm/modules/JavaModuleResolver$SERVICE
instanceKlass org/jetbrains/kotlin/load/java/lazy/JavaResolverSettings$Companion$create$1
instanceKlass org/jetbrains/kotlin/load/java/lazy/JavaResolverSettings$Companion
instanceKlass org/jetbrains/kotlin/load/java/lazy/JavaResolverSettings
instanceKlass org/jetbrains/kotlin/load/java/JavaClassesTracker$Default
instanceKlass org/jetbrains/kotlin/resolve/jvm/multiplatform/OptionalAnnotationPackageFragmentProvider
instanceKlass org/jetbrains/kotlin/serialization/deserialization/AbstractDeserializedPackageFragmentProvider
instanceKlass org/jetbrains/kotlin/load/java/components/JavaSourceElementFactoryImpl
instanceKlass org/jetbrains/kotlin/load/java/sources/JavaSourceElementFactory
instanceKlass org/jetbrains/kotlin/load/java/components/AbstractJavaResolverCache
instanceKlass org/jetbrains/kotlin/load/java/components/JavaResolverCache
instanceKlass org/jetbrains/kotlin/load/java/AbstractJavaClassFinder
instanceKlass org/jetbrains/kotlin/load/java/JavaClassFinder
instanceKlass org/jetbrains/kotlin/resolve/jvm/CompositeSyntheticJavaPartsProvider
instanceKlass org/jetbrains/kotlin/resolve/jvm/SyntheticJavaPartsProvider$Companion
instanceKlass org/jetbrains/kotlin/resolve/jvm/SyntheticJavaPartsProvider
instanceKlass org/jetbrains/kotlin/load/java/components/JavaDeprecationSettings
instanceKlass org/jetbrains/kotlin/resolve/deprecation/DeprecationSettings
instanceKlass org/jetbrains/kotlin/resolve/TypeResolver$TypeTransformerForTests
instanceKlass org/jetbrains/kotlin/load/java/components/TraceBasedErrorReporter
instanceKlass org/jetbrains/kotlin/load/java/components/SignaturePropagatorImpl
instanceKlass org/jetbrains/kotlin/load/java/components/SignaturePropagator
instanceKlass org/jetbrains/kotlin/load/java/components/JavaPropertyInitializerEvaluatorImpl
instanceKlass org/jetbrains/kotlin/load/java/components/JavaPropertyInitializerEvaluator
instanceKlass org/jetbrains/kotlin/load/kotlin/DeserializationComponentsForJava
instanceKlass org/jetbrains/kotlin/resolve/jvm/JavaDescriptorResolver
instanceKlass org/jetbrains/kotlin/load/kotlin/VirtualFileFinder$SERVICE
instanceKlass org/jetbrains/kotlin/load/kotlin/VirtualFileFinderFactory$SERVICE
instanceKlass org/jetbrains/kotlin/resolve/AnnotationResolver
instanceKlass org/jetbrains/kotlin/resolve/LazyTopDownAnalyzer
instanceKlass org/jetbrains/kotlin/resolve/lazy/ResolveSession
instanceKlass org/jetbrains/kotlin/resolve/lazy/LazyClassContext
instanceKlass org/jetbrains/kotlin/resolve/lazy/KotlinCodeAnalyzer
instanceKlass org/jetbrains/kotlin/resolve/lazy/TopLevelDescriptorProvider
instanceKlass org/jetbrains/kotlin/util/ProgressManagerBasedCancellationChecker
instanceKlass org/jetbrains/kotlin/util/CancellationChecker
instanceKlass org/jetbrains/kotlin/resolve/calls/inference/components/ClassicConstraintSystemUtilContext
instanceKlass org/jetbrains/kotlin/resolve/calls/inference/components/ConstraintSystemUtilContext
instanceKlass org/jetbrains/kotlin/resolve/calls/components/ClassicTypeSystemContextForCS
instanceKlass org/jetbrains/kotlin/types/model/TypeSystemInferenceExtensionContextDelegate
instanceKlass org/jetbrains/kotlin/types/checker/ClassicTypeSystemContext
instanceKlass org/jetbrains/kotlin/types/model/TypeSystemInferenceExtensionContext
instanceKlass org/jetbrains/kotlin/types/model/TypeSystemCommonSuperTypesContext
instanceKlass org/jetbrains/kotlin/types/model/TypeSystemTypeFactoryContext
instanceKlass org/jetbrains/kotlin/types/model/TypeCheckerProviderContext
instanceKlass org/jetbrains/kotlin/types/model/TypeSystemBuiltInsContext
instanceKlass org/jetbrains/kotlin/types/TypeSystemCommonBackendContext
instanceKlass org/jetbrains/kotlin/types/model/TypeSystemContext
instanceKlass org/jetbrains/kotlin/types/model/TypeSystemOptimizationContext
instanceKlass org/jetbrains/kotlin/resolve/calls/components/BuiltInsProvider
instanceKlass org/jetbrains/kotlin/contracts/ContractDeserializerImpl
instanceKlass org/jetbrains/kotlin/resolve/checkers/OptInUsageChecker$ClassifierUsage
instanceKlass org/jetbrains/kotlin/resolve/checkers/OptInUsageChecker$Overrides
instanceKlass org/jetbrains/kotlin/resolve/checkers/OptInUsageChecker
instanceKlass org/jetbrains/kotlin/resolve/calls/smartcasts/DataFlowValueFactoryImpl
instanceKlass org/jetbrains/kotlin/resolve/calls/smartcasts/DataFlowValueFactory
instanceKlass org/jetbrains/kotlin/resolve/calls/tower/KotlinResolutionStatelessCallbacksImpl
instanceKlass org/jetbrains/kotlin/resolve/calls/components/KotlinResolutionStatelessCallbacks
instanceKlass org/jetbrains/kotlin/resolve/SupertypeLoopCheckerImpl
instanceKlass org/jetbrains/kotlin/assignment/plugin/diagnostics/AssignmentPluginDeclarationChecker$AnnotationMatchingService
instanceKlass org/jetbrains/kotlin/assignment/plugin/diagnostics/AssignmentPluginDeclarationChecker
instanceKlass org/jetbrains/kotlin/samWithReceiver/SamWithReceiverResolverExtension
instanceKlass org/jetbrains/kotlin/resolve/sam/SamWithReceiverResolver
instanceKlass org/jetbrains/kotlin/platform/jvm/JvmPlatformKt
instanceKlass org/jetbrains/kotlin/resolve/jvm/checkers/RepeatableAnnotationChecker
instanceKlass org/jetbrains/kotlin/resolve/checkers/ExpectedActualDeclarationChecker
instanceKlass org/jetbrains/kotlin/resolve/checkers/OptInMarkerDeclarationAnnotationChecker
instanceKlass org/jetbrains/kotlin/resolve/jvm/checkers/JvmSerializableLambdaAnnotationChecker
instanceKlass org/jetbrains/kotlin/resolve/jvm/multiplatform/JavaActualAnnotationArgumentExtractor
instanceKlass org/jetbrains/kotlin/resolve/checkers/ExpectedActualDeclarationChecker$ActualAnnotationArgumentExtractor
instanceKlass org/jetbrains/kotlin/types/expressions/GenericArrayClassLiteralSupport$Enabled
instanceKlass org/jetbrains/kotlin/types/expressions/GenericArrayClassLiteralSupport
instanceKlass org/jetbrains/kotlin/types/expressions/FunctionWithBigAritySupport$LanguageVersionDependent
instanceKlass org/jetbrains/kotlin/types/expressions/FunctionWithBigAritySupport
instanceKlass org/jetbrains/kotlin/resolve/jvm/JvmPlatformAnnotationFeaturesSupport
instanceKlass org/jetbrains/kotlin/resolve/PlatformAnnotationFeaturesSupport
instanceKlass org/jetbrains/kotlin/resolve/jvm/checkers/JvmRecordApplicabilityChecker
instanceKlass org/jetbrains/kotlin/resolve/jvm/JvmAdditionalClassPartsProvider
instanceKlass org/jetbrains/kotlin/resolve/AdditionalClassPartsProvider
instanceKlass org/jetbrains/kotlin/load/java/sam/JvmSamConversionOracle
instanceKlass org/jetbrains/kotlin/resolve/sam/SamConversionOracle
instanceKlass org/jetbrains/kotlin/resolve/jvm/JvmPlatformOverloadsSpecificityComparator
instanceKlass org/jetbrains/kotlin/resolve/calls/results/PlatformOverloadsSpecificityComparator
instanceKlass org/jetbrains/kotlin/resolve/jvm/JvmTypeSpecificityComparator
instanceKlass org/jetbrains/kotlin/resolve/jvm/checkers/JvmModuleAccessibilityChecker$ClassifierUsage
instanceKlass org/jetbrains/kotlin/resolve/jvm/checkers/JvmModuleAccessibilityChecker
instanceKlass org/jetbrains/kotlin/resolve/jvm/checkers/InlinePlatformCompatibilityChecker
instanceKlass org/jetbrains/kotlin/resolve/jvm/checkers/JvmDefaultChecker
instanceKlass org/jetbrains/kotlin/resolve/jvm/checkers/InterfaceDefaultMethodCallChecker
instanceKlass org/jetbrains/kotlin/synthetic/JavaSyntheticScopes
instanceKlass org/jetbrains/kotlin/resolve/scopes/SyntheticScopes
instanceKlass org/jetbrains/kotlin/resolve/calls/checkers/AbstractReflectionApiCallChecker
instanceKlass org/jetbrains/kotlin/resolve/jvm/checkers/JvmStaticChecker
instanceKlass org/jetbrains/kotlin/resolve/jvm/checkers/JavaNullabilityChecker
instanceKlass org/jetbrains/kotlin/container/SingletonDescriptor
instanceKlass org/jetbrains/kotlin/resolve/UpperBoundChecker
instanceKlass org/jetbrains/kotlin/frontend/di/InjectionKt
instanceKlass org/jetbrains/kotlin/load/java/JavaClassesTracker
instanceKlass org/jetbrains/kotlin/resolve/calls/tower/ImplicitsExtensionsResolutionFilter
instanceKlass org/jetbrains/kotlin/resolve/scopes/optimization/OptimizingOptions
instanceKlass org/jetbrains/kotlin/types/WrappedTypeFactory
instanceKlass org/jetbrains/kotlin/resolve/checkers/ClassifierUsageCheckerContext
instanceKlass org/jetbrains/kotlin/resolve/calls/context/ResolutionContext
instanceKlass kotlin/annotation/MustBeDocumented
instanceKlass kotlin/jvm/JvmStatic
instanceKlass org/jetbrains/kotlin/resolve/calls/checkers/CallCheckerContext
instanceKlass org/jetbrains/kotlin/resolve/calls/model/ResolvedCall
instanceKlass org/jetbrains/kotlin/descriptors/annotations/AnnotationDescriptor
instanceKlass org/jetbrains/kotlin/types/model/AnnotationMarker
instanceKlass org/jetbrains/kotlin/container/ConstructorInfo
instanceKlass org/jetbrains/kotlin/com/intellij/util/ObjectUtilsRt
instanceKlass org/jetbrains/kotlin/container/DefaultImplementation
instanceKlass jdk/internal/vm/annotation/IntrinsicCandidate
instanceKlass org/jetbrains/kotlin/resolve/checkers/DeclarationCheckerContext
instanceKlass org/jetbrains/kotlin/resolve/checkers/CheckerContext
instanceKlass org/jetbrains/kotlin/container/ClassInfo
instanceKlass org/jetbrains/kotlin/container/ClassTraversalCache
instanceKlass org/jetbrains/kotlin/container/CacheKt
instanceKlass org/jetbrains/kotlin/container/DynamicComponentDescriptor
instanceKlass org/jetbrains/kotlin/container/InstanceComponentDescriptor
instanceKlass org/jetbrains/kotlin/container/ComponentDescriptor
instanceKlass org/jetbrains/kotlin/container/ValueDescriptor
instanceKlass org/jetbrains/kotlin/container/ContainerKt
instanceKlass org/jetbrains/kotlin/resolve/checkers/PlatformDiagnosticSuppressor
instanceKlass org/jetbrains/kotlin/resolve/lazy/AbsentDescriptorHandler
instanceKlass org/jetbrains/kotlin/types/DynamicTypesSettings
instanceKlass org/jetbrains/kotlin/resolve/calls/results/TypeSpecificityComparator$NONE
instanceKlass org/jetbrains/kotlin/resolve/calls/results/TypeSpecificityComparator
instanceKlass org/jetbrains/kotlin/resolve/checkers/OptionalExpectationUsageChecker
instanceKlass org/jetbrains/kotlin/resolve/checkers/MissingDependencyClassChecker$ClassifierUsage
instanceKlass org/jetbrains/kotlin/resolve/checkers/ApiVersionClassifierUsageChecker
instanceKlass org/jetbrains/kotlin/resolve/checkers/DeprecatedClassifierUsageChecker
instanceKlass org/jetbrains/kotlin/resolve/calls/checkers/EnumEntriesUnsupportedChecker
instanceKlass org/jetbrains/kotlin/resolve/calls/checkers/CustomEnumEntriesMigrationCallChecker
instanceKlass org/jetbrains/kotlin/resolve/calls/checkers/CompanionIncorrectlyUnboundedWhenUsedAsLHSCallChecker
instanceKlass org/jetbrains/kotlin/resolve/calls/checkers/IncorrectCapturedApproximationCallChecker
instanceKlass org/jetbrains/kotlin/resolve/calls/checkers/BuilderInferenceAssignmentChecker
instanceKlass org/jetbrains/kotlin/resolve/calls/checkers/UnsupportedUntilOperatorChecker
instanceKlass org/jetbrains/kotlin/resolve/calls/checkers/EqualityCallChecker
instanceKlass org/jetbrains/kotlin/resolve/calls/checkers/ResolutionToPrivateConstructorOfSealedClassChecker
instanceKlass org/jetbrains/kotlin/resolve/calls/checkers/CompanionInParenthesesLHSCallChecker
instanceKlass org/jetbrains/kotlin/resolve/calls/checkers/EnumEntryVsCompanionPriorityCallChecker
instanceKlass org/jetbrains/kotlin/utils/StringsKt
instanceKlass org/jetbrains/kotlin/resolve/calls/checkers/NewSchemeOfIntegerOperatorResolutionChecker
instanceKlass org/jetbrains/kotlin/resolve/calls/checkers/SelfCallInNestedObjectConstructorChecker
instanceKlass org/jetbrains/kotlin/resolve/calls/checkers/VarargWrongExecutionOrderChecker
instanceKlass org/jetbrains/kotlin/resolve/calls/checkers/ReferencingToUnderscoreNamedParameterOfCatchBlockChecker
instanceKlass org/jetbrains/kotlin/resolve/checkers/NullableExtensionOperatorWithSafeCallChecker
instanceKlass org/jetbrains/kotlin/resolve/calls/checkers/FunInterfaceConstructorReferenceChecker
instanceKlass org/jetbrains/kotlin/resolve/calls/checkers/UnitConversionCallChecker
instanceKlass org/jetbrains/kotlin/resolve/calls/checkers/SuspendConversionCallChecker
instanceKlass org/jetbrains/kotlin/resolve/calls/checkers/AbstractClassInstantiationChecker
instanceKlass org/jetbrains/kotlin/resolve/checkers/MissingDependencySupertypeChecker$ForCalls
instanceKlass org/jetbrains/kotlin/resolve/calls/checkers/ReifiedTypeParameterSubstitutionChecker
instanceKlass org/jetbrains/kotlin/resolve/calls/checkers/ContractNotAllowedCallChecker
instanceKlass org/jetbrains/kotlin/resolve/calls/checkers/NamedFunAsExpressionChecker
instanceKlass org/jetbrains/kotlin/resolve/calls/checkers/NullableVarargArgumentCallChecker
instanceKlass org/jetbrains/kotlin/resolve/calls/checkers/ResultTypeWithNullableOperatorsChecker
instanceKlass org/jetbrains/kotlin/resolve/calls/checkers/UselessElvisCallChecker
instanceKlass org/jetbrains/kotlin/resolve/calls/checkers/LambdaWithSuspendModifierCallChecker
instanceKlass org/jetbrains/kotlin/resolve/checkers/PrimitiveNumericComparisonCallChecker
instanceKlass org/jetbrains/kotlin/resolve/calls/checkers/ImplicitNothingAsTypeParameterCallChecker
instanceKlass org/jetbrains/kotlin/resolve/calls/checkers/AssigningNamedArgumentToVarargChecker
instanceKlass org/jetbrains/kotlin/resolve/calls/checkers/UnderscoreUsageChecker
instanceKlass org/jetbrains/kotlin/resolve/calls/checkers/CallableReferenceCompatibilityChecker
instanceKlass org/jetbrains/kotlin/resolve/checkers/MissingDependencyClassChecker
instanceKlass org/jetbrains/kotlin/resolve/calls/checkers/DslScopeViolationCallChecker
instanceKlass org/jetbrains/kotlin/resolve/calls/checkers/BuilderFunctionsCallChecker
instanceKlass org/jetbrains/kotlin/resolve/calls/checkers/CoroutineSuspendCallChecker
instanceKlass org/jetbrains/kotlin/resolve/calls/checkers/ApiVersionCallChecker
instanceKlass org/jetbrains/kotlin/resolve/calls/checkers/ProtectedConstructorCallChecker
instanceKlass org/jetbrains/kotlin/resolve/calls/checkers/ConstructorHeaderCallChecker
instanceKlass org/jetbrains/kotlin/resolve/calls/checkers/OperatorCallChecker$Companion
instanceKlass org/jetbrains/kotlin/resolve/calls/checkers/OperatorCallChecker
instanceKlass org/jetbrains/kotlin/resolve/calls/checkers/InfixCallChecker
instanceKlass org/jetbrains/kotlin/resolve/calls/checkers/CallReturnsArrayOfNothingChecker
instanceKlass org/jetbrains/kotlin/resolve/calls/checkers/DeprecatedCallChecker
instanceKlass org/jetbrains/kotlin/resolve/checkers/TrailingCommaCallChecker
instanceKlass org/jetbrains/kotlin/resolve/calls/checkers/SafeCallChecker
instanceKlass org/jetbrains/kotlin/resolve/calls/checkers/SynchronizedByValueChecker
instanceKlass org/jetbrains/kotlin/resolve/calls/checkers/InlineCheckerWrapper
instanceKlass org/jetbrains/kotlin/resolve/calls/checkers/CapturingInClosureChecker
instanceKlass org/jetbrains/kotlin/resolve/checkers/StubForBuilderInferenceParameterTypeChecker
instanceKlass org/jetbrains/kotlin/resolve/checkers/ActualTypealiasToSpecialAnnotationChecker
instanceKlass org/jetbrains/kotlin/resolve/checkers/VolatileAnnotationChecker
instanceKlass org/jetbrains/kotlin/resolve/checkers/EnumEntriesRedeclarationChecker
instanceKlass org/jetbrains/kotlin/resolve/checkers/DataObjectContentChecker
instanceKlass org/jetbrains/kotlin/resolve/calls/checkers/UnsupportedUntilRangeDeclarationChecker
instanceKlass org/jetbrains/kotlin/resolve/checkers/CyclicAnnotationsChecker
instanceKlass org/jetbrains/kotlin/resolve/checkers/ValueParameterUsageInDefaultArgumentChecker
instanceKlass org/jetbrains/kotlin/resolve/checkers/SubtypingBetweenContextReceiversChecker
instanceKlass org/jetbrains/kotlin/resolve/checkers/ContextualDeclarationChecker
instanceKlass org/jetbrains/kotlin/resolve/checkers/EnumCompanionInEnumConstructorCallChecker
instanceKlass org/jetbrains/kotlin/resolve/checkers/SuspendFunctionAsSupertypeChecker
instanceKlass org/jetbrains/kotlin/resolve/checkers/SealedInterfaceAllowedChecker
instanceKlass org/jetbrains/kotlin/resolve/checkers/SealedInheritorInSameModuleChecker
instanceKlass org/jetbrains/kotlin/resolve/checkers/SealedInheritorInSamePackageChecker
instanceKlass org/jetbrains/kotlin/resolve/checkers/PrivateInlineFunctionsReturningAnonymousObjectsChecker
instanceKlass org/jetbrains/kotlin/resolve/checkers/ContractDescriptionBlockChecker
instanceKlass org/jetbrains/kotlin/resolve/checkers/DeprecatedSinceKotlinAnnotationChecker
instanceKlass org/jetbrains/kotlin/resolve/checkers/DeprecationInheritanceChecker
instanceKlass org/jetbrains/kotlin/resolve/checkers/FunInterfaceDeclarationChecker
instanceKlass org/jetbrains/kotlin/resolve/checkers/MissingDependencySupertypeChecker$ForDeclarations
instanceKlass org/jetbrains/kotlin/resolve/checkers/TrailingCommaDeclarationChecker
instanceKlass org/jetbrains/kotlin/resolve/checkers/TailrecFunctionChecker
instanceKlass org/jetbrains/kotlin/resolve/checkers/ExplicitApiDeclarationChecker$Companion
instanceKlass org/jetbrains/kotlin/resolve/checkers/ExplicitApiDeclarationChecker
instanceKlass org/jetbrains/kotlin/resolve/checkers/LocalVariableTypeParametersChecker
instanceKlass org/jetbrains/kotlin/resolve/checkers/ResultClassInReturnTypeChecker
instanceKlass org/jetbrains/kotlin/resolve/checkers/ReservedMembersAndConstructsForValueClass$Companion
instanceKlass org/jetbrains/kotlin/resolve/checkers/ReservedMembersAndConstructsForValueClass
instanceKlass org/jetbrains/kotlin/resolve/checkers/AnnotationClassTargetAndRetentionChecker
instanceKlass org/jetbrains/kotlin/resolve/checkers/InnerClassInsideValueClass
instanceKlass org/jetbrains/kotlin/resolve/checkers/PropertiesWithBackingFieldsInsideValueClass
instanceKlass org/jetbrains/kotlin/resolve/checkers/MultiFieldValueClassAnnotationsChecker
instanceKlass org/jetbrains/kotlin/resolve/checkers/ValueClassDeclarationChecker
instanceKlass org/jetbrains/kotlin/util/OperatorNameConventions
instanceKlass org/jetbrains/kotlin/resolve/checkers/SuspendLimitationsChecker
instanceKlass org/jetbrains/kotlin/resolve/checkers/KClassWithIncorrectTypeArgumentChecker
instanceKlass org/jetbrains/kotlin/resolve/checkers/DelegationChecker
instanceKlass org/jetbrains/kotlin/resolve/checkers/DynamicReceiverChecker
instanceKlass org/jetbrains/kotlin/resolve/checkers/ReifiedTypeParameterAnnotationChecker
instanceKlass org/jetbrains/kotlin/resolve/RequireKotlinConstants
instanceKlass org/jetbrains/kotlin/resolve/AnnotationsKt
instanceKlass org/jetbrains/kotlin/resolve/checkers/KotlinVersionStringAnnotationValueChecker
instanceKlass org/jetbrains/kotlin/resolve/checkers/InfixModifierChecker
instanceKlass org/jetbrains/kotlin/resolve/checkers/InlineParameterChecker
instanceKlass org/jetbrains/kotlin/resolve/checkers/UnderscoreChecker
instanceKlass org/jetbrains/kotlin/resolve/checkers/ConstModifierChecker
instanceKlass org/jetbrains/kotlin/resolve/checkers/DataClassDeclarationChecker
instanceKlass org/jetbrains/kotlin/resolve/checkers/ExpectActualClassifiersAreInBetaChecker
instanceKlass org/jetbrains/kotlin/resolve/checkers/ActualClassifierMustHasTheSameMembersAsNonFinalExpectClassifierChecker
instanceKlass org/jetbrains/kotlin/resolve/checkers/ExpectActualInTheSameModuleChecker
instanceKlass org/jetbrains/kotlin/resolve/PlatformConfiguratorBaseKt
instanceKlass org/jetbrains/kotlin/container/ComponentRegistry
instanceKlass org/jetbrains/kotlin/container/ComponentStorage
instanceKlass org/jetbrains/kotlin/container/ValueResolver
instanceKlass org/jetbrains/kotlin/container/ComponentResolveContext
instanceKlass org/jetbrains/kotlin/container/ValueResolveContext
instanceKlass org/jetbrains/kotlin/container/DslKt
instanceKlass org/jetbrains/kotlin/container/StorageComponentContainer
instanceKlass org/jetbrains/kotlin/container/ComponentProvider
instanceKlass org/jetbrains/kotlin/container/ComponentContainer
instanceKlass org/jetbrains/kotlin/resolve/jvm/JvmDeclarationReturnTypeSanitizer
instanceKlass org/jetbrains/kotlin/resolve/DeclarationReturnTypeSanitizer
instanceKlass org/jetbrains/kotlin/resolve/jvm/JvmOverridesBackwardCompatibilityHelper
instanceKlass org/jetbrains/kotlin/resolve/OverridesBackwardCompatibilityHelper
instanceKlass org/jetbrains/kotlin/resolve/jvm/JvmDelegationFilter
instanceKlass org/jetbrains/kotlin/resolve/lazy/DelegationFilter
instanceKlass org/jetbrains/kotlin/resolve/jvm/JvmOverloadFilter
instanceKlass org/jetbrains/kotlin/resolve/OverloadFilter
instanceKlass org/jetbrains/kotlin/resolve/jvm/checkers/JvmSimpleNameBacktickChecker
instanceKlass org/jetbrains/kotlin/resolve/IdentifierChecker
instanceKlass org/jetbrains/kotlin/resolve/sam/SamConversionResolver$Empty
instanceKlass org/jetbrains/kotlin/container/PlatformExtensionsClashResolver
instanceKlass org/jetbrains/kotlin/resolve/jvm/checkers/SynchronizedAnnotationOnLambdaChecker
instanceKlass org/jetbrains/kotlin/resolve/jvm/checkers/ExplicitMetadataChecker
instanceKlass org/jetbrains/kotlin/name/StandardClassIdsKt
instanceKlass org/jetbrains/kotlin/name/StandardClassIds
instanceKlass org/jetbrains/kotlin/name/JvmStandardClassIds
instanceKlass org/jetbrains/kotlin/resolve/jvm/checkers/FileClassAnnotationsChecker
instanceKlass org/jetbrains/kotlin/resolve/AdditionalAnnotationChecker
instanceKlass org/jetbrains/kotlin/resolve/jvm/checkers/MissingBuiltInDeclarationChecker$ClassifierUsage
instanceKlass org/jetbrains/kotlin/resolve/checkers/BigFunctionTypeAvailabilityChecker
instanceKlass org/jetbrains/kotlin/resolve/checkers/ClassifierUsageChecker
instanceKlass org/jetbrains/kotlin/resolve/jvm/checkers/JvmArrayVariableInLoopAssignmentChecker
instanceKlass org/jetbrains/kotlin/resolve/jvm/checkers/JavaTypeAccessibilityChecker
instanceKlass org/jetbrains/kotlin/resolve/jvm/platform/JavaGenericVarianceViolationTypeChecker
instanceKlass org/jetbrains/kotlin/resolve/jvm/RuntimeAssertionsTypeChecker
instanceKlass org/jetbrains/kotlin/resolve/calls/checkers/AdditionalTypeChecker
instanceKlass org/jetbrains/kotlin/diagnostics/rendering/DiagnosticFactoryToRendererMap
instanceKlass org/jetbrains/kotlin/diagnostics/rendering/DefaultErrorMessages$Extension
instanceKlass org/jetbrains/kotlin/diagnostics/Errors$Initializer
instanceKlass org/jetbrains/kotlin/com/google/common/collect/Hashing
instanceKlass org/jetbrains/kotlin/com/google/common/math/IntMath$1
instanceKlass org/jetbrains/kotlin/com/google/common/math/MathPreconditions
instanceKlass org/jetbrains/kotlin/com/google/common/math/IntMath
instanceKlass org/jetbrains/kotlin/com/google/common/collect/ImmutableSet$SetBuilderImpl
instanceKlass org/jetbrains/kotlin/diagnostics/DiagnosticFactoryForDeprecation4$Companion
instanceKlass org/jetbrains/kotlin/diagnostics/ClassicPositioningStrategies
instanceKlass org/jetbrains/kotlin/diagnostics/DiagnosticFactoryForDeprecation2$Companion
instanceKlass org/jetbrains/kotlin/diagnostics/DiagnosticFactoryForDeprecation0$Companion
instanceKlass org/jetbrains/kotlin/diagnostics/DiagnosticFactoryForDeprecation1$Companion
instanceKlass org/jetbrains/kotlin/diagnostics/DiagnosticFactoryForDeprecation3$Companion
instanceKlass org/jetbrains/kotlin/diagnostics/DiagnosticFactoryForDeprecation
instanceKlass org/jetbrains/kotlin/diagnostics/ParametrizedDiagnostic
instanceKlass org/jetbrains/kotlin/diagnostics/Errors
instanceKlass org/jetbrains/kotlin/resolve/jvm/checkers/JvmSyntheticAssignmentChecker
instanceKlass org/jetbrains/kotlin/resolve/calls/checkers/AssignmentChecker
instanceKlass org/jetbrains/kotlin/resolve/jvm/checkers/JvmPropertyVsFieldAmbiguityCallChecker
instanceKlass org/jetbrains/kotlin/resolve/calls/checkers/LateinitIntrinsicApplicabilityChecker
instanceKlass org/jetbrains/kotlin/resolve/jvm/checkers/UpperBoundViolatedInTypealiasConstructorChecker
instanceKlass org/jetbrains/kotlin/resolve/jvm/checkers/EnumDeclaringClassDeprecationChecker
instanceKlass org/jetbrains/kotlin/resolve/jvm/checkers/SamInterfaceConstructorReferenceCallChecker
instanceKlass org/jetbrains/kotlin/resolve/jvm/checkers/PolymorphicSignatureCallChecker
instanceKlass org/jetbrains/kotlin/resolve/jvm/checkers/InconsistentOperatorFromJavaCallChecker
instanceKlass org/jetbrains/kotlin/resolve/jvm/checkers/ApiVersionIsAtLeastArgumentsChecker
instanceKlass org/jetbrains/kotlin/resolve/jvm/RuntimeAssertionsOnExtensionReceiverCallChecker
instanceKlass org/jetbrains/kotlin/resolve/jvm/checkers/ProtectedSyntheticExtensionCallChecker
instanceKlass org/jetbrains/kotlin/resolve/jvm/checkers/SuperCallWithDefaultArgumentsChecker
instanceKlass org/jetbrains/kotlin/resolve/jvm/checkers/UnsupportedSyntheticCallableReferenceChecker
instanceKlass org/jetbrains/kotlin/resolve/jvm/checkers/ProtectedInSuperClassCompanionCallChecker
instanceKlass org/jetbrains/kotlin/resolve/jvm/checkers/JavaClassOnCompanionChecker
instanceKlass org/jetbrains/kotlin/resolve/jvm/checkers/SuspensionPointInsideMutexLockChecker
instanceKlass org/jetbrains/kotlin/resolve/jvm/checkers/JavaAnnotationCallChecker$Companion
instanceKlass org/jetbrains/kotlin/resolve/jvm/checkers/JavaAnnotationCallChecker
instanceKlass org/jetbrains/kotlin/resolve/jvm/checkers/MissingBuiltInDeclarationChecker
instanceKlass org/jetbrains/kotlin/resolve/calls/checkers/CallChecker
instanceKlass org/jetbrains/kotlin/resolve/jvm/checkers/JavaOverrideWithWrongNullabilityOverrideChecker
instanceKlass org/jetbrains/kotlin/resolve/jvm/checkers/ClassInheritsJavaSealedClassChecker
instanceKlass org/jetbrains/kotlin/resolve/jvm/checkers/FunctionDelegateMemberNameClashChecker
instanceKlass org/jetbrains/kotlin/resolve/jvm/checkers/DefaultCheckerInTailrec
instanceKlass org/jetbrains/kotlin/resolve/jvm/checkers/JvmMultifileClassStateChecker
instanceKlass org/jetbrains/kotlin/resolve/jvm/checkers/BadInheritedJavaSignaturesChecker
instanceKlass org/jetbrains/kotlin/resolve/jvm/checkers/SuspendInFunInterfaceChecker
instanceKlass org/jetbrains/kotlin/resolve/jvm/checkers/JvmAnnotationsTargetNonExistentAccessorChecker$Companion
instanceKlass org/jetbrains/kotlin/resolve/jvm/checkers/JvmAnnotationsTargetNonExistentAccessorChecker
instanceKlass org/jetbrains/kotlin/resolve/jvm/checkers/StrictfpApplicabilityChecker
instanceKlass org/jetbrains/kotlin/resolve/jvm/checkers/JvmInlineApplicabilityChecker
instanceKlass org/jetbrains/kotlin/resolve/jvm/checkers/JvmSyntheticApplicabilityChecker
instanceKlass org/jetbrains/kotlin/resolve/jvm/checkers/TypeParameterBoundIsNotArrayChecker
instanceKlass org/jetbrains/kotlin/resolve/jvm/checkers/JvmFieldApplicabilityChecker
instanceKlass org/jetbrains/kotlin/resolve/jvm/checkers/OverloadsAnnotationChecker
instanceKlass org/jetbrains/kotlin/resolve/jvm/checkers/ExternalFunChecker
instanceKlass org/jetbrains/kotlin/resolve/jvm/checkers/LocalFunInlineChecker
instanceKlass org/jetbrains/kotlin/resolve/jvm/checkers/SynchronizedAnnotationChecker
instanceKlass org/jetbrains/kotlin/resolve/jvm/checkers/JvmNameAnnotationChecker
instanceKlass org/jetbrains/kotlin/resolve/checkers/DeclarationChecker
instanceKlass org/jetbrains/kotlin/resolve/PlatformConfiguratorBase
instanceKlass org/jetbrains/kotlin/resolve/PlatformConfigurator
instanceKlass org/jetbrains/kotlin/resolve/ImportPath$Companion
instanceKlass org/jetbrains/kotlin/resolve/ImportPath
instanceKlass org/jetbrains/kotlin/resolve/DefaultImportProvider$DefaultImportsKey
instanceKlass org/jetbrains/kotlin/resolve/DefaultImportProvider
instanceKlass org/jetbrains/kotlin/resolve/SealedClassInheritorsProvider
instanceKlass org/jetbrains/kotlin/load/kotlin/JvmPackagePartProviderBase$ModuleMappingInfo
instanceKlass org/jetbrains/kotlin/metadata/jvm/deserialization/ModuleMappingKt
instanceKlass org/jetbrains/kotlin/protobuf/UnmodifiableLazyStringList$2
instanceKlass org/jetbrains/kotlin/metadata/jvm/deserialization/PackageParts
instanceKlass org/jetbrains/kotlin/metadata/jvm/JvmModuleProtoBuf$PackagePartsOrBuilder
instanceKlass org/jetbrains/kotlin/metadata/jvm/JvmModuleProtoBuf$ModuleOrBuilder
instanceKlass org/jetbrains/kotlin/metadata/deserialization/VersionSpecificBehaviorKt
instanceKlass kotlin/collections/MapWithDefault
instanceKlass org/jetbrains/kotlin/utils/MetadataHelpersKt
instanceKlass org/jetbrains/kotlin/utils/DeserializationHelpersKt
instanceKlass org/jetbrains/kotlin/load/kotlin/ModuleMappingUtilKt
instanceKlass org/jetbrains/kotlin/metadata/jvm/deserialization/BinaryModuleData
instanceKlass org/jetbrains/kotlin/metadata/jvm/deserialization/JvmMetadataVersion$Companion
instanceKlass org/jetbrains/kotlin/metadata/jvm/deserialization/ModuleMapping$Companion
instanceKlass org/jetbrains/kotlin/metadata/jvm/deserialization/ModuleMapping
instanceKlass org/jetbrains/kotlin/cli/jvm/compiler/JvmPackagePartProviderKt
instanceKlass org/jetbrains/kotlin/config/KotlinCompilerVersion
instanceKlass org/jetbrains/kotlin/resolve/CompilerDeserializationConfiguration
instanceKlass org/jetbrains/kotlin/load/kotlin/JvmPackagePartProviderBase$Companion
instanceKlass org/jetbrains/kotlin/load/kotlin/JvmPackagePartProviderBase
instanceKlass org/jetbrains/kotlin/load/kotlin/PackageAndMetadataPartProvider
instanceKlass org/jetbrains/kotlin/serialization/deserialization/MetadataPartProvider
instanceKlass org/jetbrains/kotlin/load/kotlin/PackagePartProvider
instanceKlass org/jetbrains/kotlin/resolve/lazy/declarations/FileBasedDeclarationProviderFactory$Index
instanceKlass org/jetbrains/kotlin/resolve/lazy/declarations/ClassMemberDeclarationProvider
instanceKlass org/jetbrains/kotlin/resolve/lazy/declarations/PackageMemberDeclarationProvider
instanceKlass org/jetbrains/kotlin/resolve/lazy/declarations/DeclarationProvider
instanceKlass org/jetbrains/kotlin/resolve/lazy/declarations/AbstractDeclarationProviderFactory
instanceKlass org/jetbrains/kotlin/resolve/lazy/declarations/DeclarationProviderFactory
instanceKlass org/jetbrains/kotlin/frontend/java/di/InjectionKt
instanceKlass org/jetbrains/kotlin/descriptors/impl/ModuleDependenciesImpl
instanceKlass org/jetbrains/kotlin/descriptors/impl/ModuleDependencies
instanceKlass org/jetbrains/kotlin/descriptors/TypeAliasDescriptor
instanceKlass org/jetbrains/kotlin/mpp/TypeAliasSymbolMarker
instanceKlass org/jetbrains/kotlin/protobuf/SmallSortedMap$EntryIterator
instanceKlass org/jetbrains/kotlin/protobuf/GeneratedMessageLite$ExtendableMessage$ExtensionWriter
instanceKlass org/jetbrains/kotlin/serialization/deserialization/descriptors/DeserializedMemberScope$OptimizedImplementation
instanceKlass org/jetbrains/kotlin/serialization/deserialization/descriptors/DeserializedMemberScope$Implementation
instanceKlass org/jetbrains/kotlin/serialization/deserialization/MemberDeserializer
instanceKlass org/jetbrains/kotlin/serialization/deserialization/TypeDeserializer
instanceKlass org/jetbrains/kotlin/serialization/deserialization/DeserializationContext
instanceKlass org/jetbrains/kotlin/metadata/deserialization/VersionRequirementTable$Companion
instanceKlass org/jetbrains/kotlin/metadata/deserialization/VersionRequirementTable
instanceKlass org/jetbrains/kotlin/metadata/deserialization/TypeTable
instanceKlass org/jetbrains/kotlin/serialization/deserialization/ClassDeserializer$ClassKey
instanceKlass org/jetbrains/kotlin/serialization/deserialization/ClassDeserializer$Companion
instanceKlass org/jetbrains/kotlin/serialization/deserialization/ClassDeserializer
instanceKlass org/jetbrains/kotlin/serialization/deserialization/EnumEntriesDeserializationSupport$Default
instanceKlass org/jetbrains/kotlin/serialization/deserialization/EnumEntriesDeserializationSupport
instanceKlass org/jetbrains/kotlin/resolve/OverridingUtil$1
instanceKlass org/jetbrains/kotlin/load/java/JavaIncompatibilityRulesOverridabilityCondition$Companion
instanceKlass org/jetbrains/kotlin/load/java/JavaIncompatibilityRulesOverridabilityCondition
instanceKlass org/jetbrains/kotlin/load/java/ErasedOverridabilityCondition
instanceKlass org/jetbrains/kotlin/load/java/FieldOverridabilityCondition
instanceKlass org/jetbrains/kotlin/resolve/ExternalOverridabilityCondition
instanceKlass org/jetbrains/kotlin/types/checker/KotlinTypeChecker$TypeConstructorEquality
instanceKlass org/jetbrains/kotlin/resolve/OverridingUtil
instanceKlass org/jetbrains/kotlin/types/AbstractTypePreparator
instanceKlass org/jetbrains/kotlin/types/checker/NewKotlinTypeCheckerImpl
instanceKlass org/jetbrains/kotlin/types/checker/NewKotlinTypeChecker$Companion
instanceKlass org/jetbrains/kotlin/types/checker/NewKotlinTypeChecker
instanceKlass org/jetbrains/kotlin/types/checker/KotlinTypeChecker
instanceKlass org/jetbrains/kotlin/resolve/sam/SamConversionResolverImpl
instanceKlass org/jetbrains/kotlin/resolve/sam/SamConversionResolver
instanceKlass org/jetbrains/kotlin/container/PlatformSpecificExtension
instanceKlass org/jetbrains/kotlin/serialization/deserialization/ContractDeserializer$Companion$DEFAULT$1
instanceKlass org/jetbrains/kotlin/serialization/deserialization/ContractDeserializer$Companion
instanceKlass org/jetbrains/kotlin/serialization/deserialization/ContractDeserializer
instanceKlass org/jetbrains/kotlin/serialization/deserialization/FlexibleTypeDeserializer$ThrowException
instanceKlass org/jetbrains/kotlin/serialization/deserialization/FlexibleTypeDeserializer
instanceKlass org/jetbrains/kotlin/serialization/deserialization/ErrorReporter$1
instanceKlass org/jetbrains/kotlin/serialization/deserialization/ErrorReporter
instanceKlass org/jetbrains/kotlin/serialization/deserialization/LocalClassifierTypeSettings$Default
instanceKlass org/jetbrains/kotlin/serialization/deserialization/LocalClassifierTypeSettings
instanceKlass org/jetbrains/kotlin/resolve/constants/ConstantValue
instanceKlass org/jetbrains/kotlin/serialization/deserialization/AnnotationDeserializer
instanceKlass org/jetbrains/kotlin/serialization/deserialization/AbstractAnnotationLoader
instanceKlass org/jetbrains/kotlin/serialization/deserialization/AnnotationAndConstantLoader
instanceKlass org/jetbrains/kotlin/serialization/deserialization/AnnotationLoader
instanceKlass org/jetbrains/kotlin/serialization/deserialization/DeserializedClassDataFinder
instanceKlass org/jetbrains/kotlin/serialization/deserialization/DeserializationConfiguration$Default
instanceKlass org/jetbrains/kotlin/serialization/deserialization/DeserializationConfiguration
instanceKlass org/jetbrains/kotlin/serialization/deserialization/DeserializationComponents
instanceKlass org/jetbrains/kotlin/descriptors/NotFoundClasses$ClassRequest
instanceKlass org/jetbrains/kotlin/descriptors/NotFoundClasses
instanceKlass org/jetbrains/kotlin/descriptors/PackageFragmentProviderImpl
instanceKlass java/util/LinkedList$ListItr
instanceKlass kotlin/Triple
instanceKlass java/util/LinkedList$Node
instanceKlass org/jetbrains/kotlin/metadata/deserialization/NameResolverImpl$WhenMappings
instanceKlass org/jetbrains/kotlin/protobuf/Utf8
instanceKlass org/jetbrains/kotlin/serialization/deserialization/NameResolverUtilKt
instanceKlass org/jetbrains/kotlin/serialization/deserialization/ProtoBasedClassDataFinder
instanceKlass org/jetbrains/kotlin/serialization/deserialization/ClassDataFinder
instanceKlass org/jetbrains/kotlin/metadata/deserialization/NameResolverImpl
instanceKlass org/jetbrains/kotlin/metadata/deserialization/NameResolver
instanceKlass org/jetbrains/kotlin/metadata/ProtoBuf$Type$Argument$Projection$1
instanceKlass org/jetbrains/kotlin/metadata/ProtoBuf$Type$ArgumentOrBuilder
instanceKlass org/jetbrains/kotlin/metadata/ProtoBuf$Annotation$ArgumentOrBuilder
instanceKlass org/jetbrains/kotlin/protobuf/SmallSortedMap$Entry
instanceKlass org/jetbrains/kotlin/protobuf/FieldSet$1
instanceKlass org/jetbrains/kotlin/protobuf/AbstractMessageLite$Builder
instanceKlass org/jetbrains/kotlin/protobuf/GeneratedMessageLite$1
instanceKlass org/jetbrains/kotlin/metadata/ProtoBuf$QualifiedNameTable$QualifiedName$Kind$1
instanceKlass org/jetbrains/kotlin/metadata/ProtoBuf$QualifiedNameTable$QualifiedNameOrBuilder
instanceKlass org/jetbrains/kotlin/protobuf/WireFormat
instanceKlass org/jetbrains/kotlin/protobuf/CodedOutputStream
instanceKlass org/jetbrains/kotlin/protobuf/CodedInputStream
instanceKlass org/jetbrains/kotlin/metadata/ProtoBuf$QualifiedNameTableOrBuilder
instanceKlass org/jetbrains/kotlin/protobuf/LazyStringList
instanceKlass org/jetbrains/kotlin/protobuf/ProtocolStringList
instanceKlass org/jetbrains/kotlin/metadata/ProtoBuf$StringTableOrBuilder
instanceKlass org/jetbrains/kotlin/metadata/ProtoBuf$PackageFragmentOrBuilder
instanceKlass kotlin/collections/IntIterator
instanceKlass org/jetbrains/kotlin/metadata/builtins/BuiltInsBinaryVersion$Companion
instanceKlass org/jetbrains/kotlin/metadata/deserialization/BinaryVersion$Companion
instanceKlass org/jetbrains/kotlin/metadata/deserialization/BinaryVersion
instanceKlass org/jetbrains/kotlin/metadata/builtins/ReadPackageFragmentKt
instanceKlass org/jetbrains/kotlin/serialization/deserialization/builtins/BuiltInsPackageFragmentImpl$Companion
instanceKlass org/jetbrains/kotlin/protobuf/ExtensionRegistryLite$ObjectIntPair
instanceKlass org/jetbrains/kotlin/metadata/ProtoBuf$TypeParameter$Variance$1
instanceKlass org/jetbrains/kotlin/metadata/ProtoBuf$TypeParameterOrBuilder
instanceKlass org/jetbrains/kotlin/metadata/ProtoBuf$EnumEntryOrBuilder
instanceKlass org/jetbrains/kotlin/metadata/ProtoBuf$Annotation$Argument$Value$Type$1
instanceKlass org/jetbrains/kotlin/protobuf/Internal$EnumLiteMap
instanceKlass org/jetbrains/kotlin/metadata/ProtoBuf$Annotation$Argument$ValueOrBuilder
instanceKlass org/jetbrains/kotlin/metadata/ProtoBuf$ValueParameterOrBuilder
instanceKlass org/jetbrains/kotlin/metadata/ProtoBuf$PropertyOrBuilder
instanceKlass org/jetbrains/kotlin/metadata/ProtoBuf$ContractOrBuilder
instanceKlass org/jetbrains/kotlin/metadata/ProtoBuf$FunctionOrBuilder
instanceKlass org/jetbrains/kotlin/metadata/ProtoBuf$ConstructorOrBuilder
instanceKlass org/jetbrains/kotlin/metadata/ProtoBuf$AnnotationOrBuilder
instanceKlass org/jetbrains/kotlin/metadata/ProtoBuf$TypeOrBuilder
instanceKlass org/jetbrains/kotlin/metadata/ProtoBuf$ClassOrBuilder
instanceKlass org/jetbrains/kotlin/protobuf/Internal$EnumLite
instanceKlass org/jetbrains/kotlin/protobuf/GeneratedMessageLite$ExtensionDescriptor
instanceKlass org/jetbrains/kotlin/protobuf/GeneratedMessageLite$GeneratedExtension
instanceKlass java/lang/Long$LongCache
instanceKlass org/jetbrains/kotlin/metadata/ProtoBuf$VersionRequirementTableOrBuilder
instanceKlass org/jetbrains/kotlin/metadata/ProtoBuf$TypeTableOrBuilder
instanceKlass org/jetbrains/kotlin/protobuf/ByteString$ByteIterator
instanceKlass org/jetbrains/kotlin/protobuf/ByteString
instanceKlass org/jetbrains/kotlin/protobuf/SmallSortedMap$EmptySet$2
instanceKlass org/jetbrains/kotlin/protobuf/SmallSortedMap$EmptySet$1
instanceKlass org/jetbrains/kotlin/protobuf/SmallSortedMap$EmptySet
instanceKlass org/jetbrains/kotlin/protobuf/LazyFieldLite
instanceKlass org/jetbrains/kotlin/protobuf/FieldSet
instanceKlass org/jetbrains/kotlin/protobuf/AbstractParser
instanceKlass org/jetbrains/kotlin/protobuf/MessageLite$Builder
instanceKlass org/jetbrains/kotlin/protobuf/Parser
instanceKlass org/jetbrains/kotlin/protobuf/FieldSet$FieldDescriptorLite
instanceKlass org/jetbrains/kotlin/protobuf/AbstractMessageLite
instanceKlass org/jetbrains/kotlin/metadata/ProtoBuf$PackageOrBuilder
instanceKlass org/jetbrains/kotlin/protobuf/GeneratedMessageLite$ExtendableMessageOrBuilder
instanceKlass org/jetbrains/kotlin/protobuf/MessageLite
instanceKlass org/jetbrains/kotlin/protobuf/MessageLiteOrBuilder
instanceKlass org/jetbrains/kotlin/metadata/builtins/BuiltInsProtoBuf
instanceKlass org/jetbrains/kotlin/protobuf/ExtensionRegistryLite
instanceKlass org/jetbrains/kotlin/serialization/SerializerExtensionProtocol
instanceKlass org/jetbrains/kotlin/storage/LockBasedStorageManager$CacheWithNullableValuesBasedOnMemoizedFunction$1
instanceKlass org/jetbrains/kotlin/types/KotlinTypeFactory$EMPTY_REFINED_TYPE_FACTORY$1
instanceKlass org/jetbrains/kotlin/types/KotlinTypeFactory
instanceKlass org/jetbrains/kotlin/util/ArrayMap
instanceKlass org/jetbrains/kotlin/util/TypeRegistry
instanceKlass org/jetbrains/kotlin/util/AbstractArrayMapOwner
instanceKlass org/jetbrains/kotlin/descriptors/FieldDescriptor
instanceKlass org/jetbrains/kotlin/descriptors/PropertySetterDescriptor
instanceKlass org/jetbrains/kotlin/descriptors/PropertyGetterDescriptor
instanceKlass org/jetbrains/kotlin/descriptors/PropertyAccessorDescriptor
instanceKlass org/jetbrains/kotlin/descriptors/VariableAccessorDescriptor
instanceKlass org/jetbrains/kotlin/types/error/ErrorPropertyDescriptor
instanceKlass org/jetbrains/kotlin/descriptors/PropertyDescriptor
instanceKlass org/jetbrains/kotlin/mpp/PropertySymbolMarker
instanceKlass org/jetbrains/kotlin/descriptors/VariableDescriptorWithAccessors
instanceKlass kotlin/jvm/internal/StringCompanionObject
instanceKlass org/jetbrains/kotlin/types/error/ErrorTypeConstructor
instanceKlass org/jetbrains/kotlin/types/error/ErrorScope
instanceKlass org/jetbrains/kotlin/cli/common/ModuleVisibilityHelperImpl
instanceKlass org/jetbrains/kotlin/descriptors/DescriptorVisibilities$12
instanceKlass org/jetbrains/kotlin/descriptors/DescriptorVisibilities$11
instanceKlass org/jetbrains/kotlin/descriptors/DescriptorVisibilities$10
instanceKlass org/jetbrains/kotlin/util/ModuleVisibilityHelper
instanceKlass org/jetbrains/kotlin/descriptors/DescriptorVisibility
instanceKlass org/jetbrains/kotlin/descriptors/Visibility
instanceKlass org/jetbrains/kotlin/descriptors/DescriptorVisibilities
instanceKlass org/jetbrains/kotlin/name/SpecialNames
instanceKlass org/jetbrains/kotlin/resolve/scopes/receivers/ReceiverValue
instanceKlass org/jetbrains/kotlin/resolve/scopes/receivers/Receiver
instanceKlass org/jetbrains/kotlin/descriptors/FunctionDescriptor$CopyBuilder
instanceKlass org/jetbrains/kotlin/descriptors/CallableMemberDescriptor$CopyBuilder
instanceKlass org/jetbrains/kotlin/descriptors/ClassConstructorDescriptor
instanceKlass org/jetbrains/kotlin/mpp/ConstructorSymbolMarker
instanceKlass org/jetbrains/kotlin/descriptors/ConstructorDescriptor
instanceKlass java/util/Formattable
instanceKlass java/util/Formatter$Flags
instanceKlass java/util/Formatter$FormatSpecifier
instanceKlass java/util/Formatter$Conversion
instanceKlass java/util/Formatter$FixedString
instanceKlass java/util/Formatter$FormatString
instanceKlass java/util/Formatter
instanceKlass org/jetbrains/kotlin/types/error/ErrorModuleDescriptor
instanceKlass org/jetbrains/kotlin/types/error/ErrorUtils
instanceKlass org/jetbrains/kotlin/types/TypeProjection
instanceKlass org/jetbrains/kotlin/types/model/TypeArgumentMarker
instanceKlass org/jetbrains/kotlin/types/TypeUtils
instanceKlass org/jetbrains/kotlin/descriptors/impl/AbstractClassDescriptor$1$1
instanceKlass org/jetbrains/kotlin/types/AbstractTypeRefiner
instanceKlass org/jetbrains/kotlin/types/checker/KotlinTypeRefinerKt
instanceKlass org/jetbrains/kotlin/resolve/descriptorUtil/DescriptorUtilsKt
instanceKlass org/jetbrains/kotlin/descriptors/FunctionDescriptor
instanceKlass org/jetbrains/kotlin/mpp/FunctionSymbolMarker
instanceKlass org/jetbrains/kotlin/descriptors/CallableMemberDescriptor
instanceKlass org/jetbrains/kotlin/resolve/DescriptorUtils
instanceKlass org/jetbrains/kotlin/resolve/scopes/MemberScopeImpl
instanceKlass org/jetbrains/kotlin/types/AbstractTypeConstructor$Supertypes
instanceKlass org/jetbrains/kotlin/descriptors/SupertypeLoopChecker
instanceKlass org/jetbrains/kotlin/types/ClassifierBasedTypeConstructor
instanceKlass org/jetbrains/kotlin/descriptors/ReceiverParameterDescriptor
instanceKlass org/jetbrains/kotlin/descriptors/impl/AbstractClassDescriptor$3
instanceKlass org/jetbrains/kotlin/descriptors/impl/AbstractClassDescriptor$2
instanceKlass org/jetbrains/kotlin/descriptors/impl/AbstractClassDescriptor$1
instanceKlass org/jetbrains/kotlin/descriptors/Modality$Companion
instanceKlass org/jetbrains/kotlin/descriptors/impl/ModuleAwareClassDescriptor$Companion
instanceKlass org/jetbrains/kotlin/types/TypeConstructor
instanceKlass org/jetbrains/kotlin/types/model/TypeConstructorMarker
instanceKlass org/jetbrains/kotlin/resolve/scopes/MemberScope
instanceKlass org/jetbrains/kotlin/resolve/scopes/ResolutionScope
instanceKlass org/jetbrains/kotlin/renderer/KeywordStringsGenerated
instanceKlass org/jetbrains/kotlin/renderer/RenderingUtilsKt
instanceKlass org/jetbrains/kotlin/descriptors/ModuleDescriptor$DefaultImpls
instanceKlass org/jetbrains/kotlin/renderer/DescriptorRendererImpl$RenderDeclarationDescriptorVisitor
instanceKlass org/jetbrains/kotlin/descriptors/DeclarationDescriptorVisitor
instanceKlass org/jetbrains/kotlin/renderer/ClassifierNamePolicy$FULLY_QUALIFIED
instanceKlass org/jetbrains/kotlin/renderer/ClassifierNamePolicy$SHORT
instanceKlass org/jetbrains/kotlin/renderer/ExcludedTypeAnnotations
instanceKlass org/jetbrains/kotlin/renderer/DescriptorRenderer$ValueParametersHandler$DEFAULT
instanceKlass org/jetbrains/kotlin/renderer/DescriptorRenderer$ValueParametersHandler
instanceKlass org/jetbrains/kotlin/descriptors/ValueParameterDescriptor
instanceKlass org/jetbrains/kotlin/mpp/ValueParameterSymbolMarker
instanceKlass org/jetbrains/kotlin/descriptors/VariableDescriptor
instanceKlass org/jetbrains/kotlin/descriptors/ParameterDescriptor
instanceKlass org/jetbrains/kotlin/descriptors/ValueDescriptor
instanceKlass org/jetbrains/kotlin/descriptors/CallableDescriptor
instanceKlass org/jetbrains/kotlin/mpp/CallableSymbolMarker
instanceKlass org/jetbrains/kotlin/renderer/DescriptorRendererModifier$Companion
instanceKlass kotlin/properties/ObservableProperty
instanceKlass kotlin/properties/ReadWriteProperty
instanceKlass kotlin/properties/Delegates
instanceKlass org/jetbrains/kotlin/renderer/ClassifierNamePolicy$SOURCE_CODE_QUALIFIED
instanceKlass org/jetbrains/kotlin/renderer/ClassifierNamePolicy
instanceKlass org/jetbrains/kotlin/renderer/DescriptorRendererOptionsImpl
instanceKlass org/jetbrains/kotlin/renderer/DescriptorRendererOptions
instanceKlass org/jetbrains/kotlin/renderer/DescriptorRenderer$Companion
instanceKlass org/jetbrains/kotlin/renderer/DescriptorRenderer
instanceKlass org/jetbrains/kotlin/descriptors/SourceElement$1
instanceKlass org/jetbrains/kotlin/descriptors/SourceElement
instanceKlass org/jetbrains/kotlin/builtins/jvm/JavaToKotlinClassMapper
instanceKlass org/jetbrains/kotlin/builtins/PlatformToKotlinClassMapper
instanceKlass org/jetbrains/kotlin/builtins/jvm/JvmBuiltIns$Settings
instanceKlass org/jetbrains/kotlin/storage/StorageKt
instanceKlass org/jetbrains/kotlin/descriptors/impl/ModuleAwareClassDescriptor
instanceKlass org/jetbrains/kotlin/descriptors/ClassDescriptor
instanceKlass org/jetbrains/kotlin/mpp/RegularClassSymbolMarker
instanceKlass org/jetbrains/kotlin/descriptors/ClassifierDescriptorWithTypeParameters
instanceKlass org/jetbrains/kotlin/mpp/ClassLikeSymbolMarker
instanceKlass org/jetbrains/kotlin/descriptors/Substitutable
instanceKlass org/jetbrains/kotlin/descriptors/MemberDescriptor
instanceKlass org/jetbrains/kotlin/descriptors/DeclarationDescriptorWithVisibility
instanceKlass org/jetbrains/kotlin/builtins/BuiltInsPackageFragment
instanceKlass org/jetbrains/kotlin/descriptors/PackageFragmentDescriptor
instanceKlass org/jetbrains/kotlin/descriptors/ClassOrPackageFragmentDescriptor
instanceKlass org/jetbrains/kotlin/builtins/PrimitiveType$Companion
instanceKlass org/jetbrains/kotlin/builtins/StandardNames$FqNames
instanceKlass org/jetbrains/kotlin/builtins/StandardNames
instanceKlass org/jetbrains/kotlin/builtins/jvm/JvmBuiltInClassDescriptorFactory$Companion
instanceKlass org/jetbrains/kotlin/builtins/jvm/JvmBuiltInClassDescriptorFactory
instanceKlass org/jetbrains/kotlin/builtins/functions/BuiltInFictitiousFunctionClassFactory
instanceKlass org/jetbrains/kotlin/descriptors/deserialization/ClassDescriptorFactory
instanceKlass org/jetbrains/kotlin/serialization/deserialization/builtins/BuiltInsResourceLoader
instanceKlass org/jetbrains/kotlin/serialization/deserialization/builtins/BuiltInsLoaderImpl
instanceKlass sun/net/www/protocol/jar/JarFileFactory
instanceKlass sun/net/www/protocol/jar/URLJarFile$URLJarFileCloseController
instanceKlass org/jetbrains/kotlin/builtins/BuiltInsLoader$Companion
instanceKlass org/jetbrains/kotlin/builtins/BuiltInsLoader
instanceKlass org/jetbrains/kotlin/cli/jvm/compiler/TopDownAnalyzerFacadeForJVM$SourceOrBinaryModuleClassResolver
instanceKlass org/jetbrains/kotlin/load/java/lazy/ModuleClassResolver
instanceKlass org/jetbrains/kotlin/modules/TargetId
instanceKlass org/jetbrains/kotlin/modules/TargetIdKt
instanceKlass org/jetbrains/kotlin/incremental/components/EnumWhenTracker$DoNothing
instanceKlass org/jetbrains/kotlin/incremental/components/EnumWhenTracker
instanceKlass org/jetbrains/kotlin/incremental/components/InlineConstTracker$DoNothing
instanceKlass org/jetbrains/kotlin/incremental/components/InlineConstTracker
instanceKlass org/jetbrains/kotlin/incremental/components/ExpectActualTracker$DoNothing
instanceKlass org/jetbrains/kotlin/incremental/components/ExpectActualTracker
instanceKlass org/jetbrains/kotlin/incremental/components/LookupTracker$DO_NOTHING
instanceKlass org/jetbrains/kotlin/incremental/components/LookupTracker
instanceKlass org/jetbrains/kotlin/builtins/KotlinBuiltIns$4
instanceKlass org/jetbrains/kotlin/context/MutableModuleContextImpl
instanceKlass org/jetbrains/kotlin/context/MutableModuleContext
instanceKlass org/jetbrains/kotlin/context/ModuleContext
instanceKlass org/jetbrains/kotlin/descriptors/impl/CompositePackageFragmentProvider
instanceKlass org/jetbrains/kotlin/descriptors/PackageFragmentProviderOptimized
instanceKlass org/jetbrains/kotlin/descriptors/PackageFragmentProvider
instanceKlass org/jetbrains/kotlin/descriptors/PackageViewDescriptor
instanceKlass org/jetbrains/kotlin/descriptors/impl/PackageViewDescriptorFactory$Default
instanceKlass org/jetbrains/kotlin/descriptors/ModuleCapability
instanceKlass org/jetbrains/kotlin/descriptors/impl/PackageViewDescriptorFactory$Companion
instanceKlass org/jetbrains/kotlin/descriptors/impl/PackageViewDescriptorFactory
instanceKlass org/jetbrains/kotlin/descriptors/annotations/Annotations$Companion$EMPTY$1
instanceKlass org/jetbrains/kotlin/descriptors/annotations/Annotations$Companion
instanceKlass org/jetbrains/kotlin/descriptors/annotations/Annotations
instanceKlass org/jetbrains/kotlin/descriptors/annotations/AnnotatedImpl
instanceKlass org/jetbrains/kotlin/builtins/jvm/JvmBuiltIns$WhenMappings
instanceKlass org/jetbrains/kotlin/builtins/jvm/JvmBuiltInsCustomizer
instanceKlass org/jetbrains/kotlin/builtins/KotlinBuiltIns$3
instanceKlass org/jetbrains/kotlin/builtins/KotlinBuiltIns$2
instanceKlass org/jetbrains/kotlin/storage/LockBasedStorageManager$LockBasedLazyValue
instanceKlass org/jetbrains/kotlin/builtins/KotlinBuiltIns$1
instanceKlass org/jetbrains/kotlin/descriptors/deserialization/AdditionalClassPartsProvider
instanceKlass org/jetbrains/kotlin/descriptors/ModuleDescriptor
instanceKlass org/jetbrains/kotlin/descriptors/deserialization/PlatformDependentDeclarationFilter
instanceKlass org/jetbrains/kotlin/types/model/TypeArgumentListMarker
instanceKlass org/jetbrains/kotlin/types/model/SimpleTypeMarker
instanceKlass org/jetbrains/kotlin/types/KotlinType
instanceKlass org/jetbrains/kotlin/incremental/components/LookupLocation
instanceKlass org/jetbrains/kotlin/descriptors/ClassifierDescriptor
instanceKlass org/jetbrains/kotlin/mpp/ClassifierSymbolMarker
instanceKlass org/jetbrains/kotlin/descriptors/DeclarationDescriptorNonRoot
instanceKlass org/jetbrains/kotlin/descriptors/DeclarationDescriptorWithSource
instanceKlass org/jetbrains/kotlin/descriptors/DeclarationDescriptor
instanceKlass org/jetbrains/kotlin/mpp/DeclarationSymbolMarker
instanceKlass org/jetbrains/kotlin/descriptors/annotations/Annotated
instanceKlass org/jetbrains/kotlin/descriptors/ValidateableDescriptor
instanceKlass org/jetbrains/kotlin/descriptors/Named
instanceKlass org/jetbrains/kotlin/builtins/KotlinBuiltIns
instanceKlass org/jetbrains/kotlin/context/SimpleGlobalContext
instanceKlass org/jetbrains/kotlin/storage/ExceptionTracker
instanceKlass org/jetbrains/kotlin/context/ProjectContextImpl
instanceKlass org/jetbrains/kotlin/context/ProjectContext
instanceKlass org/jetbrains/kotlin/context/GlobalContext
instanceKlass org/jetbrains/kotlin/context/ContextKt
instanceKlass org/jetbrains/kotlin/platform/TargetPlatform
instanceKlass org/jetbrains/kotlin/platform/TargetPlatformKt
instanceKlass org/jetbrains/kotlin/platform/TargetPlatformVersion$NoVersion
instanceKlass org/jetbrains/kotlin/platform/SimplePlatform
instanceKlass org/jetbrains/kotlin/platform/jvm/JvmPlatforms
instanceKlass org/jetbrains/kotlin/resolve/TargetEnvironment$Companion
instanceKlass org/jetbrains/kotlin/resolve/TargetEnvironment
instanceKlass org/jetbrains/kotlin/com/intellij/psi/util/CachedValueProvider$Result
instanceKlass org/jetbrains/kotlin/com/intellij/openapi/util/Getter
instanceKlass org/jetbrains/kotlin/com/intellij/util/CachedValueBase
instanceKlass org/jetbrains/kotlin/diagnostics/Diagnostic
instanceKlass org/jetbrains/kotlin/resolve/diagnostics/KotlinSuppressCache$Companion
instanceKlass org/jetbrains/kotlin/diagnostics/AbstractKotlinSuppressCache$Companion
instanceKlass org/jetbrains/kotlin/resolve/diagnostics/Diagnostics$Companion$EMPTY$1
instanceKlass org/jetbrains/kotlin/resolve/diagnostics/Diagnostics$Companion
instanceKlass org/jetbrains/kotlin/resolve/diagnostics/MutableDiagnosticsWithSuppression
instanceKlass org/jetbrains/kotlin/resolve/diagnostics/Diagnostics
instanceKlass org/jetbrains/kotlin/diagnostics/GenericDiagnostics
instanceKlass org/jetbrains/kotlin/util/slicedMap/WritableSlice
instanceKlass org/jetbrains/kotlin/resolve/BindingTraceContext$1
instanceKlass org/jetbrains/kotlin/resolve/CleanableBindingContext
instanceKlass org/jetbrains/kotlin/util/slicedMap/SlicedMapImpl
instanceKlass org/jetbrains/kotlin/resolve/BindingTraceFilter$Companion
instanceKlass org/jetbrains/kotlin/resolve/BindingTraceFilter
instanceKlass org/jetbrains/kotlin/diagnostics/DiagnosticSink$2
instanceKlass org/jetbrains/kotlin/diagnostics/DiagnosticSink$1
instanceKlass org/jetbrains/kotlin/util/slicedMap/ReadOnlySlice
instanceKlass org/jetbrains/kotlin/util/slicedMap/MutableSlicedMap
instanceKlass org/jetbrains/kotlin/util/slicedMap/SlicedMap
instanceKlass org/jetbrains/kotlin/diagnostics/AbstractKotlinSuppressCache
instanceKlass org/jetbrains/kotlin/resolve/BindingContext
instanceKlass org/jetbrains/kotlin/resolve/BindingTraceContext
instanceKlass org/jetbrains/kotlin/resolve/BindingTrace
instanceKlass org/jetbrains/kotlin/diagnostics/DiagnosticSink
instanceKlass org/jetbrains/kotlin/com/intellij/openapi/vfs/VirtualFileWithId
instanceKlass org/jetbrains/kotlin/it/unimi/dsi/fastutil/ints/IntList
instanceKlass org/jetbrains/kotlin/com/intellij/openapi/vfs/VirtualFileSetEx
instanceKlass org/jetbrains/kotlin/com/intellij/openapi/vfs/VirtualFileVisitor
instanceKlass org/jetbrains/kotlin/com/intellij/openapi/vfs/VfsUtilCore
instanceKlass org/jetbrains/kotlin/cli/jvm/compiler/TopDownAnalyzerFacadeForJVM
instanceKlass org/jetbrains/kotlin/analyzer/AnalysisResult
instanceKlass org/jetbrains/kotlin/psi/KtOperationExpression
instanceKlass org/jetbrains/kotlin/BlockExpressionElementType$Companion
instanceKlass org/jetbrains/kotlin/com/intellij/psi/tree/IReparseableElementTypeBase
instanceKlass org/jetbrains/kotlin/com/intellij/psi/tree/ICompositeElementType
instanceKlass org/jetbrains/kotlin/KtNodeTypes
instanceKlass org/jetbrains/kotlin/com/intellij/lang/PsiParser
instanceKlass org/jetbrains/kotlin/kdoc/lexer/KDocTokens
instanceKlass org/jetbrains/kotlin/lexer/KtTokens
instanceKlass org/jetbrains/kotlin/diagnostics/PositioningStrategy
instanceKlass org/jetbrains/kotlin/diagnostics/PositioningStrategies
instanceKlass org/jetbrains/kotlin/diagnostics/DiagnosticFactory$Companion
instanceKlass org/jetbrains/kotlin/diagnostics/DiagnosticMarker
instanceKlass org/jetbrains/kotlin/diagnostics/UnboundDiagnostic
instanceKlass org/jetbrains/kotlin/diagnostics/DiagnosticFactory
instanceKlass org/jetbrains/kotlin/cli/common/messages/AnalyzerWithCompilerReport$Companion
instanceKlass org/jetbrains/kotlin/cli/common/messages/AnalyzerWithCompilerReport
instanceKlass org/jetbrains/kotlin/analyzer/AbstractAnalyzerWithCompilerReport
instanceKlass org/jetbrains/kotlin/load/kotlin/ModuleVisibilityManager$SERVICE
instanceKlass org/jetbrains/kotlin/cli/jvm/compiler/KotlinToJVMBytecodeCompiler
instanceKlass org/jetbrains/kotlin/com/intellij/injected/editor/DocumentWindow
instanceKlass org/jetbrains/kotlin/com/intellij/openapi/editor/impl/FrozenDocument
instanceKlass org/jetbrains/kotlin/com/intellij/util/text/ByteArrayCharSequence
instanceKlass org/jetbrains/kotlin/com/intellij/openapi/editor/impl/DocumentImpl$1
instanceKlass java/beans/PropertyChangeListener
instanceKlass java/beans/ChangeListenerMap
instanceKlass java/beans/PropertyChangeSupport
instanceKlass org/jetbrains/kotlin/it/unimi/dsi/fastutil/longs/LongSet
instanceKlass org/jetbrains/kotlin/it/unimi/dsi/fastutil/longs/LongCollection
instanceKlass org/jetbrains/kotlin/it/unimi/dsi/fastutil/longs/LongIterable
instanceKlass org/jetbrains/kotlin/com/intellij/openapi/editor/impl/RedBlackTree$Node
instanceKlass org/jetbrains/kotlin/com/intellij/openapi/editor/ex/PrioritizedDocumentListener$1
instanceKlass org/jetbrains/kotlin/com/intellij/openapi/editor/ex/PrioritizedDocumentListener
instanceKlass org/jetbrains/kotlin/com/intellij/openapi/editor/ex/DocumentEx$1
instanceKlass org/jetbrains/kotlin/com/intellij/util/keyFMap/ArrayBackedFMap
instanceKlass org/jetbrains/kotlin/com/intellij/openapi/fileEditor/impl/LoadTextUtil$ConvertResult
instanceKlass sun/nio/cs/ThreadLocalCoders$Cache
instanceKlass sun/nio/cs/ThreadLocalCoders
instanceKlass org/jetbrains/kotlin/com/intellij/openapi/fileEditor/impl/LoadTextUtil$DetectResult
instanceKlass java/nio/DirectByteBuffer$Deallocator
instanceKlass sun/nio/ch/Util$BufferCache
instanceKlass org/jetbrains/kotlin/com/intellij/openapi/vfs/CharsetToolkit
instanceKlass org/jetbrains/kotlin/com/intellij/openapi/fileEditor/impl/LoadTextUtil
instanceKlass org/jetbrains/kotlin/com/intellij/openapi/application/AccessToken
instanceKlass org/jetbrains/kotlin/com/intellij/openapi/project/ProjectLocatorKt
instanceKlass org/jetbrains/kotlin/com/intellij/openapi/project/ProjectLocator$Companion
instanceKlass org/jetbrains/kotlin/com/intellij/openapi/project/ProjectLocator
instanceKlass org/jetbrains/kotlin/cli/jvm/compiler/JavaLanguageLevelKt$EntriesMappings
instanceKlass org/jetbrains/kotlin/cli/jvm/compiler/JavaLanguageLevelKt
instanceKlass org/jetbrains/kotlin/config/AppendJavaSourceRootsHandlerKeyKt
instanceKlass org/jetbrains/kotlin/cli/jvm/compiler/CliVirtualFileFinderFactory
instanceKlass org/jetbrains/kotlin/load/kotlin/VirtualFileFinderFactory
instanceKlass org/jetbrains/kotlin/load/kotlin/MetadataFinderFactory
instanceKlass org/jetbrains/kotlin/load/kotlin/VirtualFileFinder
instanceKlass org/jetbrains/kotlin/load/kotlin/KotlinClassFinder
instanceKlass org/jetbrains/kotlin/serialization/deserialization/KotlinMetadataFinder
instanceKlass org/jetbrains/kotlin/cli/jvm/modules/CliJavaModuleResolver$Companion
instanceKlass org/jetbrains/kotlin/cli/jvm/modules/CliJavaModuleResolver
instanceKlass org/jetbrains/kotlin/resolve/jvm/modules/JavaModuleResolver
instanceKlass org/jetbrains/kotlin/load/java/JavaModuleAnnotationsProvider
instanceKlass org/jetbrains/kotlin/cli/jvm/index/SingleJavaFileRootsIndex
instanceKlass org/jetbrains/kotlin/cli/jvm/index/JvmDependenciesIndexImpl$Cache
instanceKlass org/jetbrains/kotlin/cli/jvm/index/JvmDependenciesIndexImpl
instanceKlass org/jetbrains/kotlin/cli/jvm/index/JvmDependenciesDynamicCompoundIndex
instanceKlass org/jetbrains/kotlin/cli/jvm/index/JvmDependenciesIndex
instanceKlass jdk/internal/jrtfs/JrtFileAttributes
instanceKlass org/jetbrains/kotlin/cli/jvm/compiler/ClasspathRootsResolver$RootsAndModules
instanceKlass org/jetbrains/kotlin/resolve/jvm/modules/JavaModule$Automatic
instanceKlass org/jetbrains/kotlin/resolve/jvm/modules/JavaModuleInfo$Requires
instanceKlass org/jetbrains/kotlin/cli/jvm/compiler/CliJavaModuleUtilsKt
instanceKlass org/jetbrains/kotlin/resolve/jvm/modules/JavaModule$Explicit
instanceKlass org/jetbrains/kotlin/resolve/jvm/modules/JavaModule
instanceKlass org/jetbrains/kotlin/utils/CollectionsKt
instanceKlass org/jetbrains/kotlin/resolve/jvm/modules/JavaModuleInfo$Exports
instanceKlass org/jetbrains/org/objectweb/asm/ModuleVisitor
instanceKlass org/jetbrains/org/objectweb/asm/Context
instanceKlass org/jetbrains/org/objectweb/asm/Attribute
instanceKlass org/jetbrains/org/objectweb/asm/ClassVisitor
instanceKlass org/jetbrains/org/objectweb/asm/Label
instanceKlass org/jetbrains/org/objectweb/asm/ClassReader
instanceKlass kotlin/jvm/internal/Ref$ObjectRef
instanceKlass jdk/internal/jrtfs/JrtFileSystem$1
instanceKlass java/nio/channels/Channels
instanceKlass org/jetbrains/kotlin/resolve/jvm/modules/JavaModuleInfo$Companion
instanceKlass org/jetbrains/kotlin/resolve/jvm/modules/JavaModuleInfo
instanceKlass kotlin/sequences/FlatteningSequence$iterator$1
instanceKlass kotlin/sequences/FlatteningSequence
instanceKlass kotlin/collections/CollectionsKt___CollectionsKt$asSequence$$inlined$Sequence$1
instanceKlass kotlin/collections/ArraysKt___ArraysKt$asSequence$$inlined$Sequence$1
instanceKlass jdk/internal/jimage/ImageBufferCache$2
instanceKlass jdk/internal/jimage/ImageBufferCache
instanceKlass jdk/internal/jimage/ImageReader$SharedImageReader$LocationVisitor
instanceKlass jdk/internal/jimage/ImageLocation
instanceKlass org/jetbrains/kotlin/cli/jvm/index/JavaRoot$RootTypes
instanceKlass org/jetbrains/kotlin/cli/jvm/index/JavaRoot
instanceKlass java/time/Instant
instanceKlass java/time/temporal/TemporalAdjuster
instanceKlass java/time/temporal/Temporal
instanceKlass java/time/temporal/TemporalAccessor
instanceKlass org/jetbrains/kotlin/cli/jvm/config/JavaSourceRoot
instanceKlass org/jetbrains/kotlin/com/intellij/util/containers/FactoryMap
instanceKlass org/jetbrains/kotlin/com/intellij/util/text/CharArrayExternalizable
instanceKlass org/jetbrains/kotlin/com/intellij/util/text/ImmutableCharSequence
instanceKlass org/jetbrains/kotlin/com/intellij/util/text/CharArrayUtil
instanceKlass java/util/zip/ZipFile$ZipEntryIterator
instanceKlass org/jetbrains/kotlin/com/intellij/openapi/vfs/impl/ArchiveHandler$EntryInfo
instanceKlass org/jetbrains/kotlin/com/intellij/util/containers/ShareableKey
instanceKlass org/jetbrains/kotlin/com/intellij/util/containers/LinkedCustomHashMap$Entry
instanceKlass org/jetbrains/kotlin/com/intellij/util/containers/LinkedCustomHashMap$RemoveCallback
instanceKlass org/jetbrains/kotlin/com/intellij/util/containers/LinkedCustomHashMap
instanceKlass org/jetbrains/kotlin/com/intellij/util/containers/SLRUMap
instanceKlass org/jetbrains/kotlin/com/intellij/openapi/util/io/FileAttributes
instanceKlass org/jetbrains/kotlin/com/intellij/util/io/ResourceHandle
instanceKlass org/jetbrains/kotlin/com/intellij/util/io/FileAccessorCache
instanceKlass org/jetbrains/kotlin/com/intellij/util/containers/hash/EqualityPolicy
instanceKlass org/jetbrains/kotlin/com/intellij/openapi/vfs/impl/AddonlyKeylessHash$KeyValueMapper
instanceKlass org/jetbrains/kotlin/com/intellij/openapi/util/Pair
instanceKlass org/jetbrains/kotlin/cli/jvm/modules/JavaModuleGraph
instanceKlass org/jetbrains/kotlin/cli/jvm/compiler/ClasspathRootsResolver$Companion
instanceKlass org/jetbrains/kotlin/cli/jvm/compiler/ClasspathRootsResolver
instanceKlass org/jetbrains/kotlin/resolve/jvm/modules/JavaModule$Root
instanceKlass java/util/function/BooleanSupplier
instanceKlass java/util/stream/Sink$ChainedReference
instanceKlass java/util/stream/StreamSpliterators
instanceKlass java/util/stream/AbstractSpinedBuffer
instanceKlass jdk/internal/jrtfs/JrtDirectoryStream$1
instanceKlass java/util/stream/StreamSpliterators$AbstractWrappingSpliterator
instanceKlass jdk/internal/jimage/ImageReader$Node
instanceKlass jdk/internal/jrtfs/JrtPath
instanceKlass java/util/ArrayList$ArrayListSpliterator
instanceKlass jdk/internal/jrtfs/JrtDirectoryStream
instanceKlass java/nio/file/Files$AcceptAllFilter
instanceKlass jdk/internal/jimage/decompressor/Decompressor
instanceKlass jdk/internal/jimage/ImageStringsReader
instanceKlass jdk/internal/jimage/ImageHeader
instanceKlass jdk/internal/access/foreign/MemorySegmentProxy
instanceKlass sun/nio/ch/Util$4
instanceKlass sun/nio/ch/Util
instanceKlass sun/nio/ch/FileChannelImpl$Unmapper
instanceKlass jdk/internal/access/foreign/UnmapperProxy
instanceKlass jdk/internal/misc/ExtendedMapMode
instanceKlass sun/nio/ch/IOStatus
instanceKlass sun/nio/ch/NativeThread
instanceKlass java/nio/channels/spi/AbstractInterruptibleChannel$1
instanceKlass sun/nio/ch/Interruptible
instanceKlass java/nio/channels/FileChannel$MapMode
instanceKlass jdk/internal/jimage/BasicImageReader$2
instanceKlass sun/nio/ch/FileChannelImpl$Closer
instanceKlass sun/nio/ch/NativeDispatcher
instanceKlass sun/nio/ch/NativeThreadSet
instanceKlass sun/nio/ch/IOUtil
instanceKlass jdk/internal/jimage/BasicImageReader$1
instanceKlass jdk/internal/jimage/ImageReader$Node
instanceKlass jdk/internal/jimage/ImageStrings
instanceKlass jdk/internal/jimage/BasicImageReader
instanceKlass jdk/internal/jimage/ImageReader
instanceKlass jdk/internal/jrtfs/SystemImage$2
instanceKlass jdk/internal/jrtfs/SystemImage
instanceKlass jdk/internal/jrtfs/JrtPath
instanceKlass java/net/URLClassLoader$2
instanceKlass jdk/internal/jrtfs/JrtFileSystemProvider$1
instanceKlass java/util/AbstractMap$SimpleImmutableEntry
instanceKlass java/util/AbstractMap$SimpleEntry
instanceKlass jdk/internal/jimage/ImageBufferCache$2
instanceKlass jdk/internal/jimage/ImageBufferCache
instanceKlass jdk/internal/loader/URLClassPath$1
instanceKlass java/lang/CompoundEnumeration
instanceKlass jdk/internal/loader/BuiltinClassLoader$1
instanceKlass java/util/Collections$EmptyEnumeration
instanceKlass java/util/ServiceLoader$ProviderImpl
instanceKlass java/util/ServiceLoader$Provider
instanceKlass java/util/ServiceLoader$1
instanceKlass java/nio/channels/AsynchronousFileChannel
instanceKlass java/nio/channels/AsynchronousChannel
instanceKlass java/nio/file/FileStore
instanceKlass java/nio/file/DirectoryStream
instanceKlass jdk/internal/module/ModulePatcher$PatchedModuleReader
instanceKlass java/util/ServiceLoader$3
instanceKlass java/util/ServiceLoader$2
instanceKlass java/util/ServiceLoader$LazyClassPathLookupIterator
instanceKlass java/util/concurrent/CopyOnWriteArrayList$COWIterator
instanceKlass java/util/Spliterators$1Adapter
instanceKlass java/util/Spliterators$ArraySpliterator
instanceKlass java/util/ServiceLoader$ModuleServicesLookupIterator
instanceKlass java/util/ServiceLoader
instanceKlass java/nio/file/spi/FileSystemProvider$1
instanceKlass java/lang/annotation/Documented
instanceKlass java/lang/Deprecated
instanceKlass java/lang/Process
instanceKlass org/jetbrains/kotlin/cli/jvm/modules/JavaVersionUtilsKt
instanceKlass org/jetbrains/kotlin/cli/jvm/modules/CliJavaModuleFinder
instanceKlass org/jetbrains/kotlin/resolve/jvm/modules/JavaModuleFinder
instanceKlass kotlin/comparisons/ComparisonsKt__ComparisonsKt
instanceKlass org/jetbrains/kotlin/cli/jvm/compiler/KotlinCoreEnvironment$special$$inlined$sortBy$1
instanceKlass org/jetbrains/kotlin/scripting/compiler/plugin/dependencies/ScriptsCompilationDependencies
instanceKlass org/jetbrains/kotlin/scripting/definitions/DefinitionsKt
instanceKlass kotlin/UnsafeLazyImpl
instanceKlass org/jetbrains/kotlin/com/intellij/openapi/util/io/FileUtil$2
instanceKlass org/jetbrains/kotlin/com/intellij/openapi/util/io/FileUtil$1
instanceKlass org/jetbrains/kotlin/com/intellij/openapi/util/io/FileUtilRt$SymlinkResolver
instanceKlass gnu/trove/TObjectHashingStrategy
instanceKlass gnu/trove/Equality
instanceKlass org/jetbrains/kotlin/com/intellij/util/indexing/IndexingDataKeys
instanceKlass org/jetbrains/kotlin/scripting/compiler/plugin/dependencies/ScriptsCompilationDependenciesKt
instanceKlass org/jetbrains/kotlin/psi/UserDataProperty
instanceKlass kotlin/reflect/KMutableProperty$Setter
instanceKlass org/jetbrains/kotlin/resolve/multiplatform/IsCommonSourceKt
instanceKlass org/jetbrains/kotlin/com/intellij/psi/util/PsiUtilCore$NullPsiElement
instanceKlass org/jetbrains/kotlin/com/intellij/psi/util/PsiUtilCore
instanceKlass org/jetbrains/kotlin/com/intellij/psi/impl/source/FileTrees
instanceKlass org/jetbrains/kotlin/psi/stubs/KotlinScriptStub
instanceKlass org/jetbrains/kotlin/psi/stubs/KotlinPlaceHolderWithTextStub
instanceKlass org/jetbrains/kotlin/com/intellij/psi/tree/IReparseableLeafElementType
instanceKlass org/jetbrains/kotlin/com/intellij/psi/TokenType
instanceKlass org/jetbrains/kotlin/com/intellij/psi/LiteralTextEscaper
instanceKlass org/jetbrains/kotlin/com/intellij/psi/ContributedReferenceHost
instanceKlass org/jetbrains/kotlin/psi/stubs/KotlinCollectionLiteralExpressionStub
instanceKlass org/jetbrains/kotlin/psi/stubs/KotlinClassLiteralExpressionStub
instanceKlass org/jetbrains/kotlin/psi/KtDoubleColonExpression
instanceKlass org/jetbrains/kotlin/psi/stubs/KotlinConstantExpressionStub
instanceKlass org/jetbrains/kotlin/psi/stubs/elements/KtConstantExpressionElementType$Companion
instanceKlass org/jetbrains/kotlin/psi/stubs/KotlinContextReceiverStub
instanceKlass org/jetbrains/kotlin/psi/LambdaArgument
instanceKlass org/jetbrains/kotlin/psi/stubs/KotlinContractEffectStub
instanceKlass org/jetbrains/kotlin/psi/ValueArgumentName
instanceKlass org/jetbrains/kotlin/psi/stubs/KotlinValueArgumentStub
instanceKlass org/jetbrains/kotlin/psi/ValueArgument
instanceKlass org/jetbrains/kotlin/psi/stubs/KotlinEnumEntrySuperclassReferenceExpressionStub
instanceKlass org/jetbrains/kotlin/psi/KtQualifiedExpression
instanceKlass org/jetbrains/kotlin/psi/stubs/KotlinNameReferenceExpressionStub
instanceKlass org/jetbrains/kotlin/psi/stubs/KotlinTypeProjectionStub
instanceKlass org/jetbrains/kotlin/psi/KtSimpleNameExpression
instanceKlass org/jetbrains/kotlin/psi/KtReferenceExpression
instanceKlass org/jetbrains/kotlin/psi/stubs/KotlinUserTypeStub
instanceKlass org/jetbrains/kotlin/psi/stubs/impl/KotlinTypeBean
instanceKlass org/jetbrains/kotlin/types/model/KotlinTypeMarker
instanceKlass org/jetbrains/kotlin/psi/KtTypeElement
instanceKlass org/jetbrains/kotlin/psi/stubs/KotlinModifierListStub
instanceKlass org/jetbrains/kotlin/psi/stubs/KotlinImportAliasStub
instanceKlass org/jetbrains/kotlin/psi/KtImportInfo$ImportContent
instanceKlass org/jetbrains/kotlin/psi/KtImportInfo
instanceKlass org/jetbrains/kotlin/psi/stubs/KotlinImportDirectiveStub
instanceKlass org/jetbrains/kotlin/psi/KtAnnotationsContainer
instanceKlass org/jetbrains/kotlin/psi/stubs/KotlinAnnotationUseSiteTargetStub
instanceKlass org/jetbrains/kotlin/psi/KtCallElement
instanceKlass org/jetbrains/kotlin/psi/stubs/KotlinAnnotationEntryStub
instanceKlass org/jetbrains/kotlin/psi/stubs/KotlinTypeParameterStub
instanceKlass org/jetbrains/kotlin/psi/stubs/KotlinParameterStub
instanceKlass org/jetbrains/kotlin/psi/stubs/KotlinConstructorStub
instanceKlass org/jetbrains/kotlin/psi/KtAnonymousInitializer
instanceKlass org/jetbrains/kotlin/psi/stubs/KotlinPlaceHolderStub
instanceKlass org/jetbrains/kotlin/psi/stubs/KotlinObjectStub
instanceKlass org/jetbrains/kotlin/psi/stubs/KotlinTypeAliasStub
instanceKlass org/jetbrains/kotlin/psi/stubs/KotlinBackingFieldStub
instanceKlass org/jetbrains/kotlin/psi/stubs/KotlinPropertyAccessorStub
instanceKlass org/jetbrains/kotlin/psi/KtVariableDeclaration
instanceKlass org/jetbrains/kotlin/psi/KtValVarKeywordOwner
instanceKlass org/jetbrains/kotlin/psi/stubs/KotlinPropertyStub
instanceKlass org/jetbrains/kotlin/psi/KtFunction
instanceKlass org/jetbrains/kotlin/psi/KtDeclarationWithBody
instanceKlass org/jetbrains/kotlin/psi/KtCallableDeclaration
instanceKlass org/jetbrains/kotlin/psi/KtDeclarationWithInitializer
instanceKlass org/jetbrains/kotlin/psi/stubs/KotlinFunctionStub
instanceKlass org/jetbrains/kotlin/psi/stubs/KotlinCallableStubBase
instanceKlass org/jetbrains/kotlin/com/intellij/psi/impl/source/SubstrateRef
instanceKlass org/jetbrains/kotlin/psi/stubs/KotlinClassStub
instanceKlass org/jetbrains/kotlin/psi/stubs/KotlinClassOrObjectStub
instanceKlass org/jetbrains/kotlin/psi/stubs/KotlinStubWithFqName
instanceKlass org/jetbrains/kotlin/com/intellij/psi/stubs/NamedStub
instanceKlass org/jetbrains/kotlin/psi/stubs/KotlinClassifierStub
instanceKlass org/jetbrains/kotlin/com/intellij/psi/StubBasedPsiElement
instanceKlass org/jetbrains/kotlin/psi/KtTypeParameterListOwner
instanceKlass org/jetbrains/kotlin/psi/KtPureClassOrObject
instanceKlass org/jetbrains/kotlin/psi/KtClassLikeDeclaration
instanceKlass org/jetbrains/kotlin/psi/KtNamedDeclaration
instanceKlass org/jetbrains/kotlin/psi/KtStatementExpression
instanceKlass org/jetbrains/kotlin/psi/KtNamed
instanceKlass org/jetbrains/kotlin/psi/KtDeclaration
instanceKlass org/jetbrains/kotlin/psi/KtModifierListOwner
instanceKlass org/jetbrains/kotlin/psi/KtExpression
instanceKlass org/jetbrains/kotlin/psi/stubs/elements/KtStubElementTypes
instanceKlass org/jetbrains/kotlin/psi/stubs/elements/KtTokenSets
instanceKlass org/jetbrains/kotlin/com/intellij/psi/tree/TokenSet
instanceKlass org/jetbrains/kotlin/psi/KtFile$Companion
instanceKlass org/jetbrains/kotlin/com/intellij/psi/impl/source/StubbedSpine
instanceKlass org/jetbrains/kotlin/psi/KtDeclarationContainer
instanceKlass org/jetbrains/kotlin/psi/KtAnnotated
instanceKlass org/jetbrains/kotlin/psi/KtElement
instanceKlass org/jetbrains/kotlin/psi/KtPureElement
instanceKlass org/jetbrains/kotlin/com/intellij/psi/PsiClassOwner
instanceKlass org/jetbrains/kotlin/com/intellij/util/keyFMap/PairElementsFMap
instanceKlass org/jetbrains/kotlin/com/intellij/openapi/vfs/local/CoreLocalVirtualFile$IncompleteDirectoryAttributes
instanceKlass java/util/concurrent/BlockingQueue
instanceKlass java/util/concurrent/ExecutorService
instanceKlass org/jetbrains/kotlin/com/intellij/util/ConcurrencyUtil
instanceKlass org/jetbrains/kotlin/com/intellij/psi/AbstractFileViewProvider$VirtualFileContent
instanceKlass org/jetbrains/kotlin/com/intellij/psi/PsiLock
instanceKlass org/jetbrains/kotlin/com/intellij/psi/PsiLargeBinaryFile
instanceKlass org/jetbrains/kotlin/com/intellij/psi/PsiLargeFile
instanceKlass org/jetbrains/kotlin/com/intellij/psi/PsiBinaryFile
instanceKlass org/jetbrains/kotlin/com/intellij/psi/AbstractFileViewProvider$Content
instanceKlass org/jetbrains/kotlin/com/intellij/injected/editor/VirtualFileWindow
instanceKlass kotlin/io/FileTreeWalk$WalkState
instanceKlass kotlin/collections/AbstractIterator
instanceKlass kotlin/io/FileTreeWalk
instanceKlass org/jetbrains/kotlin/com/intellij/openapi/util/io/NioFiles$1
instanceKlass org/jetbrains/kotlin/com/intellij/openapi/util/io/NioFiles
instanceKlass kotlin/io/FilePathComponents
instanceKlass kotlin/jvm/internal/Ref$BooleanRef
instanceKlass org/jetbrains/kotlin/extensions/PreprocessedFileCreator
instanceKlass org/jetbrains/kotlin/com/intellij/openapi/util/KeyedExtensionCollector$MyExtensionPointListener
instanceKlass org/jetbrains/kotlin/cli/jvm/compiler/CoreEnvironmentUtilsKt
instanceKlass org/jetbrains/kotlin/resolve/lazy/declarations/DeclarationProviderFactoryService$Companion
instanceKlass org/jetbrains/kotlin/resolve/lazy/declarations/DeclarationProviderFactoryService
instanceKlass org/jetbrains/kotlin/scripting/definitions/ScriptDefinitionProvider$Companion
instanceKlass org/jetbrains/kotlin/scripting/definitions/AutoloadedScriptDefinitions$Companion
instanceKlass org/jetbrains/kotlin/scripting/definitions/AutoloadedScriptDefinitions
instanceKlass kotlin/sequences/SequencesKt__SequenceBuilderKt$sequence$$inlined$Sequence$1
instanceKlass org/jetbrains/kotlin/scripting/definitions/LazyClasspathWithClassLoader
instanceKlass org/jetbrains/kotlin/scripting/definitions/ClasspathWithClassLoader
instanceKlass org/jetbrains/kotlin/scripting/definitions/ScriptiDefinitionsFromClasspathDiscoverySourceKt
instanceKlass org/jetbrains/kotlin/scripting/compiler/plugin/impl/ErrorReportingKt
instanceKlass org/jetbrains/kotlin/scripting/definitions/ScriptDefinitionsFromClasspathDiscoverySource
instanceKlass org/jetbrains/kotlin/scripting/definitions/ScriptDefinitionsSource
instanceKlass kotlin/script/experimental/api/ScriptEvaluationKt
instanceKlass kotlin/script/experimental/api/ScriptEvaluationConfiguration$Companion
instanceKlass kotlin/script/experimental/api/ScriptEvaluationConfigurationKeys
instanceKlass kotlin/script/experimental/dependencies/DependenciesResolver$NoDependencies
instanceKlass kotlin/script/experimental/dependencies/DependenciesResolver
instanceKlass kotlin/script/dependencies/ScriptDependenciesResolver
instanceKlass kotlin/script/experimental/jvm/compat/ExpectedLocationUtilKt$WhenMappings
instanceKlass kotlin/script/experimental/jvm/compat/ExpectedLocationUtilKt
instanceKlass kotlin/script/experimental/api/IdeScriptCompilationConfigurationBuilder$Companion
instanceKlass kotlin/script/experimental/api/IdeScriptCompilationConfigurationKeys
instanceKlass kotlin/script/experimental/api/ScriptIdeConfigurationKt
instanceKlass kotlin/script/experimental/api/KotlinType$Companion
instanceKlass kotlin/script/experimental/api/KotlinType
instanceKlass kotlin/script/experimental/api/ScriptCompilationKt
instanceKlass kotlin/script/templates/standard/ScriptTemplateWithArgs
instanceKlass org/jetbrains/kotlin/scripting/definitions/KotlinScriptDefinition$Companion
instanceKlass kotlin/script/experimental/api/ScriptCompilationConfiguration$Companion
instanceKlass kotlin/script/experimental/api/ScriptCompilationConfigurationKeys
instanceKlass org/jetbrains/kotlin/scripting/definitions/ScriptDefinition$Companion
instanceKlass org/jetbrains/kotlin/scripting/compiler/plugin/ScriptingCompilerConfigurationExtensionKt
instanceKlass org/jetbrains/kotlin/scripting/definitions/ScriptCompilationConfigurationFromDefinitionKt
instanceKlass org/jetbrains/kotlin/scripting/configuration/ScriptingConfigurationKeys
instanceKlass org/jetbrains/kotlin/com/intellij/diagnostic/Activity
instanceKlass org/jetbrains/kotlin/com/intellij/diagnostic/StartUpMeasurer
instanceKlass org/jetbrains/kotlin/resolve/jvm/KotlinJavaPsiFacade$2
instanceKlass org/jetbrains/kotlin/resolve/jvm/KotlinJavaPsiFacade$1
instanceKlass org/jetbrains/kotlin/com/intellij/psi/PsiModifierList
instanceKlass org/jetbrains/kotlin/resolve/jvm/NotFoundPackagesCachingStrategy$Default
instanceKlass org/jetbrains/kotlin/com/intellij/psi/impl/ElementBase$ElementIconRequest
instanceKlass org/jetbrains/kotlin/load/java/structure/JavaClass
instanceKlass org/jetbrains/kotlin/load/java/structure/JavaTypeParameterListOwner
instanceKlass org/jetbrains/kotlin/load/java/structure/JavaModifierListOwner
instanceKlass org/jetbrains/kotlin/load/java/structure/JavaClassifier
instanceKlass org/jetbrains/kotlin/load/java/structure/JavaNamedElement
instanceKlass org/jetbrains/kotlin/load/java/structure/JavaAnnotationOwner
instanceKlass org/jetbrains/kotlin/load/java/structure/JavaElement
instanceKlass org/jetbrains/kotlin/resolve/jvm/KotlinJavaPsiFacade$KotlinPsiElementFinderWrapperImpl
instanceKlass org/jetbrains/kotlin/resolve/jvm/KotlinJavaPsiFacade$KotlinPsiElementFinderWrapper
instanceKlass org/jetbrains/kotlin/resolve/jvm/NotFoundPackagesCachingStrategy
instanceKlass org/jetbrains/kotlin/resolve/jvm/KotlinJavaPsiFacade
instanceKlass org/jetbrains/kotlin/load/java/structure/impl/source/JavaElementSourceFactory
instanceKlass org/jetbrains/kotlin/cli/common/CliModuleVisibilityManagerImpl
instanceKlass org/jetbrains/kotlin/load/kotlin/ModuleVisibilityManager
instanceKlass org/jetbrains/kotlin/compiler/plugin/CompilerPluginRegistrarKt
instanceKlass org/jetbrains/kotlin/assignment/plugin/AssignmentComponentContainerContributor
instanceKlass org/jetbrains/kotlin/assignment/plugin/AbstractAssignPluginResolutionAltererExtension
instanceKlass org/jetbrains/kotlin/samWithReceiver/CliSamWithReceiverComponentContributor
instanceKlass org/jetbrains/kotlin/fir/FirSessionComponent
instanceKlass org/jetbrains/kotlin/fir/extensions/FirExtension
instanceKlass org/jetbrains/kotlin/fir/extensions/FirExtensionRegistrar$Companion
instanceKlass org/jetbrains/kotlin/compiler/plugin/CompilerPluginRegistrar$ExtensionStorage
instanceKlass org/jetbrains/kotlin/scripting/compiler/plugin/definitions/CliScriptReportSink
instanceKlass org/jetbrains/kotlin/scripting/resolve/ScriptReportSink
instanceKlass org/jetbrains/kotlin/scripting/extensions/ScriptExtraImportsProviderExtension
instanceKlass org/jetbrains/kotlin/scripting/extensions/ScriptingResolveExtension
instanceKlass java/util/concurrent/locks/ReentrantReadWriteLock$WriteLock
instanceKlass java/util/concurrent/locks/ReentrantReadWriteLock$ReadLock
instanceKlass java/util/concurrent/locks/ReentrantReadWriteLock
instanceKlass java/util/concurrent/locks/ReadWriteLock
instanceKlass org/jetbrains/kotlin/scripting/definitions/ScriptDependenciesProvider$Companion
instanceKlass org/jetbrains/kotlin/scripting/definitions/ScriptDependenciesProvider
instanceKlass org/jetbrains/kotlin/scripting/definitions/LazyScriptDefinitionProvider$Companion
instanceKlass org/jetbrains/kotlin/scripting/definitions/LazyScriptDefinitionProvider
instanceKlass org/jetbrains/kotlin/scripting/definitions/ScriptDefinitionProvider
instanceKlass org/jetbrains/kotlin/scripting/compiler/plugin/extensions/JvmStandardReplFactoryExtension
instanceKlass org/jetbrains/kotlin/cli/common/extensions/ReplFactoryExtension
instanceKlass org/jetbrains/kotlin/scripting/compiler/plugin/JvmCliReplShellExtension
instanceKlass org/jetbrains/kotlin/scripting/compiler/plugin/PluginRegisrarKt
instanceKlass org/jetbrains/kotlin/scripting/compiler/plugin/AbstractScriptEvaluationExtension
instanceKlass org/jetbrains/kotlin/scripting/compiler/plugin/extensions/ScriptingProcessSourcesBeforeCompilingExtension
instanceKlass org/jetbrains/kotlin/scripting/compiler/plugin/extensions/ScriptingCollectAdditionalSourcesExtension
instanceKlass org/jetbrains/kotlin/scripting/compiler/plugin/ScriptingCompilerConfigurationExtension
instanceKlass kotlin/collections/ArraysKt___ArraysKt$asIterable$$inlined$Iterable$1
instanceKlass kotlin/script/experimental/jvm/JvmGetScriptingClass$Companion
instanceKlass kotlin/script/experimental/jvm/JvmGetScriptingClass
instanceKlass kotlin/script/experimental/jvm/GetScriptingClassByClassLoader
instanceKlass kotlin/script/experimental/host/GetScriptingClass
instanceKlass kotlin/script/experimental/util/PropertiesCollection$Key$Companion
instanceKlass kotlin/script/experimental/util/PropertiesCollection$Key
instanceKlass kotlin/script/experimental/host/HostConfigurationKt
instanceKlass kotlin/script/experimental/util/PropertiesCollection$Builder
instanceKlass kotlin/script/experimental/util/PropertiesCollection$PropertyKeyDelegate
instanceKlass kotlin/script/experimental/jvm/JvmScriptingHostConfigurationKt
instanceKlass kotlin/script/experimental/host/ScriptingHostConfiguration$Companion
instanceKlass kotlin/script/experimental/host/ScriptingHostConfigurationKeys
instanceKlass kotlin/script/experimental/util/PropertiesCollection$Companion
instanceKlass kotlin/script/experimental/util/PropertiesCollection
instanceKlass java/util/Collections$UnmodifiableCollection$1
instanceKlass org/jetbrains/kotlin/resolve/diagnostics/DiagnosticSuppressor
instanceKlass org/jetbrains/kotlin/fir/extensions/FirAnalysisHandlerExtension
instanceKlass org/jetbrains/kotlin/resolve/extensions/AssignResolutionAltererExtension
instanceKlass org/jetbrains/kotlin/extensions/AnnotationBasedExtension
instanceKlass org/jetbrains/kotlin/types/DefaultTypeAttributeTranslator
instanceKlass org/jetbrains/kotlin/types/extensions/TypeAttributeTranslators
instanceKlass org/jetbrains/kotlin/extensions/TypeAttributeTranslatorExtension
instanceKlass org/jetbrains/kotlin/types/TypeAttributeTranslator
instanceKlass org/jetbrains/kotlin/fir/extensions/FirExtensionRegistrarAdapter
instanceKlass org/jetbrains/kotlin/serialization/DescriptorSerializerPlugin
instanceKlass org/jetbrains/kotlin/extensions/internal/CallResolutionInterceptorExtension
instanceKlass org/jetbrains/kotlin/extensions/internal/CandidateInterceptor
instanceKlass org/jetbrains/kotlin/extensions/internal/TypeResolutionInterceptorExtension
instanceKlass org/jetbrains/kotlin/extensions/internal/TypeResolutionInterceptor
instanceKlass org/jetbrains/kotlin/cli/common/extensions/ShellExtension
instanceKlass org/jetbrains/kotlin/cli/common/extensions/ScriptEvaluationExtension
instanceKlass org/jetbrains/kotlin/backend/common/extensions/IrGenerationExtension
instanceKlass org/jetbrains/kotlin/ir/linkage/IrDeserializer$IrLinkerExtension
instanceKlass org/jetbrains/kotlin/resolve/extensions/ExtraImportsProviderExtension
instanceKlass org/jetbrains/kotlin/extensions/ProcessSourcesBeforeCompilingExtension
instanceKlass org/jetbrains/kotlin/extensions/CollectAdditionalSourcesExtension
instanceKlass org/jetbrains/kotlin/extensions/CompilerConfigurationExtension
instanceKlass org/jetbrains/kotlin/js/translate/extensions/JsSyntheticTranslateExtension
instanceKlass org/jetbrains/kotlin/extensions/PreprocessedVirtualFileFactoryExtension
instanceKlass org/jetbrains/kotlin/extensions/DeclarationAttributeAltererExtension
instanceKlass org/jetbrains/kotlin/extensions/StorageComponentContainerContributor
instanceKlass org/jetbrains/kotlin/resolve/jvm/extensions/PackageFragmentProviderExtension
instanceKlass org/jetbrains/kotlin/resolve/jvm/extensions/AnalysisHandlerExtension
instanceKlass org/jetbrains/kotlin/resolve/extensions/AnalysisHandlerExtension
instanceKlass org/jetbrains/kotlin/codegen/extensions/ClassFileFactoryFinalizerExtension
instanceKlass org/jetbrains/kotlin/backend/jvm/extensions/ClassGeneratorExtension
instanceKlass org/jetbrains/kotlin/codegen/extensions/ClassBuilderInterceptorExtension
instanceKlass org/jetbrains/kotlin/resolve/jvm/extensions/SyntheticJavaResolveExtension
instanceKlass org/jetbrains/kotlin/resolve/extensions/SyntheticResolveExtension
instanceKlass org/jetbrains/kotlin/extensions/ProjectExtensionDescriptor
instanceKlass org/jetbrains/kotlin/codegen/extensions/ExpressionCodegenExtension
instanceKlass java/util/Random
instanceKlass java/util/random/RandomGenerator
instanceKlass java/nio/file/DirectoryStream$Filter
instanceKlass java/nio/file/FileVisitor
instanceKlass org/jetbrains/kotlin/com/intellij/openapi/util/io/FileUtilRt
instanceKlass org/jetbrains/kotlin/com/intellij/openapi/vfs/PersistentFSConstants
instanceKlass org/jetbrains/kotlin/com/intellij/psi/impl/source/DummyHolderFactory$DefaultFactory
instanceKlass org/jetbrains/kotlin/com/intellij/psi/impl/source/DummyHolderFactory
instanceKlass org/jetbrains/kotlin/com/intellij/psi/PsiImportHolder
instanceKlass org/jetbrains/kotlin/com/intellij/psi/impl/source/PsiFileWithStubSupport
instanceKlass org/jetbrains/kotlin/com/intellij/psi/impl/PsiFileEx
instanceKlass org/jetbrains/kotlin/com/intellij/openapi/ui/Queryable
instanceKlass org/jetbrains/kotlin/com/intellij/psi/impl/source/JavaDummyHolderFactory
instanceKlass org/jetbrains/kotlin/com/intellij/lang/jvm/facade/JvmFacadeImpl
instanceKlass org/jetbrains/kotlin/com/intellij/lang/jvm/facade/JvmFacade
instanceKlass org/jetbrains/kotlin/com/intellij/util/containers/ConcurrentRefValueHashMap$ValueReference
instanceKlass org/jetbrains/kotlin/com/intellij/util/containers/ConcurrentRefValueHashMap
instanceKlass org/jetbrains/kotlin/com/intellij/psi/impl/source/HolderFactory
instanceKlass org/jetbrains/kotlin/com/intellij/psi/PsiConstantEvaluationHelper
instanceKlass org/jetbrains/kotlin/com/intellij/psi/JavaPsiFacade
instanceKlass org/jetbrains/kotlin/cli/jvm/compiler/MockInferredAnnotationsManager$Companion
instanceKlass org/jetbrains/kotlin/com/intellij/codeInsight/InferredAnnotationsManager
instanceKlass org/jetbrains/kotlin/com/intellij/codeInsight/ExternalAnnotationsListener
instanceKlass org/jetbrains/kotlin/com/intellij/codeInsight/ExternalAnnotationsManager
instanceKlass org/jetbrains/kotlin/com/intellij/util/Processor
instanceKlass org/jetbrains/kotlin/asJava/finder/JavaElementFinder$Companion
instanceKlass org/jetbrains/kotlin/resolve/jvm/KotlinFinderMarker
instanceKlass org/jetbrains/kotlin/asJava/KotlinAsJavaSupport$Companion
instanceKlass org/jetbrains/kotlin/asJava/KotlinAsJavaSupport
instanceKlass org/jetbrains/kotlin/asJava/classes/ImplUtilsKt
instanceKlass java/lang/invoke/MethodHandle$1
instanceKlass org/jetbrains/kotlin/cli/jvm/compiler/CliLightClassGenerationSupport$CliLightClassSupport
instanceKlass org/jetbrains/kotlin/asJava/classes/KtUltraLightSupport
instanceKlass org/jetbrains/kotlin/asJava/LightClassGenerationSupport$Companion
instanceKlass org/jetbrains/kotlin/asJava/LightClassGenerationSupport
instanceKlass org/jetbrains/kotlin/resolve/jvm/JvmCodeAnalyzerInitializer
instanceKlass org/jetbrains/kotlin/resolve/CodeAnalyzerInitializer
instanceKlass org/jetbrains/kotlin/com/intellij/psi/impl/JvmPsiConversionHelperImpl
instanceKlass org/jetbrains/kotlin/com/intellij/psi/JvmPsiConversionHelper
instanceKlass java/util/stream/Collectors$CollectorImpl
instanceKlass java/util/stream/Collectors
instanceKlass java/util/stream/Collector
instanceKlass java/util/function/BinaryOperator
instanceKlass java/util/function/BiConsumer
instanceKlass org/jetbrains/kotlin/com/intellij/util/containers/Interner
instanceKlass org/jetbrains/kotlin/utils/PlatformUtilsKt
instanceKlass org/jetbrains/kotlin/load/java/structure/impl/classFiles/BinaryClassSignatureParser
instanceKlass org/jetbrains/kotlin/com/intellij/openapi/util/RecursionManager$2
instanceKlass org/jetbrains/kotlin/com/intellij/util/containers/SoftKeySoftValueHashMap
instanceKlass org/jetbrains/kotlin/com/intellij/psi/search/ProjectScope
instanceKlass org/jetbrains/kotlin/cli/jvm/compiler/KotlinCliJavaFileManagerImpl$Companion
instanceKlass org/jetbrains/kotlin/com/intellij/core/CoreJavaFileManager
instanceKlass org/jetbrains/kotlin/resolve/jvm/KotlinCliJavaFileManager
instanceKlass org/jetbrains/kotlin/com/intellij/psi/controlFlow/ControlFlowFactory$1
instanceKlass org/jetbrains/kotlin/com/intellij/util/containers/ConcurrentWeakKeySoftValueHashMap$HardKey
instanceKlass org/jetbrains/kotlin/com/intellij/util/containers/ConcurrentWeakKeySoftValueHashMap$KeyReference
instanceKlass org/jetbrains/kotlin/com/intellij/util/containers/ConcurrentWeakKeySoftValueHashMap
instanceKlass org/jetbrains/kotlin/com/intellij/psi/controlFlow/ControlFlow
instanceKlass org/jetbrains/kotlin/com/intellij/psi/controlFlow/ControlFlowFactory
instanceKlass org/jetbrains/kotlin/com/intellij/psi/codeStyle/SuggestedNameInfo
instanceKlass org/jetbrains/kotlin/com/intellij/psi/codeStyle/JavaCodeStyleManager
instanceKlass org/jetbrains/kotlin/com/intellij/core/CoreJavaFileCodeStyleFacade
instanceKlass org/jetbrains/kotlin/com/intellij/psi/codeStyle/JavaFileCodeStyleFacade
instanceKlass org/jetbrains/kotlin/com/intellij/psi/codeStyle/CodeStyleSettingsFacade
instanceKlass org/jetbrains/kotlin/com/intellij/psi/codeStyle/JavaCodeStyleSettingsFacade
instanceKlass org/jetbrains/kotlin/com/intellij/psi/impl/source/resolve/JavaResolveCache$1
instanceKlass org/jetbrains/kotlin/com/intellij/psi/impl/source/resolve/JavaResolveCache
instanceKlass org/jetbrains/kotlin/com/intellij/util/lang/JavaVersion
instanceKlass sun/util/locale/LanguageTag
instanceKlass java/util/ResourceBundle$Control
instanceKlass org/jetbrains/kotlin/com/intellij/AbstractBundle
instanceKlass org/jetbrains/kotlin/com/intellij/core/JavaPsiBundle
instanceKlass org/jetbrains/kotlin/com/intellij/openapi/roots/LanguageLevelProjectExtension$LanguageLevelChangeListener
instanceKlass org/jetbrains/kotlin/com/intellij/openapi/roots/LanguageLevelProjectExtension
instanceKlass org/jetbrains/kotlin/com/intellij/openapi/util/RecursionManager$CalculationStack
instanceKlass org/jetbrains/kotlin/com/intellij/openapi/util/RecursionGuard
instanceKlass org/jetbrains/kotlin/com/intellij/openapi/util/RecursionGuard$StackStamp
instanceKlass org/jetbrains/kotlin/com/intellij/openapi/util/RecursionManager
instanceKlass org/jetbrains/kotlin/com/intellij/psi/PsiInferenceHelper
instanceKlass org/jetbrains/kotlin/com/intellij/psi/scope/processor/FilterScopeProcessor
instanceKlass org/jetbrains/kotlin/com/intellij/psi/scope/PsiScopeProcessor
instanceKlass org/jetbrains/kotlin/com/intellij/psi/scope/NameHint
instanceKlass org/jetbrains/kotlin/com/intellij/psi/scope/ElementClassHint
instanceKlass org/jetbrains/kotlin/com/intellij/psi/impl/source/resolve/PsiResolveHelperImpl
instanceKlass org/jetbrains/kotlin/com/intellij/psi/PsiResolveHelper
instanceKlass org/jetbrains/kotlin/com/intellij/psi/impl/JavaPsiImplementationHelper
instanceKlass org/jetbrains/kotlin/com/intellij/psi/impl/PsiElementFactoryImpl$1
instanceKlass org/jetbrains/kotlin/com/intellij/psi/TypeAnnotationProvider$1
instanceKlass org/jetbrains/kotlin/com/intellij/psi/TypeAnnotationProvider$Static
instanceKlass org/jetbrains/kotlin/com/intellij/psi/TypeAnnotationProvider
instanceKlass org/jetbrains/kotlin/com/intellij/psi/PsiAnnotation
instanceKlass org/jetbrains/kotlin/com/intellij/lang/jvm/types/JvmPrimitiveTypeKind
instanceKlass org/jetbrains/kotlin/com/intellij/lang/jvm/JvmAnnotation
instanceKlass org/jetbrains/kotlin/com/intellij/psi/PsiTypes
instanceKlass org/jetbrains/kotlin/com/intellij/lang/java/parser/JavaParserUtil$ParserWrapper
instanceKlass org/jetbrains/kotlin/com/intellij/psi/PsiTypeElement
instanceKlass org/jetbrains/kotlin/com/intellij/psi/PsiImportStatementBase
instanceKlass org/jetbrains/kotlin/com/intellij/psi/PsiReferenceExpression
instanceKlass org/jetbrains/kotlin/com/intellij/psi/PsiExpression
instanceKlass org/jetbrains/kotlin/com/intellij/psi/PsiCaseLabelElement
instanceKlass org/jetbrains/kotlin/com/intellij/psi/PsiAnnotationMemberValue
instanceKlass org/jetbrains/kotlin/com/intellij/psi/PsiJavaCodeReferenceElement
instanceKlass org/jetbrains/kotlin/com/intellij/psi/PsiQualifiedReferenceElement
instanceKlass org/jetbrains/kotlin/com/intellij/psi/PsiQualifiedReference
instanceKlass org/jetbrains/kotlin/com/intellij/psi/PsiJavaReference
instanceKlass org/jetbrains/kotlin/com/intellij/psi/PsiPolyVariantReference
instanceKlass org/jetbrains/kotlin/com/intellij/lang/jvm/types/JvmReferenceType
instanceKlass org/jetbrains/kotlin/com/intellij/lang/jvm/types/JvmPrimitiveType
instanceKlass org/jetbrains/kotlin/com/intellij/psi/PsiType
instanceKlass org/jetbrains/kotlin/com/intellij/psi/PsiAnnotationOwner
instanceKlass org/jetbrains/kotlin/com/intellij/lang/jvm/types/JvmType
instanceKlass org/jetbrains/kotlin/com/intellij/lang/java/parser/BasicJavaParserUtil$ParserWrapper
instanceKlass org/jetbrains/kotlin/com/intellij/psi/impl/PsiJavaParserFacadeImpl
instanceKlass org/jetbrains/kotlin/com/intellij/psi/PsiElementFactory
instanceKlass org/jetbrains/kotlin/com/intellij/psi/PsiJavaParserFacade
instanceKlass org/jetbrains/kotlin/com/intellij/psi/JVMElementFactory
instanceKlass org/jetbrains/kotlin/com/intellij/lang/injection/InjectedLanguageManager
instanceKlass org/jetbrains/kotlin/com/intellij/mock/MockDumbUtil
instanceKlass org/jetbrains/kotlin/com/intellij/openapi/project/DumbUtil
instanceKlass org/jetbrains/kotlin/com/intellij/psi/search/impl/VirtualFileEnumeration
instanceKlass org/jetbrains/kotlin/com/intellij/psi/search/impl/VirtualFileEnumerationAware
instanceKlass org/jetbrains/kotlin/com/intellij/psi/search/SearchScope
instanceKlass org/jetbrains/kotlin/com/intellij/psi/search/ProjectAwareFileFilter
instanceKlass org/jetbrains/kotlin/com/intellij/psi/PsiDirectory
instanceKlass org/jetbrains/kotlin/com/intellij/psi/impl/file/PsiDirectoryFactory
instanceKlass org/jetbrains/kotlin/com/intellij/psi/util/CachedValue
instanceKlass org/jetbrains/kotlin/com/intellij/psi/util/ParameterizedCachedValue
instanceKlass org/jetbrains/kotlin/com/intellij/psi/impl/PsiCachedValuesFactory
instanceKlass org/jetbrains/kotlin/com/intellij/psi/util/CachedValueProvider
instanceKlass org/jetbrains/kotlin/com/intellij/psi/util/CachedValuesManager
instanceKlass org/jetbrains/kotlin/com/intellij/psi/impl/source/tree/TreeElementVisitor
instanceKlass org/jetbrains/kotlin/com/intellij/psi/PsiFileFactory
instanceKlass org/jetbrains/kotlin/com/intellij/psi/impl/PsiToDocumentSynchronizer
instanceKlass org/jetbrains/kotlin/com/intellij/psi/PsiRecursiveVisitor
instanceKlass org/jetbrains/kotlin/com/intellij/psi/PsiElementVisitor
instanceKlass org/jetbrains/kotlin/com/intellij/openapi/editor/event/DocumentListener
instanceKlass org/jetbrains/kotlin/com/intellij/psi/PsiDocumentManager
instanceKlass org/jetbrains/kotlin/com/intellij/core/MockDocumentCommitProcessor
instanceKlass org/jetbrains/kotlin/com/intellij/psi/impl/DocumentCommitProcessor
instanceKlass org/jetbrains/kotlin/com/intellij/psi/SmartPointerManager
instanceKlass org/jetbrains/kotlin/com/intellij/psi/impl/file/impl/FileManagerImpl$1
instanceKlass org/jetbrains/kotlin/com/intellij/openapi/util/Comparing
instanceKlass org/jetbrains/kotlin/com/intellij/openapi/fileTypes/CharsetUtil
instanceKlass org/jetbrains/kotlin/com/intellij/util/LocalTimeCounter
instanceKlass org/jetbrains/kotlin/com/intellij/openapi/extensions/ExtensionPointPriorityListener
instanceKlass org/jetbrains/kotlin/com/intellij/openapi/extensions/ExtensionPointUtil$1
instanceKlass org/jetbrains/kotlin/com/intellij/openapi/extensions/ExtensionPointUtil
instanceKlass org/jetbrains/kotlin/com/intellij/openapi/vfs/NonPhysicalFileSystem
instanceKlass org/jetbrains/kotlin/com/intellij/openapi/vfs/VirtualFileWithAssignedFileType
instanceKlass org/jetbrains/kotlin/com/intellij/psi/impl/file/impl/FileManagerImpl
instanceKlass org/jetbrains/kotlin/com/intellij/openapi/util/NotNullFactory
instanceKlass org/jetbrains/kotlin/com/intellij/openapi/util/Factory
instanceKlass org/jetbrains/kotlin/com/intellij/openapi/vfs/VirtualFileFilter$2
instanceKlass org/jetbrains/kotlin/com/intellij/openapi/vfs/VirtualFileFilter$1
instanceKlass org/jetbrains/kotlin/com/intellij/openapi/vfs/VirtualFileFilter
instanceKlass org/jetbrains/kotlin/com/intellij/openapi/util/LowMemoryWatcher
instanceKlass org/jetbrains/kotlin/com/intellij/psi/impl/source/resolve/ResolveCache$1
instanceKlass org/jetbrains/kotlin/com/intellij/psi/impl/AnyPsiChangeListener
instanceKlass org/jetbrains/kotlin/com/intellij/psi/impl/file/impl/FileManager
instanceKlass org/jetbrains/kotlin/com/intellij/openapi/wm/ex/ProgressIndicatorEx
instanceKlass org/jetbrains/kotlin/com/intellij/psi/ResolveResult
instanceKlass org/jetbrains/kotlin/com/intellij/psi/impl/source/resolve/ResolveCache$StrongValueReference
instanceKlass org/jetbrains/kotlin/com/intellij/util/containers/ConcurrentWeakKeySoftValueHashMap$ValueReference
instanceKlass org/jetbrains/kotlin/com/intellij/psi/impl/source/resolve/ResolveCache$AbstractResolver
instanceKlass org/jetbrains/kotlin/com/intellij/psi/PsiReference
instanceKlass org/jetbrains/kotlin/com/intellij/psi/impl/source/resolve/ResolveCache
instanceKlass org/jetbrains/kotlin/com/intellij/psi/impl/PsiModificationTrackerImpl$1
instanceKlass org/jetbrains/kotlin/com/intellij/openapi/project/DumbService$DumbModeListener
instanceKlass org/jetbrains/kotlin/com/intellij/openapi/project/DumbService$Companion
instanceKlass org/jetbrains/kotlin/com/intellij/openapi/project/DumbService
instanceKlass org/jetbrains/kotlin/com/intellij/psi/util/PsiModificationTracker$Listener
instanceKlass org/jetbrains/kotlin/com/intellij/psi/impl/PsiModificationTrackerImpl
instanceKlass org/jetbrains/kotlin/com/intellij/psi/util/PsiModificationTracker
instanceKlass org/jetbrains/kotlin/com/intellij/lang/jvm/facade/JvmElementProvider
instanceKlass org/jetbrains/kotlin/com/intellij/psi/PsiElementFinder
instanceKlass org/jetbrains/kotlin/com/intellij/psi/impl/PsiTreeChangePreprocessor
instanceKlass org/jetbrains/kotlin/com/intellij/openapi/roots/PackageIndex
instanceKlass org/jetbrains/kotlin/com/intellij/psi/impl/file/impl/JavaFileManager
instanceKlass org/jetbrains/kotlin/com/intellij/psi/impl/ResolveScopeManager
instanceKlass org/jetbrains/kotlin/com/intellij/openapi/roots/FileIndexFacade
instanceKlass org/jetbrains/kotlin/com/intellij/psi/search/ProjectScopeBuilder
instanceKlass org/jetbrains/kotlin/com/intellij/util/CachedValuesFactory
instanceKlass org/jetbrains/kotlin/com/intellij/openapi/project/Project
instanceKlass org/jetbrains/kotlin/com/intellij/core/CoreProjectEnvironment
instanceKlass org/jetbrains/kotlin/cli/jvm/compiler/KotlinCoreEnvironment$Companion$getOrCreateApplicationEnvironment$1$2
instanceKlass org/jetbrains/kotlin/com/intellij/pom/java/InternalPersistentJavaLanguageLevelReaderService$DefaultImpl
instanceKlass org/jetbrains/kotlin/com/intellij/pom/java/InternalPersistentJavaLanguageLevelReaderService
instanceKlass org/jetbrains/kotlin/com/intellij/openapi/vfs/VirtualFileSet
instanceKlass org/jetbrains/kotlin/com/intellij/openapi/vfs/CompactVirtualFileSetFactory
instanceKlass org/jetbrains/kotlin/com/intellij/openapi/vfs/VirtualFileSetFactoryKt
instanceKlass org/jetbrains/kotlin/com/intellij/openapi/vfs/VirtualFileSetFactory
instanceKlass org/jetbrains/kotlin/com/intellij/openapi/application/TransactionGuard
instanceKlass org/jetbrains/kotlin/com/intellij/psi/util/JavaClassSupers
instanceKlass org/jetbrains/kotlin/load/kotlin/KotlinBinaryClassCache$Companion
instanceKlass org/jetbrains/kotlin/load/kotlin/KotlinBinaryClassCache
instanceKlass org/jetbrains/kotlin/psi/stubs/KotlinFileStub
instanceKlass org/jetbrains/kotlin/parsing/KotlinParserDefinition$Companion
instanceKlass org/jetbrains/kotlin/parsing/KotlinCommonParserDefinition
instanceKlass sun/invoke/util/VerifyAccess$1
instanceKlass javax/swing/Icon
instanceKlass org/jetbrains/kotlin/com/intellij/util/keyFMap/OneElementFMap
instanceKlass org/jetbrains/kotlin/com/intellij/openapi/extensions/impl/ExtensionProcessingHelper
instanceKlass org/jetbrains/kotlin/com/intellij/openapi/extensions/impl/ExtensionsAreaImplKt
instanceKlass kotlinx/coroutines/IncompleteStateBox
instanceKlass kotlinx/coroutines/internal/LockFreeLinkedListNode
instanceKlass kotlin/coroutines/jvm/internal/CompletedContinuation
instanceKlass org/jetbrains/kotlin/com/intellij/openapi/util/BuildNumber
instanceKlass org/jetbrains/kotlin/com/intellij/ide/plugins/PluginManagerCore
instanceKlass org/jetbrains/kotlin/com/intellij/ide/plugins/PluginContentDescriptor$Companion
instanceKlass org/jetbrains/kotlin/com/intellij/ide/plugins/PluginContentDescriptor
instanceKlass org/jetbrains/kotlin/com/intellij/ide/plugins/IdeaPluginDescriptorImpl
instanceKlass org/jetbrains/kotlin/com/intellij/ide/plugins/IdeaPluginDescriptor
instanceKlass org/jetbrains/kotlin/org/codehaus/stax2/ri/typed/ValueDecoderFactory
instanceKlass org/jetbrains/kotlin/com/fasterxml/aalto/in/ByteBasedPNameTable$Bucket
instanceKlass org/jetbrains/kotlin/com/intellij/openapi/extensions/ExtensionPointDescriptor
instanceKlass org/jetbrains/kotlin/com/fasterxml/aalto/util/DataUtil
instanceKlass org/jetbrains/kotlin/com/fasterxml/aalto/in/ElementScope
instanceKlass org/jetbrains/kotlin/com/fasterxml/aalto/in/ByteBasedPNameFactory
instanceKlass org/jetbrains/kotlin/com/intellij/ide/plugins/ModuleDependenciesDescriptor$Companion
instanceKlass org/jetbrains/kotlin/com/intellij/ide/plugins/ModuleDependenciesDescriptor
instanceKlass org/jetbrains/kotlin/com/intellij/ide/plugins/ContainerDescriptor
instanceKlass org/jetbrains/kotlin/com/intellij/ide/plugins/RawPluginDescriptor
instanceKlass org/jetbrains/kotlin/com/fasterxml/aalto/util/BufferRecycler
instanceKlass org/jetbrains/kotlin/com/fasterxml/aalto/util/NameTable
instanceKlass org/jetbrains/kotlin/com/fasterxml/aalto/util/XmlCharTypes
instanceKlass org/jetbrains/kotlin/com/fasterxml/aalto/in/AttributeCollector
instanceKlass org/jetbrains/kotlin/com/fasterxml/aalto/util/TextBuilder
instanceKlass org/jetbrains/kotlin/com/fasterxml/aalto/in/FixedNsContext
instanceKlass org/jetbrains/kotlin/com/fasterxml/aalto/in/NsBinding
instanceKlass org/jetbrains/kotlin/com/fasterxml/aalto/in/PName
instanceKlass org/jetbrains/kotlin/org/codehaus/stax2/XMLStreamLocation2
instanceKlass org/jetbrains/kotlin/org/codehaus/stax2/typed/TypedValueDecoder
instanceKlass org/jetbrains/kotlin/com/fasterxml/aalto/stax/StreamReaderImpl
instanceKlass org/jetbrains/kotlin/org/codehaus/stax2/XMLStreamReader2
instanceKlass org/jetbrains/kotlin/org/codehaus/stax2/typed/TypedXMLStreamReader
instanceKlass javax/xml/stream/XMLStreamReader
instanceKlass org/jetbrains/kotlin/org/codehaus/stax2/LocationInfo
instanceKlass org/jetbrains/kotlin/com/fasterxml/aalto/in/XmlScanner
instanceKlass javax/xml/stream/XMLStreamConstants
instanceKlass javax/xml/namespace/NamespaceContext
instanceKlass javax/xml/stream/Location
instanceKlass org/jetbrains/kotlin/com/fasterxml/aalto/in/InputBootstrapper
instanceKlass org/jetbrains/kotlin/com/fasterxml/aalto/util/UriCanonicalizer
instanceKlass org/jetbrains/kotlin/com/fasterxml/aalto/in/ReaderConfig$EncodingContext
instanceKlass org/jetbrains/kotlin/com/fasterxml/aalto/impl/CommonConfig
instanceKlass org/jetbrains/kotlin/com/intellij/util/xml/dom/StaxFactory
instanceKlass kotlin/jvm/internal/SpreadBuilder
instanceKlass org/jetbrains/kotlin/com/intellij/ide/plugins/XmlReader
instanceKlass org/jetbrains/kotlin/com/intellij/ide/plugins/JavaZipFileDataLoader
instanceKlass org/jetbrains/kotlin/com/intellij/ide/plugins/DataLoader
instanceKlass kotlin/ResultKt
instanceKlass kotlinx/coroutines/internal/OpDescriptor
instanceKlass kotlinx/coroutines/DispatchedTaskKt
instanceKlass kotlinx/coroutines/CompletedExceptionally
instanceKlass kotlinx/coroutines/EventLoop_commonKt
instanceKlass kotlinx/coroutines/AbstractTimeSourceKt
instanceKlass kotlin/Result$Failure
instanceKlass kotlinx/coroutines/CompletionStateKt
instanceKlass kotlin/Result$Companion
instanceKlass kotlin/Result
instanceKlass kotlinx/coroutines/internal/ThreadContextKt
instanceKlass kotlinx/coroutines/internal/DispatchedContinuationKt
instanceKlass kotlinx/coroutines/scheduling/Task
instanceKlass kotlin/coroutines/jvm/internal/DebugProbesKt
instanceKlass kotlin/coroutines/intrinsics/IntrinsicsKt__IntrinsicsJvmKt
instanceKlass kotlinx/coroutines/intrinsics/CancellableKt
instanceKlass kotlinx/coroutines/CoroutineStart$WhenMappings
instanceKlass kotlin/coroutines/CombinedContext
instanceKlass kotlinx/coroutines/Job$DefaultImpls
instanceKlass kotlin/coroutines/CoroutineContext$DefaultImpls
instanceKlass kotlinx/coroutines/NonDisposableHandle
instanceKlass kotlinx/coroutines/ChildHandle
instanceKlass kotlinx/coroutines/DisposableHandle
instanceKlass kotlinx/coroutines/Job$Key
instanceKlass kotlinx/coroutines/Empty
instanceKlass kotlinx/coroutines/Incomplete
instanceKlass kotlinx/coroutines/JobSupportKt
instanceKlass kotlinx/coroutines/JobSupport
instanceKlass kotlinx/coroutines/selects/SelectClause0
instanceKlass kotlinx/coroutines/ParentJob
instanceKlass kotlinx/coroutines/ChildJob
instanceKlass kotlinx/coroutines/Job
instanceKlass kotlin/coroutines/ContinuationInterceptor$DefaultImpls
instanceKlass kotlinx/coroutines/DefaultExecutorKt
instanceKlass kotlinx/coroutines/internal/LimitedDispatcherKt
instanceKlass java/util/concurrent/atomic/AtomicReferenceArray
instanceKlass kotlinx/coroutines/internal/LockFreeTaskQueueCore$Companion
instanceKlass kotlinx/coroutines/internal/LockFreeTaskQueueCore
instanceKlass java/util/concurrent/atomic/AtomicIntegerFieldUpdater$AtomicIntegerFieldUpdaterImpl$1
instanceKlass java/util/concurrent/atomic/AtomicIntegerFieldUpdater
instanceKlass kotlinx/coroutines/internal/ResizableAtomicArray
instanceKlass kotlinx/coroutines/internal/LockFreeTaskQueue
instanceKlass kotlinx/coroutines/internal/Symbol
instanceKlass kotlinx/coroutines/scheduling/CoroutineScheduler$Companion
instanceKlass kotlinx/coroutines/scheduling/CoroutineScheduler
instanceKlass java/util/concurrent/Executor
instanceKlass kotlinx/coroutines/scheduling/TaskContextImpl
instanceKlass kotlinx/coroutines/scheduling/TaskContext
instanceKlass kotlinx/coroutines/scheduling/SchedulerTimeSource
instanceKlass kotlinx/coroutines/internal/SystemPropsKt__SystemProps_commonKt
instanceKlass kotlinx/coroutines/scheduling/TasksKt
instanceKlass kotlinx/coroutines/Dispatchers
instanceKlass kotlinx/coroutines/internal/SystemPropsKt__SystemPropsKt
instanceKlass kotlinx/coroutines/internal/SystemPropsKt
instanceKlass kotlinx/coroutines/DebugKt
instanceKlass kotlinx/coroutines/CopyableThreadContextElement
instanceKlass kotlinx/coroutines/ThreadContextElement
instanceKlass kotlin/coroutines/CoroutineContext$Element$DefaultImpls
instanceKlass kotlinx/coroutines/CoroutineContextKt
instanceKlass kotlinx/coroutines/GlobalScope
instanceKlass kotlin/coroutines/AbstractCoroutineContextKey
instanceKlass kotlin/coroutines/AbstractCoroutineContextElement
instanceKlass kotlinx/coroutines/Delay
instanceKlass kotlinx/coroutines/EventLoopKt
instanceKlass kotlinx/coroutines/ThreadLocalEventLoop
instanceKlass kotlin/coroutines/ContinuationInterceptor$Key
instanceKlass kotlin/coroutines/CoroutineContext$Key
instanceKlass kotlin/coroutines/ContinuationInterceptor
instanceKlass kotlin/coroutines/CoroutineContext$Element
instanceKlass kotlin/coroutines/EmptyCoroutineContext
instanceKlass kotlin/coroutines/CoroutineContext
instanceKlass kotlinx/coroutines/BuildersKt__BuildersKt
instanceKlass kotlinx/coroutines/BuildersKt
instanceKlass kotlin/coroutines/jvm/internal/BaseContinuationImpl
instanceKlass kotlin/coroutines/jvm/internal/CoroutineStackFrame
instanceKlass kotlin/coroutines/Continuation
instanceKlass kotlin/coroutines/jvm/internal/SuspendFunction
instanceKlass org/jetbrains/kotlin/com/intellij/ide/plugins/MyXmlInterner
instanceKlass org/jetbrains/kotlin/com/intellij/util/xml/dom/XmlInterner
instanceKlass org/jetbrains/kotlin/com/intellij/ide/plugins/DescriptorListLoadingContext
instanceKlass org/jetbrains/kotlin/com/intellij/ide/plugins/ReadModuleContext
instanceKlass org/jetbrains/kotlin/com/intellij/ide/plugins/PluginXmlPathResolver$Companion
instanceKlass org/jetbrains/kotlin/com/intellij/ide/plugins/PluginXmlPathResolver
instanceKlass org/jetbrains/kotlin/com/intellij/ide/plugins/PathResolver
instanceKlass org/jetbrains/kotlin/com/intellij/ide/plugins/PluginDescriptorLoader
instanceKlass org/jetbrains/kotlin/com/intellij/psi/JavaModuleSystem
instanceKlass org/jetbrains/kotlin/com/intellij/psi/impl/compiled/ClsCustomNavigationPolicy
instanceKlass org/jetbrains/kotlin/cli/jvm/compiler/IdeaExtensionPoints
instanceKlass org/jetbrains/kotlin/com/intellij/psi/impl/smartPointers/SmartPointerAnchorProvider
instanceKlass org/jetbrains/kotlin/com/intellij/codeInsight/runner/JavaMainMethodProvider
instanceKlass org/jetbrains/kotlin/com/intellij/openapi/util/NotNullLazyValue
instanceKlass org/jetbrains/kotlin/com/intellij/psi/augment/PsiAugmentProvider
instanceKlass org/jetbrains/kotlin/com/intellij/psi/meta/MetaDataContributor
instanceKlass org/jetbrains/kotlin/com/intellij/psi/FileContextProvider
instanceKlass org/jetbrains/kotlin/cli/jvm/compiler/DummyJavaFileCodeStyleFacadeFactory
instanceKlass org/jetbrains/kotlin/com/intellij/psi/codeStyle/JavaFileCodeStyleFacadeFactory
instanceKlass org/jetbrains/kotlin/com/intellij/psi/FileViewProvider
instanceKlass org/jetbrains/kotlin/com/intellij/psi/compiled/ClsStubBuilder
instanceKlass org/jetbrains/kotlin/com/intellij/psi/compiled/ClassFileDecompilers$Full
instanceKlass java/util/TimSort
instanceKlass java/util/Arrays$LegacyMergeSort
instanceKlass org/jetbrains/kotlin/com/intellij/openapi/components/Service
instanceKlass org/jetbrains/kotlin/com/intellij/psi/compiled/ClassFileDecompilers
instanceKlass org/jetbrains/kotlin/com/intellij/psi/compiled/ClassFileDecompilers$Decompiler
instanceKlass org/jetbrains/kotlin/com/intellij/psi/util/MethodSignature
instanceKlass org/jetbrains/kotlin/com/intellij/openapi/application/QueryExecutorBase
instanceKlass org/jetbrains/kotlin/com/intellij/util/QueryExecutor
instanceKlass org/jetbrains/kotlin/com/intellij/psi/search/searches/SuperMethodsSearch$1
instanceKlass org/jetbrains/kotlin/com/intellij/openapi/extensions/SmartExtensionPoint$1
instanceKlass org/jetbrains/kotlin/com/intellij/openapi/extensions/ExtensionPointAndAreaListener
instanceKlass org/jetbrains/kotlin/com/intellij/openapi/extensions/SmartExtensionPoint
instanceKlass org/jetbrains/kotlin/com/intellij/util/Query
instanceKlass org/jetbrains/kotlin/com/intellij/util/QueryFactory
instanceKlass org/jetbrains/kotlin/com/intellij/openapi/util/registry/RegistryValue
instanceKlass org/jetbrains/kotlin/com/intellij/lang/folding/FoldingBuilderEx
instanceKlass org/jetbrains/kotlin/com/intellij/openapi/project/PossiblyDumbAware
instanceKlass org/jetbrains/kotlin/com/intellij/openapi/project/DumbAware
instanceKlass org/jetbrains/kotlin/com/intellij/lang/folding/FoldingBuilder
instanceKlass org/jetbrains/kotlin/com/intellij/codeInsight/folding/JavaCodeFoldingSettings
instanceKlass org/jetbrains/kotlin/com/intellij/psi/PsiParameter
instanceKlass org/jetbrains/kotlin/com/intellij/lang/jvm/JvmParameter
instanceKlass org/jetbrains/kotlin/com/intellij/psi/presentation/java/VariablePresentationProvider
instanceKlass org/jetbrains/kotlin/com/intellij/psi/PsiLocalVariable
instanceKlass org/jetbrains/kotlin/com/intellij/psi/presentation/java/FieldPresentationProvider
instanceKlass org/jetbrains/kotlin/com/intellij/psi/PsiField
instanceKlass org/jetbrains/kotlin/com/intellij/psi/PsiVariable
instanceKlass org/jetbrains/kotlin/com/intellij/lang/jvm/JvmField
instanceKlass org/jetbrains/kotlin/com/intellij/psi/presentation/java/MethodPresentationProvider
instanceKlass org/jetbrains/kotlin/com/intellij/psi/PsiMethod
instanceKlass org/jetbrains/kotlin/com/intellij/psi/PsiParameterListOwner
instanceKlass org/jetbrains/kotlin/com/intellij/lang/jvm/JvmMethod
instanceKlass org/jetbrains/kotlin/com/intellij/psi/presentation/java/ClassPresentationProvider
instanceKlass org/jetbrains/kotlin/com/intellij/psi/PsiClass
instanceKlass org/jetbrains/kotlin/com/intellij/psi/PsiTypeParameterListOwner
instanceKlass org/jetbrains/kotlin/com/intellij/psi/PsiJvmMember
instanceKlass org/jetbrains/kotlin/com/intellij/psi/PsiTarget
instanceKlass org/jetbrains/kotlin/com/intellij/psi/PsiNameIdentifierOwner
instanceKlass org/jetbrains/kotlin/com/intellij/psi/PsiDocCommentOwner
instanceKlass org/jetbrains/kotlin/com/intellij/psi/PsiMember
instanceKlass org/jetbrains/kotlin/com/intellij/psi/PsiJavaDocumentedElement
instanceKlass org/jetbrains/kotlin/com/intellij/pom/PomRenameableTarget
instanceKlass org/jetbrains/kotlin/com/intellij/pom/PomNamedTarget
instanceKlass org/jetbrains/kotlin/com/intellij/pom/PomTarget
instanceKlass org/jetbrains/kotlin/com/intellij/lang/jvm/JvmClass
instanceKlass org/jetbrains/kotlin/com/intellij/lang/jvm/JvmTypeParametersOwner
instanceKlass org/jetbrains/kotlin/com/intellij/lang/jvm/JvmMember
instanceKlass org/jetbrains/kotlin/com/intellij/lang/jvm/JvmTypeDeclaration
instanceKlass org/jetbrains/kotlin/com/intellij/navigation/ItemPresentation
instanceKlass org/jetbrains/kotlin/com/intellij/psi/presentation/java/PackagePresentationProvider
instanceKlass org/jetbrains/kotlin/com/intellij/navigation/ItemPresentationProvider
instanceKlass org/jetbrains/kotlin/com/intellij/psi/PsiPackage
instanceKlass org/jetbrains/kotlin/com/intellij/psi/PsiQualifiedNamedElement
instanceKlass org/jetbrains/kotlin/com/intellij/psi/PsiJvmModifiersOwner
instanceKlass org/jetbrains/kotlin/com/intellij/psi/PsiModifierListOwner
instanceKlass org/jetbrains/kotlin/com/intellij/lang/jvm/JvmModifiersOwner
instanceKlass org/jetbrains/kotlin/com/intellij/psi/PsiDirectoryContainer
instanceKlass org/jetbrains/kotlin/com/intellij/lang/jvm/JvmPackage
instanceKlass org/jetbrains/kotlin/com/intellij/lang/jvm/JvmNamedElement
instanceKlass org/jetbrains/kotlin/com/intellij/lang/jvm/JvmAnnotatedElement
instanceKlass org/jetbrains/kotlin/com/intellij/lang/jvm/JvmElement
instanceKlass org/jetbrains/kotlin/com/intellij/openapi/projectRoots/JavaVersionService
instanceKlass org/jetbrains/kotlin/com/intellij/psi/JavaDirectoryService
instanceKlass org/jetbrains/kotlin/com/intellij/psi/PsiSubstitutor
instanceKlass org/jetbrains/kotlin/com/intellij/psi/PsiSubstitutorFactory
instanceKlass org/jetbrains/kotlin/com/intellij/openapi/util/ModificationTracker$1
instanceKlass org/jetbrains/kotlin/com/intellij/psi/impl/file/PsiPackageImplementationHelper
instanceKlass kotlin/internal/ProgressionUtilKt
instanceKlass kotlin/ranges/IntRange$Companion
instanceKlass kotlin/ranges/IntProgression$Companion
instanceKlass kotlin/ranges/IntProgression
instanceKlass kotlin/ranges/OpenEndRange
instanceKlass kotlin/ranges/ClosedRange
instanceKlass kotlin/text/DelimitedRangesSequence$iterator$1
instanceKlass kotlin/sequences/TransformingSequence$iterator$1
instanceKlass kotlin/sequences/FilteringSequence$iterator$1
instanceKlass kotlin/sequences/FilteringSequence
instanceKlass kotlin/sequences/TransformingSequence
instanceKlass kotlin/text/DelimitedRangesSequence
instanceKlass org/jetbrains/kotlin/com/intellij/openapi/extensions/LoadingOrder$Companion
instanceKlass org/jetbrains/kotlin/com/intellij/openapi/extensions/LoadingOrder
instanceKlass org/jetbrains/kotlin/com/intellij/codeInsight/JavaContainerProvider
instanceKlass org/jetbrains/kotlin/com/intellij/codeInsight/ContainerProvider
instanceKlass org/jetbrains/kotlin/com/intellij/psi/impl/PsiExpressionEvaluator
instanceKlass org/jetbrains/kotlin/com/intellij/psi/impl/ConstantExpressionEvaluator
instanceKlass org/jetbrains/kotlin/com/intellij/psi/stubs/IndexSink
instanceKlass org/jetbrains/kotlin/com/intellij/util/diff/FlyweightCapableTreeStructure
instanceKlass org/jetbrains/kotlin/com/intellij/psi/impl/java/stubs/PsiJavaFileStub
instanceKlass org/jetbrains/kotlin/com/intellij/psi/stubs/PsiClassHolderFileStub
instanceKlass org/jetbrains/kotlin/com/intellij/psi/stubs/LightStubBuilder
instanceKlass org/jetbrains/kotlin/com/intellij/psi/stubs/PsiFileStub
instanceKlass org/jetbrains/kotlin/com/intellij/psi/stubs/StubElement
instanceKlass org/jetbrains/kotlin/com/intellij/psi/stubs/Stub
instanceKlass org/jetbrains/kotlin/com/intellij/psi/StubBuilder
instanceKlass org/jetbrains/kotlin/com/intellij/psi/stubs/StubSerializer
instanceKlass org/jetbrains/kotlin/com/intellij/psi/stubs/ObjectStubSerializer
instanceKlass org/jetbrains/kotlin/com/intellij/lang/java/JavaParserDefinition
instanceKlass org/jetbrains/kotlin/com/intellij/psi/javadoc/PsiDocToken
instanceKlass org/jetbrains/kotlin/com/intellij/psi/javadoc/PsiSnippetAttributeValue
instanceKlass org/jetbrains/kotlin/com/intellij/psi/PsiFragment
instanceKlass org/jetbrains/kotlin/com/intellij/psi/PsiLiteralValue
instanceKlass org/jetbrains/kotlin/com/intellij/psi/PsiKeyword
instanceKlass org/jetbrains/kotlin/com/intellij/psi/PsiIdentifier
instanceKlass org/jetbrains/kotlin/com/intellij/psi/PsiJavaToken
instanceKlass org/jetbrains/kotlin/com/intellij/psi/javadoc/PsiDocTagValue
instanceKlass org/jetbrains/kotlin/com/intellij/psi/impl/compiled/ClassFileStubBuilder
instanceKlass org/jetbrains/kotlin/com/intellij/psi/stubs/BinaryFileStubBuilder$CompositeBinaryFileStubBuilder
instanceKlass org/jetbrains/kotlin/com/intellij/psi/stubs/BinaryFileStubBuilder
instanceKlass org/jetbrains/kotlin/com/intellij/psi/ClassFileViewProviderFactory
instanceKlass org/jetbrains/kotlin/com/intellij/psi/FileViewProviderFactory
instanceKlass org/jetbrains/kotlin/com/intellij/openapi/util/Conditions
instanceKlass org/jetbrains/kotlin/com/intellij/psi/tree/IElementType$Predicate
instanceKlass org/jetbrains/kotlin/com/intellij/lexer/Lexer
instanceKlass org/jetbrains/kotlin/com/intellij/openapi/fileTypes/PlainTextParserDefinition
instanceKlass org/jetbrains/kotlin/kotlinx/collections/immutable/implementations/immutableList/AbstractListIterator
instanceKlass org/jetbrains/kotlin/kotlinx/collections/immutable/internal/ListImplementation
instanceKlass org/jetbrains/kotlin/com/intellij/lang/LanguageUtil
instanceKlass org/jetbrains/kotlin/kotlinx/collections/immutable/implementations/immutableSet/TrieNodeIterator
instanceKlass org/jetbrains/kotlin/kotlinx/collections/immutable/implementations/immutableSet/PersistentHashSetIterator
instanceKlass org/jetbrains/kotlin/com/intellij/util/containers/ContainerUtil$9$1
instanceKlass org/jetbrains/kotlin/com/intellij/util/containers/ContainerUtil$9
instanceKlass org/jetbrains/kotlin/com/intellij/psi/PsiPlainText
instanceKlass org/jetbrains/kotlin/com/intellij/lang/ASTFactory$DefaultFactoryHolder
instanceKlass org/jetbrains/kotlin/com/intellij/ide/highlighter/ArchiveFileType
instanceKlass org/jetbrains/kotlin/kotlinx/collections/immutable/implementations/immutableSet/TrieNode$Companion
instanceKlass org/jetbrains/kotlin/kotlinx/collections/immutable/implementations/immutableSet/TrieNode
instanceKlass org/jetbrains/kotlin/kotlinx/collections/immutable/implementations/immutableSet/PersistentHashSet$Companion
instanceKlass kotlin/collections/AbstractSet$Companion
instanceKlass org/jetbrains/kotlin/kotlinx/collections/immutable/PersistentSet
instanceKlass org/jetbrains/kotlin/kotlinx/collections/immutable/ImmutableSet
instanceKlass org/jetbrains/kotlin/com/intellij/openapi/fileTypes/LanguageFileType
instanceKlass org/jetbrains/kotlin/com/intellij/ide/highlighter/JavaClassFileType
instanceKlass org/jetbrains/kotlin/com/intellij/DynamicBundle$LanguageBundleEP
instanceKlass org/jetbrains/kotlin/com/intellij/util/pico/CachingConstructorInjectionComponentAdapter
instanceKlass org/jetbrains/kotlin/com/intellij/openapi/application/ApplicationInfo
instanceKlass org/jetbrains/kotlin/com/intellij/util/graph/GraphAlgorithms
instanceKlass org/jetbrains/kotlin/com/intellij/util/messages/impl/MessagePublisher
instanceKlass org/jetbrains/kotlin/com/intellij/util/messages/impl/CompositeMessageBus$WhenMappings
instanceKlass org/jetbrains/kotlin/com/intellij/openapi/command/impl/CoreCommandProcessor$1
instanceKlass org/jetbrains/kotlin/com/intellij/openapi/command/CommandListener
instanceKlass org/jetbrains/kotlin/com/intellij/openapi/command/CommandToken
instanceKlass org/jetbrains/kotlin/com/intellij/openapi/command/CommandProcessor
instanceKlass org/jetbrains/kotlin/com/intellij/codeInsight/folding/CodeFoldingSettings
instanceKlass org/jetbrains/kotlin/com/intellij/util/containers/Unsafe
instanceKlass org/jetbrains/kotlin/com/intellij/util/ConcurrentLongObjectHashMap$CounterCell
instanceKlass org/jetbrains/kotlin/com/intellij/util/ConcurrentLongObjectHashMap$Node
instanceKlass org/jetbrains/kotlin/com/intellij/util/containers/ConcurrentLongObjectMap$LongEntry
instanceKlass org/jetbrains/kotlin/com/intellij/util/ConcurrentLongObjectHashMap
instanceKlass org/jetbrains/kotlin/com/intellij/util/containers/ConcurrentLongObjectMap
instanceKlass org/jetbrains/kotlin/com/intellij/util/Java11Shim$Companion$INSTANCE$1
instanceKlass org/jetbrains/kotlin/com/intellij/util/Java11Shim$Companion
instanceKlass org/jetbrains/kotlin/com/intellij/util/Java11Shim
instanceKlass java/util/concurrent/Future
instanceKlass org/jetbrains/kotlin/com/intellij/openapi/progress/PerformInBackgroundOption
instanceKlass org/jetbrains/kotlin/com/intellij/openapi/progress/ProgressIndicator
instanceKlass org/jetbrains/kotlin/com/intellij/openapi/progress/Task
instanceKlass org/jetbrains/kotlin/com/intellij/openapi/progress/TaskInfo
instanceKlass org/jetbrains/kotlin/com/intellij/openapi/progress/Progressive
instanceKlass org/jetbrains/kotlin/com/intellij/psi/PsiReferenceService
instanceKlass org/jetbrains/kotlin/com/intellij/psi/stubs/ObjectStubTree
instanceKlass org/jetbrains/kotlin/com/intellij/psi/PsiFile
instanceKlass org/jetbrains/kotlin/com/intellij/psi/PsiFileSystemItem
instanceKlass org/jetbrains/kotlin/com/intellij/psi/PsiCheckedRenameElement
instanceKlass org/jetbrains/kotlin/com/intellij/psi/PsiNamedElement
instanceKlass org/jetbrains/kotlin/com/intellij/psi/NavigatablePsiElement
instanceKlass org/jetbrains/kotlin/com/intellij/psi/stubs/StubTreeLoader
instanceKlass org/jetbrains/kotlin/com/intellij/psi/PsiReferenceProviderBean
instanceKlass org/jetbrains/kotlin/com/intellij/psi/PsiReferenceContributor
instanceKlass org/jetbrains/kotlin/com/intellij/codeInsight/highlighting/PassRunningAssert
instanceKlass org/jetbrains/kotlin/it/unimi/dsi/fastutil/doubles/Double2ObjectMap
instanceKlass org/jetbrains/kotlin/it/unimi/dsi/fastutil/doubles/Double2ObjectFunction
instanceKlass java/util/function/DoubleFunction
instanceKlass org/jetbrains/kotlin/com/intellij/psi/PsiReferenceRegistrar
instanceKlass org/jetbrains/kotlin/com/intellij/psi/PsiReferenceProvider
instanceKlass org/jetbrains/kotlin/com/intellij/psi/impl/source/resolve/reference/ReferenceProvidersRegistry
instanceKlass org/jetbrains/kotlin/com/intellij/lang/PsiBuilder
instanceKlass org/jetbrains/kotlin/com/intellij/openapi/util/UserDataHolderUnprotected
instanceKlass org/jetbrains/kotlin/com/intellij/lang/SyntaxTreeBuilder
instanceKlass org/jetbrains/kotlin/com/intellij/lang/PsiBuilderFactory
instanceKlass org/jetbrains/kotlin/com/intellij/openapi/util/text/StringUtilRt
instanceKlass org/jetbrains/kotlin/com/intellij/psi/impl/source/CharTableImpl
instanceKlass org/jetbrains/kotlin/com/intellij/psi/PsiLanguageInjectionHost
instanceKlass org/jetbrains/kotlin/com/intellij/psi/PsiComment
instanceKlass org/jetbrains/kotlin/com/intellij/model/psi/UrlReferenceHost
instanceKlass org/jetbrains/kotlin/com/intellij/model/psi/PsiExternalReferenceHost
instanceKlass org/jetbrains/kotlin/com/intellij/navigation/NavigationItem
instanceKlass org/jetbrains/kotlin/com/intellij/pom/Navigatable
instanceKlass org/jetbrains/kotlin/com/intellij/psi/PsiWhiteSpace
instanceKlass org/jetbrains/kotlin/com/intellij/psi/PsiElement
instanceKlass org/jetbrains/kotlin/com/intellij/psi/tree/ILazyParseableElementTypeBase
instanceKlass org/jetbrains/kotlin/com/intellij/psi/tree/IElementType
instanceKlass org/jetbrains/kotlin/com/intellij/lang/FileASTNode
instanceKlass org/jetbrains/kotlin/com/intellij/openapi/util/Iconable
instanceKlass org/jetbrains/kotlin/com/intellij/psi/impl/ReparseableASTNode
instanceKlass org/jetbrains/kotlin/com/intellij/lang/ASTNode
instanceKlass org/jetbrains/kotlin/com/intellij/util/CharTable
instanceKlass org/jetbrains/kotlin/com/intellij/lang/ASTFactory
instanceKlass org/jetbrains/kotlin/com/intellij/lang/DefaultASTFactory
instanceKlass org/jetbrains/kotlin/com/intellij/openapi/vfs/encoding/EncodingRegistry
instanceKlass java/util/Collections$UnmodifiableMap$UnmodifiableEntrySet$UnmodifiableEntry
instanceKlass java/util/Collections$UnmodifiableMap$UnmodifiableEntrySet$1
instanceKlass org/jetbrains/kotlin/com/intellij/openapi/extensions/impl/ImplementationClassResolver
instanceKlass org/jetbrains/kotlin/com/intellij/serviceContainer/LazyExtensionInstance
instanceKlass org/jetbrains/kotlin/com/intellij/openapi/extensions/PluginAware
instanceKlass org/jetbrains/kotlin/com/intellij/util/KeyedLazyInstance
instanceKlass org/jetbrains/kotlin/com/intellij/openapi/vfs/impl/BulkVirtualFileListenerAdapter
instanceKlass org/jetbrains/kotlin/com/intellij/util/messages/impl/BaseBusConnection
instanceKlass org/jetbrains/kotlin/com/intellij/util/messages/impl/MessageBusImpl$MessageHandlerHolder
instanceKlass org/jetbrains/kotlin/com/intellij/util/messages/MessageBusConnection
instanceKlass org/jetbrains/kotlin/com/intellij/util/messages/SimpleMessageBusConnection
instanceKlass org/jetbrains/kotlin/com/intellij/openapi/vfs/impl/VirtualFileManagerImpl$LoggingListener
instanceKlass jdk/internal/reflect/UnsafeFieldAccessorFactory
instanceKlass sun/misc/Unsafe
instanceKlass org/jetbrains/kotlin/com/intellij/util/ReflectionUtil
instanceKlass org/jetbrains/kotlin/com/intellij/openapi/vfs/newvfs/CachingVirtualFileSystem
instanceKlass org/jetbrains/kotlin/kotlinx/collections/immutable/implementations/immutableMap/TrieNode$ModificationResult
instanceKlass org/jetbrains/kotlin/kotlinx/collections/immutable/internal/CommonFunctionsKt
instanceKlass org/jetbrains/kotlin/kotlinx/collections/immutable/implementations/immutableList/SmallPersistentVector$Companion
instanceKlass org/jetbrains/kotlin/kotlinx/collections/immutable/PersistentList
instanceKlass org/jetbrains/kotlin/kotlinx/collections/immutable/PersistentCollection
instanceKlass org/jetbrains/kotlin/kotlinx/collections/immutable/ImmutableList
instanceKlass org/jetbrains/kotlin/kotlinx/collections/immutable/ImmutableCollection
instanceKlass org/jetbrains/kotlin/kotlinx/collections/immutable/implementations/immutableList/UtilsKt
instanceKlass org/jetbrains/kotlin/kotlinx/collections/immutable/implementations/immutableMap/TrieNodeKt
instanceKlass java/util/concurrent/atomic/AtomicBoolean
instanceKlass java/util/concurrent/atomic/AtomicLongFieldUpdater$CASUpdater$1
instanceKlass java/util/concurrent/atomic/AtomicLongFieldUpdater
instanceKlass org/jetbrains/kotlin/kotlinx/collections/immutable/implementations/immutableMap/TrieNode$Companion
instanceKlass org/jetbrains/kotlin/kotlinx/collections/immutable/implementations/immutableMap/TrieNode
instanceKlass org/jetbrains/kotlin/kotlinx/collections/immutable/implementations/immutableMap/PersistentHashMap$Companion
instanceKlass kotlin/collections/AbstractMap$Companion
instanceKlass kotlin/collections/AbstractMap
instanceKlass org/jetbrains/kotlin/kotlinx/collections/immutable/PersistentMap
instanceKlass org/jetbrains/kotlin/kotlinx/collections/immutable/ImmutableMap
instanceKlass org/jetbrains/kotlin/kotlinx/collections/immutable/ExtensionsKt
instanceKlass org/jetbrains/kotlin/com/intellij/openapi/application/CachedSingletonsRegistry
instanceKlass org/jetbrains/kotlin/com/intellij/openapi/vfs/newvfs/BulkFileListener
instanceKlass org/jetbrains/kotlin/com/intellij/util/messages/Topic
instanceKlass org/jetbrains/kotlin/com/intellij/openapi/vfs/VirtualFileManager
instanceKlass org/jetbrains/kotlin/com/intellij/openapi/extensions/ExtensionPointListener$Companion
instanceKlass org/jetbrains/kotlin/com/intellij/openapi/util/EmptyRunnable
instanceKlass org/jetbrains/kotlin/com/intellij/openapi/extensions/impl/ExtensionComponentAdapter
instanceKlass org/jetbrains/kotlin/com/intellij/openapi/extensions/LoadingOrder$Orderable
instanceKlass org/jetbrains/kotlin/com/intellij/openapi/extensions/ExtensionPointAdapter
instanceKlass org/jetbrains/kotlin/com/intellij/openapi/extensions/ExtensionPointListener
instanceKlass org/jetbrains/kotlin/com/intellij/openapi/extensions/impl/ExtensionPointImpl
instanceKlass org/jetbrains/kotlin/com/intellij/openapi/extensions/ExtensionPoint
instanceKlass org/jetbrains/kotlin/com/intellij/openapi/extensions/PluginId
instanceKlass org/jetbrains/kotlin/com/intellij/openapi/extensions/DefaultPluginDescriptor
instanceKlass org/jetbrains/kotlin/com/intellij/openapi/vfs/VirtualFileManagerListener
instanceKlass java/util/EventObject
instanceKlass org/jetbrains/kotlin/com/intellij/openapi/editor/ex/DocumentEx
instanceKlass org/jetbrains/kotlin/com/intellij/openapi/editor/Document
instanceKlass org/jetbrains/kotlin/com/intellij/openapi/fileEditor/FileDocumentManager
instanceKlass org/jetbrains/kotlin/com/intellij/openapi/vfs/impl/ArchiveHandler
instanceKlass org/jetbrains/kotlin/com/intellij/util/EventDispatcher
instanceKlass org/jetbrains/kotlin/com/intellij/openapi/vfs/VirtualFileListener
instanceKlass org/jetbrains/kotlin/com/intellij/util/ArrayUtil
instanceKlass org/jetbrains/kotlin/com/intellij/util/ArrayFactory
instanceKlass java/util/AbstractList$Itr
instanceKlass org/jetbrains/kotlin/com/intellij/openapi/extensions/Extensions
instanceKlass org/jetbrains/kotlin/com/intellij/openapi/util/ObjectNode$ListNodeChildren
instanceKlass org/jetbrains/kotlin/com/intellij/openapi/util/Disposer$CheckedDisposableImpl
instanceKlass org/jetbrains/kotlin/com/intellij/openapi/util/CheckedDisposable
instanceKlass org/jetbrains/kotlin/com/intellij/openapi/extensions/impl/ExtensionsAreaImpl
instanceKlass org/jetbrains/kotlin/com/intellij/util/pico/DefaultPicoContainer$InstanceComponentAdapter
instanceKlass org/jetbrains/kotlin/com/intellij/util/pico/DefaultPicoContainer$LinkedHashSetWrapper
instanceKlass org/jetbrains/kotlin/org/picocontainer/ComponentAdapter
instanceKlass org/jetbrains/kotlin/com/intellij/util/messages/impl/MessageQueue
instanceKlass org/jetbrains/kotlin/com/intellij/util/messages/impl/CompositeMessageBusKt
instanceKlass org/jetbrains/kotlin/com/intellij/openapi/util/Disposer$1
instanceKlass java/util/concurrent/ConcurrentLinkedQueue$Node
instanceKlass org/jetbrains/kotlin/com/intellij/util/messages/impl/MessageBusImpl$Companion
instanceKlass org/jetbrains/kotlin/com/intellij/util/messages/impl/MessageBusImpl
instanceKlass org/jetbrains/kotlin/com/intellij/util/messages/impl/MessageBusEx
instanceKlass org/jetbrains/kotlin/com/intellij/util/messages/MessageBusFactory
instanceKlass org/jetbrains/kotlin/com/intellij/util/keyFMap/DebugFMap
instanceKlass org/jetbrains/kotlin/com/intellij/util/keyFMap/EmptyFMap
instanceKlass org/jetbrains/kotlin/com/intellij/util/keyFMap/KeyFMap
instanceKlass kotlinx/coroutines/CoroutineScope
instanceKlass org/jetbrains/kotlin/com/intellij/openapi/application/ModalityState
instanceKlass org/jetbrains/kotlin/com/intellij/openapi/extensions/ExtensionsArea
instanceKlass org/jetbrains/kotlin/com/intellij/util/pico/DefaultPicoContainer
instanceKlass org/jetbrains/kotlin/com/intellij/util/messages/MessageBus
instanceKlass org/jetbrains/kotlin/com/intellij/openapi/fileTypes/UnknownFileType
instanceKlass org/jetbrains/kotlin/com/intellij/util/text/CharArrayCharSequence
instanceKlass org/jetbrains/kotlin/com/intellij/util/text/CharSequenceBackedByArray
instanceKlass org/jetbrains/kotlin/com/intellij/openapi/util/text/CharSequenceWithStringHash
instanceKlass org/jetbrains/kotlin/com/intellij/openapi/util/text/Strings
instanceKlass org/jetbrains/kotlin/com/intellij/util/text/StringKt
instanceKlass sun/nio/fs/WindowsChannelFactory$2
instanceKlass sun/nio/fs/WindowsChannelFactory$Flags
instanceKlass sun/nio/fs/WindowsChannelFactory$1
instanceKlass sun/nio/fs/WindowsChannelFactory
instanceKlass sun/nio/fs/WindowsSecurityDescriptor
instanceKlass java/nio/file/attribute/FileAttribute
instanceKlass java/nio/channels/spi/AbstractInterruptibleChannel
instanceKlass java/nio/channels/InterruptibleChannel
instanceKlass java/nio/channels/ScatteringByteChannel
instanceKlass java/nio/channels/GatheringByteChannel
instanceKlass java/nio/channels/SeekableByteChannel
instanceKlass java/nio/channels/ByteChannel
instanceKlass java/nio/channels/WritableByteChannel
instanceKlass java/nio/channels/ReadableByteChannel
instanceKlass java/nio/channels/Channel
instanceKlass java/nio/file/FileChannelLinesSpliterator
instanceKlass java/util/function/UnaryOperator
instanceKlass org/jetbrains/kotlin/com/intellij/util/ObjectUtils$Sentinel
instanceKlass org/jetbrains/kotlin/com/intellij/util/ObjectUtils
instanceKlass org/jetbrains/kotlin/com/intellij/util/concurrency/SynchronizedClearableLazy$Companion
instanceKlass org/jetbrains/kotlin/com/intellij/util/concurrency/SynchronizedClearableLazy
instanceKlass org/jetbrains/kotlin/com/intellij/openapi/util/registry/EarlyAccessRegistryManagerKt
instanceKlass org/jetbrains/kotlin/com/intellij/openapi/util/registry/EarlyAccessRegistryManager
instanceKlass org/jetbrains/kotlin/com/intellij/ide/plugins/DisabledPluginsState$Companion
instanceKlass org/jetbrains/kotlin/com/intellij/ide/plugins/DisabledPluginsState
instanceKlass org/jetbrains/kotlin/com/intellij/ide/plugins/PluginEnabler$Headless
instanceKlass org/jetbrains/kotlin/com/intellij/ide/plugins/PluginEnabler
instanceKlass org/jetbrains/kotlin/cli/jvm/compiler/KotlinCoreApplicationEnvironmentMode$UnitTest
instanceKlass org/jetbrains/kotlin/cli/jvm/compiler/KotlinCoreApplicationEnvironment$Companion
instanceKlass org/jetbrains/kotlin/com/intellij/lang/ParserDefinition
instanceKlass org/jetbrains/kotlin/com/intellij/openapi/fileTypes/FileType
instanceKlass org/jetbrains/kotlin/com/intellij/concurrency/JobLauncher
instanceKlass org/jetbrains/kotlin/com/intellij/openapi/util/UserDataHolderEx
instanceKlass org/jetbrains/kotlin/com/intellij/util/messages/MessageBusOwner
instanceKlass org/jetbrains/kotlin/com/intellij/openapi/application/ex/ApplicationEx
instanceKlass org/jetbrains/kotlin/org/picocontainer/MutablePicoContainer
instanceKlass org/jetbrains/kotlin/org/picocontainer/PicoContainer
instanceKlass org/jetbrains/kotlin/com/intellij/openapi/progress/ProgressIndicatorProvider
instanceKlass org/jetbrains/kotlin/com/intellij/openapi/util/SimpleModificationTracker
instanceKlass org/jetbrains/kotlin/com/intellij/openapi/util/KeyedExtensionCollector
instanceKlass org/jetbrains/kotlin/com/intellij/openapi/util/ModificationTracker
instanceKlass org/jetbrains/kotlin/com/intellij/openapi/extensions/PluginDescriptor
instanceKlass org/jetbrains/kotlin/com/intellij/openapi/fileTypes/FileTypeRegistry
instanceKlass org/jetbrains/kotlin/com/intellij/openapi/application/Application
instanceKlass org/jetbrains/kotlin/com/intellij/openapi/components/ComponentManager
instanceKlass org/jetbrains/kotlin/com/intellij/openapi/util/UserDataHolder
instanceKlass org/jetbrains/kotlin/com/intellij/openapi/extensions/AreaInstance
instanceKlass org/jetbrains/kotlin/com/intellij/core/CoreApplicationEnvironment
instanceKlass org/jetbrains/kotlin/cli/jvm/compiler/KotlinCoreApplicationEnvironmentMode$Production
instanceKlass org/jetbrains/kotlin/cli/jvm/compiler/KotlinCoreApplicationEnvironmentMode
instanceKlass org/jetbrains/kotlin/cli/jvm/compiler/KotlinCoreEnvironment$Companion
instanceKlass org/jetbrains/kotlin/cli/jvm/compiler/KotlinCoreEnvironment
instanceKlass org/jetbrains/kotlin/com/intellij/openapi/util/Condition$3
instanceKlass org/jetbrains/kotlin/com/intellij/openapi/util/Condition$2
instanceKlass org/jetbrains/kotlin/com/intellij/openapi/util/Condition$1
instanceKlass org/jetbrains/kotlin/com/intellij/openapi/util/Condition
instanceKlass org/jetbrains/kotlin/com/intellij/util/containers/FastUtilCaseInsensitiveStringHashingStrategy
instanceKlass org/jetbrains/kotlin/com/intellij/util/containers/FastUtilHashingStrategies$1
instanceKlass org/jetbrains/kotlin/com/intellij/util/containers/FastUtilHashingStrategies$SerializableHashStrategy
instanceKlass org/jetbrains/kotlin/com/intellij/util/containers/FastUtilCharSequenceHashingStrategy
instanceKlass org/jetbrains/kotlin/com/intellij/util/containers/FastUtilHashingStrategies
instanceKlass org/jetbrains/kotlin/it/unimi/dsi/fastutil/objects/ObjectSpliterator
instanceKlass org/jetbrains/kotlin/it/unimi/dsi/fastutil/objects/ObjectIterator
instanceKlass jdk/internal/math/FloatingDecimal$ASCIIToBinaryBuffer
instanceKlass jdk/internal/math/FloatingDecimal$PreparedASCIIToBinaryBuffer
instanceKlass jdk/internal/math/FloatingDecimal$ASCIIToBinaryConverter
instanceKlass jdk/internal/math/FloatingDecimal$BinaryToASCIIBuffer
instanceKlass jdk/internal/math/FloatingDecimal$ExceptionalBinaryToASCIIBuffer
instanceKlass jdk/internal/math/FloatingDecimal$BinaryToASCIIConverter
instanceKlass jdk/internal/math/FloatingDecimal
instanceKlass java/util/regex/ASCII
instanceKlass org/jetbrains/kotlin/com/intellij/openapi/util/SystemInfoRt
instanceKlass org/jetbrains/kotlin/com/intellij/openapi/util/registry/Registry$1
instanceKlass org/jetbrains/kotlin/com/intellij/openapi/util/registry/RegistryValueListener
instanceKlass org/jetbrains/kotlin/com/intellij/openapi/util/registry/Registry
instanceKlass sun/nio/fs/WindowsPath$1
instanceKlass org/jetbrains/kotlin/utils/JavaSdkUtil
instanceKlass org/jetbrains/kotlin/cli/jvm/config/JvmContentRootsKt
instanceKlass org/jetbrains/kotlin/cli/jvm/config/JvmClasspathRoot
instanceKlass org/jetbrains/kotlin/cli/jvm/config/JvmContentRoot
instanceKlass org/jetbrains/kotlin/cli/jvm/config/JvmClasspathRootBase
instanceKlass org/jetbrains/kotlin/cli/jvm/config/JvmContentRootBase
instanceKlass org/jetbrains/kotlin/cli/common/config/KotlinSourceRoot
instanceKlass org/jetbrains/kotlin/cli/common/config/ContentRoot
instanceKlass org/jetbrains/kotlin/cli/common/config/ContentRootsKt
instanceKlass org/jetbrains/kotlin/cli/jvm/compiler/KotlinToJVMBytecodeCompilerKt
instanceKlass org/jetbrains/kotlin/cli/common/modules/ModuleChunk
instanceKlass org/jetbrains/kotlin/cli/jvm/compiler/CliCompilerUtilsKt
instanceKlass org/jetbrains/kotlin/cli/common/modules/ModuleBuilder
instanceKlass org/jetbrains/kotlin/modules/Module
instanceKlass org/jetbrains/kotlin/cli/jvm/K2JVMCompilerKt
instanceKlass org/jetbrains/kotlin/config/JvmSerializeIrMode$Companion
instanceKlass org/jetbrains/kotlin/config/JvmAbiStability$Companion
instanceKlass org/jetbrains/kotlin/com/intellij/util/containers/ConcurrentFactoryMap
instanceKlass org/jetbrains/kotlin/com/intellij/util/Function
instanceKlass org/jetbrains/kotlin/cli/jvm/modules/CoreJrtFileSystem$Companion
instanceKlass org/jetbrains/kotlin/com/intellij/openapi/extensions/ExtensionPointName$Companion
instanceKlass org/jetbrains/kotlin/com/intellij/openapi/extensions/BaseExtensionPointName
instanceKlass java/util/EventListener
instanceKlass org/jetbrains/kotlin/com/intellij/openapi/vfs/VirtualFileSystem
instanceKlass org/jetbrains/kotlin/assignment/plugin/AssignmentConfigurationKeys
instanceKlass org/jetbrains/kotlin/samWithReceiver/SamWithReceiverConfigurationKeys
instanceKlass org/jetbrains/kotlin/com/intellij/util/containers/MultiMap
instanceKlass org/jetbrains/kotlin/compiler/plugin/CliOptionValue
instanceKlass java/util/regex/IntHashSet
instanceKlass java/util/regex/Matcher
instanceKlass java/util/regex/MatchResult
instanceKlass org/jetbrains/kotlin/compiler/plugin/CliOptionsKt
instanceKlass org/jetbrains/kotlin/assignment/plugin/AssignmentCommandLineProcessor$Companion
instanceKlass org/jetbrains/kotlin/assignment/plugin/AssignmentCommandLineProcessor
instanceKlass org/jetbrains/kotlin/samWithReceiver/SamWithReceiverPluginNames
instanceKlass org/jetbrains/kotlin/samWithReceiver/SamWithReceiverCommandLineProcessor$Companion
instanceKlass org/jetbrains/kotlin/samWithReceiver/SamWithReceiverCommandLineProcessor
instanceKlass org/jetbrains/kotlin/compiler/plugin/CliOption
instanceKlass org/jetbrains/kotlin/compiler/plugin/AbstractCliOption
instanceKlass org/jetbrains/kotlin/scripting/compiler/plugin/ScriptingCommandLineProcessor$Companion
instanceKlass org/jetbrains/kotlin/scripting/compiler/plugin/ScriptingCommandLineProcessor
instanceKlass org/jetbrains/kotlin/compiler/plugin/CommandLineProcessor
instanceKlass org/jetbrains/kotlin/scripting/compiler/plugin/ScriptingK2CompilerPluginRegistrar$Companion
instanceKlass org/jetbrains/kotlin/compiler/plugin/CompilerPluginRegistrar$Companion
instanceKlass org/jetbrains/kotlin/compiler/plugin/CompilerPluginRegistrar
instanceKlass org/jetbrains/kotlin/compiler/plugin/ComponentRegistrar$Companion
instanceKlass org/jetbrains/kotlin/scripting/compiler/plugin/ScriptingCompilerConfigurationComponentRegistrar
instanceKlass java/io/FilePermissionCollection$1
instanceKlass java/security/Security$2
instanceKlass jdk/internal/access/JavaSecurityPropertiesAccess
instanceKlass java/util/concurrent/ConcurrentHashMap$MapEntry
instanceKlass java/util/Properties$LineReader
instanceKlass java/security/Security$1
instanceKlass java/security/Security
instanceKlass sun/security/util/SecurityProperties
instanceKlass sun/security/util/FilePermCompat
instanceKlass java/io/FilePermission$1
instanceKlass jdk/internal/access/JavaIOFilePermissionAccess
instanceKlass sun/net/www/MessageHeader
instanceKlass java/net/URLClassLoader$1
instanceKlass java/io/RandomAccessFile$1
instanceKlass kotlin/io/LinesSequence$iterator$1
instanceKlass kotlin/io/LinesSequence
instanceKlass kotlin/io/TextStreamsKt
instanceKlass kotlin/io/FilesKt__FilePathComponentsKt
instanceKlass sun/nio/fs/WindowsUriSupport
instanceKlass org/jetbrains/kotlin/compiler/plugin/ComponentRegistrar
instanceKlass org/jetbrains/kotlin/util/ServiceLoaderLite
instanceKlass org/jetbrains/kotlin/cli/jvm/plugins/PluginCliParser
instanceKlass org/jetbrains/kotlin/cli/common/CLICompilerKt
instanceKlass org/jetbrains/kotlin/cli/plugins/PluginsOptionsParserKt
instanceKlass kotlin/collections/ArrayAsCollection
instanceKlass org/jetbrains/kotlin/backend/common/phaser/PhaseConfig
instanceKlass org/jetbrains/kotlin/backend/common/phaser/PhaseConfigKt
instanceKlass org/jetbrains/kotlin/cli/common/CreatePhaseConfigKt
instanceKlass org/jetbrains/kotlin/backend/jvm/lower/ResolveInlineCalls
instanceKlass org/jetbrains/kotlin/backend/jvm/lower/GenerateMultifileFacades
instanceKlass org/jetbrains/kotlin/backend/jvm/lower/InlinedClassReferencesBoxingLowering
instanceKlass org/jetbrains/kotlin/backend/jvm/lower/MarkNecessaryInlinedClassesAsRegeneratedLowering
instanceKlass org/jetbrains/kotlin/backend/jvm/lower/ApiVersionIsAtLeastEvaluationLowering
instanceKlass org/jetbrains/kotlin/backend/jvm/lower/RepeatedAnnotationLowering
instanceKlass org/jetbrains/kotlin/backend/jvm/lower/JvmStaticInObjectLowering
instanceKlass org/jetbrains/kotlin/backend/jvm/lower/FileClassLowering
instanceKlass org/jetbrains/kotlin/backend/jvm/lower/ScriptsToClassesLowering
instanceKlass org/jetbrains/kotlin/backend/jvm/lower/SerializeIrPhase
instanceKlass org/jetbrains/kotlin/backend/common/lower/ConstEvaluationLowering
instanceKlass org/jetbrains/kotlin/backend/common/ir/ExpectSymbolTransformer
instanceKlass org/jetbrains/kotlin/backend/jvm/lower/ProcessOptionalAnnotations
instanceKlass org/jetbrains/kotlin/backend/common/phaser/IrValidationPhase
instanceKlass org/jetbrains/kotlin/backend/jvm/lower/ExternalPackageParentPatcherLowering
instanceKlass org/jetbrains/kotlin/backend/jvm/lower/FakeLocalVariablesForIrInlinerLowering
instanceKlass org/jetbrains/kotlin/backend/jvm/ir/IrInlineReferenceLocator
instanceKlass org/jetbrains/kotlin/backend/jvm/lower/FakeInliningLocalVariables
instanceKlass org/jetbrains/kotlin/backend/jvm/lower/RenameFieldsLowering
instanceKlass org/jetbrains/kotlin/backend/jvm/lower/ReplaceNumberToCharCallSitesLowering
instanceKlass org/jetbrains/kotlin/backend/common/lower/KotlinNothingValueExceptionLowering
instanceKlass org/jetbrains/kotlin/backend/jvm/lower/ReplaceKFunctionInvokeWithFunctionInvoke
instanceKlass org/jetbrains/kotlin/backend/jvm/lower/RecordEnclosingMethodsLowering
instanceKlass org/jetbrains/kotlin/backend/jvm/lower/AdditionalClassAnnotationLowering
instanceKlass org/jetbrains/kotlin/backend/jvm/lower/JvmOptimizationLowering
instanceKlass org/jetbrains/kotlin/backend/jvm/lower/JvmSafeCallChainFoldingLowering
instanceKlass org/jetbrains/kotlin/backend/jvm/lower/ToArrayLowering
instanceKlass org/jetbrains/kotlin/backend/jvm/lower/JvmArgumentNullabilityAssertionsLowering
instanceKlass org/jetbrains/kotlin/backend/jvm/lower/SyntheticAccessorLowering
instanceKlass org/jetbrains/kotlin/backend/jvm/lower/BridgeLowering
instanceKlass org/jetbrains/kotlin/backend/jvm/lower/JvmStaticInCompanionLowering
instanceKlass org/jetbrains/kotlin/backend/common/lower/InitializersCleanupLowering
instanceKlass org/jetbrains/kotlin/backend/jvm/lower/UniqueLoopLabelsLowering
instanceKlass org/jetbrains/kotlin/backend/common/lower/InitializersLoweringBase
instanceKlass org/jetbrains/kotlin/backend/jvm/lower/ObjectClassLowering
instanceKlass org/jetbrains/kotlin/backend/jvm/lower/EnumClassLowering
instanceKlass org/jetbrains/kotlin/backend/common/lower/InnerClassConstructorCallsLowering
instanceKlass org/jetbrains/kotlin/backend/common/lower/InnerClassesMemberBodyLowering
instanceKlass org/jetbrains/kotlin/backend/common/lower/InnerClassesLowering
instanceKlass org/jetbrains/kotlin/backend/jvm/lower/TailCallOptimizationLowering
instanceKlass org/jetbrains/kotlin/backend/jvm/lower/InterfaceObjectCallsLowering
instanceKlass org/jetbrains/kotlin/ir/visitors/IrElementVisitorVoid
instanceKlass jdk/internal/misc/ScopedMemoryAccess$Scope
instanceKlass org/jetbrains/kotlin/backend/jvm/lower/ReplaceDefaultImplsOverriddenSymbols
instanceKlass org/jetbrains/kotlin/backend/jvm/lower/InheritedDefaultMethodsOnClassesLowering
instanceKlass org/jetbrains/kotlin/backend/common/lower/DefaultParameterCleaner
instanceKlass kotlin/reflect/jvm/internal/pcollections/ConsPStack$Itr
instanceKlass org/jetbrains/kotlin/backend/common/lower/DefaultArgumentStubGenerator
instanceKlass org/jetbrains/kotlin/backend/common/DeclarationTransformer
instanceKlass org/jetbrains/kotlin/backend/jvm/lower/JvmDefaultConstructorLowering
instanceKlass org/jetbrains/kotlin/backend/common/lower/LocalClassPopupLowering
instanceKlass org/jetbrains/kotlin/backend/jvm/lower/RemoveDuplicatedInlinedLocalClassesLowering
instanceKlass org/jetbrains/kotlin/backend/common/lower/LocalDeclarationsLowering
instanceKlass org/jetbrains/kotlin/backend/common/lower/SharedVariablesLowering
instanceKlass org/jetbrains/kotlin/backend/common/lower/ReturnableBlockLowering
instanceKlass org/jetbrains/kotlin/backend/jvm/lower/AssertionLowering
instanceKlass org/jetbrains/kotlin/backend/common/lower/TailrecLowering
instanceKlass org/jetbrains/kotlin/backend/jvm/lower/CollectionStubMethodLowering
instanceKlass org/jetbrains/kotlin/backend/common/lower/loops/ForLoopsLowering
instanceKlass org/jetbrains/kotlin/backend/common/lower/RangeContainsLowering
instanceKlass org/jetbrains/kotlin/backend/jvm/lower/JvmBuiltInsLowering
instanceKlass org/jetbrains/kotlin/backend/jvm/lower/MoveOrCopyCompanionObjectFieldsLowering
instanceKlass org/jetbrains/kotlin/backend/common/lower/ArrayConstructorLowering
instanceKlass org/jetbrains/kotlin/backend/jvm/lower/SingletonOrConstantDelegationLowering
instanceKlass org/jetbrains/kotlin/backend/jvm/lower/PropertyReferenceDelegationLowering
instanceKlass org/jetbrains/kotlin/backend/jvm/lower/SuspendLoweringUtils
instanceKlass org/jetbrains/kotlin/ir/inline/InlineCallableReferenceToLambdaPhase
instanceKlass org/jetbrains/kotlin/backend/common/lower/InventNamesForLocalClasses
instanceKlass org/jetbrains/kotlin/backend/jvm/lower/JvmLateinitLowering
instanceKlass org/jetbrains/kotlin/ir/visitors/IrElementTransformerVoid
instanceKlass org/jetbrains/kotlin/backend/jvm/lower/PolymorphicSignatureLowering
instanceKlass org/jetbrains/kotlin/backend/common/lower/AnnotationImplementationLowering
instanceKlass org/jetbrains/kotlin/backend/jvm/lower/AnnotationLowering
instanceKlass org/jetbrains/kotlin/backend/jvm/lower/MainMethodGenerationLowering
instanceKlass org/jetbrains/kotlin/backend/jvm/lower/JvmOverloadsAnnotationLowering
instanceKlass org/jetbrains/kotlin/backend/common/lower/ProvisionalFunctionExpressionLowering
instanceKlass org/jetbrains/kotlin/ir/visitors/IrElementTransformer
instanceKlass org/jetbrains/kotlin/ir/visitors/IrElementVisitor
instanceKlass org/jetbrains/kotlin/backend/common/BodyLoweringPass
instanceKlass org/jetbrains/kotlin/backend/jvm/lower/TypeAliasAnnotationMethodsLowering
instanceKlass org/jetbrains/kotlin/backend/common/ClassLoweringPass
instanceKlass org/jetbrains/kotlin/backend/jvm/JvmLoweringPhasesKt
instanceKlass org/jetbrains/kotlin/backend/jvm/GenerateAdditionalClassesPhase
instanceKlass org/jetbrains/kotlin/backend/common/phaser/CompositePhase
instanceKlass org/jetbrains/kotlin/backend/common/phaser/PerformByIrFilePhase
instanceKlass org/jetbrains/kotlin/backend/common/phaser/SameTypeCompilerPhase
instanceKlass org/jetbrains/kotlin/backend/common/phaser/PerformByIrFileKt
instanceKlass org/jetbrains/kotlin/backend/common/phaser/AbstractNamedCompilerPhase
instanceKlass org/jetbrains/kotlin/backend/common/phaser/CompilerPhase
instanceKlass org/jetbrains/kotlin/backend/common/phaser/PhaseBuildersKt
instanceKlass org/jetbrains/kotlin/ir/IrElementBase
instanceKlass org/jetbrains/kotlin/ir/declarations/IrSymbolOwner
instanceKlass org/jetbrains/kotlin/ir/declarations/IrDeclarationContainer
instanceKlass org/jetbrains/kotlin/ir/declarations/IrDeclarationParent
instanceKlass org/jetbrains/kotlin/ir/declarations/IrMutableAnnotationContainer
instanceKlass org/jetbrains/kotlin/ir/declarations/IrAnnotationContainer
instanceKlass org/jetbrains/kotlin/ir/declarations/IrMetadataSourceOwner
instanceKlass org/jetbrains/kotlin/ir/IrElement
instanceKlass org/jetbrains/kotlin/backend/common/phaser/PhaserState
instanceKlass org/jetbrains/kotlin/backend/common/phaser/PhaseConfigurationService
instanceKlass kotlin/Unit
instanceKlass org/jetbrains/kotlin/backend/common/phaser/ActionState
instanceKlass org/jetbrains/kotlin/backend/common/phaser/DumperVerifierKt
instanceKlass java/util/Collections$EmptyIterator
instanceKlass java/lang/Class$AnnotationData
instanceKlass kotlin/annotation/Retention
instanceKlass org/jetbrains/kotlin/backend/common/phaser/PhaseDescription
instanceKlass sun/reflect/generics/reflectiveObjects/LazyReflectiveObjectGenerator
instanceKlass sun/reflect/generics/tree/TypeVariableSignature
instanceKlass sun/reflect/generics/reflectiveObjects/ParameterizedTypeImpl
instanceKlass java/lang/reflect/ParameterizedType
instanceKlass org/jetbrains/kotlin/backend/jvm/FileCodegen
instanceKlass org/jetbrains/kotlin/backend/common/FileLoweringPass
instanceKlass org/jetbrains/kotlin/backend/common/ModuleLoweringPass
instanceKlass org/jetbrains/kotlin/backend/jvm/JvmBackendContext
instanceKlass org/jetbrains/kotlin/backend/common/CommonBackendContext
instanceKlass org/jetbrains/kotlin/backend/common/phaser/BackendContextHolder
instanceKlass org/jetbrains/kotlin/backend/common/LoggingContext
instanceKlass org/jetbrains/kotlin/backend/common/ErrorReportingContext
instanceKlass org/jetbrains/kotlin/backend/common/BackendContext
instanceKlass sun/reflect/generics/tree/ClassSignature
instanceKlass sun/reflect/generics/tree/Signature
instanceKlass sun/reflect/generics/tree/FormalTypeParameter
instanceKlass java/lang/reflect/TypeVariable
instanceKlass sun/reflect/generics/repository/AbstractRepository
instanceKlass org/jetbrains/kotlin/backend/common/phaser/PhaseFactoriesKt
instanceKlass org/jetbrains/kotlin/backend/jvm/JvmPhasesKt
instanceKlass org/jetbrains/kotlin/cli/common/environment/UtilKt
instanceKlass org/jetbrains/kotlin/com/intellij/util/containers/CanonicalHashingStrategy
instanceKlass org/jetbrains/kotlin/com/intellij/util/containers/ConcurrentRefHashMap$HardKey
instanceKlass org/jetbrains/kotlin/com/intellij/util/containers/ConcurrentRefHashMap$1
instanceKlass org/jetbrains/kotlin/com/intellij/util/containers/ConcurrentRefHashMap$KeyReference
instanceKlass org/jetbrains/kotlin/com/intellij/openapi/util/ObjectNode$1
instanceKlass org/jetbrains/kotlin/com/intellij/openapi/util/Disposer$2
instanceKlass org/jetbrains/kotlin/com/intellij/openapi/util/ObjectNode$NodeChildren
instanceKlass org/jetbrains/kotlin/com/intellij/openapi/util/ObjectNode
instanceKlass org/jetbrains/kotlin/it/unimi/dsi/fastutil/objects/Object2ObjectMap$FastEntrySet
instanceKlass org/jetbrains/kotlin/it/unimi/dsi/fastutil/objects/AbstractObject2ObjectFunction
instanceKlass org/jetbrains/kotlin/it/unimi/dsi/fastutil/objects/Object2ObjectMap
instanceKlass org/jetbrains/kotlin/it/unimi/dsi/fastutil/objects/Object2ObjectFunction
instanceKlass org/jetbrains/kotlin/com/intellij/util/containers/RefHashMap$HardKey
instanceKlass org/jetbrains/kotlin/com/intellij/util/containers/RefHashMap$Key
instanceKlass org/jetbrains/kotlin/com/intellij/util/containers/IdentityHashingStrategy
instanceKlass org/jetbrains/kotlin/com/intellij/util/containers/HashingStrategy
instanceKlass org/jetbrains/kotlin/it/unimi/dsi/fastutil/Hash$Strategy
instanceKlass org/jetbrains/kotlin/com/intellij/util/containers/CollectionFactory
instanceKlass org/jetbrains/kotlin/it/unimi/dsi/fastutil/objects/Reference2ObjectMap$FastEntrySet
instanceKlass org/jetbrains/kotlin/it/unimi/dsi/fastutil/objects/ReferenceSet
instanceKlass org/jetbrains/kotlin/it/unimi/dsi/fastutil/objects/ReferenceCollection
instanceKlass org/jetbrains/kotlin/it/unimi/dsi/fastutil/objects/AbstractReference2ObjectFunction
instanceKlass org/jetbrains/kotlin/it/unimi/dsi/fastutil/objects/Reference2ObjectMap
instanceKlass org/jetbrains/kotlin/it/unimi/dsi/fastutil/objects/Reference2ObjectFunction
instanceKlass org/jetbrains/kotlin/com/intellij/openapi/util/ObjectTree
instanceKlass org/jetbrains/kotlin/com/intellij/openapi/util/Disposer
instanceKlass kotlin/reflect/jvm/internal/impl/name/SpecialNames
instanceKlass kotlin/reflect/jvm/internal/impl/builtins/CompanionObjectMapping
instanceKlass kotlin/reflect/jvm/internal/impl/name/FqNamesUtilKt
instanceKlass kotlin/reflect/jvm/internal/impl/utils/CollectionsKt
instanceKlass kotlin/reflect/jvm/internal/impl/builtins/PrimitiveType$Companion
instanceKlass kotlin/reflect/jvm/internal/impl/builtins/StandardNames$FqNames
instanceKlass kotlin/reflect/jvm/internal/impl/builtins/jvm/JavaToKotlinClassMap$PlatformMutabilityMapping
instanceKlass kotlin/reflect/jvm/internal/impl/builtins/functions/FunctionClassKind$Companion
instanceKlass kotlin/collections/SetsKt__SetsJVMKt
instanceKlass kotlin/reflect/jvm/internal/impl/builtins/StandardNames
instanceKlass kotlin/reflect/jvm/internal/impl/builtins/jvm/JavaToKotlinClassMap
instanceKlass kotlin/jvm/functions/Function22
instanceKlass kotlin/jvm/functions/Function21
instanceKlass kotlin/jvm/functions/Function20
instanceKlass kotlin/jvm/functions/Function19
instanceKlass kotlin/jvm/functions/Function18
instanceKlass kotlin/jvm/functions/Function17
instanceKlass kotlin/jvm/functions/Function16
instanceKlass kotlin/jvm/functions/Function15
instanceKlass kotlin/jvm/functions/Function14
instanceKlass kotlin/jvm/functions/Function13
instanceKlass kotlin/jvm/functions/Function12
instanceKlass kotlin/jvm/functions/Function11
instanceKlass kotlin/jvm/functions/Function10
instanceKlass kotlin/jvm/functions/Function9
instanceKlass kotlin/jvm/functions/Function8
instanceKlass kotlin/jvm/functions/Function7
instanceKlass kotlin/jvm/functions/Function6
instanceKlass kotlin/jvm/functions/Function5
instanceKlass kotlin/jvm/functions/Function4
instanceKlass kotlin/jvm/functions/Function3
instanceKlass kotlin/reflect/jvm/internal/impl/descriptors/runtime/structure/ReflectClassUtilKt
instanceKlass kotlin/reflect/jvm/internal/impl/name/ClassId
instanceKlass kotlin/reflect/jvm/internal/impl/name/FqNameUnsafe$1
instanceKlass kotlin/reflect/jvm/internal/impl/name/Name
instanceKlass kotlin/reflect/jvm/internal/impl/name/FqNameUnsafe
instanceKlass kotlin/reflect/jvm/internal/impl/name/FqName
instanceKlass kotlin/reflect/jvm/internal/RuntimeTypeMapper
instanceKlass sun/reflect/misc/ReflectUtil
instanceKlass java/util/concurrent/atomic/AtomicReferenceFieldUpdater$AtomicReferenceFieldUpdaterImpl$1
instanceKlass java/util/concurrent/atomic/AtomicReferenceFieldUpdater
instanceKlass kotlin/SafePublicationLazyImpl$Companion
instanceKlass kotlin/SafePublicationLazyImpl
instanceKlass kotlin/LazyKt__LazyJVMKt$WhenMappings
instanceKlass kotlin/reflect/jvm/internal/KPropertyImpl$Companion
instanceKlass kotlin/reflect/jvm/internal/KCallableImpl
instanceKlass kotlin/reflect/jvm/internal/KDeclarationContainerImpl$Data
instanceKlass org/jetbrains/kotlin/progress/ProgressIndicatorAndCompilationCanceledStatus
instanceKlass org/jetbrains/kotlin/progress/CompilationCanceledStatus
instanceKlass org/jetbrains/kotlin/com/google/common/collect/LinkedHashMultimap$1
instanceKlass java/util/stream/MatchOps$BooleanTerminalSink
instanceKlass java/util/stream/Sink
instanceKlass java/util/stream/MatchOps$MatchOp
instanceKlass java/util/stream/TerminalOp
instanceKlass java/util/stream/MatchOps
instanceKlass java/util/EnumMap$1
instanceKlass java/util/stream/StreamOpFlag$MaskBuilder
instanceKlass java/util/stream/Stream
instanceKlass java/util/stream/BaseStream
instanceKlass java/util/stream/PipelineHelper
instanceKlass java/util/stream/StreamSupport
instanceKlass java/util/Spliterators$IteratorSpliterator
instanceKlass java/util/Spliterator$OfDouble
instanceKlass java/util/Spliterator$OfLong
instanceKlass java/util/Spliterator$OfInt
instanceKlass java/util/Spliterator$OfPrimitive
instanceKlass java/util/Spliterator
instanceKlass java/util/Spliterators$EmptySpliterator
instanceKlass java/util/Spliterators
instanceKlass org/jetbrains/kotlin/utils/KotlinPathsFromBaseDirectory
instanceKlass org/jetbrains/kotlin/com/intellij/openapi/application/PathManager
instanceKlass java/util/regex/Pattern$BitClass
instanceKlass org/jetbrains/kotlin/utils/PathUtil
instanceKlass org/jetbrains/kotlin/config/JvmClosureGenerationScheme$Companion
instanceKlass org/jetbrains/kotlin/config/JvmTarget$Companion
instanceKlass org/jetbrains/kotlin/platform/TargetPlatformVersion
instanceKlass org/jetbrains/kotlin/config/JVMConfigurationKeys
instanceKlass org/jetbrains/kotlin/cli/jvm/JvmArgumentsKt
instanceKlass org/jetbrains/kotlin/cli/common/arguments/CommonCompilerArguments$WhenMappings
instanceKlass org/jetbrains/kotlin/utils/WrappedValues$ThrowableWrapper
instanceKlass org/jetbrains/kotlin/config/LanguageVersionSettingsKt
instanceKlass org/jetbrains/kotlin/cli/common/arguments/JavaTypeEnhancementStateParser$Companion
instanceKlass org/jetbrains/kotlin/cli/common/arguments/JavaTypeEnhancementStateParser
instanceKlass org/jetbrains/kotlin/config/JvmAnalysisFlags$Delegates$JvmDefaultModeDisabledByDefault
instanceKlass org/jetbrains/kotlin/utils/WrappedValues$1
instanceKlass org/jetbrains/kotlin/utils/WrappedValues
instanceKlass kotlin/collections/EmptyIterator
instanceKlass org/jetbrains/kotlin/name/FqNamesUtilKt
instanceKlass org/jetbrains/kotlin/load/java/NullabilityAnnotationStates$Companion
instanceKlass org/jetbrains/kotlin/load/java/Jsr305Settings
instanceKlass org/jetbrains/kotlin/storage/LockBasedStorageManager$MapBasedMemoizedFunction
instanceKlass org/jetbrains/kotlin/storage/DefaultSimpleLock
instanceKlass org/jetbrains/kotlin/storage/SimpleLock$Companion
instanceKlass org/jetbrains/kotlin/storage/EmptySimpleLock
instanceKlass org/jetbrains/kotlin/storage/LockBasedStorageManager$ExceptionHandlingStrategy$1
instanceKlass org/jetbrains/kotlin/storage/LockBasedStorageManager$ExceptionHandlingStrategy
instanceKlass org/jetbrains/kotlin/storage/CacheWithNotNullValues
instanceKlass org/jetbrains/kotlin/storage/MemoizedFunctionToNotNull
instanceKlass org/jetbrains/kotlin/storage/CacheWithNullableValues
instanceKlass org/jetbrains/kotlin/storage/NotNullLazyValue
instanceKlass org/jetbrains/kotlin/storage/MemoizedFunctionToNullable
instanceKlass org/jetbrains/kotlin/storage/NullableLazyValue
instanceKlass org/jetbrains/kotlin/storage/SimpleLock
instanceKlass org/jetbrains/kotlin/storage/LockBasedStorageManager
instanceKlass org/jetbrains/kotlin/storage/StorageManager
instanceKlass kotlin/TuplesKt
instanceKlass kotlin/KotlinVersionCurrentValue
instanceKlass kotlin/KotlinVersion$Companion
instanceKlass kotlin/KotlinVersion
instanceKlass org/jetbrains/kotlin/load/java/ReportLevel$Companion
instanceKlass org/jetbrains/kotlin/load/java/JavaNullabilityAnnotationsStatus$Companion
instanceKlass org/jetbrains/kotlin/load/java/JavaNullabilityAnnotationsStatus
instanceKlass kotlin/Pair
instanceKlass org/jetbrains/kotlin/load/java/NullabilityAnnotationStatesImpl
instanceKlass org/jetbrains/kotlin/load/java/NullabilityAnnotationStates
instanceKlass org/jetbrains/kotlin/load/java/JavaNullabilityAnnotationSettingsKt
instanceKlass org/jetbrains/kotlin/load/java/JavaTypeEnhancementState$Companion
instanceKlass org/jetbrains/kotlin/load/java/JavaTypeEnhancementState
instanceKlass org/jetbrains/kotlin/config/JvmAnalysisFlags$Delegates$JavaTypeEnhancementStateWarnByDefault
instanceKlass org/jetbrains/kotlin/config/JvmAnalysisFlags
instanceKlass org/jetbrains/kotlin/config/AnalysisFlag$Delegates$ApiModeDisabledByDefault
instanceKlass org/jetbrains/kotlin/config/AnalysisFlag$Delegates$ListOfStrings
instanceKlass org/jetbrains/kotlin/config/AnalysisFlag
instanceKlass org/jetbrains/kotlin/config/AnalysisFlag$Delegate
instanceKlass kotlin/properties/ReadOnlyProperty
instanceKlass org/jetbrains/kotlin/config/AnalysisFlag$Delegates$Boolean
instanceKlass kotlin/reflect/KProperty$Getter
instanceKlass kotlin/reflect/KProperty$Accessor
instanceKlass org/jetbrains/kotlin/config/AnalysisFlags
instanceKlass org/jetbrains/kotlin/config/LanguageVersionSettingsImpl$Companion
instanceKlass org/jetbrains/kotlin/config/LanguageVersionSettings$Companion
instanceKlass org/jetbrains/kotlin/config/LanguageVersionSettingsImpl
instanceKlass org/jetbrains/kotlin/config/IrVerificationMode$Companion
instanceKlass org/jetbrains/kotlin/config/IncrementalCompilation
instanceKlass org/jetbrains/kotlin/cli/common/UtilsKt
instanceKlass org/jetbrains/kotlin/config/CommonConfigurationKeysKt
instanceKlass org/jetbrains/kotlin/com/google/common/collect/AbstractMapEntry
instanceKlass org/jetbrains/kotlin/com/google/common/collect/LinkedHashMultimap$ValueSetLink
instanceKlass org/jetbrains/kotlin/com/google/common/collect/CollectPreconditions
instanceKlass org/jetbrains/kotlin/com/google/common/base/Preconditions
instanceKlass org/jetbrains/kotlin/com/google/common/collect/BiMap
instanceKlass org/jetbrains/kotlin/com/google/common/collect/Maps$EntryTransformer
instanceKlass org/jetbrains/kotlin/com/google/common/base/Converter
instanceKlass org/jetbrains/kotlin/com/google/common/collect/ImmutableMap
instanceKlass org/jetbrains/kotlin/com/google/common/collect/UnmodifiableIterator
instanceKlass org/jetbrains/kotlin/com/google/common/base/Function
instanceKlass org/jetbrains/kotlin/com/google/common/collect/SortedMapDifference
instanceKlass org/jetbrains/kotlin/com/google/common/collect/MapDifference
instanceKlass org/jetbrains/kotlin/com/google/common/collect/Maps
instanceKlass org/jetbrains/kotlin/com/google/common/collect/Platform
instanceKlass org/jetbrains/kotlin/com/google/common/collect/Multiset
instanceKlass org/jetbrains/kotlin/com/google/common/collect/AbstractMultimap
instanceKlass org/jetbrains/kotlin/com/google/common/collect/SetMultimap
instanceKlass org/jetbrains/kotlin/com/google/common/collect/Multimap
instanceKlass org/jetbrains/kotlin/cli/common/messages/GroupingMessageCollector
instanceKlass org/jetbrains/kotlin/config/CommonConfigurationKeys
instanceKlass org/jetbrains/kotlin/it/unimi/dsi/fastutil/HashCommon
instanceKlass org/jetbrains/kotlin/it/unimi/dsi/fastutil/ints/Int2ObjectMap$FastEntrySet
instanceKlass org/jetbrains/kotlin/it/unimi/dsi/fastutil/objects/ObjectSet
instanceKlass org/jetbrains/kotlin/it/unimi/dsi/fastutil/ints/IntSet
instanceKlass org/jetbrains/kotlin/it/unimi/dsi/fastutil/ints/IntCollection
instanceKlass org/jetbrains/kotlin/it/unimi/dsi/fastutil/ints/IntIterable
instanceKlass org/jetbrains/kotlin/it/unimi/dsi/fastutil/objects/ObjectCollection
instanceKlass org/jetbrains/kotlin/it/unimi/dsi/fastutil/objects/ObjectIterable
instanceKlass org/jetbrains/kotlin/it/unimi/dsi/fastutil/ints/AbstractInt2ObjectFunction
instanceKlass org/jetbrains/kotlin/it/unimi/dsi/fastutil/Hash
instanceKlass org/jetbrains/kotlin/it/unimi/dsi/fastutil/ints/Int2ObjectMap
instanceKlass org/jetbrains/kotlin/it/unimi/dsi/fastutil/ints/Int2ObjectFunction
instanceKlass java/util/function/IntFunction
instanceKlass org/jetbrains/kotlin/it/unimi/dsi/fastutil/Function
instanceKlass org/jetbrains/kotlin/com/intellij/util/containers/IntKeyWeakValueHashMap
instanceKlass org/jetbrains/kotlin/com/intellij/openapi/util/Key
instanceKlass org/jetbrains/kotlin/config/CompilerConfigurationKey
instanceKlass org/jetbrains/kotlin/cli/common/CLIConfigurationKeys
instanceKlass org/jetbrains/kotlin/cli/common/messages/CompilerMessageSeverity$WhenMappings
instanceKlass org/jetbrains/kotlin/cli/common/messages/MessageCollector$Companion$NONE$1
instanceKlass org/jetbrains/kotlin/cli/common/messages/MessageCollector$Companion
instanceKlass org/jetbrains/kotlin/utils/SmartList$EmptyIterator
instanceKlass org/jetbrains/kotlin/cli/common/ArgumentsKt
instanceKlass java/net/URLConnection
instanceKlass org/jetbrains/kotlin/cli/common/messages/PrintingMessageCollector
instanceKlass kotlin/jvm/internal/CollectionToArray
instanceKlass java/util/function/Predicate
instanceKlass org/jetbrains/kotlin/cli/common/arguments/ManualLanguageFeatureSetting
instanceKlass org/jetbrains/kotlin/cli/common/arguments/InternalArgument
instanceKlass kotlin/collections/AbstractList$IteratorImpl
instanceKlass org/jetbrains/kotlin/config/LanguageFeature$Companion
instanceKlass java/math/MutableBigInteger
instanceKlass java/lang/StrictMath
instanceKlass org/jetbrains/kotlin/config/MavenComparableVersion$IntegerItem
instanceKlass org/jetbrains/kotlin/config/MavenComparableVersion$Item
instanceKlass org/jetbrains/kotlin/config/MavenComparableVersion
instanceKlass org/jetbrains/kotlin/config/ApiVersion$Companion
instanceKlass org/jetbrains/kotlin/config/ApiVersion
instanceKlass org/jetbrains/kotlin/config/LanguageVersion$Companion
instanceKlass org/jetbrains/kotlin/cli/common/arguments/AbstractInternalArgumentParser
instanceKlass org/jetbrains/kotlin/cli/common/arguments/InternalArgumentParser$Companion
instanceKlass org/jetbrains/kotlin/cli/common/arguments/InternalArgumentParser
instanceKlass kotlin/reflect/jvm/internal/pcollections/MapEntry
instanceKlass kotlin/reflect/jvm/internal/ReflectProperties$Val$1
instanceKlass kotlin/reflect/jvm/internal/ReflectProperties$Val
instanceKlass kotlin/reflect/jvm/internal/ReflectProperties
instanceKlass java/util/regex/CharPredicates
instanceKlass kotlin/text/Regex$Companion
instanceKlass kotlin/text/Regex
instanceKlass kotlin/jvm/internal/DefaultConstructorMarker
instanceKlass kotlin/reflect/jvm/internal/KDeclarationContainerImpl$Companion
instanceKlass kotlin/reflect/jvm/internal/KTypeParameterOwnerImpl
instanceKlass kotlin/reflect/jvm/internal/KClassifierImpl
instanceKlass kotlin/reflect/jvm/internal/pcollections/ConsPStack
instanceKlass kotlin/reflect/jvm/internal/pcollections/IntTree
instanceKlass kotlin/reflect/jvm/internal/pcollections/IntTreePMap
instanceKlass kotlin/reflect/jvm/internal/pcollections/HashPMap
instanceKlass kotlin/reflect/jvm/internal/KClassCacheKt
instanceKlass kotlin/reflect/jvm/internal/KDeclarationContainerImpl
instanceKlass kotlin/jvm/internal/ClassBasedDeclarationContainer
instanceKlass kotlin/reflect/KTypeParameter
instanceKlass kotlin/reflect/KMutableProperty1
instanceKlass kotlin/reflect/KProperty1
instanceKlass kotlin/reflect/KMutableProperty0
instanceKlass kotlin/reflect/KMutableProperty2
instanceKlass kotlin/reflect/KMutableProperty
instanceKlass kotlin/reflect/KProperty2
instanceKlass kotlin/reflect/KProperty0
instanceKlass kotlin/reflect/KProperty
instanceKlass kotlin/reflect/KType
instanceKlass kotlin/reflect/KClass
instanceKlass kotlin/jvm/internal/ReflectionFactory
instanceKlass kotlin/reflect/KClassifier
instanceKlass kotlin/jvm/internal/Reflection
instanceKlass kotlin/jvm/JvmClassMappingKt
instanceKlass jdk/internal/reflect/ClassDefiner$1
instanceKlass jdk/internal/reflect/ClassDefiner
instanceKlass jdk/internal/reflect/MethodAccessorGenerator$1
instanceKlass jdk/internal/reflect/Label$PatchInfo
instanceKlass jdk/internal/reflect/Label
instanceKlass jdk/internal/reflect/UTF8
instanceKlass jdk/internal/reflect/ClassFileAssembler
instanceKlass jdk/internal/reflect/ByteVectorImpl
instanceKlass jdk/internal/reflect/ByteVector
instanceKlass jdk/internal/reflect/ByteVectorFactory
instanceKlass jdk/internal/reflect/AccessorGenerator
instanceKlass jdk/internal/reflect/ClassFileConstants
instanceKlass org/jetbrains/kotlin/config/LanguageOrApiVersion
instanceKlass org/jetbrains/kotlin/utils/DescriptionAware
instanceKlass org/jetbrains/kotlin/config/LanguageVersionSettings
instanceKlass org/jetbrains/kotlin/cli/common/messages/MessageCollector
instanceKlass kotlin/collections/builders/MapBuilder$EntryRef
instanceKlass kotlin/jvm/internal/markers/KMutableMap$Entry
instanceKlass kotlin/collections/builders/MapBuilder$Itr
instanceKlass kotlin/jvm/internal/markers/KMutableIterator
instanceKlass org/jetbrains/kotlin/cli/common/arguments/ArgumentField
instanceKlass org/jetbrains/kotlin/util/capitalizeDecapitalize/CapitalizeDecapitalizeKt
instanceKlass kotlin/_Assertions
instanceKlass org/jetbrains/kotlin/name/ClassId$Companion
instanceKlass org/jetbrains/kotlin/name/ClassId
instanceKlass org/jetbrains/kotlin/name/FqNameUnsafe$1
instanceKlass java/util/regex/Pattern$TreeInfo
instanceKlass java/util/regex/Pattern$BmpCharPredicate
instanceKlass java/util/regex/Pattern$CharPredicate
instanceKlass java/util/regex/Pattern$Node
instanceKlass java/util/regex/Pattern
instanceKlass org/jetbrains/kotlin/name/Name
instanceKlass org/jetbrains/kotlin/name/FqNameUnsafe
instanceKlass org/jetbrains/kotlin/name/FqName
instanceKlass org/jetbrains/kotlin/load/java/JvmAbi
instanceKlass kotlin/Metadata
instanceKlass java/lang/annotation/Target
instanceKlass java/lang/reflect/Proxy$ProxyBuilder$1
instanceKlass jdk/internal/org/objectweb/asm/Edge
instanceKlass java/lang/reflect/ProxyGenerator$PrimitiveTypeInfo
instanceKlass java/util/StringJoiner
instanceKlass java/lang/reflect/ProxyGenerator$ProxyMethod
instanceKlass java/lang/WeakPairMap$Pair$Lookup
instanceKlass java/lang/WeakPairMap$Pair
instanceKlass java/lang/WeakPairMap
instanceKlass java/lang/Module$ReflectionData
instanceKlass java/util/function/Consumer
instanceKlass jdk/internal/module/Checks
instanceKlass java/lang/module/ModuleDescriptor$Builder
instanceKlass java/util/LinkedHashMap$LinkedHashIterator
instanceKlass java/lang/PublicMethods
instanceKlass java/util/Collections$1
instanceKlass java/lang/reflect/Proxy$ProxyBuilder
instanceKlass java/lang/ClassValue$Version
instanceKlass java/lang/ClassValue$Identity
instanceKlass java/lang/ClassValue
instanceKlass java/lang/reflect/Proxy
instanceKlass sun/reflect/annotation/AnnotationInvocationHandler
instanceKlass java/lang/reflect/InvocationHandler
instanceKlass sun/reflect/annotation/AnnotationParser$1
instanceKlass kotlin/annotation/Target
instanceKlass java/lang/annotation/Inherited
instanceKlass java/lang/annotation/Retention
instanceKlass sun/reflect/annotation/ExceptionProxy
instanceKlass sun/reflect/annotation/AnnotationType$1
instanceKlass sun/reflect/annotation/AnnotationType
instanceKlass java/lang/reflect/GenericArrayType
instanceKlass sun/reflect/generics/visitor/Reifier
instanceKlass sun/reflect/generics/visitor/TypeTreeVisitor
instanceKlass sun/reflect/generics/factory/CoreReflectionFactory
instanceKlass sun/reflect/generics/factory/GenericsFactory
instanceKlass sun/reflect/generics/scope/AbstractScope
instanceKlass sun/reflect/generics/scope/Scope
instanceKlass sun/reflect/generics/tree/ClassTypeSignature
instanceKlass sun/reflect/generics/tree/SimpleClassTypeSignature
instanceKlass sun/reflect/generics/tree/FieldTypeSignature
instanceKlass sun/reflect/generics/tree/BaseType
instanceKlass sun/reflect/generics/tree/TypeSignature
instanceKlass sun/reflect/generics/tree/ReturnType
instanceKlass sun/reflect/generics/tree/TypeArgument
instanceKlass sun/reflect/generics/tree/TypeTree
instanceKlass sun/reflect/generics/tree/Tree
instanceKlass sun/reflect/generics/parser/SignatureParser
instanceKlass kotlin/jvm/internal/markers/KMutableSet
instanceKlass kotlin/jvm/internal/markers/KMutableCollection
instanceKlass kotlin/jvm/internal/markers/KMutableIterable
instanceKlass sun/reflect/annotation/AnnotationParser
instanceKlass org/jetbrains/kotlin/cli/common/arguments/Argument
instanceKlass kotlin/jvm/internal/ArrayIterator
instanceKlass kotlin/jvm/internal/ArrayIteratorKt
instanceKlass kotlin/collections/EmptySet
instanceKlass kotlin/collections/EmptyMap
instanceKlass kotlin/ranges/RangesKt__RangesKt
instanceKlass kotlin/collections/builders/ListBuilderKt
instanceKlass kotlin/collections/builders/MapBuilder$Companion
instanceKlass kotlin/collections/builders/MapBuilder
instanceKlass kotlin/jvm/internal/markers/KMutableMap
instanceKlass kotlin/collections/MapsKt__MapWithDefaultKt
instanceKlass java/io/FileInputStream$1
instanceKlass kotlin/io/CloseableKt
instanceKlass kotlin/text/CharsKt__CharJVMKt
instanceKlass java/lang/Character$CharacterCache
instanceKlass java/nio/charset/CoderResult
instanceKlass kotlin/sequences/GeneratorSequence$iterator$1
instanceKlass java/lang/invoke/VarHandle$AccessDescriptor
instanceKlass kotlin/sequences/ConstrainedOnceSequence
instanceKlass kotlin/jvm/internal/Lambda
instanceKlass kotlin/sequences/GeneratorSequence
instanceKlass kotlin/sequences/Sequence
instanceKlass kotlin/sequences/SequencesKt__SequenceBuilderKt
instanceKlass java/io/Reader
instanceKlass java/lang/Readable
instanceKlass kotlin/text/Charsets
instanceKlass org/jetbrains/kotlin/cli/common/arguments/PreprocessCommandLineArgumentsKt
instanceKlass kotlin/UNINITIALIZED_VALUE
instanceKlass kotlin/SynchronizedLazyImpl
instanceKlass kotlin/Lazy
instanceKlass kotlin/LazyKt__LazyJVMKt
instanceKlass org/jetbrains/kotlin/cli/common/arguments/ArgumentParseErrors
instanceKlass kotlin/jvm/functions/Function0
instanceKlass org/jetbrains/kotlin/cli/common/arguments/ParseCommandLineArgumentsKt
instanceKlass kotlin/collections/ArraysUtilJVM
instanceKlass kotlin/collections/ArraysKt__ArraysJVMKt
instanceKlass java/lang/ProcessEnvironment$CheckedEntry
instanceKlass java/lang/ProcessEnvironment$CheckedEntrySet$1
instanceKlass java/lang/ProcessEnvironment$EntryComparator
instanceKlass java/lang/ProcessEnvironment$NameComparator
instanceKlass org/jetbrains/kotlin/config/JvmDefaultMode$Companion
instanceKlass org/jetbrains/kotlin/config/JVMAssertionsMode$Companion
instanceKlass org/jetbrains/kotlin/config/ExplicitApiMode$Companion
instanceKlass kotlin/collections/EmptyList
instanceKlass kotlin/collections/CollectionsKt__CollectionsJVMKt
instanceKlass org/jetbrains/kotlin/cli/common/arguments/K2JVMCompilerArguments$Companion
instanceKlass org/jetbrains/kotlin/cli/common/arguments/CommonCompilerArguments$Companion
instanceKlass org/jetbrains/kotlin/cli/common/arguments/CommonToolArguments$Companion
instanceKlass org/jetbrains/kotlin/config/Services$Builder
instanceKlass org/jetbrains/kotlin/config/Services$Companion
instanceKlass org/jetbrains/kotlin/cli/common/messages/XcodeStyleMessageRenderer
instanceKlass org/jetbrains/kotlin/cli/common/messages/GradleStyleMessageRenderer
instanceKlass java/lang/Class$3
instanceKlass org/jetbrains/kotlin/cli/common/messages/CompilerMessageSeverity$Companion
instanceKlass kotlin/text/StringsKt__AppendableKt
instanceKlass org/jetbrains/kotlin/cli/common/PropertiesKt
instanceKlass org/jetbrains/kotlin/cli/common/messages/PlainTextMessageRenderer
instanceKlass org/jetbrains/kotlin/cli/common/messages/XmlMessageRenderer
instanceKlass org/jetbrains/kotlin/cli/common/messages/MessageRenderer
instanceKlass org/jetbrains/kotlin/com/intellij/util/ArrayUtilRt
instanceKlass java/lang/invoke/VarForm
instanceKlass java/lang/invoke/VarHandleGuards
instanceKlass jdk/internal/util/Preconditions$1
instanceKlass java/util/function/BiFunction
instanceKlass java/lang/invoke/VarHandle$1
instanceKlass java/lang/invoke/VarHandles
instanceKlass java/util/concurrent/atomic/AtomicReference
instanceKlass org/jetbrains/kotlin/com/intellij/util/containers/ConcurrentList
instanceKlass org/jetbrains/kotlin/com/intellij/util/containers/ConcurrentIntObjectMap
instanceKlass org/jetbrains/kotlin/com/intellij/util/containers/IntObjectMap
instanceKlass org/jetbrains/kotlin/com/intellij/util/containers/ContainerUtil
instanceKlass org/jetbrains/kotlin/com/intellij/openapi/application/ApplicationManager
instanceKlass java/util/logging/Level
instanceKlass jdk/internal/org/objectweb/asm/FieldVisitor
instanceKlass java/util/ArrayList$Itr
instanceKlass java/lang/invoke/InvokerBytecodeGenerator$ClassData
instanceKlass jdk/internal/org/objectweb/asm/Frame
instanceKlass java/lang/invoke/LambdaFormBuffer
instanceKlass java/lang/invoke/LambdaFormEditor$TransformKey
instanceKlass java/lang/invoke/LambdaFormEditor
instanceKlass sun/invoke/util/Wrapper$1
instanceKlass java/lang/invoke/DelegatingMethodHandle$Holder
instanceKlass java/lang/invoke/DirectMethodHandle$2
instanceKlass sun/invoke/empty/Empty
instanceKlass sun/invoke/util/VerifyType
instanceKlass java/lang/invoke/ClassSpecializer$Factory
instanceKlass java/lang/invoke/ClassSpecializer$SpeciesData
instanceKlass java/lang/invoke/ClassSpecializer$1
instanceKlass java/lang/invoke/ClassSpecializer
instanceKlass java/lang/invoke/InnerClassLambdaMetafactory$1
instanceKlass java/lang/invoke/MethodHandles$Lookup$ClassDefiner
instanceKlass jdk/internal/org/objectweb/asm/ClassReader
instanceKlass java/lang/invoke/MethodHandles$Lookup$ClassFile
instanceKlass jdk/internal/org/objectweb/asm/AnnotationVisitor
instanceKlass jdk/internal/org/objectweb/asm/Attribute
instanceKlass jdk/internal/org/objectweb/asm/Handler
instanceKlass jdk/internal/org/objectweb/asm/Label
instanceKlass jdk/internal/org/objectweb/asm/MethodVisitor
instanceKlass java/lang/invoke/LambdaProxyClassArchive
instanceKlass jdk/internal/org/objectweb/asm/ByteVector
instanceKlass jdk/internal/org/objectweb/asm/Symbol
instanceKlass jdk/internal/org/objectweb/asm/SymbolTable
instanceKlass jdk/internal/org/objectweb/asm/ClassVisitor
instanceKlass java/lang/invoke/InfoFromMemberName
instanceKlass java/lang/invoke/MethodHandleInfo
instanceKlass jdk/internal/org/objectweb/asm/ConstantDynamic
instanceKlass sun/invoke/util/BytecodeDescriptor
instanceKlass jdk/internal/org/objectweb/asm/Handle
instanceKlass sun/security/action/GetBooleanAction
instanceKlass jdk/internal/org/objectweb/asm/Type
instanceKlass java/lang/invoke/AbstractValidatingLambdaMetafactory
instanceKlass java/lang/invoke/MethodHandleImpl$1
instanceKlass jdk/internal/access/JavaLangInvokeAccess
instanceKlass java/lang/invoke/Invokers$Holder
instanceKlass java/lang/invoke/BootstrapMethodInvoker
instanceKlass org/jetbrains/kotlin/com/intellij/openapi/diagnostic/Attachment
instanceKlass java/lang/invoke/InvokerBytecodeGenerator$2
instanceKlass java/lang/invoke/InvokerBytecodeGenerator
instanceKlass java/lang/invoke/LambdaForm$Holder
instanceKlass java/lang/invoke/LambdaForm$Name
instanceKlass java/lang/invoke/Invokers
instanceKlass java/lang/invoke/MethodHandleImpl
instanceKlass sun/invoke/util/ValueConversions
instanceKlass java/lang/invoke/DirectMethodHandle$Holder
instanceKlass java/lang/invoke/LambdaForm$NamedFunction
instanceKlass sun/invoke/util/Wrapper$Format
instanceKlass java/lang/invoke/MethodTypeForm
instanceKlass java/lang/invoke/MethodType$ConcurrentWeakInternSet
instanceKlass java/lang/invoke/LambdaMetafactory
instanceKlass org/jetbrains/kotlin/com/intellij/openapi/diagnostic/Logger$DefaultFactory
instanceKlass org/jetbrains/kotlin/com/intellij/openapi/diagnostic/Logger$Factory
instanceKlass org/jetbrains/kotlin/com/intellij/openapi/diagnostic/Logger
instanceKlass org/jetbrains/kotlin/cli/jvm/compiler/IdeaStandaloneExecutionSetup
instanceKlass org/jetbrains/kotlin/cli/jvm/compiler/CompatKt
instanceKlass kotlin/jvm/functions/Function2
instanceKlass kotlin/jvm/internal/CallableReference$NoReceiver
instanceKlass kotlin/reflect/KDeclarationContainer
instanceKlass kotlin/jvm/internal/CallableReference
instanceKlass kotlin/reflect/KFunction
instanceKlass kotlin/reflect/KCallable
instanceKlass kotlin/reflect/KAnnotatedElement
instanceKlass kotlin/jvm/internal/FunctionBase
instanceKlass kotlin/jvm/functions/Function1
instanceKlass kotlin/Function
instanceKlass org/jetbrains/kotlin/cli/common/CompilerSystemProperties$Companion
instanceKlass kotlin/collections/AbstractList$Companion
instanceKlass kotlin/collections/AbstractCollection
instanceKlass kotlin/enums/EnumEntries
instanceKlass kotlin/jvm/internal/markers/KMappedMarker
instanceKlass kotlin/enums/EnumEntriesKt
instanceKlass org/jetbrains/kotlin/util/PerformanceCounter$Companion
instanceKlass org/jetbrains/kotlin/util/PerformanceCounter
instanceKlass jdk/internal/jimage/ImageLocation
instanceKlass jdk/internal/jimage/decompressor/Decompressor
instanceKlass jdk/internal/jimage/ImageStringsReader
instanceKlass jdk/internal/jimage/ImageStrings
instanceKlass jdk/internal/jimage/ImageHeader
instanceKlass jdk/internal/jimage/NativeImageBuffer$1
instanceKlass jdk/internal/jimage/NativeImageBuffer
instanceKlass jdk/internal/jimage/BasicImageReader$1
instanceKlass jdk/internal/jimage/BasicImageReader
instanceKlass jdk/internal/jimage/ImageReader
instanceKlass jdk/internal/jimage/ImageReaderFactory$1
instanceKlass java/net/URI$Parser
instanceKlass java/nio/file/FileSystems$DefaultFileSystemHolder$1
instanceKlass java/nio/file/FileSystems$DefaultFileSystemHolder
instanceKlass java/nio/file/FileSystems
instanceKlass java/nio/file/Paths
instanceKlass jdk/internal/jimage/ImageReaderFactory
instanceKlass jdk/internal/module/SystemModuleFinders$SystemImage
instanceKlass jdk/internal/module/SystemModuleFinders$SystemModuleReader
instanceKlass java/lang/module/ModuleReader
instanceKlass jdk/internal/loader/BuiltinClassLoader$5
instanceKlass jdk/internal/loader/BuiltinClassLoader$2
instanceKlass jdk/internal/module/Resources
instanceKlass kotlin/jvm/internal/Intrinsics
instanceKlass java/util/TreeMap$PrivateEntryIterator
instanceKlass java/util/TreeMap$Entry
instanceKlass java/util/NavigableMap
instanceKlass java/util/SortedMap
instanceKlass java/util/NavigableSet
instanceKlass java/util/SortedSet
instanceKlass org/jetbrains/kotlin/cli/jvm/K2JVMCompiler$Companion
instanceKlass org/jetbrains/kotlin/cli/common/CLICompiler$Companion
instanceKlass org/jetbrains/kotlin/cli/common/CLITool$Companion
instanceKlass java/lang/Void
instanceKlass java/lang/PublicMethods$Key
instanceKlass java/lang/PublicMethods$MethodList
instanceKlass org/jetbrains/kotlin/cli/common/CommonCompilerPerformanceManager
instanceKlass org/jetbrains/kotlin/utils/KotlinPaths
instanceKlass org/jetbrains/kotlin/com/intellij/openapi/Disposable
instanceKlass org/jetbrains/kotlin/config/Services
instanceKlass org/jetbrains/kotlin/cli/common/arguments/Freezable
instanceKlass org/jetbrains/kotlin/config/CompilerConfiguration
instanceKlass org/jetbrains/kotlin/utils/exceptions/KotlinExceptionWithAttachments
instanceKlass org/jetbrains/kotlin/com/intellij/openapi/diagnostic/ExceptionWithAttachments
instanceKlass org/jetbrains/kotlin/com/intellij/openapi/diagnostic/ControlFlowException
instanceKlass org/jetbrains/kotlin/cli/common/CLITool
instanceKlass java/security/SecureClassLoader$DebugHolder
instanceKlass java/security/PermissionCollection
instanceKlass java/security/SecureClassLoader$1
instanceKlass java/security/SecureClassLoader$CodeSourceKey
instanceKlass java/util/zip/Checksum$1
instanceKlass java/util/zip/CRC32
instanceKlass java/util/zip/Checksum
instanceKlass sun/nio/ByteBuffered
instanceKlass java/lang/Package$VersionInfo
instanceKlass java/lang/NamedPackage
instanceKlass java/util/jar/Attributes$Name
instanceKlass java/util/jar/Attributes
instanceKlass jdk/internal/loader/Resource
instanceKlass sun/security/action/GetIntegerAction
instanceKlass sun/security/util/Debug
instanceKlass sun/security/util/SignatureFileVerifier
instanceKlass java/util/zip/ZipFile$InflaterCleanupAction
instanceKlass java/util/zip/Inflater$InflaterZStreamRef
instanceKlass java/util/zip/Inflater
instanceKlass java/util/zip/ZipEntry
instanceKlass jdk/internal/util/jar/JarIndex
instanceKlass java/nio/Bits$1
instanceKlass jdk/internal/misc/VM$BufferPool
instanceKlass java/nio/Bits
instanceKlass sun/nio/ch/DirectBuffer
instanceKlass jdk/internal/perf/PerfCounter$CoreCounters
instanceKlass jdk/internal/perf/Perf
instanceKlass jdk/internal/perf/Perf$GetPerfAction
instanceKlass jdk/internal/perf/PerfCounter
instanceKlass java/nio/file/attribute/FileTime
instanceKlass java/util/zip/ZipUtils
instanceKlass java/util/zip/ZipFile$Source$End
instanceKlass java/io/RandomAccessFile$2
instanceKlass jdk/internal/access/JavaIORandomAccessFileAccess
instanceKlass java/io/RandomAccessFile
instanceKlass java/io/DataInput
instanceKlass java/io/DataOutput
instanceKlass sun/nio/fs/WindowsNativeDispatcher$CompletionStatus
instanceKlass sun/nio/fs/WindowsNativeDispatcher$AclInformation
instanceKlass sun/nio/fs/WindowsNativeDispatcher$Account
instanceKlass sun/nio/fs/WindowsNativeDispatcher$DiskFreeSpace
instanceKlass sun/nio/fs/WindowsNativeDispatcher$VolumeInformation
instanceKlass sun/nio/fs/WindowsNativeDispatcher$FirstStream
instanceKlass sun/nio/fs/WindowsNativeDispatcher$FirstFile
instanceKlass java/util/Enumeration
instanceKlass java/util/concurrent/ConcurrentHashMap$Traverser
instanceKlass java/util/concurrent/ConcurrentHashMap$CollectionView
instanceKlass jdk/internal/loader/NativeLibraries$NativeLibraryImpl
instanceKlass jdk/internal/loader/NativeLibrary
instanceKlass java/util/ArrayDeque$DeqIterator
instanceKlass jdk/internal/loader/NativeLibraries$1
instanceKlass jdk/internal/loader/NativeLibraries$LibraryPaths
instanceKlass sun/nio/fs/WindowsNativeDispatcher
instanceKlass sun/nio/fs/NativeBuffer$Deallocator
instanceKlass sun/nio/fs/NativeBuffer
instanceKlass java/lang/ThreadLocal$ThreadLocalMap
instanceKlass sun/nio/fs/NativeBuffers
instanceKlass sun/nio/fs/WindowsFileAttributes
instanceKlass java/nio/file/attribute/DosFileAttributes
instanceKlass sun/nio/fs/AbstractBasicFileAttributeView
instanceKlass sun/nio/fs/DynamicFileAttributeView
instanceKlass sun/nio/fs/WindowsFileAttributeViews
instanceKlass sun/nio/fs/Util
instanceKlass java/nio/file/attribute/BasicFileAttributeView
instanceKlass java/nio/file/attribute/FileAttributeView
instanceKlass java/nio/file/attribute/AttributeView
instanceKlass java/nio/file/Files
instanceKlass java/nio/file/CopyOption
instanceKlass java/nio/file/attribute/BasicFileAttributes
instanceKlass sun/nio/fs/WindowsPath
instanceKlass java/nio/file/Path
instanceKlass java/nio/file/Watchable
instanceKlass java/util/zip/ZipFile$Source$Key
instanceKlass sun/nio/fs/WindowsPathParser$Result
instanceKlass sun/nio/fs/WindowsPathParser
instanceKlass java/util/Collections$UnmodifiableCollection
instanceKlass java/util/Arrays$ArrayItr
instanceKlass java/nio/file/FileSystem
instanceKlass java/nio/file/OpenOption
instanceKlass java/nio/file/spi/FileSystemProvider
instanceKlass sun/nio/fs/DefaultFileSystemProvider
instanceKlass java/util/zip/ZipFile$Source
instanceKlass java/lang/ref/Cleaner$Cleanable
instanceKlass jdk/internal/ref/CleanerImpl
instanceKlass java/lang/ref/Cleaner$1
instanceKlass java/lang/ref/Cleaner
instanceKlass jdk/internal/ref/CleanerFactory$1
instanceKlass java/util/concurrent/ThreadFactory
instanceKlass jdk/internal/ref/CleanerFactory
instanceKlass java/util/zip/ZipCoder
instanceKlass java/util/zip/ZipFile$CleanableResource
instanceKlass java/lang/Runtime$Version
instanceKlass java/util/jar/JavaUtilJarAccessImpl
instanceKlass jdk/internal/access/JavaUtilJarAccess
instanceKlass jdk/internal/loader/FileURLMapper
instanceKlass jdk/internal/loader/URLClassPath$JarLoader$1
instanceKlass java/util/zip/ZipFile$1
instanceKlass jdk/internal/access/JavaUtilZipFileAccess
instanceKlass java/util/zip/ZipFile
instanceKlass java/util/zip/ZipConstants
instanceKlass jdk/internal/loader/URLClassPath$Loader
instanceKlass jdk/internal/loader/URLClassPath$3
instanceKlass java/security/PrivilegedExceptionAction
instanceKlass sun/util/locale/LocaleUtils
instanceKlass sun/util/locale/BaseLocale
instanceKlass java/util/Locale
instanceKlass sun/net/util/URLUtil
instanceKlass java/lang/StringCoding
instanceKlass sun/nio/cs/ArrayDecoder
instanceKlass java/nio/charset/CharsetDecoder
instanceKlass sun/launcher/LauncherHelper
instanceKlass java/lang/reflect/Array
instanceKlass java/lang/invoke/StringConcatFactory$3
instanceKlass java/lang/invoke/StringConcatFactory$2
instanceKlass java/lang/invoke/StringConcatFactory$1
instanceKlass java/lang/invoke/StringConcatFactory
instanceKlass java/lang/ModuleLayer$Controller
instanceKlass java/util/concurrent/CopyOnWriteArrayList
instanceKlass jdk/internal/module/ServicesCatalog$ServiceProvider
instanceKlass jdk/internal/loader/AbstractClassLoaderValue$Memoizer
instanceKlass java/util/ImmutableCollections$ListItr
instanceKlass java/util/ListIterator
instanceKlass java/lang/ModuleLayer
instanceKlass jdk/internal/module/ModuleLoaderMap$Modules
instanceKlass jdk/internal/module/ModuleLoaderMap$Mapper
instanceKlass java/util/function/Function
instanceKlass jdk/internal/module/ModuleLoaderMap
instanceKlass java/util/AbstractMap$1$1
instanceKlass java/lang/module/ResolvedModule
instanceKlass java/lang/module/Configuration
instanceKlass jdk/internal/loader/BuiltinClassLoader$LoadedModule
instanceKlass jdk/internal/loader/AbstractClassLoaderValue
instanceKlass jdk/internal/module/ServicesCatalog
instanceKlass jdk/internal/util/Preconditions
instanceKlass sun/net/util/IPAddressUtil
instanceKlass java/net/URLStreamHandler
instanceKlass java/util/HexFormat
instanceKlass sun/net/www/ParseUtil
instanceKlass java/net/URL$3
instanceKlass jdk/internal/access/JavaNetURLAccess
instanceKlass java/net/URL$DefaultFactory
instanceKlass java/net/URLStreamHandlerFactory
instanceKlass jdk/internal/loader/URLClassPath
instanceKlass java/security/Principal
instanceKlass java/security/ProtectionDomain$Key
instanceKlass java/security/ProtectionDomain$JavaSecurityAccessImpl
instanceKlass jdk/internal/access/JavaSecurityAccess
instanceKlass java/lang/ClassLoader$ParallelLoaders
instanceKlass java/security/cert/Certificate
instanceKlass jdk/internal/loader/ArchivedClassLoaders
instanceKlass java/util/Deque
instanceKlass java/util/Queue
instanceKlass jdk/internal/loader/ClassLoaderHelper
instanceKlass jdk/internal/loader/NativeLibraries
instanceKlass jdk/internal/loader/BootLoader
instanceKlass java/util/Optional
instanceKlass jdk/internal/module/SystemModuleFinders$SystemModuleFinder
instanceKlass java/lang/module/ModuleFinder
instanceKlass jdk/internal/module/SystemModuleFinders$3
instanceKlass jdk/internal/module/ModuleHashes$HashSupplier
instanceKlass jdk/internal/module/SystemModuleFinders$2
instanceKlass java/util/function/Supplier
instanceKlass java/lang/module/ModuleReference
instanceKlass jdk/internal/module/ModuleResolution
instanceKlass java/util/Collections$UnmodifiableMap
instanceKlass jdk/internal/module/ModuleHashes$Builder
instanceKlass jdk/internal/module/ModuleHashes
instanceKlass jdk/internal/module/ModuleTarget
instanceKlass java/util/ImmutableCollections$Set12$1
instanceKlass java/lang/Enum
instanceKlass java/lang/module/ModuleDescriptor$Version
instanceKlass java/lang/module/ModuleDescriptor$Provides
instanceKlass java/lang/module/ModuleDescriptor$Opens
instanceKlass java/util/ImmutableCollections$SetN$SetNIterator
instanceKlass java/lang/module/ModuleDescriptor$Exports
instanceKlass java/lang/module/ModuleDescriptor$Requires
instanceKlass jdk/internal/module/Builder
instanceKlass jdk/internal/module/SystemModules$default
instanceKlass jdk/internal/module/SystemModules
instanceKlass jdk/internal/module/SystemModulesMap
instanceKlass java/net/URI$1
instanceKlass jdk/internal/access/JavaNetUriAccess
instanceKlass java/net/URI
instanceKlass jdk/internal/module/SystemModuleFinders
instanceKlass jdk/internal/module/ArchivedModuleGraph
instanceKlass jdk/internal/module/ArchivedBootLayer
instanceKlass jdk/internal/module/ModuleBootstrap$Counters
instanceKlass jdk/internal/module/ModulePatcher
instanceKlass java/io/FileSystem
instanceKlass java/io/DefaultFileSystem
instanceKlass java/io/File
instanceKlass java/lang/module/ModuleDescriptor$1
instanceKlass jdk/internal/access/JavaLangModuleAccess
instanceKlass sun/invoke/util/VerifyAccess
instanceKlass java/lang/module/ModuleDescriptor
instanceKlass jdk/internal/module/ModuleBootstrap
instanceKlass java/lang/invoke/MethodHandleStatics
instanceKlass java/util/Collections
instanceKlass sun/io/Win32ErrorMode
instanceKlass jdk/internal/misc/OSEnvironment
instanceKlass jdk/internal/misc/Signal$NativeHandler
instanceKlass java/util/Hashtable$Entry
instanceKlass jdk/internal/misc/Signal
instanceKlass java/lang/Terminator$1
instanceKlass jdk/internal/misc/Signal$Handler
instanceKlass java/lang/Terminator
instanceKlass java/nio/ByteOrder
instanceKlass java/nio/Buffer$1
instanceKlass jdk/internal/access/JavaNioAccess
instanceKlass jdk/internal/misc/ScopedMemoryAccess
instanceKlass java/nio/charset/CodingErrorAction
instanceKlass sun/nio/cs/SingleByte
instanceKlass java/lang/StringUTF16
instanceKlass sun/nio/cs/MS1252$Holder
instanceKlass sun/nio/cs/ArrayEncoder
instanceKlass java/nio/charset/CharsetEncoder
instanceKlass java/lang/reflect/Modifier
instanceKlass java/lang/Class$1
instanceKlass java/lang/Class$Atomic
instanceKlass java/lang/Class$ReflectionData
instanceKlass jdk/internal/util/ArraysSupport
instanceKlass java/nio/charset/StandardCharsets
instanceKlass sun/nio/cs/HistoricallyNamedCharset
instanceKlass sun/security/action/GetPropertyAction
instanceKlass java/lang/ThreadLocal
instanceKlass java/nio/charset/spi/CharsetProvider
instanceKlass java/nio/charset/Charset
instanceKlass java/io/Writer
instanceKlass java/io/OutputStream
instanceKlass java/io/Flushable
instanceKlass java/io/FileDescriptor$1
instanceKlass jdk/internal/access/JavaIOFileDescriptorAccess
instanceKlass java/io/FileDescriptor
instanceKlass jdk/internal/util/StaticProperty
instanceKlass java/util/HashMap$HashIterator
instanceKlass java/lang/Integer$IntegerCache
instanceKlass java/lang/CharacterData
instanceKlass java/util/Arrays
instanceKlass java/lang/VersionProps
instanceKlass java/lang/StringConcatHelper
instanceKlass jdk/internal/misc/VM
instanceKlass jdk/internal/util/SystemProps$Raw
instanceKlass jdk/internal/util/SystemProps
instanceKlass java/lang/System$2
instanceKlass jdk/internal/access/JavaLangAccess
instanceKlass java/lang/ref/Reference$1
instanceKlass jdk/internal/access/JavaLangRefAccess
instanceKlass java/lang/ref/ReferenceQueue$Lock
instanceKlass java/lang/ref/ReferenceQueue
instanceKlass jdk/internal/reflect/ReflectionFactory
instanceKlass jdk/internal/reflect/ReflectionFactory$GetReflectionFactoryAction
instanceKlass java/security/PrivilegedAction
instanceKlass java/util/concurrent/locks/LockSupport
instanceKlass java/util/concurrent/ConcurrentHashMap$Node
instanceKlass java/util/concurrent/ConcurrentHashMap$CounterCell
instanceKlass java/util/concurrent/locks/ReentrantLock
instanceKlass java/util/concurrent/locks/Lock
instanceKlass java/lang/Runtime
instanceKlass java/util/HashMap$Node
instanceKlass java/util/KeyValueHolder
instanceKlass java/util/Map$Entry
instanceKlass java/util/ImmutableCollections$MapN$MapNIterator
instanceKlass java/lang/Math
instanceKlass jdk/internal/reflect/Reflection
instanceKlass java/lang/invoke/MethodHandles$Lookup
instanceKlass java/lang/StringLatin1
instanceKlass java/security/Permission
instanceKlass java/security/Guard
instanceKlass java/lang/invoke/MemberName$Factory
instanceKlass java/lang/invoke/MethodHandles
instanceKlass jdk/internal/access/SharedSecrets
instanceKlass java/lang/reflect/ReflectAccess
instanceKlass jdk/internal/access/JavaLangReflectAccess
instanceKlass java/util/ImmutableCollections
instanceKlass java/util/Objects
instanceKlass java/util/Set
instanceKlass jdk/internal/misc/CDS
instanceKlass java/lang/Module$ArchivedData
instanceKlass java/lang/String$CaseInsensitiveComparator
instanceKlass java/util/Comparator
instanceKlass java/io/ObjectStreamField
instanceKlass jdk/internal/vm/vector/VectorSupport$VectorPayload
instanceKlass jdk/internal/vm/vector/VectorSupport
instanceKlass java/lang/reflect/RecordComponent
instanceKlass java/util/Iterator
instanceKlass java/lang/Number
instanceKlass java/lang/Character
instanceKlass java/lang/Boolean
instanceKlass java/util/concurrent/locks/AbstractOwnableSynchronizer
instanceKlass java/lang/LiveStackFrame
instanceKlass java/lang/StackFrameInfo
instanceKlass java/lang/StackWalker$StackFrame
instanceKlass java/lang/StackStreamFactory$AbstractStackWalker
instanceKlass java/lang/StackWalker
instanceKlass java/nio/Buffer
instanceKlass java/lang/StackTraceElement
instanceKlass java/util/RandomAccess
instanceKlass java/util/List
instanceKlass java/util/AbstractCollection
instanceKlass java/util/Collection
instanceKlass java/lang/Iterable
instanceKlass java/util/concurrent/ConcurrentMap
instanceKlass java/util/AbstractMap
instanceKlass java/security/CodeSource
instanceKlass jdk/internal/loader/ClassLoaders
instanceKlass java/util/jar/Manifest
instanceKlass java/net/URL
instanceKlass java/io/InputStream
instanceKlass java/io/Closeable
instanceKlass java/lang/AutoCloseable
instanceKlass jdk/internal/module/Modules
instanceKlass jdk/internal/misc/Unsafe
instanceKlass jdk/internal/misc/UnsafeConstants
instanceKlass java/lang/AbstractStringBuilder
instanceKlass java/lang/Appendable
instanceKlass java/lang/AssertionStatusDirectives
instanceKlass java/lang/invoke/MethodHandleNatives$CallSiteContext
instanceKlass jdk/internal/invoke/NativeEntryPoint
instanceKlass java/lang/invoke/CallSite
instanceKlass java/lang/invoke/MethodType
instanceKlass java/lang/invoke/TypeDescriptor$OfMethod
instanceKlass java/lang/invoke/LambdaForm
instanceKlass java/lang/invoke/MethodHandleNatives
instanceKlass java/lang/invoke/ResolvedMethodName
instanceKlass java/lang/invoke/MemberName
instanceKlass java/lang/invoke/VarHandle
instanceKlass java/lang/invoke/MethodHandle
instanceKlass jdk/internal/reflect/CallerSensitive
instanceKlass java/lang/annotation/Annotation
instanceKlass jdk/internal/reflect/FieldAccessor
instanceKlass jdk/internal/reflect/ConstantPool
instanceKlass jdk/internal/reflect/ConstructorAccessor
instanceKlass jdk/internal/reflect/MethodAccessor
instanceKlass jdk/internal/reflect/MagicAccessorImpl
instanceKlass java/lang/reflect/Parameter
instanceKlass java/lang/reflect/Member
instanceKlass java/lang/reflect/AccessibleObject
instanceKlass java/lang/Module
instanceKlass java/util/Map
instanceKlass java/util/Dictionary
instanceKlass java/lang/ThreadGroup
instanceKlass java/lang/Thread$UncaughtExceptionHandler
instanceKlass java/lang/Thread
instanceKlass java/lang/Runnable
instanceKlass java/lang/ref/Reference
instanceKlass java/lang/Record
instanceKlass java/security/AccessController
instanceKlass java/security/AccessControlContext
instanceKlass java/security/ProtectionDomain
instanceKlass java/lang/SecurityManager
instanceKlass java/lang/Throwable
instanceKlass java/lang/System
instanceKlass java/lang/ClassLoader
instanceKlass java/lang/Cloneable
instanceKlass java/lang/Class
instanceKlass java/lang/invoke/TypeDescriptor$OfField
instanceKlass java/lang/invoke/TypeDescriptor
instanceKlass java/lang/reflect/Type
instanceKlass java/lang/reflect/GenericDeclaration
instanceKlass java/lang/reflect/AnnotatedElement
instanceKlass java/lang/String
instanceKlass java/lang/constant/ConstantDesc
instanceKlass java/lang/constant/Constable
instanceKlass java/lang/CharSequence
instanceKlass java/lang/Comparable
instanceKlass java/io/Serializable
ciInstanceKlass java/lang/Object 1 1 92 7 1 10 12 1 1 10 7 12 1 1 1 10 7 12 1 1 1 10 12 1 1 8 1 10 12 1 1 10 7 12 1 1 1 10 12 1 10 12 1 1 100 1 8 1 10 12 1 3 8 1 100 1 5 0 1 1 1 1 1 1 1 1 1 1 1 1 1 1 1 1 100 1 1 1 7 1 1 1 1 1 1 1 100 1 1 1 1 1 1 1
ciInstanceKlass java/lang/Class 1 1 1600 10 7 12 1 1 1 9 7 12 1 1 1 9 12 1 1 7 1 10 10 12 1 1 8 1 10 12 1 8 1 8 1 10 12 1 1 10 12 1 1 10 12 1 10 10 12 1 10 12 1 1 10 12 1 1 10 7 12 1 1 10 12 1 10 12 1 10 12 1 8 1 10 12 1 8 1 10 12 1 8 1 8 1 10 12 1 1 10 100 12 1 1 1 18 12 1 1 11 100 12 1 1 1 8 1 8 1 8 1 10 100 12 1 1 1 11 12 1 1 7 1 8 1 10 12 1 11 100 12 1 1 1 10 12 1 1 11 8 1 18 8 1 10 12 1 10 7 12 1 1 10 7 12 1 1 1 10 12 1 1 10 7 12 1 1 1 9 100 12 1 1 1 10 100 12 1 1 1 10 7 12 1 1 1 10 12 1 1 18 12 1 1 10 7 12 1 1 1 10 7 12 1 1 10 12 1 1 10 7 1 100 1 10 12 1 1 9 12 1 1 100 1 8 1 10 12 1 10 12 1 1 10 12 1 1 10 7 12 1 1 1 7 1 10 12 1 100 1 100 1 10 10 12 1 1 10 12 1 1 100 1 10 100 12 1 1 1 10 12 1 1 10 12 1 1 9 12 1 1 10 12 1 10 12 1 10 12 1 1 9 12 1 1 9 12 1 1 10 12 1 1 10 7 1 10 12 1 10 12 1 10 12 1 1 10 9 12 1 10 12 1 8 1 10 12 1 1 10 12 1 1 10 12 1 10 12 1 1 10 12 1 1 10 12 1 1 9 7 12 1 1 1 10 7 12 1 1 10 12 10 12 1 10 12 1 1 10 100 12 1 1 10 12 1 10 12 1 1 10 100 12 1 1 1 10 12 1 10 12 1 1 10 12 1 10 12 1 10 12 1 1 10 7 1 10 10 10 12 1 1 10 12 1 1 10 12 10 12 1 1 100 1 8 1 10 10 12 1 1 10 12 1 100 1 11 12 1 10 100 12 1 1 10 12 1 10 12 1 10 100 12 1 1 10 10 12 1 1 8 1 10 12 1 10 12 1 1 8 1 9 12 1 10 12 1 10 12 1 10 12 1 10 12 100 1 9 12 1 10 12 1 9 12 1 10 12 1 10 12 1 10 12 1 10 10 12 1 10 12 1 10 12 1 10 12 1 10 12 1 10 12 1 100 1 10 12 1 10 12 1 1 10 12 1 1 10 12 1 1 10 12 1 1 10 12 1 1 10 12 1 1 100 1 10 10 12 1 1 10 12 1 1 10 12 1 1 10 10 12 1 10 12 1 1 10 12 1 1 10 12 1 1 10 12 1 1 7 1 10 10 12 11 100 12 1 1 10 12 1 1 10 12 1 10 100 12 1 1 1 10 12 1 1 10 10 12 1 1 100 1 10 10 12 1 1 10 100 12 1 1 1 100 1 100 1 10 12 1 1 10 12 1 10 10 12 1 1 10 12 1 10 12 1 10 12 1 10 100 12 1 1 1 11 7 12 1 1 10 12 1 10 12 1 9 12 1 10 12 1 1 10 12 1 9 100 12 1 1 1 9 12 1 10 100 12 1 1 1 10 12 1 10 12 1 10 100 12 1 1 1 10 12 1 10 12 10 12 1 1 100 1 10 8 1 10 12 1 11 11 12 1 1 11 7 12 1 1 11 12 1 8 1 10 12 1 10 12 1 1 9 12 1 9 12 1 1 10 7 12 1 1 9 12 1 10 12 1 1 10 10 12 1 10 7 12 1 1 1 10 7 12 1 1 10 7 12 1 1 9 12 1 1 10 12 1 9 12 1 10 12 1 10 12 1 1 9 12 1 1 9 12 1 10 12 1 10 12 1 1 9 12 1 7 1 10 10 12 1 1 7 1 10 12 1 1 7 11 7 1 9 12 1 1 9 12 1 100 1 10 12 1 9 12 1 1 9 12 1 10 12 1 10 12 1 1 9 12 1 7 1 10 10 12 1 1 10 10 12 1 1 10 12 10 10 12 1 9 12 1 10 12 1 1 10 7 12 1 1 1 10 12 1 1 10 12 1 8 10 7 8 1 18 8 1 8 1 10 12 1 9 12 1 9 12 1 1 10 12 1 7 1 7 1 10 12 1 9 12 1 1 7 1 10 10 12 1 10 7 1 9 12 1 8 1 10 12 1 7 1 10 12 1 10 12 1 1 9 12 1 100 1 8 1 10 7 1 4 10 10 12 11 7 12 1 1 1 10 12 1 100 1 10 12 1 1 10 8 1 8 1 10 12 1 1 9 7 12 1 1 11 12 7 1 11 7 12 1 1 9 12 1 10 100 12 1 1 1 10 7 12 1 1 10 12 1 1 9 12 1 9 10 12 1 1 10 12 1 1 10 12 1 1 10 12 1 1 10 12 1 1 11 12 1 7 1 11 12 1 10 7 12 1 1 1 10 12 1 100 1 11 12 1 10 100 12 1 1 1 10 12 1 10 11 12 1 11 12 1 1 10 12 1 10 12 1 1 9 12 1 1 9 100 12 1 1 10 12 1 10 100 12 1 1 1 10 12 1 1 10 12 1 10 12 1 10 12 1 10 7 12 1 1 1 10 12 1 8 1 10 12 1 10 12 1 10 12 1 10 100 12 1 1 1 11 100 12 1 1 1 10 12 1 1 10 12 1 18 12 1 1 11 12 1 1 18 11 12 1 18 12 1 11 12 1 10 12 1 1 10 12 1 10 12 1 10 12 10 12 1 8 1 10 12 1 7 1 9 12 1 1 100 1 100 1 100 1 100 1 100 1 1 1 3 1 3 1 3 1 1 1 1 1 1 1 5 0 1 1 1 1 1 1 1 1 1 1 1 1 1 1 1 1 1 1 1 1 1 1 1 100 1 1 1 1 1 1 1 100 1 1 1 1 1 1 100 1 1 1 1 1 1 1 1 1 1 1 1 1 1 1 1 1 1 1 1 1 1 1 1 1 1 1 1 1 1 1 1 1 1 1 1 1 1 100 1 1 1 1 1 1 1 1 1 1 1 1 1 1 1 1 1 1 1 1 1 1 1 1 1 1 1 1 100 1 1 1 1 1 1 1 1 1 1 1 1 1 1 1 1 1 1 1 1 1 1 1 1 1 1 1 1 1 1 1 1 1 1 1 1 1 1 1 1 1 1 1 1 1 1 1 1 1 1 1 1 1 100 1 100 1 1 1 1 1 1 1 100 1 1 1 1 1 1 1 1 1 1 1 1 1 1 1 1 1 1 1 1 1 1 1 1 1 1 1 1 1 1 1 1 1 1 1 1 1 1 1 1 1 1 1 1 1 1 1 1 1 1 1 1 1 1 1 100 1 1 1 1 1 1 1 1 1 1 1 1 1 1 1 1 1 1 1 1 1 1 1 1 1 1 1 1 1 1 1 1 1 1 1 1 1 1 1 1 1 1 1 1 1 1 1 1 1 1 1 1 1 1 1 1 1 1 1 1 1 1 1 1 1 1 1 1 15 10 100 12 1 1 1 16 15 10 12 16 15 11 12 16 1 16 15 16 15 10 12 16 16 15 10 12 16 15 16 1 15 10 12 16 1 1 1 1 1 1 1 1 1 100 1 1 100 1 100 1 1 100 1 100 1 1
staticfield java/lang/Class EMPTY_CLASS_ARRAY [Ljava/lang/Class; 0 [Ljava/lang/Class;
staticfield java/lang/Class serialPersistentFields [Ljava/io/ObjectStreamField; 0 [Ljava/io/ObjectStreamField;
ciInstanceKlass java/io/Serializable 1 0 7 100 1 100 1 1 1
instanceKlass jdk/internal/vm/vector/VectorSupport$VectorShuffle
instanceKlass jdk/internal/vm/vector/VectorSupport$VectorMask
instanceKlass jdk/internal/vm/vector/VectorSupport$Vector
ciInstanceKlass jdk/internal/vm/vector/VectorSupport$VectorPayload 0 0 32 10 100 12 1 1 1 9 100 12 1 1 1 10 100 12 1 1 1 1 1 1 1 1 1 1 1 1 1 1 1 1
ciInstanceKlass jdk/internal/vm/vector/VectorSupport$VectorShuffle 0 0 28 10 100 12 1 1 1 100 1 1 1 1 1 1 1 1 1 1 1 1 1 1 1 100 1 1 1 1
ciInstanceKlass jdk/internal/vm/vector/VectorSupport$VectorMask 0 0 28 10 100 12 1 1 1 100 1 1 1 1 1 1 1 1 1 1 1 1 1 1 1 100 1 1 1 1
ciInstanceKlass jdk/internal/vm/vector/VectorSupport$Vector 0 0 28 10 100 12 1 1 1 100 1 1 1 1 1 1 1 1 1 1 1 1 1 1 1 100 1 1 1 1
ciInstanceKlass jdk/internal/vm/vector/VectorSupport 0 0 487 100 1 10 100 12 1 1 1 9 12 1 1 10 12 1 1 100 1 10 12 1 11 100 12 1 1 1 11 100 12 1 1 1 11 100 12 1 1 11 100 12 1 1 1 11 100 1 100 1 10 12 1 1 11 100 12 1 1 11 100 12 1 1 100 1 11 100 12 1 1 11 100 12 1 1 11 100 12 1 1 1 11 100 12 1 1 1 11 100 12 1 1 1 11 100 12 1 1 1 100 1 10 12 1 1 11 100 12 1 1 100 1 11 100 12 1 1 11 100 12 1 1 11 100 12 1 1 11 100 1 100 1 9 12 1 1 10 100 12 1 1 11 100 12 1 1 10 12 1 1 10 100 12 1 1 1 10 12 1 10 12 1 1 10 12 1 1 1 1 1 3 1 3 1 3 1 3 1 3 1 3 1 3 1 3 1 3 1 3 1 3 1 3 1 3 1 3 1 3 1 3 1 3 1 3 1 3 1 3 1 3 1 3 1 3 1 3 1 3 1 3 1 3 1 3 1 3 1 3 1 3 1 3 1 3 1 3 1 3 1 3 1 3 1 3 1 3 1 1 1 1 1 3 1 1 1 1 1 1 3 1 1 1 1 1 1 1 1 1 1 1 1 1 1 1 1 1 1 1 1 1 1 1 1 1 1 1 1 1 1 1 1 1 1 1 1 1 1 1 1 1 1 1 1 1 1 1 1 1 1 1 1 1 1 1 1 1 1 1 1 1 1 1 1 1 1 1 1 1 1 1 1 1 1 1 1 1 1 1 1 1 1 1 1 1 1 1 1 1 1 1 1 1 1 1 1 1 1 1 1 1 1 1 1 1 1 1 1 1 1 1 1 1 1 1 1 1 1 1 1 1 1 1 1 1 1 1 1 1 1 1 1 1 1 1 1 1 1 1 1 1 1 1 1 1 1 1 1 1 1 1 1 1 1 1 1 1 1 1 1 1 1 1 1 1 1 1 1 1 1 1 1 1 1 1 1 1 1 1 1 1 1 1 1 1 1 1 1 1 1 1 1 1 1 1 1 1 1 1 100 1 100 1 1 1 1 1 1 1 1 1 1 1 1 1 1 1 1 1 1 1 1 1 1 1 1
ciInstanceKlass java/lang/reflect/RecordComponent 0 0 196 10 100 12 1 1 1 9 100 12 1 1 1 9 12 1 1 9 12 1 10 12 1 1 10 12 1 1 10 100 12 1 1 1 10 12 1 1 9 12 1 1 10 12 1 1 10 12 1 1 10 12 1 10 100 12 1 1 10 100 12 1 1 9 12 1 1 10 100 12 1 1 1 11 100 12 1 1 1 10 9 100 12 1 1 1 10 100 12 1 1 1 9 12 1 1 10 100 12 1 1 1 10 12 1 1 11 100 12 1 1 10 100 12 1 1 100 1 9 12 1 9 12 1 1 9 12 1 10 100 12 1 1 1 10 12 1 1 10 12 1 1 100 1 10 10 12 1 10 12 1 1 8 1 10 12 1 10 12 1 9 12 1 100 1 1 1 1 1 1 1 1 1 1 1 1 1 1 1 1 1 1 1 1 1 1 100 1 1 1 1 1 1 100 1 1
ciInstanceKlass java/util/Iterator 1 1 53 100 1 8 1 10 12 1 1 10 100 12 1 1 1 11 100 12 1 1 1 11 12 1 1 11 100 12 1 1 1 100 1 1 1 1 1 1 1 1 1 1 1 1 1 1 1 1 1 1 1 1 1
ciInstanceKlass java/lang/System 1 1 803 10 100 12 1 1 1 9 7 12 1 1 1 10 12 1 10 12 1 1 10 12 1 1 10 12 1 9 12 1 1 10 7 12 1 1 1 11 100 12 1 1 1 10 100 12 1 1 1 10 12 1 1 10 12 1 1 100 1 8 1 10 12 1 10 100 12 1 1 1 10 100 12 1 1 1 18 12 1 1 10 100 12 1 1 1 100 1 10 12 1 1 10 100 12 1 1 1 10 12 1 10 7 12 1 1 1 9 100 12 1 1 1 10 100 12 1 1 1 11 7 12 1 1 1 10 12 1 1 10 100 12 1 1 1 100 1 10 10 12 1 1 8 1 10 12 1 8 1 10 12 1 9 12 1 1 8 1 10 7 12 1 1 1 10 12 1 1 100 1 8 1 10 9 12 1 1 8 1 10 12 1 1 10 100 12 1 1 1 8 1 10 12 1 100 1 10 12 1 8 1 10 12 1 10 12 1 1 100 1 10 12 10 12 1 9 12 1 1 9 12 1 1 10 7 12 1 1 1 10 7 12 1 1 1 10 12 1 1 10 12 1 10 12 1 10 7 12 1 1 1 10 12 1 100 1 100 1 8 1 10 12 1 10 12 1 1 7 1 10 12 1 100 1 8 1 10 10 12 1 100 1 8 1 10 8 1 10 7 12 1 1 8 1 10 12 100 1 8 1 10 10 12 1 1 10 100 12 1 1 1 100 1 18 12 1 100 1 9 100 12 1 1 1 10 12 1 100 1 10 12 1 1 10 12 1 1 10 7 12 1 1 1 10 12 1 1 10 12 1 10 12 1 10 12 1 1 10 12 1 7 1 10 12 1 10 12 1 100 1 10 12 1 10 7 12 1 1 1 100 1 8 1 10 9 12 1 9 12 1 10 12 1 10 100 12 1 1 10 12 1 10 12 1 1 8 1 10 12 1 1 8 1 11 12 1 10 12 11 12 1 1 11 7 12 1 1 1 11 7 12 1 1 11 12 1 1 7 1 11 12 1 10 12 1 8 1 10 12 1 1 8 1 8 1 8 1 8 1 11 12 1 10 12 1 10 12 1 10 12 1 10 7 12 1 1 8 1 7 1 9 7 12 1 1 1 10 12 1 7 1 9 12 10 9 12 7 1 10 12 8 1 10 12 1 1 8 1 10 7 12 1 1 10 12 1 10 7 12 1 1 1 10 12 1 1 10 7 12 1 1 1 10 12 10 7 12 1 1 1 9 12 1 1 100 1 8 1 10 12 1 1 10 7 12 1 1 1 7 1 10 12 1 1 8 1 10 8 1 8 1 8 1 8 1 10 10 7 12 1 1 10 12 1 1 10 12 1 1 10 12 1 1 10 12 1 10 100 12 1 1 1 10 100 1 8 1 10 10 10 12 1 1 10 12 1 1 8 1 10 12 1 8 1 10 12 1 10 12 1 1 7 1 10 10 12 1 10 12 1 9 12 1 1 1 3 1 3 1 1 1 1 1 1 1 1 1 1 1 1 100 1 1 100 1 1 1 1 1 1 1 1 1 1 1 100 1 100 1 1 1 1 1 1 1 1 1 1 1 1 1 1 1 1 1 1 1 1 1 1 1 1 1 1 1 1 1 1 1 1 1 1 1 1 1 1 1 1 1 1 1 1 1 1 1 1 1 1 1 1 1 1 1 1 1 1 100 1 1 1 1 1 1 1 1 1 1 1 1 1 1 1 1 1 1 1 1 1 1 1 1 1 1 1 1 1 1 1 1 1 100 1 1 15 10 100 12 1 1 1 16 15 10 12 1 1 16 15 10 12 16 1 1 1 1 1 1 1 100 1 100 1 1
staticfield java/lang/System in Ljava/io/InputStream; java/io/BufferedInputStream
staticfield java/lang/System out Ljava/io/PrintStream; java/io/PrintStream
staticfield java/lang/System err Ljava/io/PrintStream; java/io/PrintStream
instanceKlass jdk/internal/reflect/DelegatingClassLoader
instanceKlass java/security/SecureClassLoader
ciInstanceKlass java/lang/ClassLoader 1 1 1098 9 7 12 1 1 1 10 7 12 1 1 1 9 12 1 1 10 7 12 1 1 1 7 1 10 12 1 1 10 12 1 1 9 12 1 1 10 12 1 1 100 1 10 12 1 10 12 1 1 10 7 12 1 1 1 100 1 8 1 10 12 1 10 7 12 1 1 1 10 100 12 1 10 7 1 10 7 1 7 1 7 1 10 12 1 10 12 1 9 12 1 1 10 10 7 12 1 1 1 9 12 1 1 9 12 1 9 12 1 1 9 12 1 9 12 1 1 9 12 1 1 7 1 10 12 1 9 12 1 1 10 12 1 1 10 7 12 1 1 1 9 12 1 9 12 1 1 9 12 1 10 12 1 1 9 12 10 12 1 1 7 1 10 8 1 10 12 1 1 10 12 1 10 7 1 7 1 10 12 1 1 10 7 12 1 1 1 8 1 10 12 1 10 12 1 10 12 1 1 10 12 1 1 10 12 1 1 10 12 1 1 10 12 1 1 10 12 1 7 1 10 12 1 10 7 12 1 1 1 10 12 1 1 10 12 1 10 12 1 10 12 1 10 12 1 10 12 1 1 10 10 12 1 10 12 1 10 100 12 1 1 10 12 1 1 10 12 1 1 10 12 1 100 1 10 12 1 100 1 10 12 1 10 100 12 1 1 1 10 10 12 1 1 10 12 1 1 100 1 8 1 10 8 1 10 12 1 10 12 1 100 1 8 1 10 12 1 1 10 12 1 1 10 10 12 1 1 10 12 1 1 10 12 1 1 10 7 1 10 12 1 1 10 12 1 1 10 12 1 1 10 12 1 1 10 12 1 1 10 12 1 1 10 12 1 10 7 12 1 1 1 10 12 1 10 12 1 10 12 1 1 10 12 1 10 12 1 10 12 1 10 12 1 1 10 12 1 10 12 1 1 8 1 9 12 1 10 12 1 1 8 1 8 1 10 7 12 1 1 100 1 10 10 12 10 12 1 10 12 1 10 12 1 10 12 1 1 10 7 12 1 1 10 12 1 10 7 1 7 1 10 12 1 1 10 12 1 10 7 1 10 12 1 100 1 18 12 1 10 100 12 1 1 1 10 100 12 1 1 1 10 7 12 1 1 10 12 1 1 10 12 1 10 12 1 1 100 1 10 12 1 10 12 1 1 10 7 12 1 1 10 12 1 8 1 100 1 10 10 12 1 9 12 1 10 7 12 1 1 10 12 1 100 1 8 1 10 12 1 10 8 1 8 1 10 12 1 1 10 12 1 1 10 12 1 1 10 100 12 1 1 1 100 1 100 1 10 12 1 1 100 1 100 1 10 100 12 1 1 10 12 1 10 12 1 1 10 12 1 10 12 1 1 10 12 1 1 9 100 12 1 1 1 10 12 1 1 10 12 1 10 12 1 10 12 1 1 10 12 1 8 1 10 12 1 7 1 18 12 1 1 10 12 1 1 10 12 1 10 12 1 10 12 1 8 1 10 12 1 10 12 1 18 12 1 11 100 12 1 1 1 100 1 10 12 1 1 10 12 1 10 11 12 1 1 10 18 10 12 1 1 11 100 12 1 18 12 1 11 12 1 1 10 12 10 12 1 1 10 12 1 1 100 1 8 1 10 10 12 1 8 1 8 1 10 100 12 1 1 10 12 1 100 1 10 10 12 1 8 1 8 1 8 1 10 12 1 10 12 1 1 10 12 1 10 100 12 1 1 1 11 100 12 1 1 100 1 10 11 10 12 1 10 12 1 10 12 1 1 9 100 12 1 1 9 12 1 1 9 12 9 12 1 9 12 1 9 12 1 8 10 12 1 1 10 7 12 1 1 1 10 12 1 1 10 12 1 1 10 12 1 10 10 12 1 11 12 1 1 10 100 12 1 1 1 100 1 10 12 1 10 12 1 10 12 1 1 1 1 1 1 1 1 1 1 1 1 1 1 1 1 1 1 1 1 1 1 1 1 1 1 1 1 100 1 1 1 1 1 1 1 1 1 1 1 1 1 1 1 1 1 1 1 1 1 100 1 1 1 1 1 1 1 1 1 1 100 1 1 1 1 1 1 1 1 1 1 1 1 1 1 1 1 1 1 1 1 1 1 1 1 1 1 1 1 1 1 1 1 1 1 1 1 1 1 1 1 1 100 1 1 1 1 1 1 1 1 1 1 1 1 1 1 1 1 1 1 100 1 1 1 1 1 1 1 1 1 1 1 1 1 1 1 1 1 1 1 1 1 1 1 1 1 1 1 1 1 1 1 1 1 1 1 1 1 1 1 1 1 1 1 1 1 1 1 1 1 1 1 100 1 1 1 1 1 1 1 1 1 1 1 1 1 1 1 1 1 1 1 1 1 1 1 1 1 1 1 1 1 1 1 1 1 1 1 1 1 1 1 1 1 1 1 1 1 1 15 10 100 12 1 1 1 16 1 15 10 12 16 1 16 15 10 12 16 1 16 1 15 10 12 16 15 10 12 16 15 10 12 16 1 1 100 1 100 1 1
staticfield java/lang/ClassLoader nocerts [Ljava/security/cert/Certificate; 0 [Ljava/security/cert/Certificate;
staticfield java/lang/ClassLoader $assertionsDisabled Z 1
ciInstanceKlass jdk/internal/reflect/DelegatingClassLoader 1 1 18 10 7 12 1 1 1 100 1 1 1 1 1 1 1 1 1 1
instanceKlass java/net/URLClassLoader
instanceKlass jdk/internal/loader/BuiltinClassLoader
ciInstanceKlass java/security/SecureClassLoader 1 1 102 10 7 12 1 1 1 7 1 10 12 1 9 7 12 1 1 1 10 12 1 10 12 1 10 12 1 1 10 12 1 1 10 12 1 7 1 10 7 1 10 12 1 7 1 10 12 1 11 7 12 1 1 1 7 1 11 12 1 10 12 1 1 1 1 1 1 1 1 1 1 1 1 1 1 1 1 1 1 1 1 1 1 1 1 1 1 1 1 1 1 1 1 1 1 1 1 100 1 1 1 1
instanceKlass jdk/internal/loader/ClassLoaders$BootClassLoader
instanceKlass jdk/internal/loader/ClassLoaders$PlatformClassLoader
instanceKlass jdk/internal/loader/ClassLoaders$AppClassLoader
ciInstanceKlass jdk/internal/loader/BuiltinClassLoader 1 1 737 9 7 12 1 1 1 10 7 12 1 1 1 10 7 12 1 1 1 9 12 1 1 9 12 1 1 7 1 10 12 1 9 12 1 10 12 1 9 12 1 10 7 12 1 1 1 10 7 12 1 1 1 10 7 12 1 1 1 11 7 12 1 1 1 100 1 100 1 10 10 12 1 1 8 1 10 12 1 10 12 7 1 10 12 1 10 12 1 1 11 7 12 1 1 1 11 7 12 1 1 1 11 12 1 1 7 1 8 1 8 1 10 9 12 1 1 10 7 12 1 1 11 12 1 1 10 12 1 1 10 12 1 1 10 12 1 1 10 7 12 1 1 1 10 12 1 10 7 12 1 1 1 10 12 1 1 11 7 12 1 1 1 10 7 12 1 1 100 1 10 7 12 1 1 1 10 12 1 100 1 8 1 10 12 1 1 10 8 1 10 12 1 1 10 12 1 1 10 12 1 1 11 7 12 1 1 11 12 1 7 1 10 11 12 1 1 11 10 12 1 1 7 1 10 12 1 10 7 12 1 10 12 1 7 1 10 12 1 10 7 12 1 1 1 100 1 10 12 1 1 11 12 1 100 1 100 1 10 12 1 10 12 1 1 100 1 100 1 10 12 1 10 12 1 18 12 1 1 10 12 1 10 12 1 1 18 100 1 10 7 12 1 1 1 7 1 10 10 12 1 1 10 12 1 1 10 12 1 1 10 12 1 9 12 1 1 100 1 10 10 12 1 1 10 12 1 1 10 12 1 10 12 10 12 1 1 10 12 1 1 10 12 1 1 10 12 1 10 12 1 1 18 12 1 7 1 10 12 1 1 10 12 1 10 12 1 1 10 12 1 100 1 10 12 1 7 1 10 12 1 10 7 12 1 1 1 10 12 1 11 12 1 7 1 10 12 1 7 1 100 1 10 12 1 10 12 1 11 12 1 1 10 12 1 1 10 12 1 1 10 12 1 1 10 12 1 1 10 12 1 10 12 1 10 12 1 10 12 1 8 1 10 12 1 1 10 7 12 1 1 10 12 1 100 1 8 1 8 1 10 10 12 1 8 1 8 1 10 7 12 1 1 1 11 7 12 1 1 1 9 7 12 1 1 1 10 7 12 1 1 1 9 12 1 9 12 1 9 12 1 9 12 1 9 12 1 9 12 1 10 7 12 1 1 1 8 1 10 12 1 7 1 10 12 1 1 10 12 1 7 1 10 11 12 1 1 10 12 10 12 1 10 12 1 100 1 10 12 1 10 12 1 10 10 12 1 10 7 12 1 1 8 1 10 7 12 1 1 10 12 1 1 1 1 1 1 1 1 1 1 1 1 1 1 1 1 1 1 1 1 1 1 1 1 1 1 1 1 1 1 1 1 1 1 1 1 1 1 1 1 1 1 1 1 1 1 1 1 1 1 1 1 1 1 1 1 100 1 1 1 1 1 1 1 1 1 1 1 1 1 1 1 1 1 1 100 1 100 1 1 1 1 1 1 1 1 1 1 1 1 1 1 1 1 1 1 1 1 1 1 1 1 1 1 1 1 1 1 1 1 1 1 1 1 1 1 1 1 1 1 1 1 1 1 1 1 1 1 1 100 1 1 15 10 100 12 1 1 1 16 15 10 12 16 15 10 12 16 15 10 12 16 1 1 1 100 1 1 1 1 1 100 1 100 1 1
staticfield jdk/internal/loader/BuiltinClassLoader packageToModule Ljava/util/Map; java/util/concurrent/ConcurrentHashMap
staticfield jdk/internal/loader/BuiltinClassLoader $assertionsDisabled Z 1
ciInstanceKlass java/security/AccessController 1 1 295 10 100 12 1 1 1 10 7 12 1 1 1 10 7 12 1 1 1 10 12 1 1 10 12 1 1 10 7 12 1 1 1 10 12 1 1 10 12 1 10 12 1 1 10 12 1 100 1 8 1 10 12 1 10 12 1 10 12 1 1 10 12 1 100 1 100 1 10 12 1 1 10 12 1 10 12 1 10 12 1 1 10 7 12 1 1 1 10 12 1 1 9 100 12 1 1 1 10 100 12 1 1 1 10 12 1 10 12 1 9 100 12 1 1 1 10 12 1 10 12 1 1 9 12 1 1 10 100 1 10 11 7 12 1 1 1 10 7 12 1 1 11 7 1 100 1 10 12 1 10 12 1 10 12 1 8 1 10 12 1 1 8 1 10 100 12 1 1 1 8 1 100 1 10 10 12 1 1 10 12 1 10 7 12 1 1 1 10 12 1 8 1 10 100 12 1 1 8 1 8 1 10 12 1 8 1 10 12 1 10 12 1 1 10 12 1 1 1 1 1 1 1 1 1 1 1 1 1 1 1 1 1 1 1 1 1 1 1 1 1 1 1 1 100 1 1 1 1 1 1 1 1 1 1 1 1 1 1 1 1 1 1 1 1 1 1 1 1 1 1 1 1 1 1 1 1 1 1 100 1 100 1 1 1 1 1 1 1 1 1 3 1 1 1
staticfield java/security/AccessController $assertionsDisabled Z 1
instanceKlass jdk/internal/reflect/GeneratedConstructorAccessor48
instanceKlass jdk/internal/reflect/GeneratedConstructorAccessor47
instanceKlass jdk/internal/reflect/GeneratedConstructorAccessor46
instanceKlass jdk/internal/reflect/GeneratedConstructorAccessor45
instanceKlass jdk/internal/reflect/GeneratedConstructorAccessor44
instanceKlass jdk/internal/reflect/GeneratedConstructorAccessor43
instanceKlass jdk/internal/reflect/GeneratedConstructorAccessor42
instanceKlass jdk/internal/reflect/GeneratedConstructorAccessor41
instanceKlass jdk/internal/reflect/GeneratedConstructorAccessor40
instanceKlass jdk/internal/reflect/GeneratedConstructorAccessor39
instanceKlass jdk/internal/reflect/GeneratedConstructorAccessor38
instanceKlass jdk/internal/reflect/GeneratedConstructorAccessor37
instanceKlass jdk/internal/reflect/GeneratedConstructorAccessor36
instanceKlass jdk/internal/reflect/GeneratedConstructorAccessor35
instanceKlass jdk/internal/reflect/GeneratedConstructorAccessor34
instanceKlass jdk/internal/reflect/GeneratedConstructorAccessor33
instanceKlass jdk/internal/reflect/GeneratedConstructorAccessor32
instanceKlass jdk/internal/reflect/GeneratedConstructorAccessor31
instanceKlass jdk/internal/reflect/GeneratedConstructorAccessor30
instanceKlass jdk/internal/reflect/GeneratedConstructorAccessor29
instanceKlass jdk/internal/reflect/GeneratedConstructorAccessor28
instanceKlass jdk/internal/reflect/GeneratedConstructorAccessor27
instanceKlass jdk/internal/reflect/GeneratedConstructorAccessor26
instanceKlass jdk/internal/reflect/GeneratedConstructorAccessor25
instanceKlass jdk/internal/reflect/GeneratedConstructorAccessor24
instanceKlass jdk/internal/reflect/GeneratedConstructorAccessor23
instanceKlass jdk/internal/reflect/GeneratedConstructorAccessor22
instanceKlass jdk/internal/reflect/GeneratedConstructorAccessor21
instanceKlass jdk/internal/reflect/GeneratedConstructorAccessor20
instanceKlass jdk/internal/reflect/GeneratedConstructorAccessor19
instanceKlass jdk/internal/reflect/GeneratedConstructorAccessor18
instanceKlass jdk/internal/reflect/GeneratedConstructorAccessor17
instanceKlass jdk/internal/reflect/GeneratedConstructorAccessor16
instanceKlass jdk/internal/reflect/GeneratedConstructorAccessor15
instanceKlass jdk/internal/reflect/GeneratedConstructorAccessor14
instanceKlass jdk/internal/reflect/GeneratedConstructorAccessor13
instanceKlass jdk/internal/reflect/GeneratedConstructorAccessor12
instanceKlass jdk/internal/reflect/GeneratedConstructorAccessor11
instanceKlass jdk/internal/reflect/GeneratedConstructorAccessor10
instanceKlass jdk/internal/reflect/GeneratedConstructorAccessor9
instanceKlass jdk/internal/reflect/GeneratedConstructorAccessor8
instanceKlass jdk/internal/reflect/GeneratedConstructorAccessor7
instanceKlass jdk/internal/reflect/GeneratedConstructorAccessor6
instanceKlass jdk/internal/reflect/GeneratedConstructorAccessor5
instanceKlass jdk/internal/reflect/GeneratedConstructorAccessor4
instanceKlass jdk/internal/reflect/GeneratedConstructorAccessor3
instanceKlass jdk/internal/reflect/GeneratedConstructorAccessor2
instanceKlass jdk/internal/reflect/BootstrapConstructorAccessorImpl
instanceKlass jdk/internal/reflect/GeneratedConstructorAccessor1
instanceKlass jdk/internal/reflect/DelegatingConstructorAccessorImpl
instanceKlass jdk/internal/reflect/NativeConstructorAccessorImpl
ciInstanceKlass jdk/internal/reflect/ConstructorAccessorImpl 1 1 27 10 7 12 1 1 1 100 1 100 1 1 1 1 1 1 1 1 1 100 1 100 1 100 1 1 1
instanceKlass jdk/internal/reflect/FieldAccessorImpl
instanceKlass jdk/internal/reflect/ConstructorAccessorImpl
instanceKlass jdk/internal/reflect/MethodAccessorImpl
ciInstanceKlass jdk/internal/reflect/MagicAccessorImpl 1 1 16 10 7 12 1 1 1 100 1 1 1 1 1 1 1 1
instanceKlass jdk/internal/reflect/DelegatingMethodAccessorImpl
instanceKlass jdk/internal/reflect/NativeMethodAccessorImpl
ciInstanceKlass jdk/internal/reflect/MethodAccessorImpl 1 1 25 10 7 12 1 1 1 100 1 100 1 1 1 1 1 1 1 1 1 100 1 100 1 1 1
ciInstanceKlass java/lang/Module 1 1 959 10 7 12 1 1 1 9 7 12 1 1 1 10 7 12 1 1 1 9 12 1 9 12 1 1 9 12 1 1 10 12 1 1 10 12 1 10 12 1 1 10 7 12 1 1 1 7 1 10 7 12 1 1 1 10 12 1 1 11 7 12 1 1 1 10 12 1 1 10 7 12 1 1 1 10 12 1 1 10 7 12 1 1 1 9 100 12 1 1 1 10 100 12 1 1 1 10 12 1 8 1 10 7 12 1 1 1 10 7 12 1 1 1 9 12 1 1 9 12 1 1 10 12 1 9 12 1 1 11 12 1 9 7 12 1 1 10 7 12 1 1 1 10 100 12 1 1 1 10 12 1 1 100 1 100 1 10 10 12 1 1 8 1 10 12 1 10 12 10 12 1 10 12 1 1 10 12 1 1 10 12 1 1 9 7 12 1 1 1 10 12 1 1 10 12 1 1 9 12 1 10 12 1 10 12 1 9 12 1 1 11 7 12 1 1 10 12 1 1 9 12 1 9 12 1 10 12 1 10 12 1 100 1 8 1 10 10 12 1 1 10 12 1 8 1 10 12 1 1 8 1 8 1 10 12 1 1 10 12 1 10 12 1 1 18 12 1 1 10 12 1 1 11 12 1 9 12 1 11 12 10 100 12 1 1 100 1 8 1 10 7 1 11 12 1 1 10 12 1 10 12 1 10 12 1 1 11 12 1 1 11 7 12 1 1 11 12 1 1 9 12 1 11 12 1 10 12 1 1 10 12 1 1 9 12 1 10 12 10 7 12 1 1 10 7 12 1 1 10 7 1 18 12 1 1 11 100 12 1 1 1 18 12 1 11 12 1 1 10 100 12 1 1 1 11 12 1 1 10 7 12 1 1 4 7 1 11 12 1 7 1 7 1 10 10 7 12 1 1 1 10 11 7 12 1 8 1 10 10 12 1 1 10 7 12 1 1 10 12 1 10 12 1 7 1 10 12 1 10 11 12 1 1 10 12 10 12 1 1 9 12 1 100 1 10 10 12 1 1 11 100 1 10 12 1 1 11 12 1 10 10 12 1 11 10 12 1 1 10 12 1 1 10 12 1 1 10 7 12 1 1 10 12 1 10 12 1 1 10 10 12 1 1 10 12 1 18 12 1 11 12 1 18 12 1 10 12 1 10 12 1 10 12 7 1 10 12 1 10 12 1 10 12 1 9 12 1 7 1 10 10 10 10 12 1 10 12 1 10 12 1 10 12 1 1 10 12 1 1 10 12 1 9 12 1 18 12 1 1 10 100 12 1 1 1 100 1 8 1 10 12 1 1 10 12 1 1 10 100 12 1 1 100 1 10 12 1 1 100 1 8 1 100 1 10 100 1 100 1 3 10 12 1 100 1 10 12 1 10 12 1 1 10 12 1 1 100 1 10 12 1 10 12 1 1 100 1 100 1 10 12 8 1 10 12 1 1 10 12 1 1 10 100 12 1 1 10 12 1 1 10 12 1 10 12 10 12 1 1 100 1 10 10 12 1 1 10 100 12 1 1 1 100 1 8 1 10 12 1 1 10 100 12 1 1 8 1 10 12 1 8 1 10 12 1 10 12 10 12 1 8 1 10 10 100 12 1 1 7 1 10 10 12 1 10 7 12 1 1 9 12 1 9 12 1 9 12 1 9 12 1 10 12 11 12 1 10 12 1 100 1 1 1 1 1 1 1 1 1 1 1 1 1 1 1 1 100 1 1 1 1 1 1 1 1 1 1 1 1 1 1 1 1 1 1 1 1 1 1 1 1 1 1 1 1 1 1 1 1 1 1 1 1 1 1 1 1 1 1 1 1 1 1 1 1 1 1 1 1 1 1 1 1 1 1 1 1 1 1 1 1 1 1 1 1 1 1 1 1 1 1 1 1 1 1 1 1 1 1 1 100 100 1 1 1 1 1 1 1 1 1 1 1 1 1 1 1 1 1 1 1 1 1 1 1 1 1 1 1 1 1 1 1 1 1 1 100 1 100 1 100 1 1 1 1 1 1 1 1 1 1 1 1 1 1 1 1 1 1 1 1 1 1 1 1 1 1 1 1 15 10 7 12 1 1 1 16 15 10 12 16 16 15 10 12 16 16 15 10 16 1 15 10 12 16 1 15 10 12 16 1 16 15 10 12 16 1 1 1 1 1 1 1 100 1 100 1 1
staticfield java/lang/Module ALL_UNNAMED_MODULE Ljava/lang/Module; java/lang/Module
staticfield java/lang/Module ALL_UNNAMED_MODULE_SET Ljava/util/Set; java/util/ImmutableCollections$Set12
staticfield java/lang/Module EVERYONE_MODULE Ljava/lang/Module; java/lang/Module
staticfield java/lang/Module EVERYONE_SET Ljava/util/Set; java/util/ImmutableCollections$Set12
staticfield java/lang/Module $assertionsDisabled Z 1
instanceKlass org/jetbrains/kotlin/com/intellij/util/containers/NotNullList
instanceKlass org/jetbrains/kotlin/com/intellij/util/containers/Stack
instanceKlass org/jetbrains/kotlin/config/MavenComparableVersion$ListItem
ciInstanceKlass java/util/ArrayList 1 1 492 10 7 12 1 1 1 7 1 9 7 12 1 1 1 9 12 1 100 1 100 1 10 8 1 10 12 1 1 10 12 1 10 12 1 1 10 12 1 9 12 1 11 7 12 1 1 1 9 12 1 1 10 12 1 1 7 10 7 12 1 1 1 9 12 1 10 12 1 10 12 1 1 10 7 12 1 1 1 10 7 12 1 1 1 10 12 1 1 10 12 1 1 10 12 1 1 10 12 1 10 12 1 1 100 1 100 1 10 12 1 10 7 12 1 1 1 10 7 12 1 1 10 12 1 10 12 10 12 1 1 10 12 1 1 10 12 1 1 7 1 10 12 1 1 10 12 1 1 10 12 1 100 1 10 11 12 1 1 11 100 12 1 1 1 11 12 1 10 12 1 10 12 1 10 12 1 1 100 1 10 12 1 1 10 10 12 1 1 10 12 1 8 1 8 1 8 1 8 1 10 12 1 1 10 12 1 1 11 12 1 100 1 10 100 12 1 1 10 12 1 10 12 1 1 10 100 12 1 1 10 12 1 10 100 12 1 1 1 11 100 12 1 1 1 10 12 1 100 1 8 1 10 7 1 10 12 1 7 1 10 12 1 10 12 1 1 7 1 10 12 1 10 12 1 1 11 7 12 1 1 7 1 10 12 1 10 12 1 1 11 7 12 1 1 10 12 1 1 10 12 1 1 10 12 1 1 10 12 1 1 11 100 12 1 1 10 12 1 1 100 1 100 1 100 1 1 1 1 5 0 1 3 1 1 1 1 1 1 1 1 1 1 1 1 1 1 1 1 1 1 1 1 1 1 1 1 1 1 1 1 1 1 1 1 1 1 1 1 1 1 1 1 1 1 1 1 1 1 1 1 1 1 1 1 1 1 1 1 1 1 1 1 1 1 1 1 1 1 1 1 1 1 1 1 1 1 1 1 1 1 1 1 1 1 1 1 1 1 1 1 1 1 1 1 1 1 1 1 100 1 1 1 1 100 1 1 1 1 1 1 1 1 1 1 1 1 1 1 1 1 1 1 1 1 1 1 1 1 1 1 1 1 1 100 1 1 1 1 1 1 1 1 1 1 1 1 1 1 1 1 1 1 100 1 100 1 1 1 1 1 1
staticfield java/util/ArrayList EMPTY_ELEMENTDATA [Ljava/lang/Object; 0 [Ljava/lang/Object;
staticfield java/util/ArrayList DEFAULTCAPACITY_EMPTY_ELEMENTDATA [Ljava/lang/Object; 0 [Ljava/lang/Object;
ciInstanceKlass java/util/concurrent/ConcurrentHashMap 1 1 1210 7 1 7 1 3 10 12 1 1 3 100 1 10 7 12 1 1 1 100 1 10 100 12 1 1 1 100 1 11 12 1 1 11 12 1 11 12 1 1 9 12 1 1 9 12 1 1 9 12 1 10 7 12 1 1 1 7 1 10 12 1 1 10 12 1 1 10 7 12 1 1 1 4 10 12 1 9 12 1 10 12 1 1 100 1 10 5 0 10 12 1 10 12 1 1 5 0 10 12 1 1 10 12 1 9 12 1 1 10 12 1 1 9 12 1 9 12 1 1 10 12 1 1 9 12 1 10 12 1 1 9 12 1 1 10 12 1 1 100 1 10 100 1 10 12 1 10 12 1 1 10 12 1 1 10 12 1 1 10 12 1 10 12 1 1 10 12 1 1 100 1 10 12 1 1 7 1 100 1 8 1 10 12 1 10 12 1 1 10 12 1 1 11 7 12 1 1 10 12 1 1 11 12 1 1 11 7 12 1 1 1 11 7 12 1 1 1 11 12 1 7 1 11 12 1 11 12 1 10 12 1 1 10 12 1 1 9 12 1 1 10 100 12 1 1 1 9 10 12 1 1 9 12 1 10 12 1 1 5 0 9 12 1 1 7 1 10 12 1 9 12 1 1 7 1 10 12 1 9 12 1 7 1 10 100 1 10 10 12 1 1 8 1 10 12 1 10 12 1 1 11 100 1 10 12 1 10 100 12 1 1 1 8 1 10 100 12 1 1 1 8 1 10 12 1 8 1 10 12 1 10 12 1 1 10 100 12 1 1 10 12 1 10 12 1 10 12 1 9 12 1 9 10 12 1 9 12 1 1 11 100 12 1 1 1 11 100 12 1 1 1 100 1 10 12 11 100 12 1 1 10 11 7 12 1 10 12 1 100 1 10 12 1 100 1 10 10 9 7 12 1 1 1 10 12 3 10 100 12 1 1 9 12 1 10 12 1 1 9 12 1 1 9 12 1 10 12 1 1 10 100 12 1 1 9 12 1 9 7 12 1 1 10 12 1 1 10 12 1 3 9 12 1 9 12 1 10 12 1 1 7 1 9 3 9 12 1 100 1 10 12 1 9 12 1 10 12 1 9 12 1 10 12 1 9 12 1 10 100 12 1 1 1 100 10 12 1 100 1 5 0 10 100 12 1 1 100 1 10 12 1 1 10 12 1 10 12 1 100 1 10 12 1 10 100 1 100 1 10 10 12 1 10 100 1 10 12 1 10 100 1 10 12 1 10 100 1 10 12 1 1 100 1 10 12 1 10 10 12 1 100 1 10 12 1 10 10 12 1 100 1 10 12 1 10 100 1 10 12 1 10 100 1 10 12 1 10 100 1 10 12 1 10 100 1 10 12 1 10 100 1 10 12 1 10 100 1 10 12 1 10 100 1 10 12 1 10 100 1 10 10 100 1 10 10 100 1 10 10 100 1 10 12 1 10 100 1 10 12 1 10 100 1 10 12 1 10 100 1 10 12 1 10 100 1 10 12 1 10 100 1 10 10 100 1 10 10 100 1 10 10 100 1 10 12 1 10 100 1 10 12 1 10 100 1 10 12 1 10 100 1 10 12 1 10 100 1 10 12 1 10 10 12 1 10 7 12 1 1 1 10 12 1 7 1 7 1 10 12 1 9 12 1 1 9 12 1 1 10 12 1 1 8 10 12 1 1 8 8 8 8 7 10 12 1 1 10 12 1 100 1 8 1 10 7 1 100 1 100 1 1 1 5 0 1 1 3 1 3 1 1 1 1 3 1 3 1 3 1 1 1 1 1 3 1 3 1 3 1 1 1 1 1 1 1 1 1 1 1 1 1 1 1 1 1 1 1 1 1 1 1 1 1 100 1 1 1 1 1 1 1 1 1 1 1 1 1 1 1 1 1 1 1 1 1 1 1 1 1 1 1 1 1 1 1 1 1 1 1 1 1 1 1 1 1 1 1 1 1 1 1 1 1 1 1 1 1 1 1 1 1 1 1 1 1 1 1 1 1 1 1 1 1 1 1 1 1 1 1 1 1 1 1 1 1 1 1 1 100 1 1 1 1 1 1 1 1 1 1 1 100 1 1 1 1 1 1 1 1 1 1 1 1 1 1 1 1 1 1 1 1 1 1 1 1 1 1 1 1 1 1 1 1 1 1 1 1 1 1 1 1 1 1 1 1 1 1 1 1 1 1 1 1 1 1 1 1 1 1 1 1 1 1 1 1 1 1 1 1 1 1 1 1 1 1 1 1 1 1 1 1 1 1 1 1 1 1 1 1 1 1 1 1 1 1 1 1 1 1 1 1 1 1 1 1 1 1 1 1 1 1 1 1 1 1 1 1 1 1 1 1 1 1 1 1 1 1 1 1 1 1 1 1 1 1 1 1 1 1 1 1 1 1 1 1 1 1 1 1 1 1 1 1 1 1 1 1 1 1 1 1 1 1 1 1 1 1 1 1 1 1 1 1 1 1 1 1 1 1 1 1 1 1 1 1 1 1 1 1 1 1 1 1 1 1 1 1 1 1 1 1 1 1 1 1 1 1 1 1 1 1 1 1 1 1 1 1 1 1 1 1 1 1 1 100 1 100 1 100 1 100 1 100 1 100 1 100 1 100 1 100 1 1 1 1 1 1 1 1 1 1 1 1 1 1 1 1 1 1 1 1 1 1 1 1 1 1 1 1 1 1 1 1 1 1 1 1 1 1 1 1 1 1 1 1 1 1 1 1 1 1 1 1 1 1 1 1 1 1
staticfield java/util/concurrent/ConcurrentHashMap NCPU I 8
staticfield java/util/concurrent/ConcurrentHashMap serialPersistentFields [Ljava/io/ObjectStreamField; 3 [Ljava/io/ObjectStreamField;
staticfield java/util/concurrent/ConcurrentHashMap U Ljdk/internal/misc/Unsafe; jdk/internal/misc/Unsafe
staticfield java/util/concurrent/ConcurrentHashMap SIZECTL J 20
staticfield java/util/concurrent/ConcurrentHashMap TRANSFERINDEX J 32
staticfield java/util/concurrent/ConcurrentHashMap BASECOUNT J 24
staticfield java/util/concurrent/ConcurrentHashMap CELLSBUSY J 36
staticfield java/util/concurrent/ConcurrentHashMap CELLVALUE J 144
staticfield java/util/concurrent/ConcurrentHashMap ABASE I 16
staticfield java/util/concurrent/ConcurrentHashMap ASHIFT I 2
ciInstanceKlass java/lang/String 1 1 1396 10 7 12 1 1 1 8 1 9 7 12 1 1 1 9 12 1 1 9 12 1 1 10 12 1 10 12 1 1 10 12 1 1 9 12 1 1 10 7 12 1 1 1 10 7 1 10 7 12 1 1 1 10 12 1 1 10 12 1 1 10 12 1 10 12 1 1 10 12 1 10 7 12 1 1 1 9 7 12 1 1 1 10 7 12 1 1 1 10 12 1 1 10 12 1 1 10 12 1 1 10 12 1 1 10 12 1 1 9 7 12 1 1 10 12 9 7 12 1 1 3 10 7 12 1 1 1 7 1 11 12 1 1 11 12 1 11 12 1 1 10 100 12 1 1 1 10 12 1 1 9 100 12 1 1 1 10 12 1 1 10 12 1 11 12 1 1 10 12 1 1 10 12 10 12 1 1 10 100 12 1 1 1 10 7 12 1 1 1 10 12 1 1 100 1 100 1 10 12 1 10 12 1 10 12 1 1 100 1 10 12 1 1 100 1 10 12 1 1 10 12 1 1 10 10 12 1 100 1 100 1 100 1 10 12 1 10 12 1 1 10 12 1 1 10 12 1 10 12 1 1 10 12 1 1 10 100 12 1 1 100 1 11 11 12 1 11 12 1 10 12 1 1 10 12 1 10 12 10 12 1 1 10 10 100 12 1 1 1 10 100 12 1 1 10 12 1 1 10 100 12 1 1 10 12 1 10 12 1 1 10 12 1 1 10 12 1 10 12 1 10 12 1 1 100 1 10 12 1 1 10 12 10 12 1 10 12 1 1 10 100 12 1 1 1 10 12 1 10 12 1 1 10 12 1 10 12 1 3 3 10 12 1 10 12 1 1 10 12 1 1 10 12 1 1 10 12 1 10 12 1 1 10 12 1 1 10 12 1 10 12 1 10 12 1 10 12 1 1 10 12 1 10 12 1 10 12 1 10 12 1 10 12 1 10 12 1 10 100 1 10 8 1 10 12 1 1 10 12 1 8 1 10 12 1 1 10 12 10 12 1 8 1 10 10 12 1 1 10 12 1 1 10 12 1 10 12 1 1 10 12 10 100 1 10 10 12 1 10 12 1 10 12 1 10 10 12 1 10 12 1 1 10 12 1 100 1 10 10 12 1 100 1 10 10 12 1 10 12 1 1 10 12 1 10 12 1 1 10 10 12 1 1 10 100 1 10 10 12 1 10 12 1 1 10 12 1 1 10 100 1 10 12 1 10 12 1 10 12 1 10 12 1 1 10 12 1 11 7 1 11 12 10 12 1 10 12 1 1 10 12 1 1 10 10 12 1 10 12 1 9 12 1 1 11 7 12 1 1 1 10 10 12 1 10 12 1 1 10 10 12 1 10 12 1 10 12 1 1 9 12 1 10 12 1 1 10 10 12 1 1 10 12 10 10 12 1 10 12 10 10 12 10 10 12 1 10 12 1 10 12 10 10 12 10 12 1 10 12 10 12 10 10 12 1 10 12 1 1 10 12 1 10 10 12 1 10 7 12 1 1 1 10 12 1 1 10 10 7 12 1 1 1 11 10 12 1 10 12 1 1 10 12 1 1 10 100 12 1 1 1 10 12 1 10 10 12 1 10 12 1 10 12 1 10 100 12 1 1 10 12 1 100 1 100 1 8 1 10 10 10 12 1 8 1 10 12 1 3 3 7 1 10 10 12 1 10 12 1 10 12 1 1 10 12 1 1 11 7 12 1 1 1 7 1 10 12 1 1 10 12 1 10 12 1 1 10 12 1 1 8 1 10 12 1 1 10 12 1 11 100 12 1 1 1 11 100 12 1 1 11 12 1 1 10 12 1 10 12 1 1 10 10 7 12 1 1 1 10 12 1 10 12 1 10 10 12 10 12 1 1 10 10 12 1 10 10 12 1 10 10 12 1 10 10 12 1 10 12 1 1 10 10 12 1 8 1 10 12 1 1 18 12 1 1 11 100 12 1 1 1 7 1 3 18 12 1 18 12 1 8 1 10 100 12 1 1 1 11 12 1 1 10 12 10 10 12 1 10 11 12 1 1 10 12 1 1 11 12 1 18 3 11 10 12 1 11 11 10 12 1 10 12 1 1 8 1 10 12 1 10 12 1 10 12 1 1 10 10 12 1 11 100 12 1 100 1 100 1 10 12 1 100 1 10 10 100 12 1 1 1 100 1 10 7 1 10 10 12 1 10 10 12 1 8 1 10 10 12 1 8 1 8 1 10 12 1 10 12 1 10 10 12 10 100 12 1 1 10 100 12 1 1 10 100 12 1 1 8 1 10 12 1 10 12 1 1 10 10 12 8 1 8 1 10 8 1 8 1 8 1 8 1 10 12 1 10 12 1 8 1 10 100 12 1 1 1 10 12 10 12 1 1 10 12 10 10 12 10 12 7 1 9 12 1 1 7 1 10 100 1 100 1 100 1 100 1 1 1 1 1 1 5 0 1 1 1 1 1 3 1 3 1 1 1 1 1 1 1 1 1 1 1 1 1 1 1 100 1 1 1 100 1 1 1 1 1 1 1 1 1 1 1 1 1 1 1 1 1 1 1 1 1 1 1 1 1 1 1 100 1 1 1 1 1 1 1 1 1 100 1 1 1 1 1 1 1 1 1 1 1 1 1 1 1 1 1 1 1 1 1 1 1 1 1 1 1 1 1 1 1 1 1 1 1 1 1 1 1 1 1 1 1 1 1 1 1 1 1 1 1 1 1 1 1 1 1 1 1 1 1 1 1 1 1 1 1 1 1 1 1 1 1 1 1 1 1 1 1 1 1 1 1 1 1 1 1 1 1 1 1 1 1 1 1 1 1 1 1 1 1 1 1 1 1 1 1 1 1 1 1 1 1 1 1 1 1 1 1 1 1 1 1 1 1 1 1 1 1 1 1 1 1 1 1 1 1 1 1 1 1 1 1 1 1 1 1 1 1 1 1 1 1 1 1 1 1 1 1 1 1 1 1 1 1 1 1 1 1 100 1 1 1 1 1 1 1 1 1 1 1 1 1 1 1 1 1 1 1 1 1 1 1 1 100 1 1 1 1 1 1 1 1 1 1 1 1 1 100 1 1 1 1 1 1 1 1 1 1 1 1 1 1 1 15 10 100 12 1 1 1 16 15 10 12 16 15 10 12 15 10 12 15 10 12 1 1 1 1 100 1 100 1 1 1
staticfield java/lang/String COMPACT_STRINGS Z 1
staticfield java/lang/String serialPersistentFields [Ljava/io/ObjectStreamField; 0 [Ljava/io/ObjectStreamField;
staticfield java/lang/String CASE_INSENSITIVE_ORDER Ljava/util/Comparator; java/lang/String$CaseInsensitiveComparator
ciInstanceKlass java/security/ProtectionDomain 1 1 324 10 7 12 1 1 1 9 7 12 1 1 1 7 1 10 9 12 1 1 9 12 1 1 9 12 1 1 10 7 12 1 1 7 1 9 12 1 9 12 1 1 7 1 9 12 1 1 9 12 1 10 100 12 1 1 10 100 12 1 1 1 10 12 1 1 10 12 1 9 12 1 9 100 12 1 1 10 12 1 1 10 100 1 10 12 1 1 8 1 100 1 8 1 10 12 1 10 10 100 12 1 1 1 10 12 1 1 8 1 11 8 1 10 12 1 8 1 8 1 10 12 1 1 10 12 1 10 12 1 1 10 12 1 8 1 10 12 1 8 1 8 1 10 100 12 1 1 1 9 100 12 1 1 1 10 12 1 1 9 100 12 1 1 1 10 100 12 1 1 1 100 1 100 1 10 12 1 10 100 12 1 1 1 10 100 1 10 12 1 10 12 1 1 11 100 12 1 1 11 12 1 100 1 11 100 12 1 1 1 10 12 1 10 11 12 1 1 11 12 1 1 10 12 1 10 7 12 1 1 10 100 12 1 1 11 12 1 10 12 8 1 8 1 10 7 12 1 1 1 7 1 10 10 7 12 1 1 1 1 1 1 1 1 1 1 100 1 1 100 1 1 1 1 1 1 1 1 1 1 1 1 1 1 1 1 1 1 1 1 1 1 1 1 1 1 1 1 1 1 1 1 1 1 1 1 1 1 1 1 1 1 100 1 1 1 1 1 100 1 1 1 1 1
staticfield java/security/ProtectionDomain filePermCompatInPD Z 0
ciInstanceKlass java/security/CodeSource 1 1 395 10 7 12 1 1 1 9 7 12 1 1 1 9 12 1 1 9 12 1 1 9 12 1 1 10 7 12 1 1 1 9 12 1 1 10 100 12 1 1 10 100 10 100 12 1 1 1 10 100 12 1 1 1 10 12 1 1 100 1 10 10 100 12 1 1 1 10 100 12 1 1 1 10 12 1 1 10 12 1 100 1 10 12 1 1 10 12 1 1 10 12 1 1 10 12 1 10 10 10 12 1 1 10 100 12 1 1 1 10 12 1 10 12 1 10 12 1 8 1 10 12 1 10 12 1 10 12 1 1 10 12 1 8 1 10 12 1 1 10 100 1 10 10 12 1 1 8 1 10 12 1 10 12 1 10 12 1 8 1 8 1 9 12 1 1 100 1 8 1 10 12 1 10 12 1 1 8 1 10 12 1 8 1 8 1 8 1 10 100 12 1 1 10 12 1 1 10 12 1 10 12 1 1 10 12 1 1 10 12 1 1 100 1 100 1 10 12 1 10 12 10 12 1 1 10 100 12 1 1 10 12 1 100 1 10 12 10 8 1 10 12 1 10 12 1 10 12 1 1 100 1 10 12 1 1 100 1 100 1 8 1 8 1 10 10 12 1 1 10 100 12 1 1 1 100 1 10 12 10 12 1 1 11 100 12 1 1 10 10 12 1 11 10 12 1 8 1 100 1 10 12 1 10 12 1 1 10 12 1 11 12 1 1 11 100 1 1 1 1 5 0 1 1 1 1 1 1 1 1 1 1 1 1 1 1 1 1 1 1 1 1 1 1 1 1 1 1 1 1 1 1 1 1 1 1 1 1 1 1 1 1 1 1 1 1 1 1 1 1 1 1 1 1 1 1 1 1 1 1 1 1 1 1 1 1 1 100 1 1 1 1 1 1 1
ciInstanceKlass java/lang/StringBuilder 1 1 409 10 7 12 1 1 1 10 12 1 10 12 1 10 12 1 1 10 7 12 1 1 1 10 7 12 1 1 1 10 12 1 10 12 1 10 12 1 10 12 1 10 12 1 10 12 1 10 12 1 10 12 1 10 12 1 10 12 1 10 12 1 10 12 1 10 12 1 10 12 1 1 10 12 1 10 12 1 1 10 12 1 1 10 12 1 10 12 1 10 12 1 10 12 1 10 12 1 10 12 1 10 12 1 10 12 10 12 1 10 12 1 10 12 1 10 12 1 1 10 12 1 10 12 1 10 12 10 12 1 1 10 12 1 1 9 12 1 1 9 12 1 1 10 7 12 1 1 1 10 7 1 10 100 12 1 1 1 10 12 1 10 12 1 1 10 12 1 1 10 10 12 1 1 10 100 12 1 1 10 12 1 10 12 1 1 100 1 100 1 8 1 10 10 12 1 1 10 12 1 1 10 12 1 10 12 1 10 12 1 10 12 1 10 12 1 10 12 1 10 12 1 10 12 1 10 12 1 10 12 1 10 12 1 10 12 1 10 12 1 10 12 1 10 12 1 1 10 12 1 1 10 12 1 10 12 1 10 12 1 10 12 10 12 10 12 1 10 12 1 10 12 1 10 12 10 12 1 10 12 1 10 12 1 10 12 1 10 12 1 10 12 1 10 12 1 10 12 1 10 12 1 1 10 12 1 10 12 1 1 10 12 1 10 12 1 1 10 12 1 10 12 1 1 10 12 1 10 12 1 10 12 1 10 10 12 1 10 12 1 100 1 100 1 100 1 1 1 1 5 0 1 1 1 1 1 1 1 1 1 1 1 1 1 1 1 1 1 1 1 1 1 1 1 1 1 1 1 1 1 1 1 1 1 1 1 1 1 1 1 1 1 1 1 100 1 1 1 100 1 1 1 1 1 1 1 1 1 1
ciInstanceKlass jdk/internal/loader/ClassLoaders 1 1 183 10 100 12 1 1 1 10 7 12 1 1 1 10 12 1 1 10 100 12 1 1 1 9 7 12 1 1 1 9 12 1 1 9 12 1 1 7 1 11 100 12 1 1 1 100 1 11 12 1 1 11 12 1 1 10 100 12 1 1 1 10 100 12 1 1 1 100 1 100 1 10 7 12 1 1 1 9 12 1 1 10 12 1 1 7 1 10 12 1 1 10 12 1 7 1 8 1 10 7 12 1 1 1 10 12 1 1 7 1 10 12 1 10 12 1 10 12 1 8 1 10 7 12 1 1 8 1 8 1 10 12 1 7 1 10 12 1 10 12 1 10 12 1 1 1 1 1 1 1 1 1 1 1 1 1 1 1 1 1 1 1 1 100 1 1 1 1 1 1 1 1 1 1 1 1 1 1 1 1 1 1 1
staticfield jdk/internal/loader/ClassLoaders JLA Ljdk/internal/access/JavaLangAccess; java/lang/System$2
staticfield jdk/internal/loader/ClassLoaders BOOT_LOADER Ljdk/internal/loader/ClassLoaders$BootClassLoader; jdk/internal/loader/ClassLoaders$BootClassLoader
staticfield jdk/internal/loader/ClassLoaders PLATFORM_LOADER Ljdk/internal/loader/ClassLoaders$PlatformClassLoader; jdk/internal/loader/ClassLoaders$PlatformClassLoader
staticfield jdk/internal/loader/ClassLoaders APP_LOADER Ljdk/internal/loader/ClassLoaders$AppClassLoader; jdk/internal/loader/ClassLoaders$AppClassLoader
ciInstanceKlass jdk/internal/misc/Unsafe 1 1 1285 10 7 12 1 1 1 9 7 12 1 1 1 9 12 1 1 10 12 1 1 10 7 12 1 1 1 10 12 1 1 10 12 1 1 10 12 1 1 10 12 1 1 10 12 1 1 10 12 1 1 10 12 1 1 10 12 1 1 10 12 1 1 10 12 1 1 10 12 1 1 10 12 1 1 10 12 1 1 10 12 1 10 12 1 100 1 10 10 12 1 1 10 12 1 1 5 0 10 12 1 1 10 12 1 1 10 7 12 1 1 1 10 12 1 1 10 12 1 10 12 1 10 12 1 1 10 12 1 1 10 12 1 10 12 1 100 1 100 1 10 8 1 10 12 1 1 10 12 1 8 1 10 12 1 1 10 12 1 10 12 1 10 12 1 1 10 12 1 10 12 1 1 10 12 1 1 10 12 1 10 12 1 10 12 1 10 12 1 1 10 12 1 10 12 1 10 12 1 1 10 12 1 5 0 5 0 5 0 10 12 1 10 12 1 10 12 1 10 12 1 10 12 1 10 12 1 10 12 1 10 12 1 10 12 1 1 10 12 1 10 12 1 100 1 8 1 10 100 1 10 10 12 1 1 10 12 1 1 10 12 1 10 12 1 1 10 12 1 1 10 12 1 10 12 1 1 10 12 1 9 7 12 1 1 9 12 1 100 1 10 10 12 1 1 8 1 10 8 1 8 1 10 12 1 1 9 7 12 1 1 1 9 100 1 9 7 1 9 100 1 9 9 100 1 9 100 1 9 100 1 10 12 1 1 10 12 1 1 10 12 1 1 10 12 1 1 5 0 5 0 9 12 1 1 10 12 1 10 12 1 10 12 1 1 10 12 1 1 10 12 1 8 1 3 10 12 1 1 10 12 1 1 10 12 1 10 12 1 1 10 12 1 1 10 12 1 10 12 1 10 12 1 10 12 1 10 12 1 10 12 1 1 10 12 1 1 10 12 1 10 12 1 10 12 1 10 12 1 10 12 1 10 12 1 1 10 12 1 1 10 12 1 10 12 1 10 12 1 10 12 1 10 12 1 10 12 1 1 10 12 1 1 10 12 1 1 10 12 1 1 10 12 1 10 12 1 10 12 1 10 12 1 10 12 1 10 12 1 10 12 1 1 10 12 1 1 10 12 1 10 12 1 10 12 1 10 12 1 10 12 1 10 12 1 10 12 1 1 10 12 1 1 10 12 1 10 12 1 10 12 1 10 12 1 10 12 1 10 12 1 10 12 1 10 12 1 1 10 12 1 10 12 1 10 12 1 10 12 1 10 12 1 1 10 12 1 10 12 1 10 12 1 10 12 1 10 12 1 10 12 1 10 12 1 10 12 1 1 10 12 1 10 12 1 10 12 1 10 12 1 10 12 1 10 12 1 1 10 12 1 10 12 1 10 12 1 1 10 12 1 10 12 1 10 12 1 10 12 1 10 12 1 10 12 1 10 12 1 10 12 1 10 12 1 10 12 1 10 12 1 10 12 1 10 12 1 10 12 1 10 12 1 10 12 1 10 12 1 10 12 1 10 12 1 10 12 1 10 12 1 10 12 1 100 1 10 100 1 10 9 12 1 5 0 10 12 1 1 5 0 10 12 1 5 0 10 12 1 10 12 1 10 12 1 1 10 12 1 1 10 12 1 10 12 1 10 12 1 10 12 1 1 10 12 1 10 12 1 10 12 1 10 12 1 10 12 1 1 10 12 1 10 12 1 10 12 1 10 12 1 1 10 12 1 10 12 1 10 12 1 1 10 12 1 10 12 1 10 12 1 10 12 1 1 10 12 1 10 10 12 1 1 10 12 1 10 12 1 1 10 12 1 10 12 5 0 5 0 5 0 10 12 1 1 10 12 1 10 12 1 10 12 10 100 12 1 1 8 1 100 1 11 12 1 1 8 1 11 12 1 1 10 100 12 1 1 10 12 1 10 12 1 10 12 1 10 12 1 10 12 1 1 10 12 1 10 12 1 10 12 1 10 12 1 10 12 1 10 12 1 10 7 1 10 12 1 9 12 1 7 1 9 12 1 7 1 9 12 1 7 1 9 12 1 7 1 9 12 1 7 1 9 12 1 7 1 9 12 1 7 1 9 12 1 7 1 9 12 1 10 12 1 9 12 1 9 12 1 9 12 1 9 12 1 9 12 1 9 12 1 9 12 1 9 12 1 9 12 1 9 12 1 1 1 3 1 1 1 1 1 1 1 1 1 1 1 1 1 1 1 1 1 1 1 1 1 1 1 1 1 1 1 1 1 1 1 1 1 1 1 1 1 1 1 1 1 1 1 1 1 1 1 1 1 1 1 1 1 1 1 1 1 1 1 1 1 1 1 1 1 1 1 1 1 1 1 1 1 1 1 1 1 1 1 1 1 1 1 1 1 1 1 1 1 100 1 1 1 1 1 1 1 1 1 1 1 1 1 1 1 1 1 1 1 1 1 1 1 1 1 1 1 1 1 1 1 1 1 1 1 1 1 1 1 1 1 1 1 1 1 1 1 1 1 1 1 1 1 1 1 1 1 1 1 1 1 1 1 1 1 1 1 1 1 1 1 1 1 1 1 1 1 1 1 1 1 1 1 1 1 1 1 1 1 1 1 1 1 1 1 1 1 1 1 1 1 1 1 1 1 1 1 1 1 1 1 1 1 1 1 1 1 1 1 1 1 1 1 1 1 1 1 1 1 1 1 1 1 1 1 1 1 1 1 1 1 1 1 1 1 1 1 1 1 1 1 1 1 1 1 1 1 1 1 1 1 1 1 1 1 1 1 1 1 1 1 1 1 1 1 1 1 1 1 1 1 1 1 1 1 1 1 1 1 1 1 1 1 1 1 1 1 1 1 1 1 1 1 1 1 1 1 3 1 1 1 1 1 1 1 1 1 1 1 1 1 1 1 1 1 1 1 1 1
staticfield jdk/internal/misc/Unsafe theUnsafe Ljdk/internal/misc/Unsafe; jdk/internal/misc/Unsafe
staticfield jdk/internal/misc/Unsafe ARRAY_BOOLEAN_BASE_OFFSET I 16
staticfield jdk/internal/misc/Unsafe ARRAY_BYTE_BASE_OFFSET I 16
staticfield jdk/internal/misc/Unsafe ARRAY_SHORT_BASE_OFFSET I 16
staticfield jdk/internal/misc/Unsafe ARRAY_CHAR_BASE_OFFSET I 16
staticfield jdk/internal/misc/Unsafe ARRAY_INT_BASE_OFFSET I 16
staticfield jdk/internal/misc/Unsafe ARRAY_LONG_BASE_OFFSET I 16
staticfield jdk/internal/misc/Unsafe ARRAY_FLOAT_BASE_OFFSET I 16
staticfield jdk/internal/misc/Unsafe ARRAY_DOUBLE_BASE_OFFSET I 16
staticfield jdk/internal/misc/Unsafe ARRAY_OBJECT_BASE_OFFSET I 16
staticfield jdk/internal/misc/Unsafe ARRAY_BOOLEAN_INDEX_SCALE I 1
staticfield jdk/internal/misc/Unsafe ARRAY_BYTE_INDEX_SCALE I 1
staticfield jdk/internal/misc/Unsafe ARRAY_SHORT_INDEX_SCALE I 2
staticfield jdk/internal/misc/Unsafe ARRAY_CHAR_INDEX_SCALE I 2
staticfield jdk/internal/misc/Unsafe ARRAY_INT_INDEX_SCALE I 4
staticfield jdk/internal/misc/Unsafe ARRAY_LONG_INDEX_SCALE I 8
staticfield jdk/internal/misc/Unsafe ARRAY_FLOAT_INDEX_SCALE I 4
staticfield jdk/internal/misc/Unsafe ARRAY_DOUBLE_INDEX_SCALE I 8
staticfield jdk/internal/misc/Unsafe ARRAY_OBJECT_INDEX_SCALE I 4
staticfield jdk/internal/misc/Unsafe ADDRESS_SIZE I 8
ciInstanceKlass java/lang/ThreadGroup 1 1 293 10 7 12 1 1 1 9 7 12 1 1 1 8 1 9 12 1 1 7 1 9 12 1 9 12 1 1 10 12 1 1 10 12 1 1 10 12 1 10 12 1 1 10 12 1 9 12 1 1 10 12 1 1 10 12 1 9 12 1 10 100 12 1 1 1 9 12 1 9 12 1 1 10 7 12 1 1 1 100 10 12 1 1 10 7 12 1 1 1 10 100 12 1 9 12 1 10 12 1 1 10 12 1 1 9 12 1 1 10 12 1 1 10 12 1 10 12 1 10 12 1 1 10 12 1 1 10 12 1 10 12 1 10 10 12 1 10 12 1 10 100 1 10 10 12 1 10 12 1 10 12 1 7 10 12 1 9 12 1 1 10 12 1 1 8 1 10 100 12 1 1 1 10 12 1 1 10 12 1 1 10 12 1 1 11 100 1 100 1 9 12 1 100 1 10 8 1 10 12 1 1 10 12 1 1 8 1 10 12 1 10 100 12 1 1 1 10 12 1 1 10 100 1 8 1 10 8 1 10 12 1 8 1 1 1 1 1 1 1 1 1 1 1 1 1 1 1 1 1 3 1 1 1 1 1 1 1 1 1 1 1 1 1 1 1 1 1 1 1 1 1 1 1 1 1 1 1 1 1 1 1 1 1 1 1 1 1 1 1 1 1 1
ciInstanceKlass java/util/Properties 1 1 651 10 7 12 1 1 1 100 1 10 7 12 1 1 7 1 10 12 1 9 12 1 1 9 12 1 1 9 12 1 1 10 7 12 1 1 1 10 12 1 1 8 1 10 7 12 1 1 1 7 1 10 12 1 10 12 1 1 8 1 10 12 1 7 1 10 12 10 12 1 1 9 12 1 1 10 12 1 1 7 1 10 12 1 10 12 1 10 12 1 1 100 1 8 1 10 12 1 10 12 1 10 12 1 1 10 12 1 100 1 3 10 10 100 12 1 1 1 10 12 1 10 12 1 1 8 1 10 12 1 10 12 1 1 8 1 10 100 12 1 1 10 12 1 1 10 12 1 10 12 1 1 100 1 10 12 1 10 12 1 1 100 1 9 100 12 1 1 1 10 12 1 10 12 1 1 100 1 10 10 10 12 1 1 11 100 12 1 1 1 11 100 12 1 1 1 11 12 1 1 100 1 11 12 1 11 12 1 10 12 1 1 8 1 10 12 1 10 12 1 100 1 10 10 12 1 1 10 100 12 1 1 9 100 12 1 1 10 12 1 1 10 100 12 1 1 1 100 1 100 1 100 1 10 8 1 8 1 10 12 1 10 12 1 10 12 1 1 10 10 12 1 1 10 12 1 1 100 1 10 10 12 1 11 100 12 1 1 10 100 12 1 1 1 8 1 10 100 12 1 1 11 8 1 10 100 1 11 10 12 1 10 12 1 10 12 1 10 12 1 1 10 12 1 1 10 12 1 1 10 12 1 10 12 1 10 10 12 1 10 12 1 10 12 1 10 10 12 1 1 10 12 1 1 100 1 10 10 12 1 10 12 1 10 12 1 10 12 1 10 12 1 1 10 12 1 1 10 12 1 10 12 1 10 12 1 1 10 12 10 12 1 1 10 12 1 1 10 12 1 10 12 1 1 10 12 1 1 10 12 100 1 10 11 100 12 1 1 4 11 10 12 1 1 10 100 12 1 1 11 12 1 10 12 1 1 10 100 12 1 1 10 12 1 100 1 8 1 10 12 1 10 10 100 12 1 1 1 100 1 6 0 10 12 1 1 11 100 12 1 1 1 10 12 1 10 12 1 1 1 1 1 5 0 1 1 1 1 1 1 1 1 1 1 1 1 1 1 1 1 1 1 1 1 1 1 1 1 1 1 1 1 1 1 1 1 1 1 1 1 1 1 1 1 100 1 1 1 1 1 1 1 1 1 1 1 1 1 1 1 1 1 1 1 1 100 1 1 1 1 1 1 1 100 1 100 1 1 1 1 100 1 1 1 1 1 1 1 1 1 1 1 1 1 1 1 1 1 1 1 1 1 1 1 1 1 1 1 1 1 1 1 1 1 1 1 1 1 1 1 1 1 1 1 1 1 1 1 1 1 1 1 1 1 1 1 1 1 1 1 1 1 1 1 1 1 1 1 1 1 1 1 1 1 1 1 1 100 1 1 1 1 1 1 1 1 1 100 1 1 1
staticfield java/util/Properties UNSAFE Ljdk/internal/misc/Unsafe; jdk/internal/misc/Unsafe
instanceKlass java/util/Hashtable
ciInstanceKlass java/util/Dictionary 1 1 36 10 7 12 1 1 1 100 1 1 1 1 1 1 1 1 1 1 1 1 1 1 1 1 1 1 1 1 1 1 1 1 1 1 1 1
instanceKlass java/util/Properties
ciInstanceKlass java/util/Hashtable 1 1 512 100 1 10 7 12 1 1 1 9 7 12 1 1 1 100 1 100 1 10 8 1 10 12 1 1 10 12 1 10 12 1 1 10 12 1 10 7 12 1 1 1 8 1 10 12 1 9 12 1 1 7 1 9 12 1 1 4 10 7 12 1 1 1 9 12 1 4 10 12 1 11 100 12 1 1 1 10 12 1 1 10 12 1 1 9 12 1 10 12 1 1 100 1 10 9 12 1 1 10 7 12 1 1 1 9 12 1 1 10 12 1 10 12 1 3 9 12 1 9 12 1 3 10 12 1 10 12 1 10 12 1 1 11 12 1 1 11 100 12 1 1 1 11 100 12 1 1 1 11 12 1 100 1 11 12 1 11 12 1 10 12 1 1 10 12 1 1 10 12 1 9 12 1 1 9 12 9 12 1 1 10 100 1 100 1 10 12 1 10 8 1 10 10 12 1 8 1 10 8 1 10 100 12 1 1 1 100 1 10 12 1 10 12 1 100 1 10 12 1 10 12 1 1 100 1 10 100 1 10 10 12 1 1 11 12 1 1 11 12 1 100 1 10 10 10 100 12 1 1 11 100 12 1 1 1 100 1 10 11 100 12 1 1 11 100 12 1 10 12 1 10 12 1 1 10 100 12 1 1 10 12 1 1 10 12 1 1 10 12 1 1 10 100 12 1 1 1 8 10 100 12 1 1 100 1 8 1 10 4 10 12 4 10 12 1 8 1 10 12 10 100 12 1 1 1 100 1 11 100 12 1 1 1 10 100 12 1 1 1 10 12 1 10 12 1 1 10 100 1 100 1 1 1 1 1 1 5 0 1 1 1 1 1 3 1 3 1 3 1 1 1 1 1 1 1 1 1 1 1 1 1 1 1 1 1 1 1 1 1 1 1 1 1 100 1 1 1 1 1 1 1 1 1 1 1 1 1 1 1 1 1 1 1 1 1 1 1 1 1 1 1 1 1 100 1 1 1 1 1 1 1 1 1 1 1 1 1 1 1 1 1 1 1 1 1 1 1 1 1 1 1 1 1 1 1 1 1 1 1 1 1 1 1 1 1 1 1 1 1 1 1 1 1 1 1 1 1 1 1 1 1 1 100 1 1 1 100 1 1 1 1 1 100 1 1 1 1 1 1 1 1 1 1 1 1 1 1 1 1 1 1
instanceKlass org/jetbrains/kotlin/protobuf/RopeByteString$RopeInputStream
instanceKlass sun/nio/ch/ChannelInputStream
instanceKlass org/jetbrains/kotlin/com/intellij/util/io/UnsyncByteArrayInputStream
instanceKlass org/jetbrains/kotlin/com/fasterxml/aalto/in/MergedStream
instanceKlass java/util/zip/ZipFile$ZipFileInputStream
instanceKlass java/io/FilterInputStream
instanceKlass java/io/FileInputStream
instanceKlass java/io/ByteArrayInputStream
ciInstanceKlass java/io/InputStream 1 1 184 100 1 10 7 12 1 1 1 100 1 10 10 7 12 1 1 1 10 7 12 1 1 1 10 12 1 100 1 3 10 12 1 1 100 1 8 1 10 12 1 10 100 12 1 1 1 3 100 1 8 1 10 10 100 12 1 1 1 100 1 10 11 100 12 1 1 1 10 12 1 1 11 12 1 1 11 100 12 1 1 1 11 12 1 1 100 1 10 100 12 1 1 1 5 0 10 12 1 10 12 1 1 100 1 10 8 1 10 8 1 8 1 10 12 1 1 10 100 12 1 1 1 100 1 1 1 1 3 1 3 1 1 1 1 1 1 1 1 1 1 1 1 1 1 1 1 1 1 1 1 1 1 1 1 1 1 1 1 1 1 1 1 1 1 1 1 1 1 1 1 1 1 1 1 1 1 1 1 1 1 1 1 1
ciInstanceKlass java/io/ByteArrayInputStream 1 1 117 10 7 12 1 1 1 9 7 12 1 1 1 9 12 1 1 9 12 1 9 12 1 10 100 12 1 1 1 10 7 12 1 1 1 10 7 12 1 1 1 10 100 12 1 1 1 10 12 1 1 3 10 100 1 10 100 12 1 1 1 9 12 1 1 100 1 10 10 7 12 1 1 1 1 1 1 1 1 1 1 1 1 1 1 1 1 1 1 1 1 1 1 1 1 1 1 1 1 1 1 1 100 1 1 1 1 1 1 1 1 1 1 1 1 1 1
staticfield java/io/ByteArrayInputStream $assertionsDisabled Z 1
instanceKlass kotlinx/coroutines/scheduling/CoroutineScheduler$Worker
instanceKlass jdk/internal/misc/InnocuousThread
instanceKlass java/lang/ref/Finalizer$FinalizerThread
instanceKlass java/lang/ref/Reference$ReferenceHandler
ciInstanceKlass java/lang/Thread 1 1 612 9 7 12 1 1 1 9 12 1 1 10 12 1 1 9 12 1 1 9 12 1 1 100 1 8 1 10 12 1 1 3 8 1 100 1 5 0 10 12 1 1 10 7 12 1 1 9 12 1 1 9 12 1 9 12 1 1 9 12 1 100 1 8 1 10 9 12 1 1 10 7 12 1 1 1 10 100 12 1 1 1 10 10 7 12 1 1 10 12 1 1 10 12 1 1 9 100 12 1 1 1 10 12 1 1 10 12 1 9 12 1 1 10 12 1 1 10 12 1 1 9 12 1 10 12 1 1 9 12 1 1 10 7 12 1 1 1 9 12 1 1 9 12 1 1 10 12 1 1 10 100 12 1 1 1 9 12 1 10 12 1 1 9 12 1 100 1 10 100 1 10 8 1 10 12 1 1 10 12 1 10 12 1 10 12 1 1 10 12 1 10 12 1 9 12 1 100 1 10 10 12 1 1 10 12 1 10 12 1 100 1 11 7 12 1 1 9 100 12 1 1 1 10 12 1 10 12 1 10 12 9 12 1 1 10 9 12 1 10 12 1 100 1 10 10 12 1 1 9 12 1 10 12 1 11 100 12 1 1 10 12 1 9 12 1 10 12 1 10 12 1 10 10 12 1 10 12 1 10 12 1 10 12 1 10 12 1 1 100 1 10 10 12 1 10 12 1 10 12 1 9 100 12 1 1 1 10 12 1 1 10 12 1 100 1 8 1 10 10 12 1 10 12 8 1 10 12 1 8 1 10 8 1 8 1 10 100 12 1 1 10 100 12 1 1 1 100 1 8 1 10 9 12 1 9 12 1 1 10 12 1 1 10 10 12 1 1 9 12 1 10 12 1 1 100 1 10 12 11 100 12 1 1 1 9 100 12 1 1 1 9 12 1 1 10 12 1 1 100 1 10 12 1 11 100 12 1 1 1 100 1 10 12 1 10 12 1 1 11 12 1 10 12 1 100 1 10 12 1 10 12 1 1 10 100 12 1 1 1 8 1 9 12 1 10 12 1 1 11 100 12 1 1 1 10 100 12 1 1 1 11 12 1 10 12 1 7 1 1 1 1 3 1 3 1 3 1 1 1 1 1 1 1 1 1 1 1 1 1 1 1 1 1 1 1 100 1 1 1 1 1 1 1 1 1 1 1 1 100 1 100 1 1 1 1 1 1 1 1 1 1 1 1 1 1 1 1 1 1 1 1 1 1 1 1 1 1 1 1 1 1 1 1 1 1 1 1 1 1 1 1 1 1 1 100 100 1 1 1 1 1 1 1 1 1 100 1 1 1 1 1 1 1 1 1 1 1 1 1 1 1 1 1 1 1 1 1 1 1 1 1 1 1 1 100 1 1 1 1 1 1 100 1 1 100 1 1 1 1 1 1
staticfield java/lang/Thread EMPTY_STACK_TRACE [Ljava/lang/StackTraceElement; 0 [Ljava/lang/StackTraceElement;
instanceKlass org/jetbrains/kotlin/load/java/structure/impl/classFiles/BinaryClassSignatureParser$ClsFormatException
instanceKlass java/lang/Exception
instanceKlass java/lang/Error
ciInstanceKlass java/lang/Throwable 1 1 393 10 7 12 1 1 1 9 7 12 1 1 1 9 12 1 1 9 12 1 9 12 1 1 9 12 1 10 12 1 1 9 12 1 1 10 12 1 1 10 12 1 100 1 100 1 10 8 1 10 12 1 1 8 1 10 100 12 1 1 10 10 12 1 100 1 8 1 10 10 12 1 1 10 7 12 1 1 10 12 1 8 1 9 100 12 1 1 1 10 12 1 1 100 1 10 12 10 12 1 100 1 10 10 7 12 1 1 1 11 100 12 1 1 1 10 100 12 1 1 1 10 12 1 1 10 12 1 1 8 1 10 12 1 10 12 1 1 8 1 8 1 10 12 1 1 10 12 1 8 1 8 1 9 12 1 1 10 100 12 1 1 100 1 10 11 12 1 8 1 8 1 10 7 12 1 1 8 1 10 12 1 8 1 100 1 10 12 1 9 12 1 1 10 12 1 10 100 12 1 9 12 1 1 10 12 1 1 100 1 8 1 10 12 1 10 100 12 1 1 10 12 1 1 100 1 10 100 12 1 1 1 10 12 1 11 100 12 1 1 1 11 100 12 1 1 1 11 12 1 8 1 10 12 1 1 8 1 10 10 9 100 12 1 1 1 8 1 10 12 1 1 10 100 1 8 1 10 11 12 1 1 8 1 9 12 1 10 100 12 1 1 11 9 12 1 1 11 12 1 1 100 10 12 1 10 12 1 1 100 1 1 1 1 5 0 1 1 1 1 1 1 1 1 1 1 1 1 1 100 1 1 1 1 1 1 1 1 1 1 1 1 1 1 1 1 1 1 1 1 1 1 1 1 1 1 1 1 1 1 1 1 1 1 1 1 1 1 1 1 1 1 100 1 100 1 1 1 1 1 1 1 1 1 1 1 1 1 1 1 1 1 1
staticfield java/lang/Throwable UNASSIGNED_STACK [Ljava/lang/StackTraceElement; 0 [Ljava/lang/StackTraceElement;
staticfield java/lang/Throwable SUPPRESSED_SENTINEL Ljava/util/List; java/util/Collections$EmptyList
staticfield java/lang/Throwable EMPTY_THROWABLE_ARRAY [Ljava/lang/Throwable; 0 [Ljava/lang/Throwable;
staticfield java/lang/Throwable $assertionsDisabled Z 1
instanceKlass org/jetbrains/kotlin/types/TypeSubstitutor$SubstitutionException
instanceKlass org/jetbrains/kotlin/com/google/common/collect/RegularImmutableMap$BucketOverflowException
instanceKlass org/jetbrains/kotlin/com/intellij/util/AstLoadingException
instanceKlass org/jetbrains/kotlin/container/UnresolvedDependenciesException
instanceKlass org/jetbrains/kotlin/container/InvalidCardinalityException
instanceKlass org/jetbrains/kotlin/container/ContainerConsistencyException
instanceKlass java/security/PrivilegedActionException
instanceKlass org/jetbrains/kotlin/com/intellij/psi/stubs/StubTreeLoader$StubTreeAndIndexUnmatchCoarseException
instanceKlass java/util/concurrent/TimeoutException
instanceKlass org/jetbrains/kotlin/com/intellij/psi/scope/MethodProcessorSetupFailedException
instanceKlass java/text/ParseException
instanceKlass javax/xml/stream/XMLStreamException
instanceKlass org/jetbrains/kotlin/com/intellij/util/cls/ClsFormatException
instanceKlass sun/nio/fs/WindowsException
instanceKlass kotlin/reflect/full/IllegalPropertyDelegateAccessException
instanceKlass kotlin/reflect/full/IllegalCallableAccessException
instanceKlass java/net/URISyntaxException
instanceKlass java/lang/CloneNotSupportedException
instanceKlass java/lang/InterruptedException
instanceKlass java/io/IOException
instanceKlass java/lang/ReflectiveOperationException
instanceKlass java/lang/RuntimeException
ciInstanceKlass java/lang/Exception 1 1 40 10 7 12 1 1 1 10 12 1 10 12 1 10 12 1 10 12 1 100 1 1 1 1 5 0 1 1 1 1 1 1 1 1 1 1 1 1 1 1
instanceKlass java/lang/reflect/InvocationTargetException
instanceKlass java/lang/InstantiationException
instanceKlass java/lang/IllegalAccessException
instanceKlass java/lang/NoSuchFieldException
instanceKlass java/lang/NoSuchMethodException
instanceKlass java/lang/ClassNotFoundException
ciInstanceKlass java/lang/ReflectiveOperationException 1 1 34 10 7 12 1 1 1 10 12 1 10 12 1 10 12 1 100 1 1 1 1 5 0 1 1 1 1 1 1 1 1 1 1 1
instanceKlass org/jetbrains/kotlin/one/util/streamex/Internals$CancelException
instanceKlass java/io/IOError
instanceKlass kotlin/reflect/jvm/internal/KotlinReflectionInternalError
instanceKlass kotlin/jvm/KotlinReflectionNotSupportedError
instanceKlass kotlin/NotImplementedError
instanceKlass java/lang/AssertionError
instanceKlass java/lang/VirtualMachineError
instanceKlass java/lang/LinkageError
instanceKlass java/lang/ThreadDeath
ciInstanceKlass java/lang/Error 1 1 40 10 7 12 1 1 1 10 12 1 10 12 1 10 12 1 10 12 1 100 1 1 1 1 5 0 1 1 1 1 1 1 1 1 1 1 1 1 1 1
ciInstanceKlass java/lang/ThreadDeath 0 0 21 10 100 12 1 1 1 100 1 1 1 1 5 0 1 1 1 1 1 1 1
ciInstanceKlass java/lang/ClassNotFoundException 1 1 96 7 1 10 7 12 1 1 1 10 12 1 10 12 1 1 10 100 12 1 1 1 8 1 10 100 12 1 1 1 10 7 12 1 1 10 100 12 1 1 1 10 100 12 1 1 1 10 12 1 1 7 1 10 12 1 9 12 1 1 1 1 1 5 0 1 1 1 1 1 1 1 1 1 1 1 1 1 1 1 1 1 1 100 1 1 1 1 1 1 1 1 1 1 1 1
staticfield java/lang/ClassNotFoundException serialPersistentFields [Ljava/io/ObjectStreamField; 1 [Ljava/io/ObjectStreamField;
instanceKlass java/lang/IncompatibleClassChangeError
instanceKlass java/lang/UnsatisfiedLinkError
instanceKlass java/lang/BootstrapMethodError
instanceKlass java/lang/NoClassDefFoundError
ciInstanceKlass java/lang/LinkageError 1 1 31 10 7 12 1 1 1 10 12 1 10 12 1 100 1 1 1 1 5 0 1 1 1 1 1 1 1 1 1 1 1
ciInstanceKlass java/lang/Record 0 0 22 10 100 12 1 1 1 100 1 1 1 1 1 1 1 1 1 1 1 1 1 1
ciInstanceKlass java/lang/Boolean 1 1 151 10 7 12 1 1 1 9 7 12 1 1 1 10 12 1 1 10 12 1 8 1 10 7 12 1 1 9 12 1 1 9 12 1 8 1 10 12 1 1 10 12 1 1 10 7 12 1 1 1 100 1 100 1 10 12 1 1 9 100 12 1 1 9 12 10 100 12 1 1 1 10 12 1 1 8 1 10 7 12 1 1 1 9 12 1 1 100 1 100 1 100 1 1 1 1 1 1 5 0 1 1 1 1 1 1 1 1 1 1 3 1 1 1 1 1 1 1 1 1 1 1 1 1 1 1 1 1 1 1 1 100 1 1 1 1 1 1 1 1 1 1 100 1 1 1 1 1 1 1 1
staticfield java/lang/Boolean TRUE Ljava/lang/Boolean; java/lang/Boolean
staticfield java/lang/Boolean FALSE Ljava/lang/Boolean; java/lang/Boolean
staticfield java/lang/Boolean TYPE Ljava/lang/Class; java/lang/Class
instanceKlass java/util/concurrent/locks/AbstractQueuedSynchronizer
ciInstanceKlass java/util/concurrent/locks/AbstractOwnableSynchronizer 1 1 32 10 7 12 1 1 1 9 7 12 1 1 1 100 1 1 1 1 5 0 1 1 1 1 1 1 1 1 1 1 1 1
instanceKlass java/math/BigInteger
instanceKlass java/util/concurrent/atomic/AtomicLong
instanceKlass java/util/concurrent/atomic/AtomicInteger
instanceKlass java/lang/Long
instanceKlass java/lang/Integer
instanceKlass java/lang/Short
instanceKlass java/lang/Byte
instanceKlass java/lang/Double
instanceKlass java/lang/Float
ciInstanceKlass java/lang/Number 1 1 37 10 7 12 1 1 1 10 100 12 1 1 1 100 1 1 1 1 5 0 1 1 1 1 1 1 1 1 1 1 1 1 1 1 1 1 1
instanceKlass java/lang/LiveStackFrameInfo
ciInstanceKlass java/lang/StackFrameInfo 0 0 132 10 100 12 1 1 1 9 100 12 1 1 1 9 100 1 9 12 1 1 11 100 12 1 1 1 9 12 1 1 11 12 1 1 10 12 1 1 10 100 12 1 1 1 10 12 1 11 12 1 11 12 1 1 11 12 1 10 12 1 1 9 12 1 1 10 12 1 1 10 100 12 1 1 10 12 1 1 11 12 1 1 10 12 1 9 12 1 1 10 12 1 1 100 1 8 1 10 12 1 10 100 12 1 1 1 100 1 1 1 1 1 1 1 1 1 1 1 1 1 1 1 1 1 1 100 1 1 1 1 1 1
ciInstanceKlass java/lang/LiveStackFrameInfo 0 0 97 10 100 12 1 1 1 9 100 12 1 1 1 9 12 1 9 12 1 9 12 1 9 12 1 1 100 1 10 12 1 1 10 12 1 8 1 10 12 1 1 8 1 8 1 8 1 10 100 1 10 12 1 100 1 10 12 1 100 1 100 1 1 1 3 1 3 1 1 1 1 1 1 1 1 1 1 1 1 1 1 1 1 1 1 1 1 1 1 1 1 1 1 1 100 1 1
ciInstanceKlass java/lang/Character 1 1 576 7 1 100 1 100 1 9 12 1 1 8 1 9 12 1 1 100 1 9 12 1 1 10 100 12 1 1 1 10 100 12 1 1 1 10 100 12 1 1 1 10 7 12 1 1 1 9 7 12 1 1 1 10 12 1 10 12 1 1 10 12 1 1 10 100 12 1 1 10 12 1 1 3 3 3 3 3 10 12 1 1 10 12 1 3 11 7 12 1 1 1 11 12 1 1 10 12 1 1 10 12 1 1 100 1 10 10 12 1 3 10 12 1 1 10 12 1 10 12 1 1 100 1 8 1 10 12 1 1 10 12 1 10 12 1 10 12 1 10 12 1 10 12 1 1 10 12 1 10 7 12 1 1 10 10 12 1 10 10 12 1 10 12 1 1 10 12 1 10 10 12 1 10 12 1 10 12 1 10 12 1 10 12 1 10 12 1 10 12 1 10 12 10 10 12 10 10 12 1 10 10 12 1 10 10 12 1 10 10 12 1 10 10 12 1 10 10 12 1 10 10 12 1 1 10 10 12 1 10 5 0 10 12 1 10 12 1 10 10 12 1 10 10 12 1 1 10 10 12 1 10 10 12 1 9 12 1 1 100 1 10 10 12 1 10 12 1 1 3 10 100 12 1 1 1 10 12 1 10 100 12 1 1 100 1 10 10 12 1 1 10 12 1 1 10 12 1 1 8 1 10 12 1 9 100 12 1 1 1 10 12 1 10 10 12 1 10 12 1 1 10 12 1 10 10 12 1 1 10 10 12 1 1 100 1 8 1 10 12 1 1 10 7 12 1 1 1 8 1 10 12 1 1 9 12 1 1 100 1 100 1 100 1 1 1 1 3 1 3 1 3 1 3 1 1 1 1 1 3 1 1 3 1 3 1 3 1 3 1 3 1 3 1 3 1 3 1 3 1 3 1 3 1 3 1 3 1 3 1 3 1 3 1 3 1 3 1 3 1 3 1 3 1 3 1 3 1 3 1 3 1 3 1 3 1 3 1 1 1 1 1 1 1 1 1 1 1 1 1 1 1 1 1 1 1 3 1 1 1 1 1 1 1 3 1 1 3 1 1 1 1 1 3 1 1 5 0 1 1 1 1 1 1 1 1 1 1 1 1 1 1 1 1 1 1 1 1 1 1 1 1 1 1 1 1 1 1 1 1 1 1 1 1 1 1 1 1 1 1 1 1 1 1 1 1 1 1 1 1 1 1 1 1 1 1 1 1 1 1 1 1 1 1 1 1 1 1 1 1 1 1 1 1 1 1 1 1 1 1 1 1 1 1 1 1 1 100 1 100 1 1 1 1 1 1
staticfield java/lang/Character TYPE Ljava/lang/Class; java/lang/Class
staticfield java/lang/Character $assertionsDisabled Z 1
ciInstanceKlass java/lang/Float 1 1 223 7 1 100 1 10 7 12 1 1 1 10 100 12 1 1 1 4 100 1 10 12 1 1 10 12 1 1 8 1 8 1 10 100 12 1 1 1 10 12 1 1 10 12 1 1 10 4 4 4 10 7 12 1 1 9 12 1 1 10 12 1 1 10 12 1 10 12 1 10 12 1 1 10 12 1 10 12 1 3 10 12 1 1 10 12 1 1 10 12 1 10 100 12 1 1 1 10 12 1 1 10 12 1 1 8 1 10 7 12 1 1 1 9 12 1 1 100 1 100 1 100 1 1 1 1 1 4 1 1 1 4 1 1 3 1 3 1 3 1 3 1 1 1 1 5 0 1 1 1 1 1 1 1 1 1 1 100 1 1 1 1 1 1 1 1 1 1 1 1 1 3 1 1 1 1 1 1 1 1 1 1 1 1 1 1 1 1 1 1 1 1 1 1 1 1 1 1 1 1 1 1 1 1 1 1 1 1 1 1 100 1 1 1 1 1 1 1 100 1 100 1 1
staticfield java/lang/Float TYPE Ljava/lang/Class; java/lang/Class
ciInstanceKlass java/lang/Double 1 1 285 7 1 100 1 10 100 12 1 1 1 10 12 1 1 10 12 1 100 1 10 12 1 1 10 100 12 1 1 1 6 0 8 1 10 12 1 1 8 1 10 12 1 1 8 1 6 0 10 12 1 1 100 1 5 0 5 0 8 1 8 1 10 100 12 1 1 1 10 100 12 1 1 1 8 1 10 12 1 1 8 1 8 1 8 1 10 12 1 1 10 12 1 10 12 1 1 10 12 1 10 12 1 10 12 1 1 10 12 1 10 6 0 6 0 6 0 10 7 12 1 1 9 12 1 1 10 12 1 10 12 1 10 12 1 10 12 1 5 0 10 12 1 1 10 12 1 10 12 1 10 100 12 1 1 1 10 12 1 1 10 12 1 1 8 1 10 7 12 1 1 1 9 12 1 1 100 1 100 1 100 1 1 1 1 1 6 0 1 1 1 6 0 1 1 3 1 3 1 3 1 3 1 1 1 1 5 0 1 1 1 1 1 1 1 1 1 1 1 1 1 1 1 1 100 1 1 1 1 1 1 1 1 1 1 1 1 3 1 1 1 1 1 1 1 1 1 1 1 1 1 1 1 1 1 1 1 1 1 1 1 1 1 1 1 1 1 1 1 1 1 1 100 1 1 1 1 1 1 1 100 1 100 1 1
staticfield java/lang/Double TYPE Ljava/lang/Class; java/lang/Class
ciInstanceKlass java/lang/Byte 1 1 215 7 1 100 1 10 100 12 1 1 1 9 12 1 1 8 1 9 12 1 1 100 1 10 12 1 1 10 12 1 1 10 100 12 1 1 1 10 100 12 1 1 1 9 100 12 1 1 1 10 12 1 1 100 1 100 1 10 12 1 1 8 1 10 12 1 1 8 1 10 12 1 10 12 1 10 12 1 10 12 1 1 10 12 1 10 12 1 10 12 1 1 10 8 1 8 1 10 7 1 9 12 1 1 10 12 1 10 12 1 1 10 12 1 1 10 12 1 1 10 12 1 5 0 10 12 1 1 8 1 10 7 12 1 1 1 9 12 1 1 100 1 100 1 1 1 3 1 3 1 1 1 1 3 1 3 1 1 5 0 1 1 1 1 1 1 1 1 1 1 1 1 1 1 1 1 1 1 1 1 1 1 1 1 1 1 1 1 1 1 1 1 1 1 1 1 1 1 1 1 1 1 1 1 1 1 1 1 1 1 1 1 1 1 1
staticfield java/lang/Byte TYPE Ljava/lang/Class; java/lang/Class
ciInstanceKlass java/lang/Short 1 1 224 7 1 100 1 100 1 10 100 12 1 1 1 10 12 1 1 100 1 100 1 10 12 1 1 8 1 10 12 1 1 8 1 10 12 1 10 12 1 10 12 1 10 12 1 1 10 12 1 1 10 12 1 9 12 1 1 8 1 9 12 1 1 100 1 10 12 1 1 10 12 1 10 100 12 1 1 1 10 100 12 1 1 1 9 100 12 1 1 1 10 12 1 10 12 1 1 10 8 1 8 1 10 100 1 9 12 1 1 10 12 1 10 12 1 1 10 12 1 1 10 12 1 1 10 12 1 3 3 5 0 10 12 1 1 8 1 10 7 12 1 1 1 9 12 1 1 100 1 100 1 1 1 3 1 3 1 1 1 1 3 1 3 1 1 5 0 1 1 1 1 1 1 1 1 1 1 1 1 1 1 1 1 1 1 1 1 1 1 1 1 1 1 1 3 1 1 1 1 1 1 1 1 1 1 1 1 1 1 1 1 1 1 1 1 1 1 1 1 1 1 1 1 1
staticfield java/lang/Short TYPE Ljava/lang/Class; java/lang/Class
ciInstanceKlass java/lang/Integer 1 1 445 7 1 100 1 7 1 7 1 10 12 1 1 9 12 1 1 9 12 1 1 10 100 12 1 1 1 10 12 1 1 10 100 12 1 1 1 10 10 12 1 1 10 100 12 1 1 1 10 12 1 10 12 1 1 10 7 12 1 1 1 10 12 1 1 10 12 1 1 10 12 1 10 12 1 10 12 1 1 10 10 12 1 9 12 1 1 9 12 1 100 1 8 1 10 12 1 100 1 10 12 1 8 1 10 12 1 1 10 12 1 8 1 10 12 1 8 1 10 12 1 1 3 10 12 1 1 3 10 12 1 1 10 12 1 1 10 7 12 1 1 1 11 7 1 100 1 10 11 10 12 1 1 8 1 10 12 1 1 8 1 100 1 10 12 1 1 10 12 1 1 5 0 8 1 10 12 1 10 12 1 10 12 1 10 12 1 1 7 1 9 12 1 1 9 12 1 1 10 12 1 10 7 1 9 12 1 10 12 1 10 12 1 10 12 1 1 10 7 12 1 1 1 100 1 100 1 10 12 1 1 10 12 1 1 8 1 8 1 10 12 1 1 8 1 8 1 8 1 8 1 8 1 8 1 10 12 1 10 12 1 10 12 1 5 0 3 3 3 3 10 12 1 3 10 12 1 10 100 12 1 1 1 10 12 1 1 10 12 1 1 8 1 10 7 12 1 1 1 9 12 1 1 3 3 3 3 3 3 9 12 1 1 100 1 100 1 100 1 1 1 1 1 1 1 3 1 3 1 1 5 0 1 1 1 1 1 1 1 1 1 100 1 1 1 1 1 1 1 1 1 1 1 1 1 1 1 1 1 1 1 1 1 1 1 1 1 1 1 1 1 1 1 1 1 1 1 1 1 1 1 3 1 1 1 1 1 1 1 1 1 1 1 1 1 1 1 1 100 1 1 1 1 1 1 1 1 1 1 1 1 1 1 1 1 1 1 1 1 1 1 1 1 1 1 1 1 1 1 1 100 1 1 1 1 1 1 1 1 1 100 1 100 1 1
staticfield java/lang/Integer TYPE Ljava/lang/Class; java/lang/Class
staticfield java/lang/Integer digits [C 36
staticfield java/lang/Integer DigitTens [B 100
staticfield java/lang/Integer DigitOnes [B 100
staticfield java/lang/Integer sizeTable [I 10
ciInstanceKlass java/lang/Long 1 1 506 7 1 100 1 7 1 7 1 10 12 1 1 9 12 1 1 9 7 12 1 1 1 10 100 12 1 1 1 10 12 1 1 10 100 12 1 1 1 10 10 12 10 12 1 10 12 1 10 12 1 5 0 5 0 100 1 10 12 1 1 10 12 1 1 10 12 1 10 12 1 10 12 1 10 12 1 1 10 100 12 1 1 10 12 1 10 12 1 1 10 12 1 1 10 12 1 1 10 12 1 1 10 100 12 1 1 1 10 12 1 1 10 12 1 10 12 1 10 12 1 10 12 1 1 10 10 12 1 5 0 5 0 9 12 1 1 9 12 1 5 0 100 1 8 1 10 12 1 8 1 10 12 1 8 1 8 1 10 12 1 1 5 0 10 12 1 1 5 0 10 12 1 1 10 12 1 1 10 100 12 1 1 1 11 100 1 100 1 10 11 10 12 1 1 8 1 10 12 1 1 8 1 100 1 10 12 1 1 10 12 1 8 1 8 1 11 12 1 1 10 12 1 10 12 1 10 12 1 5 0 5 0 9 7 12 1 1 1 10 12 1 10 12 1 1 8 1 8 1 10 12 1 1 8 1 8 1 8 1 8 1 8 1 8 1 10 12 1 10 12 1 10 12 1 1 10 7 1 9 12 1 1 10 12 1 10 12 1 1 10 7 12 1 1 1 100 1 100 1 10 12 1 1 10 12 1 1 5 0 10 12 1 10 12 1 5 0 5 0 5 0 10 12 1 1 5 0 5 0 10 12 1 10 12 1 10 100 12 1 1 1 10 12 1 1 10 12 1 1 8 1 10 7 12 1 1 1 9 12 1 1 100 1 100 1 100 1 1 1 1 5 0 1 1 1 1 3 1 3 1 5 0 1 1 1 1 1 1 1 1 1 100 1 1 1 1 1 1 1 1 1 1 1 1 1 1 1 1 1 1 1 1 1 1 1 1 1 1 1 1 1 1 1 1 1 1 1 1 1 1 1 1 1 1 1 1 1 1 1 1 1 1 1 1 1 1 3 1 1 1 1 1 1 1 1 1 1 1 1 1 1 1 100 1 1 1 1 1 1 1 1 1 1 1 1 1 1 1 1 1 1 1 1 1 1 1 1 1 1 1 100 1 1 1 1 1 1 1 1 1 100 1 100 1 1
staticfield java/lang/Long TYPE Ljava/lang/Class; java/lang/Class
instanceKlass java/lang/ref/PhantomReference
instanceKlass java/lang/ref/FinalReference
instanceKlass java/lang/ref/WeakReference
instanceKlass java/lang/ref/SoftReference
ciInstanceKlass java/lang/ref/Reference 1 1 195 9 7 12 1 1 1 9 7 12 1 1 10 12 1 1 10 12 1 1 9 12 1 1 10 12 1 1 9 12 1 1 9 12 1 1 7 1 10 12 1 10 7 12 1 1 10 12 1 10 12 1 1 10 12 1 9 12 1 10 12 1 1 10 12 1 10 12 1 9 12 1 100 1 100 1 10 12 1 9 12 1 9 12 1 100 1 10 10 12 1 10 10 7 12 1 1 10 7 12 1 1 1 10 12 1 1 10 7 12 1 1 7 1 8 1 10 12 1 10 12 1 1 10 12 1 1 10 12 1 7 1 10 10 7 12 1 1 1 1 1 1 1 1 1 1 1 1 1 1 1 1 1 1 1 100 1 1 1 100 1 1 1 1 1 1 1 1 1 1 1 1 1 1 1 1 1 1 1 1 1 1 1 1 1 1 1 1 1 1 1 1 1 1 1
staticfield java/lang/ref/Reference processPendingLock Ljava/lang/Object; java/lang/Object
staticfield java/lang/ref/Reference $assertionsDisabled Z 1
instanceKlass org/jetbrains/kotlin/com/intellij/util/containers/ConcurrentSoftKeySoftValueHashMap$SoftKey
instanceKlass org/jetbrains/kotlin/com/intellij/util/containers/ConcurrentWeakKeySoftValueHashMap$SoftValue
instanceKlass org/jetbrains/kotlin/com/intellij/util/containers/ConcurrentSoftValueHashMap$MySoftReference
instanceKlass org/jetbrains/kotlin/com/intellij/util/containers/SoftKeySoftValueHashMap$ValueReference
instanceKlass org/jetbrains/kotlin/com/intellij/reference/SoftReference
instanceKlass java/lang/invoke/LambdaFormEditor$Transform
ciInstanceKlass java/lang/ref/SoftReference 1 1 47 10 7 12 1 1 1 9 7 12 1 1 1 9 12 1 10 12 1 10 12 1 1 1 1 1 1 1 1 1 1 1 1 1 1 1 1 1 1 1 1 100 1 1 1 1 1
instanceKlass org/jetbrains/kotlin/com/intellij/util/containers/ConcurrentWeakKeySoftValueHashMap$WeakKey
instanceKlass org/jetbrains/kotlin/com/intellij/util/PatchedWeakReference
instanceKlass org/jetbrains/kotlin/com/intellij/util/containers/ConcurrentWeakValueHashMap$MyWeakReference
instanceKlass org/jetbrains/kotlin/com/intellij/util/containers/UnsafeWeakList$MyReference
instanceKlass org/jetbrains/kotlin/com/intellij/util/containers/IntKeyWeakValueHashMap$MyReference
instanceKlass java/lang/WeakPairMap$WeakRefPeer
instanceKlass java/lang/ClassValue$Entry
instanceKlass java/util/logging/Level$KnownLevel
instanceKlass java/lang/invoke/MethodType$ConcurrentWeakInternSet$WeakEntry
instanceKlass java/lang/ThreadLocal$ThreadLocalMap$Entry
instanceKlass java/util/WeakHashMap$Entry
ciInstanceKlass java/lang/ref/WeakReference 1 1 31 10 7 12 1 1 1 10 12 1 100 1 1 1 1 1 1 1 1 1 1 1 1 1 1 1 1 1 1 1 1
instanceKlass java/lang/ref/Finalizer
ciInstanceKlass java/lang/ref/FinalReference 1 1 47 10 100 12 1 1 1 10 100 12 1 1 1 10 12 1 1 100 1 8 1 10 12 1 1 1 1 1 1 1 1 1 1 1 1 1 1 1 1 1 1 1 1 1 1 1 1
ciInstanceKlass java/lang/ref/Finalizer 1 1 152 9 7 12 1 1 1 10 100 12 1 1 1 9 12 1 1 9 12 1 1 9 12 1 9 12 1 10 12 1 10 12 1 1 9 12 1 1 100 1 10 12 1 100 1 11 100 12 1 1 100 1 10 12 1 100 1 10 12 1 10 100 12 1 1 1 10 100 12 1 1 1 100 1 10 10 12 1 10 7 12 1 1 1 7 1 10 7 1 10 10 7 12 1 1 1 10 12 1 1 10 7 12 1 1 7 1 10 12 1 10 12 1 1 10 12 1 1 10 12 1 1 1 1 1 1 1 1 1 1 1 1 1 1 1 1 1 1 1 1 1 1 1 1 1 1 1 1 1 1 1 1
staticfield java/lang/ref/Finalizer lock Ljava/lang/Object; java/lang/Object
staticfield java/lang/ref/Finalizer $assertionsDisabled Z 1
instanceKlass jdk/internal/ref/PhantomCleanable
instanceKlass jdk/internal/ref/Cleaner
ciInstanceKlass java/lang/ref/PhantomReference 1 1 39 10 100 12 1 1 1 10 7 12 1 1 1 1 1 1 1 1 1 1 1 1 1 1 1 1 1 1 1 1 1 1 1 1 1 1 1 1 1
instanceKlass java/lang/reflect/Executable
instanceKlass java/lang/reflect/Field
ciInstanceKlass java/lang/reflect/AccessibleObject 1 1 398 10 7 12 1 1 1 9 100 12 1 1 1 10 100 12 1 1 1 10 7 12 1 1 10 7 12 1 1 1 10 100 12 1 1 1 10 12 1 1 10 12 1 1 9 12 1 1 100 1 10 7 12 1 1 1 11 12 1 100 1 10 12 1 7 1 100 1 10 12 1 10 12 1 1 7 1 10 7 12 1 1 1 10 12 1 1 7 1 10 12 1 1 7 1 10 10 10 7 12 1 1 1 10 12 1 1 10 12 1 10 12 1 10 12 1 1 10 12 1 8 1 100 1 10 10 12 1 1 8 1 10 12 1 10 12 1 8 1 8 1 8 1 8 1 8 1 8 1 100 1 10 12 1 10 12 1 9 12 1 1 10 12 1 1 10 12 1 10 11 100 1 100 1 8 1 10 10 12 1 10 12 1 1 8 1 10 12 1 8 1 10 12 1 1 10 100 1 8 1 10 11 7 12 1 1 10 12 1 1 10 12 1 1 10 12 1 1 9 12 1 1 100 1 10 12 1 7 1 10 12 1 10 12 1 1 10 100 1 10 12 1 10 12 10 12 1 10 12 1 1 10 12 1 10 12 1 1 10 12 1 9 12 1 10 100 12 1 1 8 1 10 100 12 1 1 1 8 1 10 100 12 1 1 1 9 12 1 100 1 10 7 1 10 10 7 12 1 1 1 7 1 10 10 7 12 1 1 1 7 1 9 12 1 1 1 1 1 1 1 1 1 1 1 1 1 1 1 1 1 1 1 1 1 1 1 1 1 1 1 1 1 1 1 1 1 1 1 1 1 1 1 1 1 1 1 1 1 1 1 1 1 1 1 1 1 1 1 1 1 1 1 1 1 1 1 1 1 1 1 1 1 1 1 1 1 1 1 1 1 1 1 1 1 1 1 1 1
staticfield java/lang/reflect/AccessibleObject reflectionFactory Ljdk/internal/reflect/ReflectionFactory; jdk/internal/reflect/ReflectionFactory
instanceKlass java/lang/reflect/Constructor
instanceKlass java/lang/reflect/Method
ciInstanceKlass java/lang/reflect/Executable 1 1 548 10 7 12 1 1 1 10 7 12 1 1 1 10 7 12 1 1 1 11 7 12 1 1 1 10 7 12 1 1 1 10 12 1 1 10 7 12 1 1 1 10 100 12 1 1 1 10 12 1 8 1 10 10 12 1 1 10 12 1 1 10 100 12 1 1 1 18 12 1 1 11 100 12 1 1 1 8 1 8 1 8 1 10 100 12 1 1 1 11 12 1 1 100 1 8 1 8 1 10 12 1 100 1 8 1 10 12 1 8 1 11 100 12 1 1 1 100 1 10 12 1 1 11 12 1 8 1 18 8 1 10 12 1 10 12 1 1 18 8 1 10 12 1 100 1 10 12 1 10 12 1 11 100 12 1 1 10 12 1 1 8 1 8 1 10 12 1 1 10 12 1 1 10 10 12 1 100 1 10 10 12 1 10 12 1 1 10 7 12 1 1 10 12 1 10 12 1 10 12 1 1 10 100 12 1 1 10 12 1 10 12 1 10 100 12 1 1 1 10 12 1 8 1 10 12 1 10 12 1 3 100 1 8 1 10 12 1 10 12 1 10 10 12 1 10 12 1 1 8 1 8 1 8 1 9 12 1 10 12 1 100 1 8 1 9 12 1 10 12 1 10 12 1 1 10 12 1 1 10 12 1 10 12 10 12 1 100 1 10 12 1 10 12 1 1 100 1 10 100 12 1 1 1 100 1 10 7 12 1 1 1 10 12 1 1 11 7 12 1 1 10 7 12 1 1 10 100 12 1 1 1 10 12 1 1 9 12 1 10 12 1 1 10 12 1 10 12 1 1 9 100 12 1 1 1 10 100 12 1 1 1 10 12 1 10 12 1 1 9 12 1 10 10 10 10 100 12 1 1 1 10 12 1 9 12 1 10 12 1 1 9 12 1 100 1 100 1 1 1 1 1 1 1 1 1 1 1 1 1 1 1 1 1 1 1 1 1 1 1 1 1 1 1 1 1 1 1 1 1 1 100 1 1 1 1 1 1 1 1 100 1 1 1 1 1 1 1 1 1 1 1 1 100 1 1 1 1 1 1 1 1 1 1 1 1 1 1 1 1 1 1 1 1 1 1 1 1 1 1 1 1 1 1 1 1 1 1 1 1 1 1 1 1 1 100 1 1 1 1 1 1 1 1 1 1 1 1 1 1 1 1 1 1 1 1 1 100 1 100 1 1 15 10 100 12 1 1 1 16 15 16 1 16 1 15 10 12 16 1 100 1 1 100 1 100 1 1
ciInstanceKlass java/lang/reflect/Constructor 1 1 433 10 7 12 1 1 1 10 7 12 1 1 9 7 12 1 1 1 10 12 1 1 10 12 1 1 10 7 12 1 1 9 12 1 1 10 7 12 1 1 1 9 12 1 1 9 12 1 1 9 12 1 9 12 1 1 9 12 1 9 12 1 1 9 12 1 1 9 12 1 100 1 8 1 10 12 1 10 12 1 9 12 1 1 10 7 12 1 1 10 7 12 1 1 1 10 12 1 1 10 12 1 1 10 12 1 7 1 100 1 8 1 10 10 12 1 10 12 1 10 12 1 1 10 12 1 1 9 100 12 1 1 1 10 7 12 1 1 10 12 1 1 10 12 1 10 12 1 1 10 100 12 1 1 1 10 100 12 1 1 10 12 1 1 10 12 1 10 100 12 1 1 1 8 1 10 10 12 1 100 1 8 1 10 12 1 10 12 1 1 10 12 1 1 10 12 1 10 12 1 10 12 1 1 10 12 1 1 9 12 1 1 10 12 1 1 10 12 1 1 10 12 1 8 1 10 12 1 1 11 7 12 1 1 1 10 12 1 1 10 12 1 10 12 1 9 12 1 1 10 7 12 1 1 1 10 12 1 1 10 12 1 1 10 12 1 1 10 12 1 1 10 12 1 9 100 12 1 1 10 12 1 10 12 1 10 12 1 100 1 8 1 10 10 12 1 1 10 12 1 10 10 12 1 1 10 12 1 1 10 100 12 1 1 1 11 100 12 1 1 1 10 12 1 1 9 100 12 1 1 1 10 100 12 1 1 1 10 12 1 1 1 1 1 1 1 1 1 1 1 1 1 1 1 1 1 1 1 1 1 1 1 1 1 1 1 1 1 1 1 1 1 1 1 1 1 1 1 1 1 1 1 1 1 1 1 1 1 1 1 100 1 100 1 100 1 100 1 1 1 1 1 1 1 1 1 1 1 1 1 1 1 1 1 1 1 1 1 1 1 1 1 1 1 1 1 1 1 1 1 100 1 1
ciInstanceKlass java/lang/reflect/Method 1 1 450 9 7 12 1 1 1 10 7 12 1 1 1 10 7 12 1 1 9 12 1 1 10 12 1 1 10 12 1 1 10 7 12 1 1 10 7 12 1 1 1 9 12 1 1 9 12 1 9 12 1 1 9 12 1 9 12 1 9 12 1 1 9 12 1 9 12 1 1 9 12 1 9 12 1 9 12 1 1 100 1 8 1 10 12 1 10 12 1 9 12 1 1 8 1 10 7 12 1 1 10 7 12 1 1 1 10 12 1 1 10 12 1 1 10 12 1 10 12 1 1 10 12 1 1 9 100 12 1 1 1 10 12 1 1 10 12 10 7 12 1 1 10 12 1 1 10 12 1 10 12 1 10 12 1 10 7 12 1 1 1 10 12 1 1 10 7 1 10 100 12 1 1 1 10 7 12 1 1 10 12 1 1 10 12 1 1 10 12 1 10 7 12 1 1 1 10 12 1 10 8 1 10 12 1 10 12 1 7 1 8 1 8 1 8 1 10 12 1 10 12 1 1 10 12 1 1 10 10 12 1 1 10 12 1 11 100 1 9 12 1 1 10 12 1 1 10 12 1 10 12 1 1 10 12 1 1 11 7 12 1 1 1 10 12 1 10 12 1 10 12 1 10 12 1 10 12 1 9 12 1 1 10 7 12 1 1 1 10 12 1 1 10 7 12 1 1 1 10 7 12 1 1 1 10 7 12 1 1 1 11 7 12 1 1 1 10 7 12 1 1 1 7 1 100 1 100 1 10 12 1 10 12 1 1 10 12 1 100 1 8 1 10 12 1 10 10 12 1 1 10 12 1 1 10 12 1 1 10 12 1 1 8 1 10 12 1 1 1 1 1 1 1 1 1 1 1 1 1 1 1 1 1 1 1 1 1 1 1 1 1 1 1 1 1 1 1 1 1 1 1 1 1 1 1 1 1 1 1 1 1 1 1 1 1 1 1 1 1 100 1 100 1 100 1 1 1 1 1 1 1 1 1 1 1 1 1 1 1 1 1 1 1 1 1 1 1 1 1 1
ciInstanceKlass java/lang/reflect/Field 1 1 437 9 7 12 1 1 1 10 12 1 1 10 100 12 1 1 1 10 100 12 1 1 9 12 1 1 10 12 1 1 10 12 1 1 10 100 12 1 1 10 7 12 1 1 1 9 12 1 1 9 12 1 9 12 1 9 12 1 1 9 12 1 1 9 12 1 9 12 1 1 9 12 1 1 100 1 8 1 10 12 1 10 12 1 9 12 1 1 9 12 1 10 12 1 10 7 12 1 1 10 12 1 1 10 12 1 1 10 12 1 10 12 1 1 7 1 10 12 1 1 10 12 1 1 10 12 1 1 10 12 1 10 12 1 10 7 1 10 7 12 1 1 100 1 10 8 1 10 12 1 1 10 12 1 1 8 1 10 12 10 12 1 8 1 8 1 10 11 100 1 9 12 1 10 12 1 1 10 12 1 1 11 7 12 1 1 1 11 12 1 1 11 12 1 1 11 12 1 1 11 12 1 1 11 12 1 1 11 12 1 1 11 12 1 1 11 12 1 1 11 12 1 1 11 12 1 1 11 12 1 1 11 12 1 1 11 12 1 1 11 12 1 1 11 12 1 1 11 12 1 1 11 12 1 1 10 12 1 10 100 12 1 1 10 12 1 10 12 1 1 10 12 9 12 1 1 10 7 12 1 1 1 10 12 1 1 10 7 12 1 1 10 12 1 1 11 7 1 10 12 1 7 1 10 100 12 1 1 1 10 7 12 1 1 1 9 12 1 10 7 12 1 1 1 11 7 12 1 1 1 10 12 1 1 10 12 1 1 9 100 12 1 1 1 10 100 12 1 1 1 10 12 1 1 100 1 1 1 1 1 1 1 1 1 1 1 1 1 1 1 1 1 1 1 1 1 1 1 1 1 1 1 1 1 1 1 1 1 1 1 100 1 1 1 1 1 1 1 1 1 1 1 1 1 1 1 1 1 1 1 1 1 1 1 1 1 1 1 1 1 1 1 1 1 1 100 1 1 1 1 1 1 1 1 100 1 1
ciInstanceKlass java/lang/reflect/Parameter 0 0 226 10 100 12 1 1 1 9 100 12 1 1 1 9 12 1 1 9 12 1 1 9 12 1 10 12 1 1 10 12 1 1 10 100 12 1 1 1 100 1 10 10 12 1 1 11 100 12 1 1 1 10 12 1 10 100 12 1 1 1 10 12 1 1 10 12 1 10 12 1 8 1 8 1 10 100 12 1 1 1 10 12 1 10 12 10 12 1 8 1 10 12 1 9 12 1 1 10 12 1 1 9 12 1 1 10 12 1 1 10 12 1 1 10 12 1 1 10 12 1 10 10 12 1 10 100 12 1 1 1 10 12 1 1 11 100 12 1 1 10 100 12 1 1 100 1 10 100 12 1 1 1 10 12 1 1 10 12 1 1 10 12 1 1 10 12 1 1 9 12 1 100 1 10 11 12 1 1 11 12 1 1 100 1 1 1 1 1 1 1 1 1 1 1 1 1 1 1 1 1 1 1 1 1 1 1 1 1 1 1 1 1 1 1 1 1 1 1 1 1 1 100 1 1 1 1
ciInstanceKlass java/lang/StringBuffer 0 0 470 10 100 12 1 1 1 10 12 1 10 12 1 10 12 1 1 9 100 12 1 1 1 10 12 1 1 10 12 1 10 12 1 1 9 12 1 1 10 12 1 10 12 1 1 10 12 1 1 10 12 1 10 12 1 1 10 12 1 10 12 1 1 10 12 1 1 10 100 12 1 1 1 10 12 1 1 10 12 1 10 12 1 10 12 1 10 12 1 10 12 1 10 12 1 10 12 1 10 12 1 10 12 1 10 12 1 10 12 1 10 12 1 10 12 1 10 12 1 1 10 12 1 10 12 1 1 10 12 1 1 10 10 12 1 1 10 12 1 10 12 1 10 12 1 10 12 1 10 12 1 10 12 1 10 12 10 12 1 10 12 1 10 12 1 10 12 1 1 10 12 1 10 12 1 10 10 12 1 1 10 12 1 1 9 12 1 1 10 100 12 1 1 1 10 100 1 10 10 100 12 1 1 1 10 10 12 1 10 8 10 100 12 1 1 1 8 10 12 1 8 1 10 12 1 10 12 1 10 100 12 1 1 1 10 100 12 1 1 1 100 1 10 12 100 1 8 1 10 10 12 1 1 10 12 1 1 10 12 1 1 10 12 1 10 12 1 10 12 1 10 12 1 10 12 1 10 12 1 10 12 1 10 12 1 10 12 1 10 12 1 10 12 1 10 12 1 10 12 1 10 12 1 10 12 1 10 12 1 10 12 10 12 10 12 1 10 12 1 10 12 1 10 12 10 12 1 10 12 1 10 12 1 10 12 1 10 12 1 10 12 1 10 12 1 10 12 1 10 12 1 10 12 1 10 12 1 100 1 10 12 1 9 100 12 1 1 1 9 100 1 9 12 1 1 100 1 100 1 100 1 1 1 1 5 0 1 1 1 1 1 1 1 1 1 1 1 1 1 1 1 1 1 1 1 1 1 1 1 1 1 1 1 1 1 1 1 1 1 1 1 1 1 1 1 1 1 1 1 1 1 1 1 1 1 1 1 1 1 1 1 1 1 1 1 1 100 1 1 1 1 1 100 1 1 1 1 1 1 1 1 1 1 1 1 1 1 1 1 1
instanceKlass java/lang/StringBuilder
instanceKlass java/lang/StringBuffer
ciInstanceKlass java/lang/AbstractStringBuilder 1 1 547 7 1 7 1 10 7 12 1 1 1 9 7 12 1 1 1 9 12 1 9 12 1 1 9 12 1 1 10 7 12 1 1 1 10 12 1 1 3 3 10 12 1 10 12 1 1 11 7 1 100 1 100 1 10 8 1 10 12 1 10 12 1 10 12 1 1 10 12 1 10 12 1 10 12 1 9 12 1 1 10 12 1 1 10 7 12 1 1 1 10 10 12 1 10 12 1 10 12 1 1 10 12 1 1 10 7 12 1 1 1 10 7 12 1 1 1 100 1 8 1 10 10 12 1 1 100 1 10 12 10 12 1 1 10 10 12 1 1 10 12 1 1 10 12 1 1 10 12 1 1 100 1 10 10 12 1 10 100 12 1 1 1 10 12 1 1 10 12 1 10 12 1 1 10 10 12 1 1 10 12 10 12 1 10 12 1 1 10 12 1 1 10 12 1 1 10 12 1 10 10 12 1 1 10 12 1 10 12 1 1 8 1 10 12 1 1 10 12 1 10 12 1 10 12 1 10 12 1 10 12 1 10 12 1 10 7 12 1 1 10 12 1 10 12 1 10 100 12 1 1 1 10 12 1 10 12 1 10 12 1 10 12 1 10 12 1 1 10 12 1 10 12 1 1 10 12 1 1 10 10 7 12 1 1 1 10 12 1 10 12 1 10 12 1 1 10 12 1 10 12 1 10 12 1 10 12 1 10 12 1 10 12 1 10 12 1 10 12 1 10 12 1 1 10 12 1 10 12 1 10 12 10 12 1 1 18 12 1 1 100 1 10 100 12 1 1 1 18 10 12 1 1 10 12 1 10 12 1 1 11 12 1 10 12 1 10 12 1 10 10 12 1 10 8 1 8 1 8 1 10 10 100 1 10 12 1 100 1 10 100 1 10 100 1 1 1 3 1 1 1 1 1 1 1 1 1 1 100 1 1 1 1 1 1 1 1 1 1 1 1 1 1 1 1 1 1 1 1 1 1 1 1 1 1 1 1 1 1 1 1 1 1 1 1 1 1 1 1 1 1 1 1 1 1 1 1 1 1 1 1 1 1 1 1 1 1 1 1 1 1 1 1 1 1 1 1 1 1 1 1 1 1 1 1 1 1 1 1 1 1 1 1 1 1 1 1 1 1 1 1 1 1 1 1 1 100 1 1 100 1 1 1 1 1 100 1 1 1 1 1 1 15 10 100 12 1 1 1 16 1 15 10 12 16 15 10 12 1 1 1 1 100 1 100 1 1
staticfield java/lang/AbstractStringBuilder EMPTYVALUE [B 0
ciInstanceKlass java/lang/SecurityManager 0 0 576 10 100 12 1 1 1 9 100 12 1 1 1 10 100 12 1 1 1 100 1 8 1 10 12 1 10 12 1 1 10 100 12 1 1 1 10 100 1 10 100 1 10 9 100 12 1 1 1 10 100 12 1 1 1 10 12 1 1 10 100 12 1 1 100 1 8 1 10 9 12 1 1 9 12 1 8 1 9 12 1 100 1 10 8 1 10 12 1 1 10 12 1 10 12 1 1 100 1 10 10 12 1 1 100 1 8 1 10 12 1 8 1 8 1 8 1 8 1 8 1 8 1 10 12 1 8 1 8 1 8 1 8 1 8 1 10 100 12 1 1 1 10 12 1 1 8 1 100 1 8 1 10 8 1 8 1 8 1 8 1 8 1 10 100 12 1 1 8 1 100 1 8 1 8 1 10 8 1 10 12 1 100 1 8 1 10 10 12 1 1 10 12 1 10 12 1 10 12 1 10 100 12 1 1 1 10 12 1 10 100 12 1 1 11 100 12 1 1 1 18 12 1 1 11 100 12 1 1 1 18 12 1 1 11 12 1 1 18 18 11 12 1 18 12 1 11 12 1 1 9 12 1 1 9 12 1 9 12 1 9 12 1 100 1 10 100 12 1 1 10 12 1 10 12 1 18 12 1 18 10 100 12 1 1 1 18 12 1 10 12 1 18 18 8 1 10 12 1 9 12 1 1 11 100 12 1 1 1 8 1 100 1 10 12 1 10 12 1 1 10 12 1 1 9 12 1 1 10 12 1 10 12 1 1 8 1 100 1 10 9 12 1 8 1 10 12 1 8 1 100 1 10 10 100 12 1 1 10 100 1 9 100 12 1 1 1 11 12 1 1 10 12 1 11 12 1 10 12 1 100 1 10 10 12 1 1 10 12 1 1 1 1 1 1 1 1 1 1 1 100 1 1 1 1 1 1 1 1 1 1 1 1 1 1 1 1 1 1 1 1 1 1 1 1 1 1 1 1 1 1 1 1 1 1 1 1 1 1 1 1 1 1 1 1 1 1 1 1 1 1 1 1 1 1 1 1 3 1 1 1 1 1 1 1 1 1 1 100 1 1 1 1 1 1 1 1 1 1 1 1 1 1 1 1 1 1 1 1 1 1 1 1 1 1 1 1 1 1 1 1 1 1 1 1 1 1 15 10 100 12 1 1 1 16 15 10 100 12 1 1 1 16 1 16 15 10 12 16 1 15 10 12 16 15 11 100 1 16 1 16 1 15 10 12 16 15 10 12 16 15 10 12 1 16 1 15 11 12 1 15 10 12 16 15 10 16 1 1 1 1 100 1 100 1 1
instanceKlass org/jetbrains/kotlin/com/intellij/psi/impl/compiled/OutOfOrderInnerClassException
instanceKlass org/jetbrains/kotlin/com/intellij/psi/impl/compiled/ClsElementImpl$InvalidMirrorException
instanceKlass org/jetbrains/kotlin/lexer/KotlinLexerException
instanceKlass org/jetbrains/kotlin/com/intellij/psi/text/BlockSupport$ReparsedSuccessfullyException
instanceKlass org/jetbrains/kotlin/com/intellij/psi/impl/DebugUtil$IncorrectTreeStructureException
instanceKlass org/jetbrains/kotlin/types/error/LazyWrappedTypeComputationException
instanceKlass org/jetbrains/kotlin/protobuf/UninitializedMessageException
instanceKlass java/nio/file/FileSystemAlreadyExistsException
instanceKlass org/jetbrains/kotlin/com/intellij/openapi/util/RecursionManager$CachingPreventedException
instanceKlass org/jetbrains/kotlin/com/intellij/core/CoreJavaCodeStyleManager$1CancelException
instanceKlass org/jetbrains/kotlin/com/intellij/openapi/util/StackOverflowPreventedException
instanceKlass org/jetbrains/kotlin/com/intellij/openapi/vfs/InvalidVirtualFileAccessException
instanceKlass org/jetbrains/kotlin/com/intellij/psi/PsiInvalidElementAccessException
instanceKlass org/jetbrains/kotlin/com/fasterxml/aalto/UncheckedStreamException
instanceKlass java/util/concurrent/RejectedExecutionException
instanceKlass org/jetbrains/kotlin/com/intellij/openapi/extensions/SortingException
instanceKlass org/jetbrains/kotlin/com/intellij/diagnostic/ImplementationConflictException
instanceKlass java/util/EmptyStackException
instanceKlass org/jetbrains/kotlin/com/intellij/openapi/diagnostic/RuntimeExceptionWithAttachments
instanceKlass org/jetbrains/kotlin/com/intellij/diagnostic/PluginException
instanceKlass org/jetbrains/kotlin/com/intellij/openapi/project/IndexNotReadyException
instanceKlass java/lang/SecurityException
instanceKlass org/jetbrains/kotlin/com/intellij/openapi/editor/ReadOnlyModificationException
instanceKlass org/jetbrains/kotlin/com/intellij/openapi/editor/ReadOnlyFragmentModificationException
instanceKlass org/jetbrains/kotlin/com/intellij/util/lang/CompoundRuntimeException
instanceKlass org/jetbrains/kotlin/com/intellij/util/pico/PicoException
instanceKlass org/jetbrains/kotlin/com/intellij/openapi/extensions/ExtensionNotApplicableException
instanceKlass java/io/UncheckedIOException
instanceKlass java/util/MissingResourceException
instanceKlass java/nio/file/FileSystemNotFoundException
instanceKlass org/jetbrains/kotlin/util/ServiceLoaderLite$ServiceLoadingException
instanceKlass org/jetbrains/kotlin/compiler/plugin/PluginProcessingException
instanceKlass org/jetbrains/kotlin/compiler/plugin/CliOptionProcessingException
instanceKlass org/jetbrains/kotlin/com/intellij/util/IncorrectOperationException
instanceKlass org/jetbrains/kotlin/utils/WrappedValues$WrappedProcessCanceledException
instanceKlass java/util/ConcurrentModificationException
instanceKlass java/lang/reflect/UndeclaredThrowableException
instanceKlass java/util/NoSuchElementException
instanceKlass kotlin/NoWhenBranchMatchedException
instanceKlass java/lang/IndexOutOfBoundsException
instanceKlass java/lang/UnsupportedOperationException
instanceKlass java/lang/IllegalStateException
instanceKlass kotlin/UninitializedPropertyAccessException
instanceKlass org/jetbrains/kotlin/cli/jvm/compiler/CompileEnvironmentException
instanceKlass org/jetbrains/kotlin/utils/KotlinExceptionWithAttachments
instanceKlass org/jetbrains/kotlin/analyzer/CompilationErrorException
instanceKlass org/jetbrains/kotlin/com/intellij/openapi/progress/ProcessCanceledException
instanceKlass java/lang/IllegalArgumentException
instanceKlass java/lang/ArithmeticException
instanceKlass java/lang/NullPointerException
instanceKlass java/lang/IllegalMonitorStateException
instanceKlass java/lang/ArrayStoreException
instanceKlass java/lang/ClassCastException
ciInstanceKlass java/lang/RuntimeException 1 1 40 10 7 12 1 1 1 10 12 1 10 12 1 10 12 1 10 12 1 100 1 1 1 1 5 0 1 1 1 1 1 1 1 1 1 1 1 1 1 1
instanceKlass org/jetbrains/kotlin/container/UnresolvedServiceException
instanceKlass java/nio/charset/UnsupportedCharsetException
instanceKlass java/nio/charset/IllegalCharsetNameException
instanceKlass java/nio/file/ProviderMismatchException
instanceKlass java/nio/file/InvalidPathException
instanceKlass java/lang/NumberFormatException
ciInstanceKlass java/lang/IllegalArgumentException 1 1 35 10 7 12 1 1 1 10 12 1 10 12 1 10 12 1 100 1 1 1 1 5 0 1 1 1 1 1 1 1 1 1 1 1 1
ciInstanceKlass java/lang/ArithmeticException 1 1 26 10 100 12 1 1 1 10 12 1 100 1 1 1 1 5 0 1 1 1 1 1 1 1 1 1
instanceKlass kotlin/KotlinNullPointerException
ciInstanceKlass java/lang/NullPointerException 1 1 52 10 100 12 1 1 1 10 12 1 9 100 12 1 1 1 10 12 1 1 9 12 1 1 10 12 1 1 10 12 1 1 1 1 5 0 1 1 1 1 1 1 1 1 100 1 100 1 100 1 1 1
instanceKlass org/jetbrains/kotlin/com/google/common/collect/Maps$ViewCachingAbstractMap
instanceKlass kotlin/collections/AbstractMutableMap
instanceKlass org/jetbrains/kotlin/protobuf/SmallSortedMap
instanceKlass org/jetbrains/kotlin/com/intellij/openapi/vfs/impl/ZipEntryMap
instanceKlass java/util/Collections$SingletonMap
instanceKlass org/jetbrains/kotlin/com/intellij/util/containers/ConcurrentRefHashMap
instanceKlass org/jetbrains/kotlin/com/intellij/util/containers/RefHashMap
instanceKlass java/util/EnumMap
instanceKlass java/util/TreeMap
instanceKlass java/util/IdentityHashMap
instanceKlass java/util/WeakHashMap
instanceKlass java/util/Collections$EmptyMap
instanceKlass sun/util/PreHashedMap
instanceKlass java/util/HashMap
instanceKlass java/util/ImmutableCollections$AbstractImmutableMap
instanceKlass java/util/concurrent/ConcurrentHashMap
ciInstanceKlass java/util/AbstractMap 1 1 192 10 7 12 1 1 1 10 7 12 1 1 1 11 7 12 1 1 1 10 11 12 1 1 11 7 12 1 1 1 11 12 1 1 7 1 11 12 1 10 12 1 1 11 12 1 100 1 10 11 12 1 11 7 1 10 12 1 1 11 12 1 9 12 1 1 7 1 10 12 1 9 12 1 1 100 1 10 11 11 12 1 1 11 12 1 100 1 100 1 11 12 1 8 1 100 1 10 10 12 1 1 8 1 10 12 1 10 12 1 1 10 12 1 1 1 1 1 1 1 1 1 1 1 1 1 1 1 1 1 1 1 1 1 1 1 1 1 1 1 1 1 1 1 1 1 1 1 1 1 1 1 1 100 1 1 1 1 1 1 1 1 1 1 1 1 1 1 1 1 100 1 1 1 1 1 1 1 1 1 100 1 100 1 100 1 100 1 1 1 1 1
ciInstanceKlass java/security/AccessControlContext 1 1 373 9 7 12 1 1 1 9 12 1 1 10 100 12 1 1 1 8 1 10 100 12 1 1 1 10 7 12 1 1 1 9 12 1 9 12 1 1 9 12 1 1 10 7 12 1 1 100 1 10 12 1 11 100 12 1 1 1 11 12 1 11 12 1 11 12 1 1 100 1 11 12 1 1 10 12 1 10 100 12 1 1 1 9 100 12 1 1 1 10 100 12 1 1 1 11 100 12 1 1 1 10 100 1 100 1 8 1 10 12 1 10 12 1 1 100 1 10 100 12 1 1 1 9 12 1 9 12 1 9 12 1 9 12 1 1 9 12 1 1 9 12 1 9 12 1 10 7 12 1 1 1 9 12 1 10 12 1 1 10 12 1 1 8 1 10 12 1 1 10 12 1 1 10 100 12 1 1 1 100 1 10 10 12 1 1 10 100 12 1 1 1 10 8 1 10 100 12 1 1 8 1 10 100 12 1 1 8 1 8 1 10 12 1 8 1 10 12 1 8 1 10 12 1 10 12 1 10 12 1 1 8 1 8 1 100 1 10 12 1 10 12 1 1 100 1 10 12 1 8 1 10 12 1 10 12 1 10 8 1 10 12 1 1 10 12 1 1 10 12 1 1 10 12 1 1 10 12 1 10 12 1 10 12 1 10 12 1 1 10 10 10 12 1 1 1 1 1 1 1 1 1 1 1 1 1 1 1 1 1 1 1 1 1 1 1 1 100 1 1 1 1 1 1 1 1 1 1 1 1 1 1 1 1 1 1 1 1 1 1 1 1 1 1 1 1 1 1 1 1 1 1 1 1 1 1 1 1 1 1 1 1 1 1 1 1 1 1 1 1 3 1 1
ciInstanceKlass java/net/URL 1 1 743 10 7 12 1 1 1 10 12 1 10 7 12 1 1 9 12 1 1 9 12 1 10 7 12 1 1 1 10 12 1 1 10 12 1 1 9 12 1 1 10 7 12 1 1 1 8 1 10 12 1 1 100 1 10 10 12 1 1 8 1 10 12 1 1 9 12 1 100 1 8 1 10 12 1 10 12 1 8 1 9 12 1 10 12 1 1 9 12 1 10 12 1 10 12 1 9 12 1 9 12 1 8 1 9 12 1 10 12 1 1 8 1 9 12 1 1 10 12 1 1 10 7 12 1 1 1 8 1 10 12 1 7 1 10 12 1 10 12 1 10 12 1 10 12 1 1 10 12 1 1 8 1 10 12 1 1 10 12 1 8 1 9 12 1 8 1 10 12 1 10 7 12 1 1 1 100 1 10 12 1 10 12 1 1 10 7 12 1 1 1 100 1 8 1 10 10 12 1 8 1 10 12 1 1 10 12 1 10 12 1 10 12 1 10 12 1 10 12 1 8 1 10 12 1 10 10 7 12 1 1 1 10 12 1 9 100 12 1 1 1 10 100 12 1 1 1 9 12 1 1 10 12 1 10 100 12 1 1 1 100 1 100 1 10 12 1 10 12 1 10 12 1 10 12 1 10 12 1 10 12 10 10 10 12 1 100 1 10 12 1 10 12 1 1 8 1 9 100 12 1 1 1 10 100 12 1 1 1 10 12 1 1 9 100 12 1 1 1 10 12 1 1 100 1 10 12 1 10 12 1 10 10 12 1 1 10 12 1 1 10 12 1 10 12 1 10 12 1 10 7 12 1 1 1 10 12 1 1 10 12 1 9 12 1 1 9 12 1 1 100 1 8 1 10 10 12 1 9 12 1 1 10 7 12 1 1 8 1 10 7 12 1 1 8 1 10 12 1 1 10 12 1 8 1 8 1 10 7 12 1 1 1 100 1 10 100 12 1 1 1 10 12 1 10 12 1 100 1 10 9 12 1 1 10 7 12 1 1 8 1 10 12 1 1 100 1 10 10 100 12 1 1 1 8 9 100 12 1 1 1 10 12 1 10 12 1 10 12 1 10 12 1 10 7 12 1 1 11 7 12 1 1 10 12 1 10 12 1 9 12 1 10 12 1 1 10 100 12 1 1 10 100 12 1 1 1 8 10 100 12 1 1 100 1 10 8 8 10 12 1 8 8 8 100 1 10 12 1 9 12 1 1 10 12 1 10 12 1 1 10 12 1 10 12 10 12 1 1 10 12 1 1 10 10 10 12 1 10 12 1 10 12 1 10 12 1 10 12 1 10 10 12 1 100 1 8 1 10 10 10 12 1 1 10 12 1 10 12 1 1 8 1 7 1 10 10 10 7 1 10 12 1 9 7 12 1 1 1 9 12 1 1 7 1 10 10 7 12 1 1 1 100 1 1 1 1 1 5 0 1 1 1 1 1 1 1 1 1 1 1 1 1 1 1 1 1 1 1 1 1 1 1 1 1 1 1 1 1 1 1 1 1 1 1 1 1 1 1 100 1 1 1 1 1 1 1 1 1 1 1 1 1 1 1 1 1 1 1 1 1 1 1 1 1 1 1 1 1 1 1 1 1 1 1 1 1 100 1 1 1 1 1 1 1 1 1 1 1 1 1 1 1 1 100 1 1 1 1 1 1 1 1 1 1 1 1 1 1 1 1 1 1
staticfield java/net/URL defaultFactory Ljava/net/URLStreamHandlerFactory; java/net/URL$DefaultFactory
staticfield java/net/URL streamHandlerLock Ljava/lang/Object; java/lang/Object
staticfield java/net/URL serialPersistentFields [Ljava/io/ObjectStreamField; 7 [Ljava/io/ObjectStreamField;
ciInstanceKlass java/util/jar/Manifest 1 1 336 10 7 12 1 1 1 7 1 10 9 7 12 1 1 1 7 1 10 9 12 1 1 9 12 1 1 10 12 1 10 12 1 1 10 12 1 1 10 12 1 1 10 12 1 1 11 7 1 11 12 1 1 10 12 1 1 10 100 12 1 1 1 100 1 100 1 10 8 1 10 12 1 1 10 12 1 1 10 12 1 10 12 1 11 100 1 10 12 1 10 12 1 1 11 12 1 1 10 12 1 11 12 1 1 11 100 12 1 1 1 11 100 12 1 1 11 12 1 1 100 1 10 12 1 8 1 11 12 1 100 1 10 12 1 1 11 12 1 10 12 1 10 12 1 10 100 12 1 1 1 8 1 10 12 1 1 10 9 100 12 1 1 1 10 12 1 1 10 100 12 1 10 12 1 10 12 1 9 100 12 1 1 1 8 1 10 12 1 8 1 8 1 7 1 10 12 1 10 12 1 10 12 1 1 100 1 8 1 10 12 1 1 8 1 10 10 12 1 1 8 1 10 12 1 1 10 100 12 1 1 1 10 12 1 10 11 12 1 1 10 12 1 10 100 12 1 1 1 10 12 1 1 10 12 1 1 11 10 12 1 11 10 12 1 100 1 1 1 1 1 1 1 1 1 1 1 1 1 1 1 1 1 1 1 1 1 1 1 1 1 1 1 1 1 1 1 1 1 1 1 1 1 1 1 1 1 1 1 100 1 1 1 1 1 1 1 1 1 1 1 1 1 1 100 1 1 1 1 1 1 1 1 1 1 1
ciInstanceKlass java/util/Objects 1 1 151 10 7 12 1 1 1 100 1 8 1 10 12 1 10 12 1 1 10 7 12 1 1 1 10 12 1 1 10 12 1 10 100 12 1 1 1 10 12 1 1 11 100 12 1 1 1 100 1 10 10 12 1 8 1 10 100 12 1 1 1 8 1 100 1 11 12 1 1 8 1 10 7 12 1 1 1 10 12 1 1 10 12 1 10 12 1 10 12 1 10 12 1 1 1 1 1 1 1 1 1 1 1 1 1 1 1 1 1 1 1 1 1 1 1 1 1 1 1 1 1 1 1 1 1 1 1 1 1 1 1 1 1 1 1 1 1 1 1 1 1 1 1 1 1 1 1 1 1 1 1
ciInstanceKlass java/util/Collection 1 1 115 11 100 12 1 1 1 100 1 11 7 12 1 1 1 10 100 12 1 1 1 11 12 1 1 11 100 12 1 1 1 11 12 1 1 11 100 12 1 1 1 11 12 1 1 10 100 12 1 1 1 11 12 1 10 7 12 1 1 1 100 1 100 1 1 1 1 1 1 1 1 1 1 1 1 1 1 1 1 1 1 1 1 1 1 1 1 1 1 1 1 1 1 1 1 1 1 1 1 1 1 1 1 1 1 1 1 1 1 1 1 1 1 1 1
instanceKlass org/jetbrains/kotlin/it/unimi/dsi/fastutil/ints/AbstractIntCollection
instanceKlass org/jetbrains/kotlin/com/google/common/collect/ImmutableCollection
instanceKlass org/jetbrains/kotlin/com/intellij/util/containers/UnsafeWeakList
instanceKlass java/util/AbstractQueue
instanceKlass org/jetbrains/kotlin/it/unimi/dsi/fastutil/objects/AbstractObjectCollection
instanceKlass org/jetbrains/kotlin/com/google/common/collect/Multimaps$Entries
instanceKlass org/jetbrains/kotlin/com/google/common/collect/AbstractMapBasedMultimap$WrappedCollection
instanceKlass java/util/HashMap$Values
instanceKlass java/util/LinkedHashMap$LinkedValues
instanceKlass org/jetbrains/kotlin/com/intellij/util/containers/ImmutableList
instanceKlass java/util/ArrayDeque
instanceKlass java/util/AbstractSet
instanceKlass java/util/ImmutableCollections$AbstractImmutableCollection
instanceKlass java/util/AbstractList
ciInstanceKlass java/util/AbstractCollection 1 1 160 10 7 12 1 1 1 10 7 12 1 1 1 10 12 1 1 11 7 12 1 1 1 11 12 1 1 10 12 1 1 10 100 12 1 1 1 10 12 1 1 10 12 1 1 10 7 12 1 1 10 7 12 1 1 1 7 1 10 100 12 1 1 1 10 100 12 1 1 1 100 1 10 11 12 1 11 7 1 10 12 1 10 12 1 10 7 12 1 1 1 11 8 1 7 1 10 10 12 1 1 8 1 10 12 1 10 12 1 1 1 1 1 1 1 1 1 1 1 1 1 1 1 1 1 1 1 1 1 1 1 1 1 1 1 1 1 1 1 1 1 1 1 1 1 1 1 1 1 1 1 1 1 1 1 1 1 1 1 1
ciInstanceKlass java/util/List 1 1 217 10 100 12 1 1 1 11 100 12 1 1 1 11 100 12 1 1 1 11 12 1 1 11 100 12 1 1 11 12 1 1 11 12 1 1 10 100 12 1 1 1 100 1 100 1 10 12 1 1 100 1 10 100 12 1 1 1 9 7 12 1 1 1 7 1 10 12 10 12 1 7 1 10 12 1 1 10 12 1 10 12 1 1 100 1 1 1 1 1 1 1 1 1 1 1 1 1 1 1 1 1 1 1 1 1 1 1 1 1 1 1 1 1 1 1 1 1 1 1 1 1 1 1 1 1 1 1 1 1 1 1 1 1 1 100 1 100 1 1 1 1 1 1 1 1 1 1 1 1 1 1 1 1 1 1 1 1 1 1 1 1 1 1 1 1 1 1 1 1 1 1 1 1 1 1 1 1 1 1 1 1 1 1 1 1 1 1 1 1 1 1 1 1 1 1 1 1 1 1 1 1 1 1 1 1 1 1 1 1 100 1 1 100 1 1 1
instanceKlass java/util/Collections$CopiesList
instanceKlass org/jetbrains/kotlin/types/expressions/PatternMatchingTypingVisitor$inferTypeForWhenExpression$resolvedCall$1
instanceKlass org/jetbrains/kotlin/com/intellij/psi/stubs/StubList$1
instanceKlass org/jetbrains/kotlin/com/intellij/util/containers/ContainerUtilRt$EmptyList
instanceKlass org/jetbrains/kotlin/com/intellij/psi/stubs/StubList
instanceKlass java/util/AbstractList$SubList
instanceKlass kotlin/collections/AbstractMutableList
instanceKlass org/jetbrains/kotlin/com/google/common/collect/Lists$AbstractListWrapper
instanceKlass org/jetbrains/kotlin/com/google/common/collect/Lists$Partition
instanceKlass org/jetbrains/kotlin/com/google/common/collect/Lists$TransformingRandomAccessList
instanceKlass org/jetbrains/kotlin/com/intellij/lang/impl/PsiBuilderImpl$RelativeTokenTypesView
instanceKlass java/util/AbstractSequentialList
instanceKlass org/jetbrains/kotlin/protobuf/UnmodifiableLazyStringList
instanceKlass org/jetbrains/kotlin/protobuf/LazyStringArrayList
instanceKlass java/util/ArrayList$SubList
instanceKlass org/jetbrains/kotlin/com/intellij/util/containers/DisposableWrapperList
instanceKlass org/jetbrains/kotlin/com/intellij/util/SmartList
instanceKlass java/util/Vector
instanceKlass java/util/Collections$SingletonList
instanceKlass org/jetbrains/kotlin/utils/SmartList
instanceKlass java/util/Arrays$ArrayList
instanceKlass java/util/Collections$EmptyList
instanceKlass java/util/ArrayList
ciInstanceKlass java/util/AbstractList 1 1 218 10 7 12 1 1 1 9 7 12 1 1 1 10 12 1 1 10 12 1 1 100 1 10 10 12 1 1 11 7 12 1 1 1 11 12 1 1 11 12 1 10 7 12 1 1 1 10 12 1 11 12 1 11 12 1 11 12 1 10 12 1 1 10 12 1 1 11 100 12 1 1 1 11 100 1 11 7 1 10 12 1 7 1 10 12 1 10 12 1 1 7 1 7 1 10 12 1 7 1 10 100 1 100 1 10 8 1 10 12 1 1 10 12 1 10 12 1 1 10 12 1 8 1 100 1 8 1 8 1 8 1 10 7 1 11 10 10 12 1 11 12 1 10 12 1 1 8 1 8 1 1 1 1 1 1 1 1 1 1 1 1 1 1 1 1 1 1 1 1 1 1 1 1 1 1 1 1 1 1 1 1 1 1 1 1 1 1 1 1 1 1 1 1 1 1 1 1 1 1 1 1 1 1 1 1 1 1 100 1 100 1 1 1 1 1 1 1
ciMethod java/util/Objects requireNonNull (Ljava/lang/Object;)Ljava/lang/Object; 518 0 84266 0 -1
ciInstanceKlass java/lang/AssertionStatusDirectives 0 0 24 10 100 12 1 1 1 100 1 1 1 1 1 1 1 1 1 1 1 1 1 1 1 1
ciInstanceKlass java/lang/invoke/MethodHandleNatives$CallSiteContext 1 1 49 10 7 12 1 1 1 7 1 10 10 7 12 1 1 1 10 7 12 1 1 1 10 7 12 1 1 1 100 1 1 1 1 1 1 1 1 1 1 1 1 1 1 1 1 1 100 1 1
ciInstanceKlass jdk/internal/invoke/NativeEntryPoint 0 0 92 10 100 12 1 1 1 9 100 12 1 1 1 10 100 12 1 1 1 100 1 9 12 1 9 12 1 9 12 1 1 9 12 1 1 9 12 1 1 100 1 8 1 10 12 1 11 100 12 1 1 1 10 12 1 1 10 12 1 11 100 12 1 1 11 12 1 10 12 1 1 10 12 1 1 1 1 1 1 1 1 1 1 1 1 1 1 1 1 1 1 1
instanceKlass java/lang/invoke/VolatileCallSite
instanceKlass java/lang/invoke/MutableCallSite
instanceKlass java/lang/invoke/ConstantCallSite
ciInstanceKlass java/lang/invoke/CallSite 1 1 302 10 7 12 1 1 1 10 7 12 1 1 1 9 7 12 1 1 1 10 12 1 1 9 12 1 1 10 7 12 1 1 1 10 12 1 100 1 10 12 1 1 10 12 1 1 9 100 12 1 1 1 10 100 12 1 1 10 12 1 1 100 1 100 1 10 10 100 12 1 1 1 10 12 1 1 8 1 10 12 1 10 12 1 1 10 12 1 10 12 1 1 10 12 1 1 10 10 100 12 1 1 10 12 1 1 9 12 1 9 100 12 1 1 1 8 1 10 7 12 1 1 1 10 12 1 1 100 1 10 12 1 1 9 12 1 8 1 100 1 10 12 1 10 12 1 100 1 8 1 10 10 12 1 10 12 1 1 100 1 10 12 1 1 10 12 1 10 12 1 10 12 1 1 10 12 1 1 9 12 1 1 8 10 12 1 1 9 12 1 1 100 1 10 10 12 1 10 100 12 1 1 1 10 12 1 1 10 12 1 1 10 12 1 10 7 12 1 1 1 100 1 8 1 10 10 12 10 12 1 1 100 1 100 1 100 1 8 1 10 12 1 10 7 12 1 1 1 1 1 1 1 1 1 1 1 1 1 1 1 1 1 1 1 1 1 1 1 1 1 1 1 1 1 1 1 1 1 1 1 1 1 1 1 1 1 1 1 1 1 1 1 1 1 1 1 1 1 1 1 1 1
staticfield java/lang/invoke/CallSite $assertionsDisabled Z 1
ciInstanceKlass java/lang/invoke/VolatileCallSite 0 0 37 10 100 12 1 1 1 10 12 1 10 100 12 1 1 1 10 12 1 10 12 1 1 1 1 1 1 1 1 1 1 1 1 1 1 1 1
ciInstanceKlass java/lang/invoke/MethodType 1 1 771 7 1 10 7 12 1 1 1 9 12 1 1 9 12 1 1 9 12 1 1 10 7 12 1 1 1 9 7 12 1 1 8 1 10 100 12 1 1 1 9 7 1 9 7 1 10 12 1 1 100 1 10 8 1 10 12 1 1 10 12 1 10 12 1 1 100 1 8 1 10 12 1 100 1 10 10 12 1 10 12 1 1 10 12 1 1 11 7 12 1 1 1 9 12 1 11 12 1 1 7 7 1 10 7 12 1 1 1 10 12 1 9 12 1 1 10 7 12 1 1 10 12 1 1 10 7 12 1 1 1 10 7 12 1 1 1 10 12 1 9 12 1 1 10 12 1 1 100 1 10 12 1 1 10 12 1 1 10 12 1 1 10 12 1 1 10 12 1 1 10 12 1 10 12 1 10 12 1 1 10 12 1 8 1 8 1 10 12 1 1 9 12 1 1 100 1 10 10 12 1 1 10 12 1 10 12 1 1 10 12 1 1 10 12 1 10 12 1 1 10 12 1 8 1 10 12 1 1 10 100 12 1 1 1 10 12 1 10 12 1 1 10 12 1 10 12 1 10 12 1 1 10 12 1 10 12 1 9 12 1 10 12 1 10 10 12 1 1 10 12 1 9 12 1 1 10 12 1 1 10 12 1 1 10 12 1 1 10 12 1 1 7 1 10 12 10 12 1 10 12 1 100 1 8 1 8 1 8 1 10 12 1 10 12 1 10 12 1 10 11 12 1 1 11 12 1 10 100 12 1 1 1 9 12 1 10 12 1 10 12 1 1 10 12 1 1 10 12 1 10 12 1 10 100 12 1 1 1 10 12 1 1 10 12 1 10 12 1 10 12 1 10 9 12 1 1 7 1 10 12 1 10 12 1 1 9 100 12 1 1 1 10 100 12 1 1 1 10 100 12 1 1 1 10 12 1 1 10 100 12 1 1 1 10 12 1 1 8 1 10 7 12 1 1 1 11 12 1 1 9 12 1 1 10 12 1 1 10 12 1 10 12 1 1 10 12 1 1 10 100 12 1 1 100 1 10 12 1 1 11 100 12 1 1 1 18 12 1 1 11 12 1 1 18 12 1 11 12 1 100 1 11 100 12 1 1 10 12 1 100 1 10 12 1 10 100 12 1 1 10 12 1 1 9 12 1 1 9 100 12 1 1 1 10 100 12 1 1 1 9 12 1 10 100 12 1 1 10 12 1 100 10 12 1 1 10 12 1 10 7 1 7 1 9 12 1 1 100 1 100 1 100 1 1 1 5 0 1 1 1 1 1 1 1 3 1 3 1 3 1 1 1 1 1 1 1 1 1 1 1 1 1 1 1 1 1 1 1 1 1 1 1 1 1 1 1 1 1 1 1 1 1 1 1 1 1 1 1 1 1 1 1 1 1 1 1 1 1 1 1 1 1 1 1 1 1 1 1 1 1 1 1 1 1 1 1 1 1 1 1 1 1 1 1 1 1 1 1 1 1 1 1 1 1 1 1 1 1 1 1 1 1 1 1 1 1 1 1 1 1 1 1 1 1 1 1 1 1 1 1 1 1 1 1 1 1 1 1 1 1 1 1 1 1 1 1 100 1 100 1 1 1 1 1 1 1 1 1 1 1 1 1 100 1 1 1 100 1 1 1 1 1 1 1 1 1 1 1 1 1 1 1 1 1 1 1 1 1 15 10 100 12 1 1 1 16 15 10 12 16 16 15 10 12 16 1 1 1 1 100 1 1 100 1 1 100 1 100 1 1
staticfield java/lang/invoke/MethodType internTable Ljava/lang/invoke/MethodType$ConcurrentWeakInternSet; java/lang/invoke/MethodType$ConcurrentWeakInternSet
staticfield java/lang/invoke/MethodType NO_PTYPES [Ljava/lang/Class; 0 [Ljava/lang/Class;
staticfield java/lang/invoke/MethodType objectOnlyTypes [Ljava/lang/invoke/MethodType; 20 [Ljava/lang/invoke/MethodType;
staticfield java/lang/invoke/MethodType METHOD_HANDLE_ARRAY [Ljava/lang/Class; 1 [Ljava/lang/Class;
staticfield java/lang/invoke/MethodType serialPersistentFields [Ljava/io/ObjectStreamField; 0 [Ljava/io/ObjectStreamField;
staticfield java/lang/invoke/MethodType $assertionsDisabled Z 1
ciInstanceKlass java/lang/BootstrapMethodError 0 0 45 10 100 12 1 1 1 10 12 1 10 12 1 10 100 12 1 1 1 10 100 12 1 1 1 1 1 1 5 0 1 1 1 1 1 1 1 1 1 1 1 100 1 1 1
ciInstanceKlass jdk/internal/loader/ClassLoaders$AppClassLoader 1 1 119 8 1 10 7 12 1 1 1 10 7 12 1 1 1 10 100 12 1 1 1 10 12 1 1 10 100 12 1 1 1 10 12 1 1 10 12 1 1 7 1 8 1 10 12 10 7 12 1 1 1 10 100 12 1 1 10 12 1 1 10 12 1 1 10 7 12 1 1 1 100 1 10 12 1 1 1 1 1 1 1 1 1 1 1 1 1 1 1 1 1 1 1 1 1 100 1 1 1 1 1 1 1 1 1 1 1 1 1 1 1 1 1 1 1 100 1 1 1
ciInstanceKlass jdk/internal/loader/ClassLoaders$PlatformClassLoader 1 1 42 8 1 10 7 12 1 1 1 10 7 12 1 1 1 100 1 10 12 1 100 1 1 1 1 1 1 1 1 1 1 1 1 1 1 100 1 1 1 100 1 1
ciInstanceKlass java/lang/ArrayStoreException 1 1 26 10 100 12 1 1 1 10 12 1 100 1 1 1 1 5 0 1 1 1 1 1 1 1 1 1
ciInstanceKlass java/lang/ClassCastException 1 1 26 10 100 12 1 1 1 10 12 1 100 1 1 1 1 5 0 1 1 1 1 1 1 1 1 1
ciInstanceKlass java/lang/NoClassDefFoundError 0 0 26 10 100 12 1 1 1 10 12 1 100 1 1 1 1 5 0 1 1 1 1 1 1 1 1 1
ciInstanceKlass java/lang/IllegalMonitorStateException 1 1 26 10 100 12 1 1 1 10 12 1 100 1 1 1 1 5 0 1 1 1 1 1 1 1 1 1
ciInstanceKlass java/lang/StackOverflowError 1 1 26 10 100 12 1 1 1 10 12 1 100 1 1 1 1 5 0 1 1 1 1 1 1 1 1 1
instanceKlass java/lang/StackOverflowError
instanceKlass java/lang/OutOfMemoryError
instanceKlass java/lang/InternalError
ciInstanceKlass java/lang/VirtualMachineError 1 1 34 10 100 12 1 1 1 10 12 1 10 12 1 10 12 1 100 1 1 1 1 5 0 1 1 1 1 1 1 1 1 1 1 1
ciInstanceKlass java/lang/OutOfMemoryError 1 1 26 10 100 12 1 1 1 10 12 1 100 1 1 1 1 5 0 1 1 1 1 1 1 1 1 1
ciInstanceKlass java/lang/InternalError 0 0 34 10 100 12 1 1 1 10 12 1 10 12 1 10 12 1 100 1 1 1 1 5 0 1 1 1 1 1 1 1 1 1 1 1
ciInstanceKlass java/lang/StackTraceElement 0 0 224 10 100 12 1 1 1 10 100 12 1 1 9 12 1 1 9 12 1 1 9 12 1 9 12 1 8 1 10 100 12 1 1 1 100 1 9 12 1 8 1 9 12 1 9 12 1 9 12 1 1 8 1 10 12 1 1 10 12 1 100 1 10 10 12 1 1 8 1 10 12 1 1 10 12 1 8 1 8 1 8 1 10 12 1 8 1 8 1 10 12 1 8 1 8 1 10 12 1 1 10 12 1 10 12 1 1 10 12 1 9 12 1 1 10 100 12 1 1 1 10 12 1 1 100 1 10 12 1 1 10 100 12 1 1 10 100 12 1 1 1 10 100 12 1 1 10 100 12 1 1 10 10 12 1 1 10 12 1 10 12 1 1 100 1 1 1 1 1 3 1 3 1 1 5 0 1 1 1 1 1 1 1 1 1 1 1 1 1 1 1 1 1 1 1 1 1 1 1 1 1 1 100 1 100 1 1 1 1 1 1 1 1 1 1 100 1 1 1 1 1 1 1 1
instanceKlass java/nio/CharBuffer
instanceKlass java/nio/IntBuffer
instanceKlass java/nio/LongBuffer
instanceKlass java/nio/ByteBuffer
ciInstanceKlass java/nio/Buffer 1 1 224 100 1 10 7 12 1 1 1 9 7 12 1 1 1 9 12 1 9 12 1 1 9 12 1 9 12 1 1 10 12 1 1 10 12 1 1 10 12 100 1 100 1 10 8 1 10 12 1 1 10 12 1 8 1 8 1 10 12 1 1 10 12 1 8 1 9 12 1 1 100 1 8 1 10 12 1 8 1 8 1 9 12 10 12 1 8 1 8 1 8 1 10 12 1 8 1 8 1 8 1 100 1 10 100 1 10 100 1 10 100 1 10 10 100 12 1 1 1 10 11 100 12 1 1 10 7 12 1 1 1 10 7 12 1 1 1 9 12 1 1 10 7 12 1 1 1 9 12 1 1 7 1 10 10 7 12 1 1 1 1 1 3 1 1 1 1 1 1 1 1 1 1 1 1 1 1 1 1 1 1 100 1 1 1 1 1 1 1 1 1 1 1 1 1 1 1 1 1 1 1 1 1 1 1 1 1 1 1 1 1 1 1 1 1 1 1 1 1 1 1 1 1 1
staticfield java/nio/Buffer UNSAFE Ljdk/internal/misc/Unsafe; jdk/internal/misc/Unsafe
staticfield java/nio/Buffer SCOPED_MEMORY_ACCESS Ljdk/internal/misc/ScopedMemoryAccess; jdk/internal/misc/ScopedMemoryAccess
staticfield java/nio/Buffer $assertionsDisabled Z 1
ciInstanceKlass jdk/internal/misc/UnsafeConstants 1 1 34 10 100 12 1 1 1 9 7 12 1 1 1 9 12 1 9 12 1 1 9 12 1 9 12 1 1 1 1 1 1 1 1 1
staticfield jdk/internal/misc/UnsafeConstants ADDRESS_SIZE0 I 8
staticfield jdk/internal/misc/UnsafeConstants PAGE_SIZE I 4096
staticfield jdk/internal/misc/UnsafeConstants BIG_ENDIAN Z 0
staticfield jdk/internal/misc/UnsafeConstants UNALIGNED_ACCESS Z 1
staticfield jdk/internal/misc/UnsafeConstants DATA_CACHE_LINE_FLUSH_SIZE I 0
instanceKlass java/lang/invoke/DelegatingMethodHandle
instanceKlass java/lang/invoke/BoundMethodHandle
instanceKlass java/lang/invoke/DirectMethodHandle
ciInstanceKlass java/lang/invoke/MethodHandle 1 1 641 100 1 9 7 12 1 1 1 10 7 12 1 1 1 10 7 12 1 1 1 7 1 7 1 10 12 1 1 9 12 1 1 10 12 1 10 12 1 1 10 12 1 1 10 100 12 1 1 1 10 12 1 1 10 12 1 1 11 100 12 1 1 1 10 12 1 1 10 12 1 10 12 1 9 12 1 1 10 12 1 1 100 1 100 1 10 8 1 10 12 1 1 10 12 1 8 1 10 12 1 1 10 12 1 10 7 12 1 1 1 10 12 1 10 12 1 1 10 12 1 1 10 12 1 1 10 12 1 1 10 7 12 1 1 1 10 100 12 1 1 1 7 1 10 12 1 1 10 12 1 1 10 12 1 1 8 1 10 7 12 1 1 1 8 1 10 12 1 1 10 12 1 1 10 12 1 1 10 12 1 8 1 10 12 1 1 8 1 10 12 1 8 1 10 100 12 1 1 1 9 12 1 1 100 1 10 9 100 12 1 1 1 9 100 1 8 1 10 12 1 1 10 12 1 10 12 1 1 10 12 1 10 12 1 1 10 12 1 10 12 1 1 10 12 1 10 12 1 1 10 12 1 1 8 1 10 12 1 1 8 1 10 12 1 10 12 1 1 10 12 1 10 12 1 10 12 1 1 9 100 12 1 1 1 10 12 1 1 11 12 1 10 12 1 10 12 1 1 10 100 12 1 1 1 100 1 11 12 1 10 100 1 11 12 1 100 1 10 12 1 11 12 1 9 100 12 1 1 1 11 12 1 1 11 100 12 1 1 1 10 12 1 1 9 12 1 11 12 1 9 12 1 9 12 1 9 12 1 11 12 1 1 9 12 1 9 12 1 9 12 1 9 12 1 9 12 1 9 12 1 9 12 1 8 1 10 12 1 10 12 1 8 1 10 12 1 10 12 1 10 10 7 12 1 1 10 12 1 1 100 1 8 1 10 12 1 1 10 12 1 1 10 12 1 10 12 1 100 1 10 100 12 1 1 1 10 12 1 9 7 12 1 1 1 10 12 1 1 10 12 1 1 8 1 9 12 1 9 12 1 1 9 12 1 1 10 12 1 7 1 10 12 1 10 12 1 1 9 12 1 1 9 12 1 1 10 7 12 1 1 1 11 7 12 1 1 9 12 1 10 12 1 1 9 12 1 10 12 1 8 10 12 1 1 8 1 1 1 1 1 1 100 1 1 1 1 1 1 1 1 1 1 1 1 1 1 1 1 1 1 1 1 1 1 1 1 1 1 1 1 1 1 1 1 1 1 1 1 1 1 1 1 1 1 1 1 1 1 1 1 1 1 1 1 1 1 1 1 1 1 1 1 1 1 1 1 1 1 1 1 1 100 1 1 1 1 1 1 1 1 1 100 1 1 1 1 1 1 1 1 1 1 1 1 1 1 1 1 1 1 1 1 1 1 1 1 1 1 1 100 1 1 100 1 1 100 1 1 1 1
staticfield java/lang/invoke/MethodHandle FORM_OFFSET J 20
staticfield java/lang/invoke/MethodHandle UPDATE_OFFSET J 13
staticfield java/lang/invoke/MethodHandle $assertionsDisabled Z 1
instanceKlass java/lang/invoke/DirectMethodHandle$Special
instanceKlass java/lang/invoke/DirectMethodHandle$Interface
instanceKlass java/lang/invoke/DirectMethodHandle$Constructor
instanceKlass java/lang/invoke/DirectMethodHandle$Accessor
ciInstanceKlass java/lang/invoke/DirectMethodHandle 1 1 940 7 1 7 1 100 1 7 1 7 1 10 7 12 1 1 1 10 7 12 1 1 1 100 1 10 12 1 10 12 1 1 10 7 12 1 1 10 12 1 1 10 12 1 10 12 1 7 1 10 12 1 1 10 12 1 1 10 12 1 10 12 1 1 10 7 12 1 1 1 10 12 1 9 12 1 1 100 1 10 9 12 1 1 9 12 1 10 12 1 10 12 1 10 12 1 1 10 12 1 10 12 1 10 12 1 10 7 12 1 1 1 10 12 1 10 12 1 1 8 1 10 12 1 1 7 1 10 12 1 7 1 10 10 12 1 10 12 1 10 12 1 10 7 12 1 1 1 10 12 1 1 100 1 10 12 1 10 12 1 7 1 10 12 1 10 12 1 1 10 12 1 1 10 12 1 8 10 100 12 1 1 1 10 12 1 10 12 1 10 12 1 1 10 12 1 9 7 12 1 1 1 7 1 10 12 1 10 7 12 1 1 1 10 12 1 10 12 1 1 9 12 1 1 100 1 10 8 1 10 12 1 1 10 12 1 10 12 1 10 10 12 1 10 12 1 10 12 1 10 12 1 10 12 1 1 10 12 1 10 12 1 1 10 12 1 10 12 1 1 10 10 7 12 1 1 1 10 12 1 10 12 1 1 10 12 1 10 12 1 1 8 1 9 7 12 1 1 1 8 1 9 12 1 9 12 1 8 1 9 12 1 9 12 1 8 1 9 12 1 9 12 1 8 1 10 12 1 10 12 1 1 9 12 1 1 7 1 10 12 1 1 100 1 10 7 12 1 1 1 10 12 1 1 10 12 1 10 12 1 1 7 1 10 12 1 1 10 12 1 10 12 1 1 7 1 10 12 1 1 10 7 12 1 1 1 10 12 1 10 12 1 10 12 1 9 12 1 1 10 7 1 9 12 9 12 1 10 7 12 1 1 1 10 12 1 7 1 7 1 7 1 9 12 1 1 10 7 12 1 10 12 1 1 10 12 1 100 1 10 12 1 10 12 1 1 9 100 12 1 1 1 10 12 1 1 100 1 10 100 12 1 1 1 10 12 1 10 12 1 8 1 9 12 1 9 12 1 10 12 1 9 12 1 1 10 100 12 1 1 1 9 12 1 1 9 12 1 1 10 12 1 10 12 1 10 12 1 10 12 1 10 12 1 1 10 12 1 10 7 12 1 1 9 12 1 10 12 1 10 12 1 10 12 1 10 12 1 1 10 12 1 1 9 12 1 1 10 12 1 1 9 7 12 1 1 1 9 12 1 9 12 1 9 12 1 9 12 1 9 12 1 9 12 1 9 12 1 9 12 1 9 12 1 9 12 1 9 12 1 9 12 1 9 12 1 9 12 1 9 12 1 9 12 1 9 12 1 9 12 1 9 12 1 9 12 1 9 12 1 9 12 1 9 12 1 9 12 1 9 12 1 9 12 1 9 12 1 9 12 1 9 12 1 9 12 1 9 12 1 9 12 1 9 12 1 9 12 1 9 12 1 9 12 1 8 1 9 12 1 1 9 12 1 1 10 12 1 10 12 1 1 9 7 1 10 12 1 9 12 1 1 10 12 10 12 1 10 12 1 10 12 1 10 8 1 8 1 8 1 8 1 10 12 1 1 9 12 1 1 10 12 1 10 100 12 1 1 1 8 9 12 1 1 10 12 1 1 8 1 8 8 9 12 1 8 1 8 8 8 8 8 1 8 10 12 1 10 12 1 8 1 8 1 10 12 1 10 12 1 10 12 1 10 12 1 1 7 1 1 1 1 3 1 3 1 3 1 3 1 3 1 3 1 3 1 3 1 3 1 3 1 1 1 1 1 1 1 1 1 1 3 1 3 1 1 1 1 3 1 1 1 1 1 1 1 1 1 1 1 1 1 1 1 1 1 1 1 1 1 1 1 1 1 1 1 1 1 1 1 1 1 1 1 1 1 1 1 1 1 1 1 1 1 1 1 1 1 1 1 1 1 1 1 1 100 1 1 1 1 1 1 1 1 1 1 1 1 100 1 1 1 1 1 1 1 1 1 1 1 1 1 1 1 1 1 1 1 1 1 1 1 1 1 1 1 1 1 1 1 1 1 1 1 1 1 1 1 1 1 1 1 1 1 1 1 1 1 1 1
staticfield java/lang/invoke/DirectMethodHandle IMPL_NAMES Ljava/lang/invoke/MemberName$Factory; java/lang/invoke/MemberName$Factory
staticfield java/lang/invoke/DirectMethodHandle FT_UNCHECKED_REF I 8
staticfield java/lang/invoke/DirectMethodHandle ACCESSOR_FORMS [Ljava/lang/invoke/LambdaForm; 132 [Ljava/lang/invoke/LambdaForm;
staticfield java/lang/invoke/DirectMethodHandle ALL_WRAPPERS [Lsun/invoke/util/Wrapper; 10 [Lsun/invoke/util/Wrapper;
staticfield java/lang/invoke/DirectMethodHandle NFS [Ljava/lang/invoke/LambdaForm$NamedFunction; 12 [Ljava/lang/invoke/LambdaForm$NamedFunction;
staticfield java/lang/invoke/DirectMethodHandle OBJ_OBJ_TYPE Ljava/lang/invoke/MethodType; java/lang/invoke/MethodType
staticfield java/lang/invoke/DirectMethodHandle LONG_OBJ_TYPE Ljava/lang/invoke/MethodType; java/lang/invoke/MethodType
staticfield java/lang/invoke/DirectMethodHandle $assertionsDisabled Z 1
ciInstanceKlass java/lang/invoke/LambdaForm 1 1 1052 100 1 9 7 12 1 1 1 10 7 12 1 1 1 10 7 12 1 1 9 12 1 1 9 12 1 1 10 12 1 1 100 1 10 9 12 1 10 12 1 1 9 12 1 10 7 12 1 1 1 9 12 1 9 12 1 9 12 1 1 9 12 1 10 12 1 1 7 1 10 12 1 10 100 12 1 1 1 10 100 12 1 1 1 10 12 1 10 12 1 1 9 100 12 1 1 1 10 12 1 1 9 12 1 10 12 1 1 10 12 1 10 12 1 1 10 12 1 1 10 100 12 1 1 1 7 1 10 10 12 1 1 8 1 10 12 1 10 12 1 10 12 1 1 7 1 10 7 12 1 1 1 10 12 1 1 10 12 1 10 12 1 1 9 12 1 1 9 12 1 9 12 1 1 10 12 1 9 12 1 10 100 12 1 1 1 10 12 1 1 10 12 1 9 12 1 1 10 100 12 1 1 1 10 12 1 10 12 1 10 12 1 10 12 1 10 12 1 10 12 1 1 10 12 1 10 12 1 1 8 1 10 12 1 10 12 1 8 1 8 1 9 12 1 9 12 1 9 12 1 1 10 12 1 1 10 12 1 9 12 1 10 12 1 1 10 7 12 1 1 1 10 12 1 1 10 12 1 10 12 1 10 12 1 1 9 12 1 10 12 1 8 1 8 1 8 1 8 1 8 1 8 1 8 1 8 1 10 12 1 9 12 1 7 1 10 12 1 1 9 12 1 10 12 1 10 12 1 1 10 12 10 12 1 10 12 1 1 10 12 1 1 10 10 12 1 1 10 12 1 1 7 1 8 1 10 12 1 1 10 12 1 10 12 1 1 10 8 1 10 12 1 1 8 1 8 1 8 1 10 12 1 9 12 1 1 10 12 1 1 10 12 1 1 100 1 10 12 1 1 10 12 1 10 7 12 1 1 1 10 12 1 1 9 12 1 1 8 1 10 100 12 1 1 1 10 7 12 1 1 10 12 10 10 12 1 1 9 12 1 8 10 12 1 1 100 1 10 12 1 1 10 12 1 9 7 12 1 1 9 12 1 1 8 1 10 100 12 1 1 10 12 1 1 100 1 100 1 10 10 12 1 1 10 12 1 1 8 1 8 1 100 1 8 1 10 12 10 12 1 10 12 1 10 12 1 1 8 1 8 1 9 100 12 1 1 1 10 12 1 10 12 1 1 8 1 8 1 8 1 100 1 8 1 100 1 8 1 100 1 8 1 10 12 1 8 1 9 10 7 12 1 1 1 10 12 1 9 12 1 1 10 12 1 10 10 12 1 10 12 1 10 12 1 10 12 1 1 10 12 1 10 12 1 1 10 12 1 1 10 12 1 1 8 1 100 10 12 1 10 12 1 9 12 1 1 10 7 12 1 1 8 1 8 1 100 1 8 1 8 1 8 1 8 1 8 1 8 1 8 1 8 1 10 12 1 1 10 12 1 1 10 12 1 10 12 1 8 1 8 1 8 1 10 12 1 8 1 10 12 1 8 1 8 1 8 1 8 1 8 1 10 12 1 10 12 1 10 12 1 1 10 7 12 1 1 1 10 12 1 10 12 1 10 12 1 10 12 1 10 12 1 10 12 1 10 12 1 9 12 1 1 8 1 10 12 1 1 9 12 1 1 10 12 1 1 9 12 1 9 12 1 1 9 12 1 9 12 1 1 7 1 10 7 12 1 1 1 9 12 1 10 12 1 10 12 1 8 1 10 12 1 9 12 1 1 7 1 10 7 12 1 1 1 8 1 100 1 10 12 1 9 12 1 9 12 1 10 12 1 10 12 1 10 7 12 1 1 1 10 12 1 9 7 12 1 1 10 12 1 1 10 12 1 10 12 1 9 12 10 12 1 10 10 12 1 9 9 12 1 7 9 12 1 1 10 12 1 1 9 12 1 10 12 1 10 7 1 9 1 1 1 1 3 1 3 1 3 1 1 1 1 1 1 1 1 1 1 1 1 1 1 1 1 1 1 1 1 1 1 1 1 1 1 1 1 1 1 1 1 1 1 1 1 1 1 1 1 1 1 1 1 1 1 1 1 1 1 1 1 1 1 1 1 100 1 1 1 1 1 1 1 1 1 1 1 1 1 1 1 1 1 1 1 1 1 1 1 1 1 1 1 1 1 1 1 1 1 1 1 1 1 1 1 1 1 1 1 1 1 1 1 1 1 1 1 1 1 1 1 1 1 1 1 100 1 1 1 1 1 1 1 1 1 1 1 1 1 1 1 1 1 1 1 1 1 1 1 1 1 1 1 1 1 1 1 1 1 1 100 1 1 1 1 1 1 1 1 1 1 1 1 1 1 1 1 1 1 1 1 1 1 100 1 1 1 100 1 1 100 1 1 1 1 1 1 1 1 1 1 1
staticfield java/lang/invoke/LambdaForm COMPILE_THRESHOLD I 0
staticfield java/lang/invoke/LambdaForm INTERNED_ARGUMENTS [[Ljava/lang/invoke/LambdaForm$Name; 5 [[Ljava/lang/invoke/LambdaForm$Name;
staticfield java/lang/invoke/LambdaForm IMPL_NAMES Ljava/lang/invoke/MemberName$Factory; java/lang/invoke/MemberName$Factory
staticfield java/lang/invoke/LambdaForm LF_identity [Ljava/lang/invoke/LambdaForm; 6 [Ljava/lang/invoke/LambdaForm;
staticfield java/lang/invoke/LambdaForm LF_zero [Ljava/lang/invoke/LambdaForm; 6 [Ljava/lang/invoke/LambdaForm;
staticfield java/lang/invoke/LambdaForm NF_identity [Ljava/lang/invoke/LambdaForm$NamedFunction; 6 [Ljava/lang/invoke/LambdaForm$NamedFunction;
staticfield java/lang/invoke/LambdaForm NF_zero [Ljava/lang/invoke/LambdaForm$NamedFunction; 6 [Ljava/lang/invoke/LambdaForm$NamedFunction;
staticfield java/lang/invoke/LambdaForm createFormsLock Ljava/lang/Object; java/lang/Object
staticfield java/lang/invoke/LambdaForm DEBUG_NAME_COUNTERS Ljava/util/HashMap; null
staticfield java/lang/invoke/LambdaForm DEBUG_NAMES Ljava/util/HashMap; null
staticfield java/lang/invoke/LambdaForm TRACE_INTERPRETER Z 0
staticfield java/lang/invoke/LambdaForm $assertionsDisabled Z 1
ciInstanceKlass java/lang/invoke/MethodHandleNatives 1 1 684 100 1 10 7 12 1 1 1 9 7 12 1 1 1 10 12 1 1 100 1 10 10 12 1 1 10 12 1 10 12 1 8 1 8 1 8 1 8 1 8 1 8 1 8 1 8 1 8 1 8 1 10 12 1 1 7 1 10 7 12 1 1 1 10 100 12 1 1 1 7 1 10 10 12 1 1 8 1 10 12 1 8 1 10 12 1 1 8 1 10 12 1 1 9 100 12 1 1 1 8 1 10 100 12 1 1 1 100 1 10 12 100 1 100 1 8 1 7 1 10 10 12 1 7 1 9 7 12 1 1 10 12 1 1 10 12 1 10 7 12 1 1 1 7 1 10 12 1 1 10 7 12 1 1 1 10 12 1 10 12 1 1 10 12 1 1 9 12 1 8 1 10 12 1 8 1 10 12 1 8 1 8 1 8 1 100 1 10 12 1 8 1 10 12 1 1 10 12 1 10 100 12 1 1 1 100 1 8 1 10 100 12 1 1 1 7 1 8 1 10 12 1 8 1 8 1 8 1 8 1 8 1 10 12 1 1 10 12 1 1 10 12 1 10 12 1 1 10 12 1 1 7 1 10 12 1 100 1 100 1 10 12 1 10 12 1 8 1 8 1 10 10 12 1 1 10 12 1 1 8 1 10 100 12 1 1 1 8 1 8 1 10 12 1 1 10 7 12 1 1 1 100 1 10 12 1 1 7 1 9 12 1 1 10 7 12 1 1 1 10 10 12 1 9 12 1 10 12 1 1 9 12 1 9 12 1 10 12 1 1 10 12 1 10 12 1 1 7 1 7 1 10 12 1 1 10 12 1 10 12 1 1 10 7 12 1 1 1 10 12 1 8 1 10 12 1 10 12 1 10 12 1 1 10 12 1 10 7 12 1 1 1 10 12 1 1 100 1 8 1 10 9 7 12 1 1 1 10 12 1 1 10 12 1 1 100 1 10 12 1 1 10 12 1 1 100 1 100 1 10 10 100 1 100 1 10 100 1 10 10 12 1 1 10 100 1 10 12 1 10 12 1 10 12 1 1 10 12 1 1 10 12 1 1 10 12 1 10 12 1 1 10 8 1 100 1 10 12 1 10 12 1 10 12 1 10 12 1 10 12 1 1 10 12 1 9 12 1 1 10 7 12 1 1 1 9 12 1 1 11 7 12 1 1 1 10 12 1 10 12 1 10 10 12 1 10 7 12 1 1 1 1 1 1 1 1 1 1 1 1 1 1 1 100 1 1 1 1 1 1 1 1 1 1 1 1 1 1 1 1 1 1 1 1 1 1 1 1 1 1 1 1 1 1 1 1 1 1 1 1 1 1 1 1 1 1 1 1 1 1 1 1 1 1 1 1 1 1 1 1 1 1 1 1 1 1 1 1 1 1 1 1 1 1 1 1 1 1 1 1 1 1 1 1 1 1 1 1 1 1 1 1 1 1 1 1 1 1 1 1 1 1 100 1 1 1 1 1 1 1 1 1 1 1 1 1 1 1 1 1 1 1 1 1 1 1 1 1 1 1 1 100 1 1 1 1 1 1 1 100 1 1 1
staticfield java/lang/invoke/MethodHandleNatives JLA Ljdk/internal/access/JavaLangAccess; java/lang/System$2
staticfield java/lang/invoke/MethodHandleNatives $assertionsDisabled Z 1
ciInstanceKlass jdk/internal/reflect/CallerSensitive 0 0 17 100 1 100 1 100 1 1 1 1 1 1 1 1 1 1 1
ciInstanceKlass jdk/internal/reflect/ConstantPool 1 1 142 10 100 12 1 1 1 9 7 12 1 1 1 10 12 1 1 10 12 1 1 10 12 1 10 12 1 1 10 12 1 1 10 12 1 10 12 1 1 10 12 1 10 12 1 1 10 12 1 10 12 1 10 12 1 10 12 1 1 10 12 1 1 10 12 1 1 10 12 1 1 10 12 1 10 12 1 1 10 100 12 1 1 1 8 11 7 12 1 1 1 10 7 12 1 1 1 1 1 1 1 1 1 1 1 1 1 1 1 1 1 1 1 1 1 1 1 1 1 1 1 1 1 1 1 1 1 1 1 1 1 1 1 1 1 1 1 1 1 1 1 1
instanceKlass jdk/internal/reflect/UnsafeStaticIntegerFieldAccessorImpl
instanceKlass jdk/internal/reflect/UnsafeQualifiedStaticFieldAccessorImpl
ciInstanceKlass jdk/internal/reflect/UnsafeStaticFieldAccessorImpl 1 1 47 10 7 12 1 1 1 9 7 12 1 1 1 10 7 12 1 1 1 9 12 1 1 8 11 7 12 1 1 1 10 7 12 1 1 1 1 1 1 1 1 1 1 1 1 1 1
instanceKlass jdk/internal/reflect/UnsafeFieldAccessorImpl
ciInstanceKlass jdk/internal/reflect/FieldAccessorImpl 1 1 59 10 7 12 1 1 1 100 1 100 1 1 1 1 1 1 1 1 1 100 1 1 1 1 1 1 1 1 1 1 1 1 1 1 1 1 1 1 1 100 1 1 1 1 1 1 1 1 1 1 1 1 1 1 1 1 1 1 1
instanceKlass jdk/internal/reflect/UnsafeStaticFieldAccessorImpl
ciInstanceKlass jdk/internal/reflect/UnsafeFieldAccessorImpl 1 1 254 10 7 12 1 1 1 9 7 12 1 1 1 10 7 12 1 1 1 10 7 12 1 1 1 9 12 1 1 10 7 12 1 1 1 9 12 1 1 10 12 1 10 12 1 9 12 1 10 12 1 1 10 100 12 1 1 10 100 12 1 1 1 10 12 1 1 100 1 10 10 12 1 1 10 12 1 1 8 1 10 10 12 1 100 1 8 1 10 12 1 8 1 10 12 1 8 1 10 12 1 100 1 10 12 1 1 10 8 1 10 12 1 1 8 1 10 100 12 1 1 8 1 10 100 12 1 1 8 1 10 100 12 1 1 8 1 10 100 12 1 1 8 1 10 100 12 1 1 8 1 10 100 12 1 1 8 1 10 100 12 1 1 8 1 10 100 12 1 1 10 12 1 1 8 1 8 1 8 1 8 1 8 1 8 1 10 100 12 1 1 1 8 1 8 1 8 1 10 12 10 12 1 1 1 1 1 1 1 1 1 1 1 1 1 1 1 1 1 1 1 1 1 1 1 1 1 1 1 1 1 1 1 1 1 1 1 1 1 1 1 1 1 1 1 1 1 1 1 1 1 1 1 1
staticfield jdk/internal/reflect/UnsafeFieldAccessorImpl unsafe Ljdk/internal/misc/Unsafe; jdk/internal/misc/Unsafe
ciInstanceKlass jdk/internal/reflect/NativeConstructorAccessorImpl 1 1 126 10 7 12 1 1 1 9 7 12 1 1 1 9 12 1 1 10 7 12 1 1 1 10 7 12 1 1 1 10 7 12 1 1 1 9 12 1 9 12 1 1 9 12 1 1 10 7 12 1 1 1 7 1 10 10 12 1 1 10 12 1 10 12 1 10 12 1 1 9 12 1 1 10 7 12 1 1 1 100 1 10 12 1 1 10 12 1 1 8 10 12 1 1 1 1 1 1 1 1 1 1 1 1 1 1 1 1 1 1 1 1 1 1 100 1 100 1 100 1 1 1 1 1 1 1
staticfield jdk/internal/reflect/NativeConstructorAccessorImpl U Ljdk/internal/misc/Unsafe; jdk/internal/misc/Unsafe
staticfield jdk/internal/reflect/NativeConstructorAccessorImpl GENERATED_OFFSET J 16
ciInstanceKlass java/lang/invoke/ConstantCallSite 1 1 65 10 7 12 1 1 1 9 7 12 1 1 1 9 12 1 1 10 7 12 1 1 1 10 12 1 100 1 10 12 9 12 1 1 100 1 10 10 12 1 1 10 12 1 1 1 1 1 1 1 1 1 1 1 1 1 100 1 1 1 1 1 1 1 1
staticfield java/lang/invoke/ConstantCallSite UNSAFE Ljdk/internal/misc/Unsafe; jdk/internal/misc/Unsafe
ciInstanceKlass java/lang/invoke/MutableCallSite 0 0 63 10 100 12 1 1 1 10 12 1 9 100 12 1 1 1 10 12 1 10 12 1 1 9 12 1 1 10 100 12 1 1 1 10 100 12 1 1 1 10 12 1 1 1 1 1 1 1 1 1 1 1 1 1 1 1 1 1 1 100 1 1 1
instanceKlass java/lang/invoke/VarHandleReferences$Array
instanceKlass java/lang/invoke/VarHandleInts$FieldInstanceReadOnly
instanceKlass java/lang/invoke/VarHandleReferences$FieldInstanceReadOnly
ciInstanceKlass java/lang/invoke/VarHandle 1 1 390 10 7 12 1 1 1 10 7 12 1 1 9 12 1 1 9 12 1 1 100 1 10 8 1 10 12 1 1 10 7 12 1 1 1 10 12 1 1 10 100 12 1 1 1 9 100 12 1 1 1 10 12 1 1 10 100 12 1 1 1 10 12 1 1 9 12 1 10 12 1 9 12 1 1 10 100 12 1 1 10 12 1 9 100 12 1 1 1 9 12 1 1 10 12 1 1 100 1 100 1 10 8 1 10 12 1 1 10 12 1 8 1 10 12 1 10 12 1 10 12 1 1 9 100 12 1 1 1 10 12 1 10 12 1 1 10 12 1 10 10 100 12 1 1 1 10 12 1 1 10 12 1 1 10 100 12 1 1 1 10 100 12 1 1 1 10 100 12 1 1 1 9 12 1 1 10 9 12 1 1 10 12 1 10 12 1 10 12 1 1 10 12 1 10 100 12 1 1 1 9 12 1 1 10 12 1 1 9 12 1 10 12 1 10 12 1 10 100 12 1 1 100 1 10 9 7 12 1 1 1 9 12 1 1 10 7 12 1 1 1 10 12 1 10 12 1 10 12 1 10 12 1 10 12 1 10 12 1 1 7 1 10 10 7 12 1 1 1 9 12 1 1 8 10 12 1 1 7 1 10 12 1 1 100 1 1 1 1 1 1 1 1 1 1 1 1 1 1 1 1 1 1 1 1 1 1 1 1 1 1 1 1 1 1 1 1 1 1 1 1 1 1 1 1 1 1 1 1 1 1 1 1 1 1 1 1 1 1 1 1 1 1 1 1 1 1 1 1 1 1 1 1 1 1 1 1 1 1 1 1 1 1 1 1 1 1 1 1 1 1 1 1 1 100 1 100 1 100 1 1 1 1 1 1 1 100 1 1 1
staticfield java/lang/invoke/VarHandle AIOOBE_SUPPLIER Ljava/util/function/BiFunction; jdk/internal/util/Preconditions$1
staticfield java/lang/invoke/VarHandle VFORM_OFFSET J 16
staticfield java/lang/invoke/VarHandle $assertionsDisabled Z 1
ciInstanceKlass java/lang/invoke/MemberName 1 1 757 7 1 7 1 100 1 9 12 1 1 10 7 12 1 1 1 9 12 1 1 10 12 1 1 10 12 1 1 10 12 1 1 10 12 1 10 12 1 1 10 7 12 1 1 1 10 12 1 9 100 12 1 1 10 12 1 100 1 100 1 10 12 1 8 1 10 12 1 1 10 12 1 10 12 1 1 10 12 1 9 12 1 1 8 1 10 100 12 1 1 1 7 1 10 10 12 1 1 100 1 100 1 10 12 1 1 9 12 1 1 100 1 8 1 10 12 1 10 12 1 10 12 1 10 12 1 10 12 1 1 10 12 1 10 12 1 10 12 1 1 10 12 1 1 10 12 1 8 1 8 1 8 1 10 100 12 1 1 1 10 12 1 9 12 1 1 3 10 12 1 10 12 1 10 12 1 10 10 7 12 1 1 1 10 12 1 10 12 1 10 12 1 10 12 1 7 1 8 10 12 1 1 10 12 1 1 8 1 9 100 1 8 9 100 1 10 12 1 1 10 12 1 10 12 1 8 1 10 12 1 1 10 12 1 10 12 1 10 12 1 10 12 1 1 100 1 10 12 1 1 10 12 1 8 1 10 12 1 10 12 1 8 1 10 12 1 1 10 12 1 1 100 1 10 12 1 1 10 12 8 1 8 1 100 1 10 12 1 10 100 12 1 1 1 100 1 10 12 10 12 1 10 12 1 10 12 1 10 12 1 10 10 12 1 10 12 1 10 12 1 3 10 12 1 3 10 12 1 3 3 3 3 3 3 3 100 1 10 12 1 10 7 12 1 1 1 10 12 1 3 9 12 1 10 12 1 1 3 10 12 1 10 10 7 12 1 1 1 10 12 1 1 10 100 1 10 10 12 1 10 12 1 10 12 1 10 10 12 1 1 10 12 1 10 12 1 10 12 1 100 1 10 10 10 12 100 1 10 10 10 12 1 1 10 12 1 1 10 10 12 1 8 10 100 1 10 12 1 10 100 1 10 12 1 10 12 1 10 12 1 10 10 12 1 10 12 1 1 10 12 1 1 10 12 1 10 12 1 10 12 1 100 1 10 12 1 1 100 1 8 1 10 7 1 10 12 1 10 12 10 12 1 1 10 12 1 10 12 1 8 1 8 1 8 1 8 1 10 12 1 10 12 1 10 12 1 1 8 1 8 1 10 12 1 8 1 10 10 12 1 10 12 1 8 1 8 1 10 10 12 1 8 1 10 100 12 1 1 1 8 1 10 12 1 10 12 1 1 10 12 1 8 1 8 1 8 1 8 1 100 1 10 8 1 8 1 8 1 8 1 10 12 1 100 1 100 1 100 1 10 100 1 10 100 1 10 100 12 1 1 1 9 7 12 1 1 1 100 1 100 1 1 1 1 1 1 1 3 1 3 1 3 1 3 1 3 1 3 1 1 1 1 1 1 1 1 3 1 3 1 1 1 1 3 1 1 1 1 1 1 1 1 1 1 1 1 1 1 1 1 1 1 1 1 1 1 1 1 1 1 1 1 1 1 1 1 1 1 1 1 1 1 1 1 1 1 1 1 1 1 1 1 1 1 1 1 1 1 1 1 1 1 1 1 1 1 1 1 1 1 1 1 1 1 1 1 1 1 1 1 1 1 1 1 1 1 1 1 1 1 1 1 1 1 1 1 1 1 1 1 1 1 1 1 1 1 1 1 1 1 100 1 1 1 1 1 1 1 1 1 1 1 1 1 1 1
staticfield java/lang/invoke/MemberName $assertionsDisabled Z 1
ciInstanceKlass java/lang/invoke/ResolvedMethodName 1 1 16 10 100 12 1 1 1 100 1 1 1 1 1 1 1 1
ciInstanceKlass java/lang/StackWalker 0 0 235 9 100 12 1 1 1 10 100 12 1 1 1 100 1 10 100 12 1 1 1 10 12 1 1 11 100 12 1 1 1 10 12 1 1 10 12 1 1 10 12 1 1 100 1 8 1 10 12 1 10 12 1 10 12 1 10 100 12 1 1 9 12 1 1 9 12 1 1 9 12 1 1 9 12 1 1 10 12 1 1 9 12 1 1 10 100 12 1 1 1 11 12 1 1 100 1 8 1 10 10 100 12 1 1 9 12 1 1 10 12 1 1 10 100 12 1 1 1 10 100 12 1 1 1 18 12 1 1 100 1 8 1 10 10 12 1 1 10 100 12 1 1 1 9 100 12 1 1 11 100 12 1 1 1 10 12 1 1 1 1 1 1 1 1 1 1 1 1 1 1 1 1 1 1 1 1 1 1 1 1 1 1 1 1 1 1 1 1 1 1 1 1 1 1 1 1 1 1 1 1 1 1 1 1 1 1 1 100 1 1 15 10 100 12 1 1 1 16 15 10 12 16 1 1 1 1 1 1 1 100 1 100 1 1
ciInstanceKlass java/lang/StackStreamFactory$AbstractStackWalker 1 0 306 100 1 100 1 3 10 100 12 1 1 1 10 100 12 1 1 10 100 12 1 1 1 9 12 1 1 10 12 1 1 9 12 1 1 9 12 1 1 9 12 1 1 9 12 1 9 100 12 1 1 1 10 100 12 1 1 1 10 12 1 1 9 12 1 1 10 100 12 1 1 1 10 12 1 1 9 12 1 1 9 100 12 1 1 1 100 1 10 8 1 10 12 1 1 10 12 1 8 1 10 12 1 1 10 100 12 1 1 1 100 1 8 1 10 12 1 8 1 10 12 9 100 12 1 1 1 10 100 12 1 1 9 12 1 8 1 5 0 8 1 8 1 9 12 1 1 10 12 1 1 10 12 1 1 10 12 1 9 12 1 10 12 1 10 12 1 10 12 1 10 12 1 1 10 12 1 10 12 1 1 8 1 10 12 1 10 12 1 10 12 1 10 12 1 1 8 1 10 12 1 1 10 12 1 1 10 12 1 1 10 12 1 10 12 1 10 100 12 1 1 1 9 12 1 8 1 10 12 1 10 12 1 10 12 1 10 12 1 10 12 1 10 12 1 10 12 1 1 10 12 1 1 10 12 1 1 10 12 1 8 1 1 1 1 1 1 1 1 1 1 1 1 1 1 1 1 1 1 100 1 1 1 1 100 1 1 1 1 1 1 1 1 1 1 1 1 1 1 1 1 1 1 1 1 1
ciInstanceKlass jdk/internal/module/Modules 1 1 504 10 100 12 1 1 1 9 7 12 1 1 1 11 7 12 1 1 1 11 12 1 1 11 12 1 1 11 12 1 1 11 12 1 11 12 1 11 12 1 11 12 1 11 12 1 1 10 100 12 1 1 1 10 100 12 1 1 1 18 12 1 1 10 100 12 1 1 1 100 1 10 100 12 1 1 1 10 100 12 1 1 1 10 100 12 1 1 10 12 1 1 11 12 1 9 12 1 1 11 100 12 1 1 1 10 12 1 1 10 10 12 1 10 9 12 1 1 10 100 12 1 1 10 12 1 1 10 100 12 1 1 100 1 11 100 12 1 1 1 10 100 12 1 1 1 11 100 12 1 1 10 12 1 1 10 100 12 1 1 10 100 12 1 1 1 10 12 1 1 10 12 1 1 11 12 1 1 18 12 1 1 11 100 12 1 1 10 100 12 1 1 1 11 100 12 1 1 1 100 1 11 12 1 1 11 100 12 1 1 1 11 12 1 1 10 12 1 1 10 100 12 1 1 18 12 1 1 11 12 1 1 18 12 1 1 11 12 1 1 10 12 1 18 18 10 12 1 1 9 12 1 1 11 100 12 1 1 1 100 1 10 11 12 1 11 12 1 1 11 12 1 1 10 100 1 10 12 1 1 10 100 12 1 1 10 12 1 1 11 12 10 12 1 1 100 1 10 18 12 1 10 12 1 1 100 1 8 1 10 12 1 10 100 12 1 1 18 12 1 11 11 12 10 12 1 10 10 100 1 18 12 1 10 10 10 7 12 1 1 10 7 12 1 1 1 10 12 1 1 1 1 1 1 1 1 1 1 1 1 1 1 1 1 1 1 1 1 1 1 1 1 1 1 1 1 1 1 1 1 1 100 1 1 1 1 1 1 1 1 1 1 1 1 1 1 1 1 1 1 1 1 1 1 1 1 1 1 1 1 1 1 1 1 1 1 1 100 1 1 1 1 1 1 1 1 1 1 1 1 1 1 1 1 1 1 1 1 1 1 1 15 10 100 12 1 1 1 16 15 10 12 1 16 16 15 10 12 1 16 1 16 1 15 10 12 1 16 1 16 1 15 10 12 16 1 15 10 16 1 15 10 12 16 1 15 10 12 16 15 10 12 16 15 10 12 1 1 1 100 1 100 1 1
staticfield jdk/internal/module/Modules JLA Ljdk/internal/access/JavaLangAccess; java/lang/System$2
staticfield jdk/internal/module/Modules JLMA Ljdk/internal/access/JavaLangModuleAccess; java/lang/module/ModuleDescriptor$1
staticfield jdk/internal/module/Modules $assertionsDisabled Z 1
ciInstanceKlass java/util/concurrent/ConcurrentMap 1 1 208 11 7 12 1 1 1 10 7 12 1 1 11 12 1 1 11 100 12 1 1 1 11 100 12 1 1 1 11 12 1 1 100 1 11 12 1 11 12 1 100 1 11 100 12 1 1 1 18 12 1 11 12 1 1 11 7 12 1 1 11 12 1 1 11 100 12 1 11 12 1 1 11 12 1 1 100 1 100 1 1 1 1 1 1 1 1 1 1 1 1 1 1 1 1 1 1 1 1 1 1 1 1 1 1 1 1 1 1 1 1 1 1 1 1 1 1 1 1 1 1 1 1 1 1 1 1 1 1 1 1 1 1 1 1 1 1 1 1 15 10 100 12 1 1 1 16 15 11 12 1 1 100 1 100 1 1 1 100 1 8 1 1 12 10 1 1 1 8 1 1 8 1 1 1 8 1 1 1 8 1 1 1 8 1 1 1 8 1 1 1 8 1 1 1 8 1 1 1 8 1 1 1 8 1 1 8 1
ciMethod java/util/concurrent/ConcurrentMap get (Ljava/lang/Object;)Ljava/lang/Object; 0 0 1 0 -1
ciMethod java/util/concurrent/ConcurrentMap put (Ljava/lang/Object;Ljava/lang/Object;)Ljava/lang/Object; 0 0 1 0 -1
instanceKlass java/util/ArrayList$ListItr
ciInstanceKlass java/util/ArrayList$Itr 1 1 103 9 7 12 1 1 1 10 7 12 1 1 1 9 12 1 1 9 7 12 1 1 9 12 1 9 12 1 9 12 1 10 12 1 100 1 10 9 12 1 1 100 1 10 100 1 10 10 12 1 1 100 1 10 100 12 1 1 1 10 12 1 1 11 100 12 1 1 1 100 1 1 1 1 1 1 1 1 1 1 1 1 1 1 1 100 1 1 1 1 1 1 1 1 1 1 1 1 1 1 1 1 1
ciMethod java/util/List iterator ()Ljava/util/Iterator; 0 0 1 0 -1
ciMethod java/util/Collection iterator ()Ljava/util/Iterator; 0 0 1 0 -1
ciMethod java/lang/String format (Ljava/lang/String;[Ljava/lang/Object;)Ljava/lang/String; 0 0 723 0 -1
ciMethod java/util/Iterator hasNext ()Z 0 0 1 0 -1
ciMethod java/util/Iterator next ()Ljava/lang/Object; 0 0 1 0 -1
ciMethod java/lang/Object <init> ()V 1024 0 3082871 0 128
ciInstanceKlass kotlin/jvm/internal/Intrinsics 1 1 278 10 7 10 10 10 10 10 10 100 10 10 10 100 10 10 100 10 8 8 10 100 10 10 100 10 10 100 10 10 8 8 8 8 10 10 10 10 10 100 10 10 10 10 8 8 10 10 10 8 10 100 10 10 10 10 100 8 8 10 8 10 10 10 100 10 7 100 1 1 1 1 1 1 1 1 1 1 1 1 1 1 1 1 1 1 1 1 1 1 1 1 1 1 1 1 1 1 1 1 1 1 1 1 1 1 1 1 1 1 1 1 1 1 1 1 1 1 1 1 1 1 1 1 1 1 100 1 1 1 1 1 1 1 1 1 1 1 1 1 1 1 1 1 1 1 1 1 1 1 1 1 1 1 1 1 1 1 1 1 100 1 1 1 1 1 1 1 1 1 1 1 1 1 1 1 1 1 100 1 1 1 12 1 12 12 12 12 12 1 12 12 1 1 1 1 12 1 12 1 1 1 1 1 1 12 12 12 100 12 12 1 100 12 100 12 100 12 12 1 1 100 12 100 12 1 12 1 12 12 12 1 1 1 12 1 12 100 100 12 12 1 1 1 1 1 1 1 1 1 1 1 1 1 1 1 1 1 1 1 1 1 1 1 1 1 1 1 1 1 1 1 1 1 1 1 1 1
ciInstanceKlass kotlin/jvm/functions/Function1 1 0 32 1 100 1 1 100 1 100 1 1 1 1 1 3 3 3 1 1 3 1 1 1 1 1 1 1 1 1 1 1 1 1
ciInstanceKlass org/jetbrains/kotlin/com/intellij/openapi/application/ApplicationManager 1 1 159 1 7 1 100 1 1 100 1 100 1 1 100 1 100 1 1 1 1 1 1 1 1 12 10 1 1 1 1 12 9 1 1 1 1 12 9 1 7 1 1 12 11 1 7 1 1 12 11 1 1 12 11 1 100 1 12 11 1 1 1 1 1 1 1 12 10 16 1 12 10 15 1 7 1 1 12 10 15 1 1 12 18 1 7 1 1 12 10 12 10 1 1 1 1 1 1 7 1 1 12 10 1 1 12 10 15 1 12 18 1 1 1 1 1 1 1 1 12 11 1 1 7 1 1 12 10 1 8 1 100 1 100 8 8 8 8 8 1 1 12 10 1 100 1 12 10 1 1 1 1 1 1 1 1 1 1 1 1
staticfield org/jetbrains/kotlin/com/intellij/openapi/application/ApplicationManager cleaners Ljava/util/List; org/jetbrains/kotlin/com/intellij/util/containers/LockFreeCopyOnWriteArrayList
ciInstanceKlass kotlin/jvm/functions/Function0 1 0 30 1 100 1 1 100 1 100 1 1 1 1 1 3 3 3 1 1 3 1 1 1 1 1 1 1 1 1 1 1
ciInstanceKlass org/jetbrains/kotlin/name/FqNameUnsafe 1 1 245 1 7 1 7 1 1 7 1 1 1 1 1 1 1 1 1 1 1 1 1 1 1 1 1 1 1 12 10 1 12 10 12 9 12 9 1 1 1 12 9 12 9 1 1 1 1 7 1 1 12 10 1 1 1 12 10 1 1 12 10 1 7 1 1 12 10 1 12 10 12 10 1 7 1 12 9 1 1 12 10 1 1 1 1 1 1 12 10 1 1 1 12 10 1 1 12 10 12 10 1 100 1 8 10 12 10 1 1 10 1 7 10 1 1 12 10 1 8 1 12 10 12 10 1 1 1 1 12 9 12 10 1 1 1 1 7 1 12 10 12 9 1 7 1 1 12 10 12 9 1 7 1 1 12 10 1 100 1 1 1 1 12 10 1 1 12 10 1 1 1 1 1 1 1 12 10 1 1 1 1 1 1 12 10 1 1 1 1 12 10 1 1 8 1 12 10 1 8 1 1 12 10 10 1 8 1 8 1 100 8 8 8 8 8 8 8 8 8 8 8 8 8 8 8 8 8 1 1 12 10 1 100 10 1 100 1 1 1 1 1 1 1 1 1
staticfield org/jetbrains/kotlin/name/FqNameUnsafe ROOT_NAME Lorg/jetbrains/kotlin/name/Name; org/jetbrains/kotlin/name/Name
staticfield org/jetbrains/kotlin/name/FqNameUnsafe SPLIT_BY_DOTS Ljava/util/regex/Pattern; java/util/regex/Pattern
staticfield org/jetbrains/kotlin/name/FqNameUnsafe STRING_TO_NAME Lkotlin/jvm/functions/Function1; org/jetbrains/kotlin/name/FqNameUnsafe$1
ciInstanceKlass org/jetbrains/kotlin/name/Name 1 1 157 1 7 1 1 7 1 100 1 1 1 1 1 1 1 1 1 1 12 10 1 12 10 12 9 12 9 1 1 1 1 1 7 1 1 100 1 100 10 1 8 1 1 12 10 1 12 10 1 12 10 1 12 10 12 10 1 1 1 12 10 1 1 12 10 1 1 12 10 1 1 1 12 10 1 1 1 12 10 1 1 1 12 10 1 8 1 12 10 1 1 12 10 1 1 1 1 1 1 12 10 12 10 1 100 1 8 10 1 12 10 1 1 1 12 10 1 1 1 1 12 10 1 1 12 10 1 8 1 8 1 100 8 8 8 8 8 8 8 8 8 8 8 1 1 12 10 1 100 1 1 1 1 1 1 1 1
ciInstanceKlass org/jetbrains/kotlin/config/LanguageVersionSettings 1 1 94 1 7 1 100 1 1 1 3 3 1 3 1 3 1 1 1 1 1 1 1 1 1 1 1 1 1 1 1 1 1 1 1 1 1 1 1 1 1 1 1 7 1 100 1 1 7 1 1 1 1 1 8 1 1 8 1 7 1 1 12 10 12 11 1 12 9 1 12 9 1 1 1 1 1 1 1 1 1 12 9 12 9 1 1 1 1 1 1 1 1 1 1 1
staticfield org/jetbrains/kotlin/config/LanguageVersionSettings Companion Lorg/jetbrains/kotlin/config/LanguageVersionSettings$Companion; org/jetbrains/kotlin/config/LanguageVersionSettings$Companion
ciInstanceKlass kotlin/jvm/internal/DefaultConstructorMarker 1 1 16 10 100 100 1 1 1 1 1 1 1 1 1 12 1 1
instanceKlass org/jetbrains/kotlin/descriptors/InvalidModuleException
instanceKlass java/nio/channels/NonWritableChannelException
instanceKlass java/nio/file/ClosedDirectoryStreamException
instanceKlass java/nio/file/ClosedFileSystemException
instanceKlass java/util/concurrent/CancellationException
ciInstanceKlass java/lang/IllegalStateException 0 0 35 10 100 12 1 1 1 10 12 1 10 12 1 10 12 1 100 1 1 1 1 5 0 1 1 1 1 1 1 1 1 1 1 1 1
ciInstanceKlass java/lang/AssertionError 0 0 79 10 100 12 1 1 1 10 12 1 10 100 12 1 1 1 10 100 1 100 1 10 12 1 1 10 12 1 10 12 1 10 12 1 10 12 1 10 12 1 10 12 1 10 12 1 1 1 1 5 0 1 1 1 1 1 1 1 1 1 1 100 1 1 1 1 1 1 1 1 1 1 1 1 1 1 1 1 1
instanceKlass org/jetbrains/kotlin/com/intellij/openapi/editor/impl/LockFreeCOWSortedArray
instanceKlass org/jetbrains/kotlin/com/intellij/openapi/util/UserDataHolderBase
instanceKlass org/jetbrains/kotlin/com/intellij/util/containers/LockFreeCopyOnWriteArrayList
ciInstanceKlass java/util/concurrent/atomic/AtomicReference 1 1 178 10 7 12 1 1 1 9 7 12 1 1 1 9 12 1 1 10 7 12 1 1 1 10 12 1 1 10 12 1 10 12 1 1 10 12 1 1 11 7 12 1 1 1 10 12 1 1 11 100 12 1 1 10 7 12 1 1 1 10 12 1 10 12 1 10 12 1 10 12 1 10 12 1 10 12 1 1 10 12 1 10 12 1 10 12 1 10 12 1 10 12 1 10 7 12 1 1 1 8 10 7 12 1 1 1 100 1 100 1 10 12 1 100 1 1 1 1 5 0 1 1 1 1 1 1 1 1 1 1 1 1 1 1 1 1 1 1 1 1 1 1 1 1 1 1 1 1 1 1 1 1 1 1 1 1 1 1 1 1 1 1 1 1 1 1 1 1 1 1 1 1 1 1 1 1 1 1
staticfield java/util/concurrent/atomic/AtomicReference VALUE Ljava/lang/invoke/VarHandle; java/lang/invoke/VarHandleReferences$FieldInstanceReadWrite
instanceKlass java/util/concurrent/atomic/AtomicReferenceFieldUpdater$AtomicReferenceFieldUpdaterImpl
ciInstanceKlass java/util/concurrent/atomic/AtomicReferenceFieldUpdater 1 1 98 7 1 10 7 12 1 1 1 10 12 1 1 10 7 12 1 1 10 100 12 1 1 1 10 12 1 1 11 100 12 1 1 11 100 12 1 1 1 1 1 1 1 1 1 1 1 1 1 1 1 1 1 1 1 1 1 1 1 1 1 1 1 1 1 1 1 1 1 1 1 1 1 1 1 1 1 1 1 1 1 1 1 1 1 1 1 1 1 1 1 1 1 1 100 1 1 1
ciInstanceKlass java/util/concurrent/atomic/AtomicReferenceFieldUpdater$AtomicReferenceFieldUpdaterImpl 1 1 264 10 7 12 1 1 1 7 1 10 12 1 10 7 12 1 1 1 7 1 10 12 1 1 10 7 12 1 1 1 10 7 12 1 1 1 10 7 12 1 1 1 10 12 1 1 10 12 1 1 100 1 100 1 10 12 1 1 10 12 1 100 1 100 1 10 10 12 1 1 100 1 8 1 10 12 1 10 7 12 1 1 1 8 1 10 12 1 10 12 1 1 10 12 1 1 9 12 1 1 9 12 1 9 12 1 9 12 1 1 10 7 12 1 1 1 9 12 1 1 10 100 12 1 1 10 12 1 1 10 12 1 1 10 12 1 1 100 1 100 1 10 8 1 10 12 1 1 10 12 1 8 1 8 1 10 100 12 1 1 10 12 1 10 10 12 1 10 12 1 10 12 1 10 12 1 1 10 12 1 1 10 12 1 10 12 1 1 10 12 1 1 10 12 1 1 1 1 1 1 1 1 1 1 1 1 1 1 1 1 1 1 1 1 1 1 1 1 1 1 1 1 1 1 100 1 1 1 1 1 1 1 1 1 1 1 1 1 1 1 1 1 1 1 1 1 1 1 1 1 1 1 1 1 1 1 1 1 1 1 1 1 1 1
staticfield java/util/concurrent/atomic/AtomicReferenceFieldUpdater$AtomicReferenceFieldUpdaterImpl U Ljdk/internal/misc/Unsafe; jdk/internal/misc/Unsafe
instanceKlass org/jetbrains/kotlin/storage/LockBasedStorageManager$1
ciInstanceKlass org/jetbrains/kotlin/storage/LockBasedStorageManager 1 1 451 1 7 1 7 1 100 1 1 100 1 1 7 1 1 7 1 1 7 1 1 7 1 1 7 1 1 100 1 1 100 1 1 7 1 1 100 1 1 100 1 1 7 1 1 100 1 7 1 7 1 7 1 7 1 7 1 7 1 7 1 7 1 1 1 1 1 1 1 1 1 1 1 1 1 1 1 1 1 12 10 1 12 10 1 1 1 12 9 1 1 12 10 1 1 12 10 1 1 1 1 1 1 12 10 12 9 12 9 12 9 1 1 1 1 100 1 12 10 1 1 12 9 1 1 1 100 10 1 1 12 10 1 7 1 12 10 1 1 12 10 1 8 1 1 12 10 1 100 1 1 12 10 1 8 1 8 12 10 1 1 1 1 1 1 12 10 1 12 10 1 100 1 1 1 1 1 12 10 1 1 1 1 1 12 10 1 1 1 1 1 12 10 1 1 1 1 12 10 1 100 1 10 1 1 1 1 12 10 1 1 1 1 1 1 12 10 1 1 1 1 1 12 10 1 1 1 1 1 1 12 10 1 1 1 1 1 10 1 1 1 10 1 1 1 10 1 1 1 7 12 11 1 7 1 1 12 11 1 12 11 1 1 12 11 1 1 1 1 7 1 12 10 1 1 1 1 100 1 8 1 8 1 8 1 12 10 1 100 1 8 1 12 10 1 1 12 10 1 1 1 1 1 1 12 10 1 100 1 100 1 12 10 12 9 1 1 12 10 12 9 1 8 1 100 1 1 12 10 1 100 1 1 12 11 1 12 11 1 1 12 11 1 1 12 10 1 1 1 1 1 1 1 1 1 1 1 12 10 1 1 1 10 1 1 1 1 1 1 1 1 1 1 1 1 12 10 1 12 10 1 8 1 7 1 1 12 10 8 1 7 1 1 12 9 10 12 9 1 8 1 8 1 100 8 8 8 8 8 8 8 8 8 8 8 8 8 8 8 8 8 8 8 8 8 8 8 8 1 1 12 10 1 100 12 10 1 100 10 1 100 1 1 1 1 1 1 1 1 1 1
staticfield org/jetbrains/kotlin/storage/LockBasedStorageManager PACKAGE_NAME Ljava/lang/String; "org.jetbrains.kotlin.storage"staticfield org/jetbrains/kotlin/storage/LockBasedStorageManager NO_LOCKS Lorg/jetbrains/kotlin/storage/StorageManager; org/jetbrains/kotlin/storage/LockBasedStorageManager$1
staticfield org/jetbrains/kotlin/storage/LockBasedStorageManager $assertionsDisabled Z 1
ciInstanceKlass org/jetbrains/kotlin/storage/SimpleLock 1 1 39 1 7 1 100 1 1 1 3 3 1 3 1 3 1 1 1 1 1 1 1 1 1 1 7 1 1 1 1 1 12 9 12 9 1 1 1 1 1
staticfield org/jetbrains/kotlin/storage/SimpleLock Companion Lorg/jetbrains/kotlin/storage/SimpleLock$Companion; org/jetbrains/kotlin/storage/SimpleLock$Companion
ciInstanceKlass org/jetbrains/kotlin/storage/NotNullLazyValue 1 1 50 1 100 1 1 100 1 100 1 1 1 3 3 1 3 1 3 1 1 1 1 1 1 1 1 1 1 1 1 1 1 8 1 1 1 1 1 1 1 1 1 100 1 8 1 1 12 10 1 1
ciInstanceKlass org/jetbrains/kotlin/storage/MemoizedFunctionToNotNull 1 0 33 1 100 1 1 100 1 100 1 1 1 3 3 1 3 1 3 1 1 1 1 1 1 1 1 1 1 1 1 1 1 1 1
instanceKlass org/jetbrains/kotlin/storage/CancellableSimpleLock
ciInstanceKlass org/jetbrains/kotlin/storage/DefaultSimpleLock 1 1 66 1 7 1 7 1 100 1 1 1 3 3 1 3 1 3 1 1 1 1 1 1 1 1 1 1 1 1 1 1 1 8 1 7 1 1 12 10 1 12 10 12 9 1 1 1 7 10 1 7 12 10 12 11 12 11 12 10 1 1 1 1 1 1 1 1
instanceKlass org/jetbrains/kotlin/storage/LockBasedStorageManager$CacheWithNullableValuesBasedOnMemoizedFunction
instanceKlass org/jetbrains/kotlin/storage/LockBasedStorageManager$MapBasedMemoizedFunctionToNotNull
ciInstanceKlass org/jetbrains/kotlin/storage/LockBasedStorageManager$MapBasedMemoizedFunction 1 1 251 1 7 1 1 7 1 100 1 1 7 1 1 100 1 1 7 1 1 100 1 1 1 1 1 1 1 1 1 1 1 1 1 1 1 12 10 1 12 10 12 9 12 9 12 9 1 1 1 1 1 1 1 1 1 7 1 7 1 12 11 1 1 12 9 1 7 1 12 10 1 1 12 9 1 7 12 11 1 12 9 1 1 12 10 1 1 12 10 1 1 12 10 1 12 11 1 1 12 11 1 7 12 11 1 12 10 1 1 12 10 1 100 1 100 1 1 12 10 1 12 11 1 1 12 10 1 12 10 1 100 1 1 12 10 1 1 12 11 1 1 12 10 1 1 1 1 1 1 1 1 1 1 1 1 1 1 1 1 1 8 1 1 12 10 1 1 1 1 100 10 1 8 1 1 12 10 1 12 10 1 8 1 8 1 1 12 10 1 12 10 1 1 12 10 1 8 1 8 1 8 1 1 1 8 1 12 10 1 1 1 1 1 1 1 8 1 8 1 100 1 100 8 8 8 8 8 8 8 1 1 12 10 1 100 1 12 10 1 100 10 1 1 1 1 1 1 1 1 1 1
ciInstanceKlass org/jetbrains/kotlin/storage/LockBasedStorageManager$NotValue 1 1 55 1 7 1 1 7 1 1 100 1 1 1 1 1 1 1 1 1 12 9 100 1 1 12 10 1 1 1 12 10 1 1 1 1 1 12 10 1 1 8 10 12 9 8 12 9 8 12 9 1 1 1 1 1 1
staticfield org/jetbrains/kotlin/storage/LockBasedStorageManager$NotValue NOT_COMPUTED Lorg/jetbrains/kotlin/storage/LockBasedStorageManager$NotValue; org/jetbrains/kotlin/storage/LockBasedStorageManager$NotValue
staticfield org/jetbrains/kotlin/storage/LockBasedStorageManager$NotValue COMPUTING Lorg/jetbrains/kotlin/storage/LockBasedStorageManager$NotValue; org/jetbrains/kotlin/storage/LockBasedStorageManager$NotValue
staticfield org/jetbrains/kotlin/storage/LockBasedStorageManager$NotValue RECURSION_WAS_DETECTED Lorg/jetbrains/kotlin/storage/LockBasedStorageManager$NotValue; org/jetbrains/kotlin/storage/LockBasedStorageManager$NotValue
staticfield org/jetbrains/kotlin/storage/LockBasedStorageManager$NotValue $VALUES [Lorg/jetbrains/kotlin/storage/LockBasedStorageManager$NotValue; 3 [Lorg/jetbrains/kotlin/storage/LockBasedStorageManager$NotValue;
ciInstanceKlass org/jetbrains/kotlin/utils/WrappedValues 1 1 115 1 7 1 100 1 1 100 1 1 7 1 1 7 1 1 1 1 1 1 12 10 1 1 1 1 1 1 1 1 1 12 10 12 9 1 1 1 1 1 1 1 12 10 1 1 1 1 12 10 12 10 1 1 12 10 12 9 1 100 1 1 12 10 1 12 10 1 100 1 1 12 10 1 1 10 1 8 1 8 1 100 1 100 8 8 8 8 8 8 8 1 1 12 10 1 100 1 12 10 1 100 10 1 100 1 1 1 1 1 1 1 1 1 1
staticfield org/jetbrains/kotlin/utils/WrappedValues NULL_VALUE Ljava/lang/Object; org/jetbrains/kotlin/utils/WrappedValues$1
ciInstanceKlass org/jetbrains/kotlin/com/intellij/openapi/application/Application 1 1 210 1 100 1 100 1 100 1 1 100 1 100 1 1 100 1 1 100 1 1 100 1 1 1 1 1 1 1 12 11 1 1 12 11 1 1 12 11 1 1 1 1 1 1 12 11 1 12 11 1 1 1 1 1 1 1 1 100 1 1 1 1 1 1 1 1 1 1 1 1 1 1 1 1 1 3 1 1 1 1 1 1 1 1 100 1 1 1 1 1 1 1 1 1 1 1 1 1 1 8 1 100 1 100 8 8 1 8 1 8 8 8 1 8 1 1 12 10 1 100 1 1 12 10 1 1 1 1 1 1 1 1 1 1 1 1 1 1 100 1 8 1 1 12 10 1 1 1 8 1 1 1 8 1 1 8 1 1 8 1 1 1 8 1 1 1 8 1 1 1 8 1 1 8 1 1 1 8 1 1 1 8 1 1 1 8 1 1 1 8 1 1 1 8 1 1 8 1 1 8 1 1 1 8 1 1 1 8 1 1
instanceKlass org/jetbrains/kotlin/com/intellij/openapi/progress/ProgressManager
ciInstanceKlass org/jetbrains/kotlin/com/intellij/openapi/progress/ProgressIndicatorProvider 1 1 43 1 100 1 7 1 1 1 12 10 1 1 1 1 1 7 1 12 10 1 1 1 1 100 1 1 12 10 12 10 1 100 1 1 1 12 10 1 1 1 1 1 1
instanceKlass org/jetbrains/kotlin/com/intellij/psi/stubs/ObjectStubBase
instanceKlass org/jetbrains/kotlin/com/intellij/util/indexing/IndexedFileImpl
instanceKlass org/jetbrains/kotlin/com/intellij/psi/AbstractFileViewProvider
instanceKlass org/jetbrains/kotlin/scripting/definitions/KotlinScriptDefinition
instanceKlass org/jetbrains/kotlin/scripting/definitions/ScriptDefinition
instanceKlass org/jetbrains/kotlin/com/intellij/psi/PsiManager
instanceKlass org/jetbrains/kotlin/com/intellij/psi/impl/ElementBase
instanceKlass org/jetbrains/kotlin/com/intellij/openapi/editor/impl/DocumentImpl
instanceKlass org/jetbrains/kotlin/com/intellij/openapi/vfs/VirtualFile
instanceKlass org/jetbrains/kotlin/com/intellij/lang/Language
instanceKlass org/jetbrains/kotlin/com/intellij/mock/MockComponentManager
ciInstanceKlass org/jetbrains/kotlin/com/intellij/openapi/util/UserDataHolderBase 1 1 224 1 7 1 1 7 1 100 1 1 1 100 1 100 1 1 1 1 1 1 12 10 1 7 1 1 12 9 1 1 12 10 1 1 1 1 1 100 1 100 12 10 1 1 12 10 1 1 12 10 1 100 1 12 10 1 1 1 1 1 1 1 12 10 12 9 1 1 12 10 1 100 10 1 1 12 10 1 8 1 12 10 1 100 1 12 10 10 1 1 1 1 1 1 12 10 1 1 1 12 11 1 7 1 12 10 1 1 12 10 1 1 1 1 1 12 10 1 1 1 1 1 1 12 11 1 1 12 11 1 1 12 10 1 1 1 1 1 12 10 1 1 1 7 1 1 1 12 11 1 1 1 1 1 1 1 12 10 1 1 1 1 100 1 12 10 1 1 1 8 1 1 12 10 1 8 1 8 1 100 8 8 8 8 8 8 8 8 8 8 8 8 8 8 8 8 8 8 8 8 1 1 12 10 1 100 1 12 10 1 100 10 1 1 1 1 1 1 1 1 1 1 1 1
staticfield org/jetbrains/kotlin/com/intellij/openapi/util/UserDataHolderBase COPYABLE_USER_MAP_KEY Lorg/jetbrains/kotlin/com/intellij/openapi/util/Key; org/jetbrains/kotlin/com/intellij/openapi/util/Key
ciInstanceKlass org/jetbrains/kotlin/com/intellij/lang/ASTNode 1 1 95 1 7 1 100 1 100 1 1 1 1 1 1 1 1 1 1 1 1 1 1 1 1 1 12 11 12 11 1 1 1 1 1 1 1 1 1 1 1 1 1 1 1 1 1 1 1 1 1 1 1 1 1 1 1 1 1 1 1 1 1 1 1 1 1 1 1 1 1 1 12 9 1 1 1 1 1 1 1 1 1 1 100 1 8 1 1 12 10 1 1 1 8 1 1
staticfield org/jetbrains/kotlin/com/intellij/lang/ASTNode EMPTY_ARRAY [Lorg/jetbrains/kotlin/com/intellij/lang/ASTNode; 0 [Lorg/jetbrains/kotlin/com/intellij/lang/ASTNode;
instanceKlass org/jetbrains/kotlin/com/intellij/psi/impl/PsiElementBase
instanceKlass org/jetbrains/kotlin/com/intellij/psi/impl/source/PsiFileImpl
instanceKlass org/jetbrains/kotlin/com/intellij/psi/impl/source/tree/TreeElement
ciInstanceKlass org/jetbrains/kotlin/com/intellij/psi/impl/ElementBase 1 1 378 1 7 1 7 1 100 1 1 100 1 1 100 1 100 1 100 1 1 1 1 1 3 1 1 1 1 1 1 1 1 12 10 1 1 1 1 1 1 100 1 100 1 100 1 100 1 12 10 1 100 12 9 1 7 1 1 12 10 1 1 1 1 1 1 12 11 1 8 1 100 1 1 12 10 1 100 1 1 12 10 1 16 1 12 10 15 1 16 1 7 1 1 12 10 15 1 1 12 18 1 100 1 1 12 10 1 100 1 100 1 1 12 11 1 1 12 11 1 12 10 12 9 1 1 12 11 1 1 12 10 1 1 1 1 1 1 1 12 10 1 12 10 15 1 12 18 1 1 1 100 1 12 10 1 100 1 1 12 11 1 12 10 1 1 1 12 10 1 12 10 1 1 12 10 1 1 12 11 1 1 1 7 1 100 1 1 12 11 1 1 12 10 1 100 12 11 1 100 1 1 12 9 1 1 12 11 1 1 1 100 1 12 11 1 100 1 1 1 100 1 1 12 10 12 9 1 7 1 12 10 1 1 12 11 1 1 1 1 1 1 12 10 1 1 12 11 1 100 1 12 11 1 1 12 11 1 100 1 100 11 1 12 11 1 1 1 1 1 1 1 1 1 1 1 1 12 10 1 12 10 12 10 1 1 12 9 1 1 12 11 1 1 1 1 12 10 1 100 1 1 12 11 1 1 12 10 1 1 12 10 1 1 1 1 12 10 1 16 12 10 15 16 1 1 12 18 12 10 15 1 1 12 18 1 1 12 10 1 8 1 8 1 100 1 100 1 100 8 8 8 8 8 1 1 12 10 1 100 1 12 10 1 100 10 1 1 1 1 1 1 1 1 1 1 1 1 1
staticfield org/jetbrains/kotlin/com/intellij/psi/impl/ElementBase LOG Lorg/jetbrains/kotlin/com/intellij/openapi/diagnostic/Logger; org/jetbrains/kotlin/com/intellij/openapi/diagnostic/DefaultLogger
staticfield org/jetbrains/kotlin/com/intellij/psi/impl/ElementBase ICON_COMPUTE Lkotlin/jvm/functions/Function1; org/jetbrains/kotlin/com/intellij/psi/impl/ElementBase$$Lambda$140+0x00000230011f7330
staticfield org/jetbrains/kotlin/com/intellij/psi/impl/ElementBase VISIBILITY_ICON_PLACEHOLDER Lorg/jetbrains/kotlin/com/intellij/openapi/util/NotNullLazyValue; org/jetbrains/kotlin/com/intellij/openapi/util/NotNullLazyValue$1
instanceKlass org/jetbrains/kotlin/com/intellij/psi/impl/source/tree/LeafElement
instanceKlass org/jetbrains/kotlin/com/intellij/psi/impl/source/tree/CompositeElement
ciInstanceKlass org/jetbrains/kotlin/com/intellij/psi/impl/source/tree/TreeElement 1 1 485 1 7 1 7 1 100 1 100 1 100 1 1 1 1 1 1 1 1 1 1 1 1 1 1 1 1 1 1 1 12 10 1 12 10 12 9 12 9 1 1 1 1 1 7 1 1 12 10 1 7 1 1 12 10 1 100 1 1 1 1 1 12 10 12 9 12 9 12 9 1 1 1 1 12 10 1 100 1 12 10 1 1 1 1 1 7 1 1 12 10 1 100 1 1 12 10 1 1 12 10 12 10 1 7 10 1 1 1 1 1 1 1 1 1 1 1 1 1 1 1 1 12 10 1 7 1 12 10 1 12 10 1 1 12 10 1 1 1 7 1 12 9 1 12 10 1 12 10 1 12 10 1 1 1 1 1 1 1 1 12 10 1 1 1 1 1 1 100 1 12 11 12 10 1 1 1 100 11 1 1 12 11 12 10 1 1 1 1 100 10 1 8 1 1 12 10 1 1 12 10 1 12 10 1 8 12 10 1 1 12 10 1 12 10 10 1 7 1 12 9 1 1 12 10 1 1 1 1 1 12 10 1 1 1 1 1 1 1 1 1 1 12 10 1 1 12 10 1 12 10 12 10 1 12 10 1 1 1 1 1 12 10 1 12 10 12 9 1 100 1 8 1 12 10 12 10 12 10 12 10 1 12 10 1 12 10 1 1 1 1 1 12 10 1 1 12 10 1 12 10 1 1 12 10 1 12 10 1 12 10 1 1 8 1 8 1 8 1 1 1 100 1 7 1 1 12 10 1 7 1 1 12 11 1 100 1 1 12 10 1 100 1 1 12 11 1 100 1 1 12 11 1 100 11 1 1 1 1 1 1 12 10 12 10 12 10 1 1 7 1 12 10 12 9 1 8 1 8 1 100 1 100 1 100 8 8 8 8 8 8 8 8 8 8 8 8 8 8 8 8 8 1 1 12 10 1 100 1 12 10 1 100 10 1 100 1 1 1 1 1 1 1 1 1 100 1 8 1 1 12 10 1 1 1 8 1 1 1 8 1 1 1 8 1 1 1 8 1 1 1 8 1 1 8 1 1 1 8 1 1 1 8 1 1 1 8 1 1 8 1 1 1 8 1 1 8 1 1 1 8 1 1 8 1
staticfield org/jetbrains/kotlin/com/intellij/psi/impl/source/tree/TreeElement EMPTY_ARRAY [Lorg/jetbrains/kotlin/com/intellij/psi/impl/source/tree/TreeElement; 0 [Lorg/jetbrains/kotlin/com/intellij/psi/impl/source/tree/TreeElement;
staticfield org/jetbrains/kotlin/com/intellij/psi/impl/source/tree/TreeElement $assertionsDisabled Z 1
instanceKlass org/jetbrains/kotlin/com/intellij/psi/impl/source/tree/CompositePsiElement
instanceKlass org/jetbrains/kotlin/com/intellij/psi/impl/source/tree/LazyParseableElement
ciInstanceKlass org/jetbrains/kotlin/com/intellij/psi/impl/source/tree/CompositeElement 1 1 1024 1 7 1 7 1 1 100 1 100 1 100 1 1 100 1 100 1 1 1 1 1 1 1 1 1 1 1 1 1 1 1 1 1 1 1 1 1 12 10 12 10 12 9 12 9 1 1 1 1 1 1 1 12 10 12 9 12 9 12 9 1 1 12 10 1 7 11 1 1 12 10 1 1 12 11 1 1 12 10 1 1 1 1 7 1 100 12 10 1 100 11 1 1 12 10 1 12 10 1 1 1 12 10 1 100 1 1 12 10 1 100 1 1 12 11 1 1 12 10 12 9 1 100 12 10 1 8 1 1 12 10 1 1 12 10 1 1 12 10 1 7 1 1 12 10 1 1 1 1 8 1 12 10 1 8 1 1 12 11 1 8 1 12 11 1 12 10 1 8 1 1 100 1 100 1 1 1 7 1 1 12 10 1 1 1 1 10 1 1 12 10 1 12 10 1 12 10 1 7 1 7 12 10 1 12 10 1 1 1 1 1 1 1 1 1 1 1 12 10 1 1 12 11 1 1 1 12 10 1 1 1 7 1 12 9 1 12 10 10 1 7 1 1 12 11 1 1 100 1 1 12 10 1 1 7 1 1 12 10 1 1 12 10 1 1 1 8 10 12 10 1 7 1 1 12 10 1 12 10 1 1 1 12 10 1 100 10 1 100 10 1 7 1 1 12 10 1 8 1 12 10 1 8 1 8 1 8 1 100 1 12 10 1 100 1 8 1 8 1 100 1 1 12 10 1 12 10 1 1 12 10 1 100 1 12 10 1 1 1 1 1 1 1 1 1 1 100 1 8 1 100 1 1 12 10 1 8 1 8 1 8 1 1 12 10 1 8 1 1 12 10 12 10 1 8 10 1 8 10 1 8 1 8 1 1 12 11 1 100 1 8 10 10 1 12 11 1 8 1 12 11 1 8 1 8 11 1 8 11 1 8 1 8 1 100 1 1 12 11 1 1 12 10 1 100 1 12 10 1 1 12 11 1 8 1 8 1 1 1 1 1 1 1 1 1 1 12 11 1 1 1 12 10 12 10 1 1 1 1 1 1 1 12 10 1 100 1 1 12 10 1 1 1 12 10 12 11 1 1 12 10 1 1 1 1 1 1 12 10 12 9 100 1 100 1 1 1 1 1 1 1 7 1 1 12 11 1 7 1 1 1 1 1 1 1 1 1 12 10 1 1 1 100 1 12 10 1 100 1 1 12 10 1 1 1 1 1 1 1 1 1 12 10 1 1 1 1 12 10 1 1 12 10 1 100 1 1 12 10 1 8 1 8 1 100 1 12 10 1 8 1 1 1 1 12 10 1 1 1 12 10 1 12 10 1 12 10 1 12 10 1 1 12 10 1 10 1 100 1 1 12 10 1 100 1 8 1 8 1 100 1 1 12 10 12 10 1 1 1 1 8 1 12 10 1 1 12 10 1 16 1 1 12 10 15 1 100 1 1 12 10 15 1 1 12 18 1 1 12 10 1 1 1 1 12 10 1 12 10 1 1 12 10 1 100 1 1 12 10 1 100 1 1 12 11 1 100 1 12 10 1 1 12 10 1 12 10 12 10 1 1 1 1 1 12 10 1 1 1 12 10 1 1 12 10 15 1 12 18 1 1 1 1 1 1 12 11 1 1 12 10 15 1 12 18 1 12 10 15 1 12 18 1 12 10 1 12 10 1 1 1 7 1 12 10 1 12 10 12 9 1 7 1 1 12 10 1 100 1 1 12 10 1 1 1 1 12 10 1 1 1 10 10 1 7 1 1 12 9 1 1 12 10 1 7 1 12 11 1 1 1 1 1 1 12 10 1 1 1 1 12 10 1 12 10 1 12 10 10 10 10 1 1 1 1 1 1 12 10 1 100 11 1 100 1 12 10 11 1 1 12 10 1 1 1 1 12 10 12 10 12 10 1 12 10 1 12 10 1 1 1 12 10 1 12 10 1 1 12 10 1 1 1 100 1 1 12 10 1 1 1 1 1 100 1 12 10 1 1 1 1 1 12 10 1 1 1 12 10 1 1 1 12 10 1 1 12 10 15 1 12 18 1 1 12 10 12 10 12 10 1 12 10 1 12 10 12 10 1 100 1 1 1 12 10 8 1 1 12 10 1 8 1 8 1 100 8 8 8 8 8 8 8 8 8 8 8 8 8 8 8 8 8 8 8 8 8 8 8 8 8 8 8 8 8 8 8 8 8 8 8 8 8 8 8 8 8 8 8 8 8 8 8 8 8 8 8 8 8 8 8 8 8 8 8 8 8 8 8 8 8 8 8 8 1 1 12 10 1 100 10 1 1 1 1 1 1 1 1 1 1 1 1
staticfield org/jetbrains/kotlin/com/intellij/psi/impl/source/tree/CompositeElement LOG Lorg/jetbrains/kotlin/com/intellij/openapi/diagnostic/Logger; org/jetbrains/kotlin/com/intellij/openapi/diagnostic/DefaultLogger
staticfield org/jetbrains/kotlin/com/intellij/psi/impl/source/tree/CompositeElement EMPTY_ARRAY [Lorg/jetbrains/kotlin/com/intellij/psi/impl/source/tree/CompositeElement; 0 [Lorg/jetbrains/kotlin/com/intellij/psi/impl/source/tree/CompositeElement;
staticfield org/jetbrains/kotlin/com/intellij/psi/impl/source/tree/CompositeElement myWrapperUpdater Ljava/util/concurrent/atomic/AtomicReferenceFieldUpdater; java/util/concurrent/atomic/AtomicReferenceFieldUpdater$AtomicReferenceFieldUpdaterImpl
instanceKlass org/jetbrains/kotlin/com/intellij/psi/impl/source/tree/LazyParseablePsiElement
instanceKlass org/jetbrains/kotlin/com/intellij/psi/impl/source/tree/FileElement
ciInstanceKlass org/jetbrains/kotlin/com/intellij/psi/impl/source/tree/LazyParseableElement 1 1 434 1 7 1 7 1 1 100 1 100 1 1 1 1 1 1 1 1 1 1 1 1 1 1 1 1 1 1 1 12 10 1 12 10 1 7 1 12 10 12 9 1 1 12 10 12 9 12 9 12 9 1 7 1 7 1 1 12 10 1 16 1 12 10 15 1 16 1 7 1 1 12 10 15 1 1 12 18 1 1 12 11 1 12 10 1 12 10 1 7 1 1 1 1 1 1 1 1 12 10 1 7 12 11 1 1 12 10 1 12 11 1 100 12 10 1 7 1 12 10 1 1 1 1 12 10 1 12 10 1 100 1 1 12 10 1 1 1 100 1 1 12 10 12 10 1 1 1 1 1 1 12 10 12 10 1 1 1 1 1 1 1 12 10 12 9 1 8 1 7 1 1 12 10 12 10 1 1 1 12 10 1 12 9 1 8 12 9 1 100 10 1 7 1 1 12 10 1 100 10 1 8 1 1 12 10 1 12 10 10 1 7 1 12 10 1 1 12 10 1 8 1 8 16 1 1 12 10 15 1 1 12 18 1 7 1 1 12 10 1 1 1 1 1 7 10 1 12 10 1 8 1 1 12 10 1 100 1 1 12 10 1 8 1 100 1 1 12 10 1 100 1 1 12 10 1 100 1 8 1 12 10 1 12 10 1 1 7 1 1 12 10 1 12 10 15 1 12 18 1 1 12 10 1 1 1 8 12 10 1 1 12 10 12 10 1 12 10 1 1 1 100 1 100 1 12 10 1 1 1 1 1 100 5 0 1 7 1 1 12 9 1 1 12 10 1 12 10 1 1 10 10 1 1 12 10 1 8 1 12 10 1 1 1 1 100 1 7 1 1 12 11 12 10 12 10 1 1 1 7 1 12 10 1 12 10 12 10 15 1 12 18 1 8 1 8 1 100 8 8 8 8 8 8 8 8 8 8 8 8 8 1 1 12 10 1 100 12 10 1 100 10 1 1 1 1 1 1 1 1 1 1 1 1
staticfield org/jetbrains/kotlin/com/intellij/psi/impl/source/tree/LazyParseableElement LOG Lorg/jetbrains/kotlin/com/intellij/openapi/diagnostic/Logger; org/jetbrains/kotlin/com/intellij/openapi/diagnostic/DefaultLogger
staticfield org/jetbrains/kotlin/com/intellij/psi/impl/source/tree/LazyParseableElement NO_TEXT Ljava/util/function/Supplier; org/jetbrains/kotlin/com/intellij/psi/impl/source/tree/LazyParseableElement$$Lambda$326+0x000002300141b848
staticfield org/jetbrains/kotlin/com/intellij/psi/impl/source/tree/LazyParseableElement $assertionsDisabled Z 1
instanceKlass org/jetbrains/kotlin/com/intellij/psi/impl/source/BasicJavaDummyElement
instanceKlass org/jetbrains/kotlin/com/intellij/psi/impl/source/DummyHolderElement
instanceKlass org/jetbrains/kotlin/com/intellij/psi/impl/source/CodeFragmentElement
ciInstanceKlass org/jetbrains/kotlin/com/intellij/psi/impl/source/tree/FileElement 1 1 264 1 7 1 7 1 100 1 1 100 1 100 1 100 1 1 1 1 1 1 1 1 1 1 1 12 9 12 10 1 7 1 1 1 1 1 12 10 1 1 1 12 9 1 1 12 10 1 100 1 1 1 1 12 10 1 1 12 10 1 100 1 100 12 10 1 1 12 10 1 1 12 10 1 100 1 12 10 1 1 1 12 10 1 7 12 10 1 1 1 1 1 1 1 12 10 1 100 12 10 1 12 10 1 100 1 1 12 10 1 12 11 1 7 1 1 1 1 1 1 1 100 1 12 10 1 1 12 10 1 1 1 1 1 1 1 12 10 12 9 1 1 1 1 12 10 1 100 1 12 9 1 100 1 16 1 1 12 10 15 16 1 100 1 1 12 10 15 1 1 12 18 1 100 1 1 12 10 1 100 1 8 1 12 10 1 1 1 1 1 1 1 100 10 1 100 1 1 12 11 1 12 10 1 1 12 10 1 1 1 1 1 1 12 10 12 10 1 12 10 1 12 9 1 8 1 8 1 100 1 100 1 100 8 8 8 8 8 8 8 1 1 12 10 1 100 10 1 100 10 1 100 1 1 1 1 1 1 1 1 1 1 1 1
staticfield org/jetbrains/kotlin/com/intellij/psi/impl/source/tree/FileElement EMPTY_ARRAY [Lorg/jetbrains/kotlin/com/intellij/psi/impl/source/tree/FileElement; 0 [Lorg/jetbrains/kotlin/com/intellij/psi/impl/source/tree/FileElement;
instanceKlass org/jetbrains/kotlin/com/intellij/psi/tree/java/IJavaElementType
instanceKlass org/jetbrains/kotlin/kdoc/parser/KDocElementType
instanceKlass org/jetbrains/kotlin/com/intellij/lang/TokenWrapper
instanceKlass org/jetbrains/kotlin/com/intellij/psi/tree/IElementType$TombstoneElementType
instanceKlass org/jetbrains/kotlin/KtNodeType
instanceKlass org/jetbrains/kotlin/com/intellij/psi/TokenType$1
instanceKlass org/jetbrains/kotlin/com/intellij/psi/WhiteSpaceTokenType
instanceKlass org/jetbrains/kotlin/lexer/KtToken
instanceKlass org/jetbrains/kotlin/com/intellij/psi/stubs/IStubElementType
instanceKlass org/jetbrains/kotlin/com/intellij/psi/tree/ILazyParseableElementType
ciInstanceKlass org/jetbrains/kotlin/com/intellij/psi/tree/IElementType 1 1 416 1 7 1 7 1 1 7 1 1 100 1 100 1 1 100 1 1 100 1 100 1 1 100 1 100 1 1 1 1 1 1 1 1 1 1 3 1 1 1 1 1 1 1 1 1 1 1 1 1 1 1 12 10 12 9 12 9 1 7 1 1 12 10 1 7 1 1 12 10 1 7 1 12 11 12 9 7 1 100 1 1 1 1 1 1 12 10 1 100 1 1 12 10 1 1 12 10 1 1 1 1 1 1 1 1 1 1 7 1 12 9 1 100 1 8 1 1 12 10 1 1 12 10 1 1 12 10 1 1 1 1 12 10 1 7 1 7 1 1 12 9 1 1 12 10 1 1 12 10 12 9 12 9 12 9 1 100 1 1 12 11 16 1 100 1 12 10 15 1 16 1 7 1 1 12 10 15 1 1 12 18 1 1 12 11 1 16 1 1 12 10 15 16 1 1 12 18 1 100 1 1 12 10 1 1 12 11 1 1 12 11 1 16 1 1 12 10 15 16 1 1 12 18 1 100 1 1 12 11 1 100 1 1 12 10 1 1 12 11 1 100 1 1 12 10 1 100 10 1 8 1 1 12 10 1 12 10 1 8 1 12 11 1 12 10 1 8 1 8 1 100 1 1 12 10 1 1 12 10 1 1 12 10 1 12 10 12 9 1 7 1 1 12 10 1 1 1 1 1 1 1 1 1 1 1 1 1 12 10 1 12 10 1 1 7 1 1 1 1 1 8 1 1 1 1 100 10 1 12 11 1 12 11 1 1 12 11 1 1 1 1 1 1 1 12 9 1 1 1 16 12 10 15 16 1 1 12 18 12 10 15 1 12 18 12 9 1 8 10 1 8 12 10 1 1 8 1 8 1 100 8 8 8 8 8 8 8 8 8 8 8 8 8 1 1 12 10 1 100 10 1 100 1 1 1 1 1 1 1 1 1 1 1 1 1
staticfield org/jetbrains/kotlin/com/intellij/psi/tree/IElementType EMPTY_ARRAY [Lorg/jetbrains/kotlin/com/intellij/psi/tree/IElementType; 0 [Lorg/jetbrains/kotlin/com/intellij/psi/tree/IElementType;
staticfield org/jetbrains/kotlin/com/intellij/psi/tree/IElementType ARRAY_FACTORY Lorg/jetbrains/kotlin/com/intellij/util/ArrayFactory; org/jetbrains/kotlin/com/intellij/psi/tree/IElementType$$Lambda$70+0x0000023001164de8
staticfield org/jetbrains/kotlin/com/intellij/psi/tree/IElementType TRUE Lorg/jetbrains/kotlin/com/intellij/psi/tree/IElementType$Predicate; org/jetbrains/kotlin/com/intellij/psi/tree/IElementType$$Lambda$71+0x00000230011651f8
staticfield org/jetbrains/kotlin/com/intellij/psi/tree/IElementType lock Ljava/lang/Object; "registry lock"instanceKlass org/jetbrains/kotlin/com/intellij/psi/impl/source/tree/OwnBufferLeafPsiElement
instanceKlass org/jetbrains/kotlin/com/intellij/psi/impl/source/tree/LeafPsiElement
ciInstanceKlass org/jetbrains/kotlin/com/intellij/psi/impl/source/tree/LeafElement 1 1 393 1 7 1 7 1 1 1 1 1 1 1 1 1 1 1 1 1 1 1 12 10 1 12 10 12 9 1 1 1 1 1 1 1 1 12 10 1 1 12 10 1 1 1 7 1 12 11 1 1 1 1 1 100 12 9 1 1 12 10 1 100 1 100 1 1 12 10 1 12 11 1 100 1 12 10 1 1 12 10 1 1 1 1 12 11 1 1 1 1 1 1 7 1 12 10 1 1 1 1 1 1 12 10 100 1 1 1 1 12 10 1 1 1 1 1 1 1 1 12 9 1 100 12 10 1 1 12 10 3 1 1 1 1 1 12 10 1 100 1 1 12 10 1 1 12 10 1 1 12 10 1 1 1 1 100 1 1 12 10 1 1 12 10 1 100 1 1 12 10 1 1 1 1 12 10 1 1 12 10 1 1 1 1 1 7 1 1 12 10 1 1 1 1 1 1 1 1 1 1 1 1 1 1 12 10 1 1 1 1 1 1 1 1 12 9 100 1 1 1 100 1 8 1 12 10 1 1 1 1 1 1 1 1 1 100 1 1 1 1 1 1 1 1 1 1 1 1 1 1 1 12 10 12 9 1 12 10 1 1 1 1 1 7 1 1 12 10 1 7 12 10 1 8 1 1 12 10 1 12 10 1 8 1 100 1 7 1 7 1 1 12 10 10 1 1 12 10 1 1 1 12 10 1 12 10 1 12 10 12 10 1 1 1 12 10 1 1 12 10 8 1 7 1 1 12 10 1 8 1 8 1 100 8 8 8 8 8 8 8 8 8 8 8 8 8 8 8 8 8 8 8 8 8 8 8 8 8 8 8 8 8 8 8 8 8 8 8 8 8 8 1 1 12 10 1 100 10 1 100 10 1 100 1 1 1 1 1 1 1 1 1 1
staticfield org/jetbrains/kotlin/com/intellij/psi/impl/source/tree/LeafElement LOG Lorg/jetbrains/kotlin/com/intellij/openapi/diagnostic/Logger; org/jetbrains/kotlin/com/intellij/openapi/diagnostic/DefaultLogger
staticfield org/jetbrains/kotlin/com/intellij/psi/impl/source/tree/LeafElement CACHED_TEXT Lorg/jetbrains/kotlin/com/intellij/openapi/util/Key; org/jetbrains/kotlin/com/intellij/openapi/util/Key
staticfield org/jetbrains/kotlin/com/intellij/psi/impl/source/tree/LeafElement $assertionsDisabled Z 1
ciInstanceKlass org/jetbrains/kotlin/com/intellij/psi/PsiElement 1 1 233 1 7 1 100 1 100 1 100 1 1 100 1 100 1 1 100 1 1 100 1 100 1 1 1 1 1 1 1 1 1 100 1 1 1 3 1 1 1 1 1 1 1 1 1 1 1 1 1 1 1 1 1 1 1 12 11 1 12 11 1 100 1 1 12 10 1 1 12 11 1 1 1 1 1 1 1 1 1 1 1 1 1 1 1 1 1 1 1 1 1 1 1 1 1 1 1 100 1 1 1 1 1 1 1 1 1 1 1 1 1 1 1 1 1 1 1 1 1 1 1 1 1 100 1 1 12 10 1 100 1 1 1 1 1 1 1 1 1 1 1 1 1 1 1 1 1 1 1 1 1 1 1 1 1 1 12 9 100 1 1 1 1 16 12 11 15 16 1 7 1 1 12 10 15 1 1 12 18 12 9 1 8 8 1 100 1 100 8 8 8 1 1 12 10 1 100 1 1 12 10 1 1 1 1 1 1 1 1 1 1 1 1 1 1 1 100 1 8 1 1 12 10 1 1 1 8 1 1 1 8 1 1
staticfield org/jetbrains/kotlin/com/intellij/psi/PsiElement EMPTY_ARRAY [Lorg/jetbrains/kotlin/com/intellij/psi/PsiElement; 0 [Lorg/jetbrains/kotlin/com/intellij/psi/PsiElement;
staticfield org/jetbrains/kotlin/com/intellij/psi/PsiElement ARRAY_FACTORY Lorg/jetbrains/kotlin/com/intellij/util/ArrayFactory; org/jetbrains/kotlin/com/intellij/psi/PsiElement$$Lambda$142+0x00000230011f7990
instanceKlass org/jetbrains/kotlin/com/intellij/psi/impl/source/tree/ForeignLeafPsiElement
instanceKlass org/jetbrains/kotlin/com/intellij/psi/impl/source/javadoc/PsiDocTokenImpl
instanceKlass org/jetbrains/kotlin/com/intellij/psi/impl/source/javadoc/PsiSnippetAttributeValueImpl
instanceKlass org/jetbrains/kotlin/com/intellij/psi/impl/source/tree/java/PsiJavaTokenImpl
instanceKlass org/jetbrains/kotlin/com/intellij/psi/impl/source/tree/java/PsiFragmentImpl
instanceKlass org/jetbrains/kotlin/com/intellij/psi/impl/source/tree/java/PsiKeywordImpl
instanceKlass org/jetbrains/kotlin/com/intellij/psi/impl/source/tree/java/PsiIdentifierImpl
instanceKlass org/jetbrains/kotlin/com/intellij/psi/impl/source/tree/PsiCommentImpl
instanceKlass org/jetbrains/kotlin/com/intellij/psi/impl/source/tree/PsiWhiteSpaceImpl
ciInstanceKlass org/jetbrains/kotlin/com/intellij/psi/impl/source/tree/LeafPsiElement 1 1 392 1 7 1 7 1 100 1 100 1 1 1 1 1 1 1 1 12 10 12 10 1 1 1 1 1 1 1 1 1 1 12 9 100 1 1 1 1 1 1 1 1 1 7 1 12 10 1 12 10 1 12 10 1 1 1 12 10 1 100 1 1 12 11 1 1 12 10 1 1 1 1 1 1 100 1 12 10 1 100 12 10 1 100 1 8 1 1 12 10 1 100 1 1 12 10 1 100 1 1 12 10 1 12 10 1 1 12 10 1 12 10 1 1 12 10 1 100 1 12 10 1 12 10 1 1 1 1 1 1 1 1 1 1 1 100 1 12 10 1 1 1 12 10 1 100 1 12 10 1 1 1 12 10 1 12 10 1 1 1 1 1 12 10 1 100 1 1 1 100 10 1 1 1 1 1 1 1 1 1 1 1 1 1 1 12 9 10 1 7 1 1 12 10 1 100 1 12 10 1 100 1 1 12 10 1 12 10 1 1 1 1 1 1 12 10 1 1 8 10 1 100 10 1 8 1 1 7 1 12 10 1 1 1 100 1 1 1 1 1 1 1 12 10 1 1 1 12 10 12 11 1 1 1 100 1 1 12 10 1 100 1 1 1 12 10 1 1 1 100 1 12 10 1 100 1 1 12 10 1 100 1 100 12 10 1 1 1 1 1 1 12 10 1 100 1 1 1 1 1 1 1 100 1 1 12 10 1 1 12 10 1 100 12 11 1 1 1 1 1 1 12 10 1 12 10 1 1 1 10 1 1 12 10 1 8 1 8 1 100 1 100 8 8 8 8 8 8 8 8 8 8 8 8 8 8 8 8 8 8 8 8 8 8 8 8 8 8 8 1 1 12 10 1 100 1 12 10 1 100 10 1 100 1 1 1 1 1 1 1 1 1
staticfield org/jetbrains/kotlin/com/intellij/psi/impl/source/tree/LeafPsiElement LOG Lorg/jetbrains/kotlin/com/intellij/openapi/diagnostic/Logger; org/jetbrains/kotlin/com/intellij/openapi/diagnostic/DefaultLogger
ciInstanceKlass org/jetbrains/kotlin/com/intellij/psi/impl/source/tree/PsiWhiteSpaceImpl 1 1 96 1 100 1 7 1 100 1 1 1 1 7 1 1 12 9 1 12 10 1 1 1 1 1 1 1 1 1 12 10 1 7 1 1 12 10 1 1 1 1 1 8 1 1 1 1 12 10 1 100 12 11 1 100 1 1 12 9 1 1 1 8 1 8 1 100 1 100 1 100 8 8 8 8 1 1 12 10 1 100 1 12 10 1 100 10 1 100 1 1 1 1 1 1 1 1
ciInstanceKlass org/jetbrains/kotlin/com/intellij/psi/impl/source/tree/PsiCommentImpl 1 1 129 1 100 1 7 1 100 1 100 1 1 1 1 1 1 12 10 12 10 1 1 1 1 1 1 1 1 1 12 10 1 100 1 1 1 7 1 1 12 10 1 1 1 1 1 100 1 12 10 1 8 1 1 12 10 12 10 1 8 10 1 1 1 100 1 1 12 10 1 100 1 1 1 1 1 1 12 10 1 1 1 1 1 100 1 12 10 1 8 1 8 1 100 1 100 1 100 8 8 8 8 8 8 8 8 8 1 1 12 10 1 100 1 12 10 1 100 10 1 100 1 1 1 1 1 1 1 1 1
ciInstanceKlass org/jetbrains/kotlin/com/intellij/psi/PsiFile 1 1 279 1 7 1 100 1 100 1 1 1 1 1 1 1 1 1 1 1 1 1 1 1 1 1 1 1 1 1 1 1 1 1 1 1 1 1 1 12 11 1 100 1 1 12 10 1 100 1 100 1 1 12 10 1 12 11 1 1 1 12 9 1 1 1 1 1 1 1 1 1 100 1 8 1 1 12 10 1 1 1 8 1 1 1 8 1 1 1 8 1 1 1 8 1 1 1 8 1 1 1 8 1 1 1 8 1 1 1 8 1 1 1 8 1 1 8 1 1 1 8 1 1 1 8 1 1 1 8 1 1 8 1 1 8 1 1 1 8 1 1 8 1 1 8 1 1 1 8 1 1 8 1 1 1 8 1 1 1 8 1 1 1 8 1 1 8 1 1 8 1 1 8 1 1 8 1 1 1 8 1 1 8 1 1 1 8 1 1 8 1 1 1 8 1 1 8 1 1 1 8 1 1 1 8 1 1 1 8 1 1 1 8 1 1 1 8 1 1 8 1 1 1 8 1 1 1 8 1 1 1 8 1 1 8 1 1 8 1 1 8 1 1 1 8 1 1 8 1 1 8 1 1 8 1 1 8 1 1 1 8 1 1 8 1 1 1 8 1 1 8 1 1 1 8 1 1 1 8 1
staticfield org/jetbrains/kotlin/com/intellij/psi/PsiFile EMPTY_ARRAY [Lorg/jetbrains/kotlin/com/intellij/psi/PsiFile; 0 [Lorg/jetbrains/kotlin/com/intellij/psi/PsiFile;
ciInstanceKlass org/jetbrains/kotlin/com/intellij/psi/tree/IElementType$Predicate 1 0 18 1 100 1 100 1 1 1 100 1 1 1 1 1 1 1 1 1
ciInstanceKlass org/jetbrains/kotlin/com/intellij/psi/PsiInvalidElementAccessException 1 1 507 1 7 1 100 1 100 1 1 100 1 100 1 1 1 1 1 1 1 1 1 1 1 1 1 1 1 1 1 1 12 10 1 1 1 1 1 1 1 1 1 1 12 10 1 100 1 12 10 12 9 12 9 1 100 1 12 9 12 9 1 100 1 100 1 100 1 12 9 1 100 1 12 10 1 8 1 1 12 10 1 1 12 10 1 100 1 1 12 9 12 9 1 1 12 11 1 1 12 10 1 1 12 11 1 1 12 10 1 100 1 1 12 10 1 1 12 10 1 100 1 1 1 1 1 1 1 1 12 10 10 1 100 1 1 12 11 1 8 1 1 12 10 1 12 10 1 8 1 8 1 8 1 8 1 8 1 1 12 10 1 1 1 1 1 1 12 10 1 8 10 100 1 8 10 1 12 10 1 1 12 10 1 100 1 1 12 11 1 1 12 11 1 8 1 8 1 1 12 10 1 100 1 12 10 1 8 1 1 12 10 1 8 1 8 1 8 1 8 1 1 12 10 1 8 1 1 1 100 1 12 10 11 1 1 1 12 9 11 1 12 11 1 100 1 1 12 11 1 1 8 1 12 11 1 8 1 100 1 1 12 11 1 100 1 8 1 100 1 8 11 1 8 1 12 11 1 12 11 1 12 10 1 8 1 12 11 1 8 1 8 1 8 1 16 15 1 16 1 100 1 1 12 10 15 1 1 12 18 1 100 1 1 12 10 16 1 1 12 10 15 16 1 1 12 18 1 1 12 10 1 1 12 11 1 100 1 1 12 11 1 100 1 12 10 1 8 1 12 11 11 11 1 8 11 1 8 1 1 12 11 1 100 1 1 12 10 1 100 1 12 11 1 8 11 1 12 11 1 8 1 8 1 1 12 10 1 8 1 8 1 1 12 10 1 8 1 8 1 8 1 1 1 1 1 1 1 1 1 1 1 1 1 1 1 1 1 1 1 1 1 100 1 1 12 10 1 100 1 1 12 10 1 1 1 7 11 1 11 1 8 1 7 1 1 12 10 1 1 1 12 10 1 1 8 1 7 1 1 12 10 8 1 8 1 8 1 100 8 8 8 8 8 8 8 8 8 8 8 8 8 8 8 1 1 12 10 1 100 1 12 10 1 100 10 1 1 1 1 1 1 1 1 1 1 1 1
staticfield org/jetbrains/kotlin/com/intellij/psi/PsiInvalidElementAccessException INVALIDATION_TRACE Lorg/jetbrains/kotlin/com/intellij/openapi/util/Key; org/jetbrains/kotlin/com/intellij/openapi/util/Key
staticfield org/jetbrains/kotlin/com/intellij/psi/PsiInvalidElementAccessException REPORTING_EXCEPTION Lorg/jetbrains/kotlin/com/intellij/openapi/util/Key; org/jetbrains/kotlin/com/intellij/openapi/util/Key
instanceKlass org/jetbrains/kotlin/com/intellij/extapi/psi/PsiFileBase
instanceKlass org/jetbrains/kotlin/com/intellij/psi/impl/source/DummyHolder
ciInstanceKlass org/jetbrains/kotlin/com/intellij/psi/impl/source/PsiFileImpl 1 1 1473 1 7 1 7 1 100 1 100 1 100 1 100 1 1 100 1 100 1 1 100 1 100 1 100 1 1 100 1 100 1 1 1 1 1 1 1 1 1 1 1 1 1 1 1 1 1 1 1 1 1 1 1 1 1 1 1 1 1 1 1 1 1 12 10 1 12 10 1 1 12 10 1 1 1 1 1 1 1 12 10 1 7 1 1 12 10 12 9 1 7 1 1 12 11 1 7 12 9 1 7 12 9 1 1 12 10 12 9 1 1 12 9 1 7 1 7 1 1 12 10 12 9 1 1 12 9 12 10 1 1 1 7 1 1 12 10 1 1 12 10 1 1 1 1 1 1 1 1 12 10 1 1 12 10 1 12 11 1 12 10 1 1 10 1 1 1 7 1 12 9 1 7 1 1 12 10 1 7 1 12 11 12 11 1 1 1 1 1 1 1 1 1 1 1 12 10 1 7 1 12 11 10 12 10 12 9 1 1 12 10 1 100 1 1 12 10 1 100 1 1 12 10 1 1 100 1 1 12 10 1 1 1 7 1 7 1 1 12 10 1 7 12 11 10 1 100 1 12 10 1 7 1 1 12 10 1 1 12 10 1 12 10 1 7 1 100 1 1 12 11 1 1 12 10 1 12 10 12 9 1 1 12 10 1 1 12 10 1 1 12 10 1 100 1 12 10 1 100 10 1 8 1 1 12 10 1 1 12 10 1 12 10 1 1 12 10 1 1 12 10 1 1 1 1 1 1 8 1 8 1 12 10 1 1 1 1 12 10 1 100 1 12 10 1 100 1 12 10 1 12 10 1 12 10 1 1 12 10 1 1 12 10 1 100 1 1 1 1 1 1 1 1 100 1 1 12 9 1 1 12 10 1 1 12 10 1 100 1 1 12 11 1 100 1 100 1 1 1 1 12 10 1 100 1 1 12 10 12 9 1 100 1 8 1 12 10 1 100 1 1 12 10 1 1 1 1 1 1 12 9 1 10 1 100 1 12 10 1 100 12 11 12 10 1 7 11 1 100 1 1 12 10 1 12 11 1 8 1 12 10 1 8 1 8 1 12 10 1 8 1 1 1 11 1 1 1 100 10 1 12 10 1 1 1 100 1 12 10 1 12 10 1 1 1 12 10 1 7 11 1 1 12 11 1 100 12 11 1 1 1 1 1 12 10 12 10 1 8 8 1 1 12 10 10 1 1 12 11 1 1 12 11 1 8 1 8 1 100 1 1 12 10 1 1 12 10 1 12 10 1 1 12 10 12 9 1 12 10 1 1 1 1 1 12 10 1 1 1 100 1 12 10 1 100 1 12 10 1 1 12 10 1 12 10 1 1 1 12 10 12 10 1 8 1 8 1 8 1 12 10 10 1 7 1 1 12 10 1 1 1 1 12 10 1 12 10 1 12 10 10 1 100 1 12 10 1 1 12 11 11 1 1 12 10 1 1 1 1 1 1 12 11 1 100 1 12 11 1 1 12 11 1 100 1 100 1 12 11 1 1 12 11 1 100 1 1 12 11 1 8 1 8 12 9 1 100 1 1 12 10 1 1 1 1 1 1 1 1 100 10 1 1 100 1 1 12 10 1 1 1 12 11 1 1 1 12 11 1 1 1 100 1 1 12 10 1 100 1 1 1 1 7 10 1 1 12 10 1 7 1 100 1 1 12 10 1 7 1 12 11 11 1 7 1 1 12 10 1 1 12 11 1 100 1 1 1 1 1 1 1 1 1 1 1 1 7 1 1 12 10 1 1 12 11 8 1 12 10 16 1 12 10 15 1 7 1 1 12 10 15 1 1 12 18 1 1 12 10 1 1 1 1 12 10 1 1 12 10 1 100 1 1 1 1 12 10 1 100 1 1 12 9 12 9 1 1 12 10 1 12 10 12 10 10 1 1 12 10 10 1 1 12 10 1 100 1 100 1 1 12 10 1 100 1 12 10 1 8 1 1 12 10 1 16 1 1 12 10 15 16 1 1 12 18 1 8 1 8 1 100 1 1 12 10 1 1 12 10 1 12 10 1 100 1 12 11 1 100 1 1 12 9 1 1 12 10 1 8 1 8 1 1 1 1 1 1 1 1 1 1 1 1 1 1 1 1 1 100 10 1 12 10 1 8 1 12 10 1 1 12 10 1 1 1 1 1 10 1 1 1 12 10 1 1 1 12 10 16 1 1 12 10 15 16 12 18 1 100 1 12 10 1 100 10 1 7 10 1 100 1 1 10 1 100 1 1 12 9 1 1 12 10 1 1 1 12 10 1 7 1 12 10 1 12 10 1 1 1 12 10 1 1 1 1 1 1 12 10 1 1 12 10 1 1 12 10 1 1 1 12 10 1 100 1 1 12 10 1 1 12 10 1 1 12 10 1 100 1 12 10 1 1 1 1 1 12 10 1 1 1 12 9 1 1 1 12 10 1 1 1 1 1 1 1 1 12 10 1 1 12 11 1 100 1 1 12 10 1 1 1 1 1 12 10 1 1 1 1 1 1 12 10 1 100 1 1 1 100 1 1 1 1 1 1 1 1 100 1 1 12 10 1 100 1 1 1 12 10 1 1 1 12 10 1 1 1 12 10 1 100 1 12 10 1 1 12 10 1 100 12 11 1 12 10 1 10 1 1 1 1 1 8 12 10 1 8 1 8 1 8 1 8 1 8 1 8 1 8 1 100 1 8 1 12 10 1 1 12 10 1 100 1 1 12 11 1 8 1 100 1 8 1 1 1 1 1 1 1 100 1 1 12 10 1 100 1 1 12 11 1 1 12 11 1 12 10 15 1 12 18 1 1 12 11 1 1 1 1 12 10 1 1 1 1 1 8 11 1 100 1 1 12 11 1 8 1 1 12 11 1 100 10 1 10 1 12 10 1 1 12 10 1 1 100 1 12 10 1 100 1 12 10 1 100 1 1 1 12 10 10 1 12 10 1 100 1 12 10 1 1 12 10 1 1 12 10 1 100 1 1 12 10 1 12 10 1 1 1 8 1 1 12 10 1 12 10 1 8 1 1 12 11 1 100 10 1 8 1 1 100 1 12 10 1 12 10 1 1 11 1 12 10 1 1 1 12 10 1 12 10 1 8 12 10 12 10 15 16 1 1 12 18 1 7 1 1 12 11 1 8 1 8 8 8 8 8 8 8 8 8 8 8 8 8 8 8 8 8 8 8 8 8 8 8 8 8 8 8 8 8 8 8 8 8 8 8 8 8 8 8 8 8 8 8 8 8 8 8 8 8 8 8 8 8 8 1 1 12 10 1 100 10 1 100 10 1 1 1 1 1 1 1 1 1 1 1 1 1 1 100 1 8 1 1 12 10 1 1 1 8 1 1
staticfield org/jetbrains/kotlin/com/intellij/psi/impl/source/PsiFileImpl LOG Lorg/jetbrains/kotlin/com/intellij/openapi/diagnostic/Logger; org/jetbrains/kotlin/com/intellij/openapi/diagnostic/DefaultLogger
staticfield org/jetbrains/kotlin/com/intellij/psi/impl/source/PsiFileImpl BUILDING_STUB Lorg/jetbrains/kotlin/com/intellij/openapi/util/Key; org/jetbrains/kotlin/com/intellij/openapi/util/Key
staticfield org/jetbrains/kotlin/com/intellij/psi/impl/source/PsiFileImpl FILE_BY_LANGUAGE_ID Ljava/util/Comparator; java/util/Comparator$$Lambda$163+0x00000230010695e0
staticfield org/jetbrains/kotlin/com/intellij/psi/impl/source/PsiFileImpl $assertionsDisabled Z 1
instanceKlass org/jetbrains/kotlin/com/intellij/psi/impl/compiled/ClsElementImpl
instanceKlass org/jetbrains/kotlin/com/intellij/extapi/psi/ASTDelegatePsiElement
instanceKlass org/jetbrains/kotlin/com/intellij/psi/impl/file/PsiDirectoryImpl
instanceKlass org/jetbrains/kotlin/com/intellij/psi/impl/file/PsiBinaryFileImpl
instanceKlass org/jetbrains/kotlin/com/intellij/psi/impl/light/LightElement
instanceKlass org/jetbrains/kotlin/com/intellij/psi/impl/file/PsiPackageBase
ciInstanceKlass org/jetbrains/kotlin/com/intellij/psi/impl/PsiElementBase 1 1 468 1 7 1 7 1 100 1 100 1 1 1 1 1 12 10 1 1 1 1 1 1 12 10 1 100 1 1 1 1 100 1 12 10 1 12 10 1 1 1 1 1 12 10 12 10 1 7 1 7 1 12 11 12 11 1 1 1 1 1 1 1 1 1 12 10 1 100 1 1 1 12 10 1 1 1 1 1 100 1 100 10 1 8 1 1 12 10 1 100 1 1 12 10 1 12 10 1 1 12 10 1 12 10 1 1 1 1 1 1 1 1 1 1 1 12 10 1 1 100 1 7 1 12 10 10 1 1 1 1 1 1 1 1 1 1 1 1 12 10 1 100 1 1 12 10 1 1 1 1 1 100 1 1 1 1 1 1 1 1 12 10 1 1 1 1 1 100 1 1 12 10 1 100 1 1 1 12 10 1 1 1 1 100 1 1 12 10 1 100 1 12 11 1 8 1 100 1 1 12 9 1 100 1 1 12 10 12 11 1 100 1 1 12 11 1 1 12 11 1 1 100 1 12 10 1 1 12 10 1 100 12 11 1 1 1 1 1 1 1 12 10 1 12 10 1 1 1 1 12 10 1 100 12 10 1 7 12 10 1 100 1 1 1 1 1 1 1 1 12 11 1 1 12 11 1 12 11 1 11 12 11 1 1 1 100 1 1 12 10 1 1 11 1 1 12 10 1 12 10 1 1 1 12 9 1 8 1 7 1 12 10 1 1 1 1 1 1 7 10 1 12 10 1 7 12 11 1 1 12 11 1 7 1 1 12 10 1 1 12 11 1 100 1 1 1 1 1 1 1 1 1 1 12 10 12 10 10 1 12 10 1 1 12 10 1 8 1 8 8 8 8 8 8 8 8 8 8 8 8 8 8 8 8 8 8 8 8 8 8 8 8 8 8 8 8 8 1 1 12 10 1 100 10 1 100 10 1 100 1 1 1 1 1 1 1 1 1 1 1 1 100 1 8 1 1 12 10 1 1 1 8 1 1 1 8 1 1 1 8 1 1 1 8 1 1 1 8 1 1 1 8 1 1 8 1 1 1 8 1 1 1 8 1 1 1 8 1
staticfield org/jetbrains/kotlin/com/intellij/psi/impl/PsiElementBase LOG Lorg/jetbrains/kotlin/com/intellij/openapi/diagnostic/Logger; org/jetbrains/kotlin/com/intellij/openapi/diagnostic/DefaultLogger
ciInstanceKlass org/jetbrains/kotlin/com/intellij/psi/tree/TokenSet 1 1 313 1 7 1 7 1 1 100 1 7 1 1 100 1 1 100 1 100 1 1 1 1 1 1 1 1 1 1 1 1 1 1 1 1 1 1 1 1 12 10 12 9 12 9 1 7 1 12 9 100 12 9 12 9 1 1 1 1 1 1 1 1 1 1 1 1 1 1 1 1 1 12 10 12 10 1 12 11 1 1 1 1 1 1 16 12 10 15 1 100 1 1 12 10 15 1 12 18 1 1 12 10 1 1 12 10 7 12 9 1 12 9 1 7 10 1 7 1 12 10 1 1 12 10 1 7 1 1 12 11 1 1 12 11 1 1 1 1 1 1 1 12 10 1 100 1 12 10 1 1 12 9 1 7 12 9 12 9 1 12 10 12 9 1 100 1 100 10 1 8 1 1 12 10 1 100 1 1 12 10 12 10 1 12 10 12 10 1 1 1 1 1 1 1 1 100 1 7 1 1 12 10 1 1 12 11 1 12 11 1 12 11 1 12 10 1 1 1 1 1 1 1 1 1 1 12 10 15 1 12 18 12 10 1 1 1 1 1 1 1 12 10 15 18 5 0 1 1 1 100 1 1 12 10 1 1 7 1 12 10 1 12 9 12 10 12 9 1 8 1 8 1 100 1 100 8 8 8 8 8 8 8 8 8 8 8 8 8 1 1 12 10 1 100 1 12 10 1 100 10 1 100 1 1 1 1 1 1 1 1 1 1 1
staticfield org/jetbrains/kotlin/com/intellij/psi/tree/TokenSet EMPTY Lorg/jetbrains/kotlin/com/intellij/psi/tree/TokenSet; org/jetbrains/kotlin/com/intellij/psi/tree/TokenSet
staticfield org/jetbrains/kotlin/com/intellij/psi/tree/TokenSet ANY Lorg/jetbrains/kotlin/com/intellij/psi/tree/TokenSet; org/jetbrains/kotlin/com/intellij/psi/tree/TokenSet
staticfield org/jetbrains/kotlin/com/intellij/psi/tree/TokenSet WHITE_SPACE Lorg/jetbrains/kotlin/com/intellij/psi/tree/TokenSet; org/jetbrains/kotlin/com/intellij/psi/tree/TokenSet
staticfield org/jetbrains/kotlin/com/intellij/psi/tree/TokenSet $assertionsDisabled Z 1
instanceKlass org/jetbrains/kotlin/lexer/KtKeywordToken
ciInstanceKlass org/jetbrains/kotlin/lexer/KtSingleValueToken 1 1 70 1 7 1 7 1 1 1 1 1 1 1 1 1 1 12 10 1 12 10 12 9 1 1 1 1 1 1 12 10 1 1 1 1 1 100 1 8 1 8 1 100 1 100 8 8 8 8 8 1 1 12 10 1 100 10 1 100 10 1 100 1 1 1 1 1 1 1 1 1
instanceKlass org/jetbrains/kotlin/lexer/KtModifierKeywordToken
ciInstanceKlass org/jetbrains/kotlin/lexer/KtKeywordToken 1 1 78 1 7 1 7 1 1 1 1 1 1 1 12 10 1 1 1 1 12 10 1 1 1 1 12 10 1 1 12 10 1 1 1 1 1 12 10 1 12 10 12 9 1 1 1 1 12 10 1 1 8 1 100 1 100 1 100 8 8 8 8 1 1 12 10 1 100 1 12 10 1 1 1 1 1 1 1 1
instanceKlass org/jetbrains/kotlin/psi/KtStringTemplateEntry
instanceKlass org/jetbrains/kotlin/psi/KtStringTemplateExpression
instanceKlass org/jetbrains/kotlin/psi/KtCollectionLiteralExpression
instanceKlass org/jetbrains/kotlin/psi/KtClassLiteralExpression
instanceKlass org/jetbrains/kotlin/psi/KtConstantExpression
instanceKlass org/jetbrains/kotlin/psi/KtContextReceiverList
instanceKlass org/jetbrains/kotlin/psi/KtContextReceiver
instanceKlass org/jetbrains/kotlin/psi/KtSuperTypeListEntry
instanceKlass org/jetbrains/kotlin/psi/KtInitializerList
instanceKlass org/jetbrains/kotlin/psi/KtSuperTypeList
instanceKlass org/jetbrains/kotlin/psi/KtValueArgumentName
instanceKlass org/jetbrains/kotlin/psi/KtContractEffect
instanceKlass org/jetbrains/kotlin/psi/KtContractEffectList
instanceKlass org/jetbrains/kotlin/psi/KtValueArgument
instanceKlass org/jetbrains/kotlin/psi/KtValueArgumentList
instanceKlass org/jetbrains/kotlin/psi/KtTypeArgumentList
instanceKlass org/jetbrains/kotlin/psi/KtExpressionImplStub
instanceKlass org/jetbrains/kotlin/psi/KtFunctionTypeReceiver
instanceKlass org/jetbrains/kotlin/psi/KtFunctionType
instanceKlass org/jetbrains/kotlin/psi/KtDynamicType
instanceKlass org/jetbrains/kotlin/psi/KtUserType
instanceKlass org/jetbrains/kotlin/psi/KtIntersectionType
instanceKlass org/jetbrains/kotlin/psi/KtNullableType
instanceKlass org/jetbrains/kotlin/psi/KtTypeConstraint
instanceKlass org/jetbrains/kotlin/psi/KtTypeConstraintList
instanceKlass org/jetbrains/kotlin/psi/KtModifierList
instanceKlass org/jetbrains/kotlin/psi/KtImportAlias
instanceKlass org/jetbrains/kotlin/psi/KtImportDirective
instanceKlass org/jetbrains/kotlin/psi/KtFileAnnotationList
instanceKlass org/jetbrains/kotlin/psi/KtImportList
instanceKlass org/jetbrains/kotlin/psi/KtClassBody
instanceKlass org/jetbrains/kotlin/psi/KtAnnotationUseSiteTarget
instanceKlass org/jetbrains/kotlin/psi/KtAnnotation
instanceKlass org/jetbrains/kotlin/psi/KtAnnotationEntry
instanceKlass org/jetbrains/kotlin/psi/KtTypeParameterList
instanceKlass org/jetbrains/kotlin/psi/KtParameterList
instanceKlass org/jetbrains/kotlin/psi/KtModifierListOwnerStub
ciInstanceKlass org/jetbrains/kotlin/psi/KtElementImplStub 1 1 264 1 7 1 1 7 1 100 1 7 1 1 1 1 1 1 1 12 10 12 10 1 1 1 1 1 1 1 1 1 12 10 1 1 1 1 1 100 1 1 12 9 1 1 1 1 12 10 1 100 12 10 1 1 1 7 1 12 10 1 100 1 1 12 10 1 1 1 1 1 100 1 1 12 10 1 7 1 8 1 100 1 1 12 11 1 100 1 12 10 1 8 1 1 12 10 1 12 11 10 1 100 1 100 1 8 1 1 12 10 1 12 10 1 100 1 8 1 8 1 100 1 1 12 10 1 8 1 12 10 1 1 1 1 1 1 1 1 1 1 12 10 1 7 11 1 12 11 1 1 1 1 1 1 1 1 1 1 12 10 1 1 1 100 1 100 1 1 12 10 12 10 1 1 1 1 12 10 1 100 1 1 1 100 1 1 12 10 100 1 1 1 1 7 1 1 12 10 1 1 12 10 1 7 1 1 12 10 1 100 1 1 1 1 1 1 1 7 1 1 12 10 12 10 1 1 8 1 8 1 100 8 8 8 8 8 8 8 8 8 8 8 8 8 8 1 1 12 10 1 100 10 1 100 1 1 1 1 1 1 1 1 1 1
ciInstanceKlass org/jetbrains/kotlin/psi/KtExpression 1 1 273 1 7 1 100 1 100 1 1 100 1 100 1 1 1 1 1 1 1 1 1 1 1 1 12 9 100 1 1 1 1 1 16 12 11 15 16 1 7 1 1 12 10 15 1 1 12 18 12 9 1 1 1 1 1 1 1 1 1 1 100 1 8 1 1 12 10 1 1 1 8 1 1 1 8 1 1 1 8 1 1 1 8 1 1 1 8 1 1 1 8 1 1 1 8 1 1 1 8 1 1 8 1 1 1 8 1 1 8 1 1 1 8 1 1 1 8 1 1 8 1 1 8 1 1 1 8 1 1 1 8 1 1 1 8 1 1 8 1 1 1 8 1 1 8 1 1 1 8 1 1 1 8 1 1 1 8 1 8 1 1 8 1 1 8 1 1 8 1 1 1 8 1 1 8 1 1 1 8 1 1 8 1 1 1 8 1 1 8 1 1 1 8 1 1 1 8 1 1 1 8 1 1 1 8 1 1 1 8 1 1 8 1 1 1 8 1 1 1 8 1 1 1 8 1 1 8 1 1 8 1 1 8 1 1 1 8 1 1 8 1 1 8 1 1 8 1 1 8 1 1 1 8 1 1 8 1 1 1 8 1 1 8 1 1 1 8 1 1 1 8 1 1
staticfield org/jetbrains/kotlin/psi/KtExpression EMPTY_ARRAY [Lorg/jetbrains/kotlin/psi/KtExpression; 0 [Lorg/jetbrains/kotlin/psi/KtExpression;
staticfield org/jetbrains/kotlin/psi/KtExpression ARRAY_FACTORY Lorg/jetbrains/kotlin/com/intellij/util/ArrayFactory; org/jetbrains/kotlin/psi/KtExpression$$Lambda$336+0x00000230014375e0
instanceKlass org/jetbrains/kotlin/com/intellij/extapi/psi/ASTWrapperPsiElement
instanceKlass org/jetbrains/kotlin/com/intellij/extapi/psi/StubBasedPsiElementBase
ciInstanceKlass org/jetbrains/kotlin/com/intellij/extapi/psi/ASTDelegatePsiElement 1 1 536 1 7 1 7 1 1 100 1 100 1 1 1 1 1 12 10 1 1 1 1 1 1 12 10 1 7 1 12 10 1 1 1 7 1 1 12 10 1 7 1 1 12 10 1 7 1 1 12 11 1 100 1 12 10 1 12 11 1 1 1 1 1 1 1 1 12 10 1 1 12 9 1 1 12 10 100 1 7 11 1 7 10 1 7 1 1 12 11 1 12 11 1 7 1 1 12 10 1 1 1 1 1 12 10 1 12 10 12 10 1 12 10 1 1 1 7 12 11 1 1 1 12 11 1 12 11 1 12 11 1 1 1 1 12 11 1 100 1 12 10 1 1 1 1 1 1 1 12 11 1 1 1 100 1 12 10 1 100 1 1 12 11 1 1 1 1 1 12 11 1 1 1 1 1 1 12 11 1 1 1 1 1 1 1 1 12 11 1 100 12 10 1 100 1 1 1 1 1 12 11 1 12 11 1 1 1 1 12 10 12 11 1 1 12 10 1 1 12 10 1 1 1 12 11 1 12 10 1 1 12 11 1 100 1 1 1 1 1 1 1 12 10 16 1 12 10 15 16 1 100 1 1 12 10 15 1 1 12 18 1 100 1 1 12 10 1 1 1 1 1 1 1 1 7 1 1 12 10 1 12 11 1 100 1 1 12 10 1 12 11 1 1 1 1 1 1 1 12 10 15 18 1 1 12 11 1 1 100 1 1 12 10 1 1 1 1 100 1 12 10 1 100 1 1 12 10 1 1 12 10 1 100 1 1 12 9 1 1 12 10 1 100 1 1 12 10 10 1 8 1 12 10 1 1 1 1 12 9 1 1 1 12 10 1 100 1 1 12 10 1 1 1 1 1 12 10 1 1 1 1 1 12 10 1 1 12 10 10 1 100 1 1 12 11 1 100 1 100 10 1 100 1 1 12 10 1 100 1 12 10 1 1 12 10 1 8 1 8 1 12 10 10 1 12 9 1 7 1 1 12 10 1 1 12 10 1 1 1 10 1 1 12 10 1 12 10 1 1 1 1 12 10 1 1 1 12 10 10 1 1 12 10 1 1 1 1 12 10 1 8 1 8 1 100 8 8 8 8 8 8 8 8 8 8 8 8 8 8 8 8 8 8 8 8 8 8 8 8 8 8 1 1 12 10 1 100 10 1 100 10 1 100 1 1 1 1 1 1 1 1 1 1 1 1 1 1 100 1 8 1 1 12 10 1 1
staticfield org/jetbrains/kotlin/com/intellij/extapi/psi/ASTDelegatePsiElement LOG Lorg/jetbrains/kotlin/com/intellij/openapi/diagnostic/Logger; org/jetbrains/kotlin/com/intellij/openapi/diagnostic/DefaultLogger
instanceKlass org/jetbrains/kotlin/psi/KtElementImplStub
ciInstanceKlass org/jetbrains/kotlin/com/intellij/extapi/psi/StubBasedPsiElementBase 1 1 666 1 7 1 1 7 1 1 7 1 7 1 1 100 1 100 1 100 1 1 1 1 1 1 1 1 1 1 1 1 1 1 1 1 12 10 1 12 10 1 12 10 12 9 12 9 1 1 1 1 1 1 1 1 1 1 1 1 12 10 1 7 1 1 12 11 1 1 1 1 1 100 1 8 1 12 10 1 100 1 100 1 8 1 8 1 8 1 1 1 100 1 1 12 10 1 100 1 12 11 1 1 12 10 1 100 1 1 12 10 1 100 1 12 10 1 1 12 10 1 1 12 10 1 12 10 1 12 10 12 10 1 1 1 1 1 1 12 10 1 1 12 10 1 100 1 1 12 10 1 100 1 1 12 10 1 100 1 7 8 1 16 1 1 12 10 15 16 1 100 1 1 12 10 15 1 1 12 18 1 100 1 1 12 10 1 100 10 1 8 1 1 12 10 1 100 1 1 12 10 1 12 10 1 8 1 8 1 100 1 12 10 1 8 1 8 1 7 1 1 12 10 1 12 10 1 12 10 12 9 1 12 10 1 100 10 1 100 1 8 1 12 10 1 100 1 1 12 11 1 8 1 8 1 100 1 1 12 9 1 1 12 11 100 1 12 10 1 1 1 1 1 1 1 1 1 1 1 1 1 1 1 8 1 100 1 1 12 10 1 8 10 1 8 12 9 1 1 12 10 1 8 1 12 10 1 1 12 10 1 1 1 8 1 8 1 100 1 8 1 8 11 1 12 10 1 8 1 1 12 10 1 7 1 8 1 8 1 8 1 8 1 12 10 1 1 12 10 1 8 1 12 10 1 12 11 1 100 1 12 10 1 1 1 1 1 1 1 12 10 1 1 1 12 10 1 100 10 1 1 12 10 1 12 10 1 1 1 12 11 1 7 1 12 10 10 1 1 1 7 1 1 12 10 1 100 1 1 12 10 1 12 11 1 1 1 1 100 12 11 11 1 1 100 1 12 11 12 10 10 1 7 1 1 12 10 1 12 10 1 100 1 12 10 1 12 11 1 7 1 12 10 1 1 100 1 100 1 8 10 1 1 1 7 10 1 12 10 12 10 1 1 1 1 1 12 11 1 1 12 11 11 1 1 1 1 1 1 1 12 10 1 8 1 8 1 100 1 1 12 10 1 1 1 1 1 1 1 1 12 11 1 7 1 1 12 10 1 7 1 1 12 10 1 1 12 10 1 100 1 1 1 1 1 1 1 1 1 1 12 11 1 7 1 1 12 11 1 1 1 1 1 12 11 1 100 1 1 12 11 1 1 1 1 12 11 1 1 1 1 12 11 1 100 1 1 12 10 1 1 1 1 12 10 1 1 12 10 1 1 12 10 1 8 1 7 1 12 10 1 8 1 8 1 8 1 1 12 10 1 12 10 1 8 1 8 1 100 8 8 8 8 8 8 8 8 8 8 8 8 8 8 8 8 8 8 8 8 8 8 8 8 8 8 8 1 1 12 10 1 100 10 1 100 1 1 1 1 1 1 1 1 1 1 1 1
staticfield org/jetbrains/kotlin/com/intellij/extapi/psi/StubBasedPsiElementBase CREATION_TRACE Lorg/jetbrains/kotlin/com/intellij/openapi/util/Key; org/jetbrains/kotlin/com/intellij/openapi/util/Key
staticfield org/jetbrains/kotlin/com/intellij/extapi/psi/StubBasedPsiElementBase ourTraceStubAstBinding Z 0
instanceKlass org/jetbrains/kotlin/com/intellij/psi/impl/source/SubstrateRef$1
instanceKlass org/jetbrains/kotlin/com/intellij/psi/impl/source/SubstrateRef$2
instanceKlass org/jetbrains/kotlin/com/intellij/psi/impl/source/SpineRef
instanceKlass org/jetbrains/kotlin/com/intellij/psi/impl/source/SubstrateRef$StubRef
ciInstanceKlass org/jetbrains/kotlin/com/intellij/psi/impl/source/SubstrateRef 1 1 94 1 7 1 7 1 1 100 1 7 1 100 1 1 1 1 1 12 10 1 1 1 1 1 1 1 1 1 12 10 1 1 1 1 1 1 1 1 1 12 10 1 12 10 1 1 1 1 1 1 12 10 1 1 1 1 7 1 1 12 10 12 9 1 8 1 100 1 100 8 8 8 8 8 1 1 12 10 1 100 1 12 10 1 1 1 1 1 1 1 1 1 1 1
staticfield org/jetbrains/kotlin/com/intellij/psi/impl/source/SubstrateRef LOG Lorg/jetbrains/kotlin/com/intellij/openapi/diagnostic/Logger; org/jetbrains/kotlin/com/intellij/openapi/diagnostic/DefaultLogger
ciInstanceKlass org/jetbrains/kotlin/com/intellij/psi/impl/source/SubstrateRef$StubRef 0 0 167 1 100 1 100 1 1 1 1 1 1 1 1 1 1 1 12 10 1 12 10 12 9 1 1 1 1 1 1 100 10 1 1 1 100 1 1 1 1 12 11 1 100 1 1 12 11 1 100 12 11 1 1 1 1 1 1 1 1 100 11 1 100 10 1 8 1 1 12 10 1 12 10 1 8 1 100 1 1 12 10 1 8 1 1 12 10 1 12 10 1 1 12 10 1 1 100 1 1 12 10 1 100 1 12 11 1 12 11 1 8 1 8 1 8 1 100 1 1 12 10 1 100 1 12 10 1 1 1 1 1 8 1 8 1 100 8 8 8 8 8 8 1 1 12 10 1 100 1 12 10 1 100 10 1 100 1 1 1 1 1 1 1 1 1 1 1
instanceKlass org/jetbrains/kotlin/kdoc/lexer/KDocToken
instanceKlass org/jetbrains/kotlin/lexer/KtSingleValueToken
ciInstanceKlass org/jetbrains/kotlin/lexer/KtToken 1 1 60 1 7 1 7 1 1 1 1 1 1 1 1 1 1 12 10 1 12 10 1 1 1 1 1 7 1 1 12 9 1 12 10 12 9 1 8 1 100 8 8 8 1 100 1 1 12 10 1 100 12 10 1 1 1 1 1 1 1 1
instanceKlass org/jetbrains/kotlin/psi/KtEnumEntry
ciInstanceKlass org/jetbrains/kotlin/psi/KtClass 1 1 199 1 7 1 7 1 1 1 3 3 1 3 1 3 1 1 1 1 1 1 1 1 1 1 1 1 1 1 1 1 1 1 1 1 1 1 1 1 1 1 1 1 1 1 1 1 1 1 1 1 1 1 1 1 1 1 8 1 7 1 1 12 10 12 10 1 7 1 7 1 1 12 9 1 12 9 1 7 1 1 12 10 1 8 1 12 10 12 9 1 8 1 100 1 100 1 1 12 9 8 1 100 1 12 10 1 8 1 7 1 1 12 10 1 1 1 12 10 1 100 1 1 1 1 12 10 1 7 12 10 1 100 1 7 1 12 10 1 12 10 12 11 1 1 12 10 1 1 12 9 1 1 12 10 1 12 9 1 12 9 1 12 9 1 12 9 1 1 12 10 1 1 1 12 10 1 1 12 10 1 12 9 1 100 1 1 12 10 1 100 1 1 1 1 1 1 1 1 1
ciInstanceKlass org/jetbrains/kotlin/psi/KtParameter 1 1 360 1 7 1 1 7 1 100 1 100 1 1 1 1 1 1 1 1 12 10 12 10 1 1 1 1 1 1 7 1 1 12 9 1 12 10 1 1 1 1 1 1 7 1 1 12 10 1 1 1 1 1 1 1 1 1 1 1 12 9 1 1 12 10 1 7 1 1 1 1 12 10 1 100 1 12 10 1 1 1 1 7 1 1 12 9 1 1 12 10 1 1 12 9 1 1 1 1 12 10 1 100 12 11 1 1 12 10 1 1 12 10 1 100 1 12 10 12 10 1 7 1 7 1 1 12 10 1 1 1 12 11 1 1 12 9 1 1 1 12 10 1 1 12 9 1 100 1 1 12 10 1 1 1 12 11 1 12 10 12 9 1 12 10 1 1 1 7 1 1 12 9 1 100 1 1 1 100 1 1 12 10 1 1 12 10 1 100 1 1 1 1 100 1 100 11 1 1 12 10 1 1 1 1 1 1 100 12 10 1 1 100 1 1 100 1 1 1 1 1 1 7 1 12 10 1 100 1 1 1 1 1 1 1 1 1 1 1 1 1 1 12 10 1 100 12 10 1 1 10 1 100 10 12 10 1 100 1 100 1 1 12 10 1 100 1 12 10 1 100 1 12 10 1 1 1 1 12 10 1 1 12 10 1 1 1 100 1 12 10 10 1 1 12 10 1 12 10 1 1 12 10 1 1 1 7 1 12 9 1 7 1 1 12 10 1 8 1 8 1 100 1 100 1 100 8 8 8 8 8 8 8 8 8 8 8 1 1 12 10 1 100 1 12 10 1 100 10 1 100 1 1 1 1 1 1 1 1 1 1
staticfield org/jetbrains/kotlin/psi/KtParameter VAL_VAR_TOKEN_SET Lorg/jetbrains/kotlin/com/intellij/psi/tree/TokenSet; org/jetbrains/kotlin/com/intellij/psi/tree/TokenSet
ciInstanceKlass org/jetbrains/kotlin/psi/KtTypeReference 1 1 417 1 7 1 1 7 1 100 1 100 1 1 1 3 3 1 3 1 3 1 1 1 1 1 1 1 1 1 1 1 1 1 1 1 1 1 1 1 1 1 1 1 1 1 1 1 1 1 1 1 1 1 1 1 1 1 1 1 1 1 1 1 100 1 1 1 8 1 7 1 1 12 10 12 10 1 1 8 1 100 1 100 1 1 12 9 1 100 1 12 10 1 8 1 7 1 1 12 10 1 12 10 1 7 1 1 12 10 1 100 1 7 12 10 1 1 7 1 7 1 1 12 9 1 7 1 1 12 9 1 7 1 1 12 10 1 1 1 1 12 10 1 100 12 10 1 100 1 7 1 12 10 1 12 10 1 100 1 1 12 9 1 100 1 1 12 10 1 12 9 1 1 12 10 1 100 1 1 12 10 1 100 1 12 10 1 100 1 12 10 1 8 1 12 10 1 1 1 1 1 1 12 10 1 100 1 12 10 12 10 1 1 12 10 1 12 10 1 12 10 1 1 12 10 1 8 1 100 1 12 11 1 100 1 8 1 100 1 8 1 8 1 16 1 1 12 10 15 1 16 1 100 1 1 12 10 15 1 1 12 18 1 1 12 10 1 8 1 100 1 12 10 1 1 12 10 1 8 1 8 1 1 12 10 15 1 16 18 1 1 12 10 1 12 10 1 8 1 8 1 1 12 10 15 16 1 12 18 1 12 10 1 8 1 100 1 12 10 1 8 1 12 10 1 100 1 12 10 1 8 1 100 1 8 1 12 10 10 1 12 10 1 1 1 1 1 1 1 1 1 1 1 1 1 1 1 1 1 100 1 1 12 10 1 1 12 9 1 100 1 1 12 10 1 8 1 8 1 8 8 1 100 10 1 12 10 1 1 1 1 1 100 1 12 10 1 8 10 12 10 1 100 1 1 1 1 1 1 1 1 1 1 1 1 1 1 1
ciInstanceKlass org/jetbrains/kotlin/psi/KtReferenceExpression 1 0 226 1 100 1 100 1 100 1 1 1 100 1 8 1 1 12 10 1 1 1 8 1 1 1 8 1 1 1 8 1 1 1 8 1 1 1 8 1 1 1 8 1 1 1 8 1 1 1 8 1 1 8 1 1 1 8 1 1 8 1 1 1 8 1 1 8 1 1 8 1 1 8 1 1 1 8 1 1 1 8 1 1 1 8 1 1 8 1 1 1 8 1 1 8 1 1 1 8 1 1 1 8 1 1 1 8 1 1 8 1 1 8 1 1 8 1 1 8 1 1 1 8 1 1 8 1 1 1 8 1 1 8 1 1 1 8 1 1 8 1 1 1 8 1 1 1 8 1 1 1 8 1 1 1 8 1 1 1 8 1 1 8 1 1 1 8 1 1 1 8 1 1 1 8 1 1 8 1 1 8 1 1 8 1 1 1 8 1 1 8 1 1 8 1 1 8 1 1 8 1 1 1 8 1 1 8 1 1 1 8 1 1 8 1 1 1 8 1 1 1 8 1 1 1 8 1
ciInstanceKlass org/jetbrains/kotlin/psi/KtSimpleNameExpression 1 0 257 1 100 1 100 1 100 1 1 1 3 3 1 3 1 3 1 1 1 1 1 1 1 1 1 1 1 1 1 1 1 1 1 1 1 1 1 1 1 1 1 100 1 8 1 1 12 10 1 1 1 8 1 1 1 8 1 1 1 8 1 1 1 8 1 1 1 8 1 1 1 8 1 1 1 8 1 1 8 1 1 1 8 1 1 8 1 1 1 8 1 1 1 8 1 1 8 1 1 8 1 1 1 8 1 1 1 8 1 1 1 8 1 1 8 1 1 1 8 1 1 8 1 1 1 8 1 1 1 8 1 1 1 8 1 1 8 1 1 8 1 1 8 1 1 8 1 1 1 8 1 1 8 1 1 1 8 1 1 8 1 1 1 8 1 1 8 1 1 1 8 1 1 1 8 1 1 1 8 1 1 1 8 1 1 1 8 1 1 8 1 1 1 8 1 1 1 8 1 1 1 8 1 1 8 1 1 8 1 1 8 1 1 1 8 1 1 8 1 1 8 1 1 8 1 1 8 1 1 1 8 1 1 8 1 1 1 8 1 1 8 1 1 1 8 1 1 1 8 1 1 1 8 1 1 8 1
ciInstanceKlass org/jetbrains/kotlin/psi/KtNameReferenceExpression 1 1 191 1 7 1 1 7 1 7 1 1 1 3 3 1 3 1 3 1 1 1 1 1 1 1 1 1 1 1 1 1 1 1 1 1 1 1 1 1 1 1 1 1 1 1 1 1 1 1 1 1 1 7 1 7 1 7 1 1 1 1 1 8 1 7 1 1 12 10 12 10 1 8 1 100 1 100 1 1 12 9 1 100 1 12 10 1 1 1 12 10 1 100 12 11 1 12 9 1 1 12 10 1 1 1 12 10 1 12 9 1 1 12 10 1 7 1 1 7 1 1 12 9 1 7 1 12 10 1 1 1 12 10 1 8 1 7 1 1 12 10 1 12 10 1 12 11 1 8 1 7 1 1 12 10 1 100 1 1 1 12 10 12 9 1 1 12 9 1 12 9 1 7 1 1 12 10 1 8 1 12 10 1 1 1 1 1 1 1 1 1 1
staticfield org/jetbrains/kotlin/psi/KtNameReferenceExpression Companion Lorg/jetbrains/kotlin/psi/KtNameReferenceExpression$Companion; org/jetbrains/kotlin/psi/KtNameReferenceExpression$Companion
staticfield org/jetbrains/kotlin/psi/KtNameReferenceExpression NAME_REFERENCE_EXPRESSIONS Lorg/jetbrains/kotlin/com/intellij/psi/tree/TokenSet; org/jetbrains/kotlin/com/intellij/psi/tree/TokenSet
ciInstanceKlass org/jetbrains/kotlin/psi/KtQualifiedExpression 1 1 434 1 7 1 100 1 7 1 1 1 3 3 1 3 1 3 1 1 1 1 1 1 1 1 1 1 1 1 1 1 1 1 1 1 1 1 1 1 1 1 1 1 1 1 1 1 1 1 12 11 1 8 1 8 1 100 1 1 12 10 1 100 1 100 12 10 1 8 1 100 1 100 1 1 12 10 1 1 12 10 1 1 12 11 1 100 1 1 1 1 1 1 1 1 1 1 1 1 1 1 1 1 1 1 1 1 1 12 11 1 1 12 11 1 100 1 100 10 1 8 1 1 12 10 1 12 11 1 7 1 1 12 11 1 12 10 1 8 1 1 12 11 1 100 1 1 12 10 12 10 10 1 12 10 1 7 1 1 12 9 1 1 12 11 12 11 1 8 1 7 1 1 12 10 1 7 1 1 12 11 1 7 1 1 12 10 1 7 1 1 12 11 1 7 1 1 12 11 1 1 12 11 1 1 1 1 1 1 1 1 1 1 1 1 1 1 1 1 100 1 8 1 1 12 10 1 1 1 8 1 1 1 8 1 1 1 8 1 1 1 8 1 1 1 8 1 1 1 8 1 1 1 8 1 1 1 8 1 1 8 1 1 1 8 1 1 8 1 1 1 8 1 1 8 1 1 8 1 1 8 1 1 1 8 1 1 1 8 1 1 1 8 1 1 8 1 1 1 8 1 1 8 1 1 1 8 1 1 1 8 1 1 1 8 1 1 8 1 1 8 1 1 8 1 1 8 1 1 1 8 1 1 8 1 1 1 8 1 1 8 1 1 1 8 1 1 8 1 1 1 8 1 1 1 8 1 1 1 8 1 1 1 8 1 1 1 8 1 1 8 1 1 1 8 1 1 1 8 1 1 1 8 1 1 8 1 1 8 1 1 8 1 1 1 8 1 1 8 1 1 8 1 1 8 1 1 8 1 1 1 8 1 1 8 1 1 1 8 1 1 8 1 1 1 8 1 1 1 8 1 1 1 8 1
ciInstanceKlass org/jetbrains/kotlin/psi/KtDotQualifiedExpression 1 1 275 1 7 1 1 7 1 7 1 1 1 3 3 1 3 1 3 1 1 1 1 1 1 1 1 1 1 1 1 1 1 1 1 1 1 1 1 1 1 1 1 1 1 1 1 1 1 1 1 1 1 1 1 1 1 1 1 1 7 1 1 1 1 1 8 1 7 1 1 12 10 12 10 1 1 8 1 100 1 100 1 1 12 9 1 100 1 12 10 1 8 1 7 1 1 12 10 1 12 10 12 11 1 100 1 12 11 1 1 1 12 10 1 100 12 10 1 100 1 1 12 10 1 100 1 1 12 11 1 1 1 100 1 1 12 11 1 100 1 100 12 9 1 100 12 10 1 8 1 1 12 10 1 1 12 10 1 8 1 1 12 10 1 100 11 1 12 10 1 7 1 1 12 10 1 100 1 1 12 9 1 1 12 9 1 1 12 11 1 8 1 12 10 1 8 1 12 10 1 8 1 100 1 12 10 1 100 1 100 10 1 8 1 100 1 100 1 1 12 10 1 12 10 1 1 12 11 1 100 1 12 10 1 1 1 1 1 1 1 1 1 1 1 1 1 1 1 1 1 1 1 1 1 12 10 12 9 1 1 12 10 1 8 1 1 1 1 1 1 1 1 1 1 1 1
staticfield org/jetbrains/kotlin/psi/KtDotQualifiedExpression Companion Lorg/jetbrains/kotlin/psi/KtDotQualifiedExpression$Companion; org/jetbrains/kotlin/psi/KtDotQualifiedExpression$Companion
staticfield org/jetbrains/kotlin/psi/KtDotQualifiedExpression LOG Lorg/jetbrains/kotlin/com/intellij/openapi/diagnostic/Logger; org/jetbrains/kotlin/com/intellij/openapi/diagnostic/DefaultLogger
ciInstanceKlass org/jetbrains/kotlin/psi/stubs/elements/KtConstantExpressionElementType 1 1 220 1 7 1 1 7 1 1 1 3 3 1 3 1 3 1 1 1 1 1 1 1 1 1 1 1 1 1 1 1 1 1 1 1 1 1 1 1 1 1 1 7 1 1 1 8 1 7 1 1 12 10 1 7 1 7 1 12 10 1 1 1 8 1 100 1 1 12 11 1 1 12 11 1 100 1 1 12 9 1 1 12 10 12 10 1 1 1 1 8 1 12 10 1 100 1 100 1 8 12 10 1 1 12 10 8 1 100 1 100 12 9 1 1 12 10 1 100 1 1 12 10 1 8 1 12 10 1 12 10 1 1 1 8 8 1 1 12 11 1 100 1 1 12 10 1 100 1 1 12 10 12 11 1 12 10 1 1 1 100 1 12 10 1 1 12 10 1 1 12 10 1 100 1 1 12 11 1 1 12 10 1 1 12 10 1 1 1 1 1 1 12 10 1 1 1 1 12 10 1 1 12 10 1 100 1 1 1 12 10 1 1 1 1 1 1 1 1 1 1
staticfield org/jetbrains/kotlin/psi/stubs/elements/KtConstantExpressionElementType Companion Lorg/jetbrains/kotlin/psi/stubs/elements/KtConstantExpressionElementType$Companion; org/jetbrains/kotlin/psi/stubs/elements/KtConstantExpressionElementType$Companion
ciInstanceKlass org/jetbrains/kotlin/psi/KtConstantExpression 1 1 140 1 100 1 1 7 1 100 1 1 100 1 100 1 1 100 1 100 1 100 1 100 1 1 1 1 1 1 12 10 12 10 1 1 1 1 1 1 12 9 1 100 1 1 12 11 1 1 12 10 1 12 10 1 1 1 1 1 1 7 1 1 12 10 1 1 1 1 1 1 1 1 1 100 1 12 9 1 16 1 12 10 15 16 1 100 1 1 12 10 15 1 1 12 18 1 1 12 10 1 1 12 10 1 1 8 1 100 1 100 1 100 8 8 8 8 8 8 8 8 1 1 12 10 1 100 1 12 10 1 1 1 1 1 1 1 1 1 1 1
ciInstanceKlass org/jetbrains/kotlin/psi/KtStringTemplateExpression 1 1 262 1 7 1 1 7 1 100 1 100 1 100 1 1 100 1 100 1 1 100 1 100 1 1 1 1 1 1 1 1 1 12 10 12 10 1 1 1 1 1 1 1 7 1 1 12 9 1 12 10 1 1 1 1 1 1 100 1 12 9 1 16 1 12 10 15 16 1 100 1 1 12 10 15 1 1 12 18 1 1 12 10 1 1 1 1 1 1 7 1 1 12 10 1 1 1 1 1 1 1 1 1 1 7 1 1 12 9 1 1 12 10 1 1 12 9 1 7 1 1 12 9 1 1 12 10 7 1 1 1 1 12 10 12 9 1 100 1 1 12 11 1 1 1 100 1 1 12 10 1 12 10 1 1 12 10 12 10 1 100 1 1 12 10 1 1 1 1 1 1 1 1 100 1 12 10 1 1 12 10 1 100 1 100 1 100 1 10 1 1 1 1 7 1 12 9 1 7 1 1 12 10 1 1 12 9 1 12 9 1 12 9 1 12 9 1 8 1 8 1 100 1 100 1 100 8 8 8 8 8 8 8 8 8 8 8 1 1 12 10 1 100 1 12 10 1 100 10 1 100 1 1 1 1 1 1 1 1 1 1 1 1
staticfield org/jetbrains/kotlin/psi/KtStringTemplateExpression CLOSE_QUOTE_TOKEN_SET Lorg/jetbrains/kotlin/com/intellij/psi/tree/TokenSet; org/jetbrains/kotlin/com/intellij/psi/tree/TokenSet
staticfield org/jetbrains/kotlin/psi/KtStringTemplateExpression STRING_ENTRIES_TYPES Lorg/jetbrains/kotlin/com/intellij/psi/tree/TokenSet; org/jetbrains/kotlin/com/intellij/psi/tree/TokenSet
ciInstanceKlass org/jetbrains/kotlin/lexer/KtTokens 1 1 1218 1 7 1 100 1 1 1 3 1 3 1 3 1 3 1 3 1 3 1 3 1 3 1 3 1 3 1 3 1 3 1 3 1 3 1 3 1 3 1 3 1 3 1 3 1 3 1 3 1 3 1 3 1 3 1 3 1 3 1 3 1 3 1 3 1 3 1 3 1 3 1 3 1 3 1 3 1 3 1 3 1 3 1 3 1 3 1 3 1 3 1 3 1 3 1 3 1 3 1 3 1 3 1 3 1 3 1 3 1 3 1 3 1 3 1 3 1 3 1 3 1 3 1 3 1 3 1 3 1 3 1 3 1 3 1 3 1 3 1 3 1 3 1 3 1 3 1 3 1 3 1 3 1 3 1 3 1 3 1 3 1 3 1 3 1 3 1 3 1 3 1 3 1 3 1 3 1 3 1 3 1 3 1 3 1 3 1 3 1 3 1 3 1 3 1 3 1 3 1 3 1 3 1 3 1 3 1 3 1 3 1 3 1 3 1 3 1 3 1 3 1 3 1 3 1 3 1 3 1 3 1 3 1 3 1 3 1 3 1 3 1 3 1 3 1 3 1 3 1 3 1 3 1 3 1 3 1 3 1 3 1 3 1 3 1 3 1 3 1 3 1 3 1 3 1 3 1 3 1 3 1 3 1 3 1 3 1 3 1 3 1 3 1 3 1 3 1 3 1 3 1 3 1 3 1 3 1 1 1 1 1 1 1 1 1 1 1 1 1 1 1 1 1 1 1 1 1 1 1 1 1 1 1 1 1 1 1 1 1 1 1 1 1 1 1 1 1 1 1 1 1 1 1 1 1 1 1 1 1 1 1 1 1 1 1 1 1 1 1 1 1 1 1 1 1 1 1 1 1 1 1 1 1 1 1 1 1 1 1 1 1 1 1 1 1 1 1 1 1 1 1 1 1 1 1 1 1 1 1 1 1 1 1 1 1 1 1 1 1 1 1 1 1 1 1 1 1 1 1 1 1 1 1 1 1 1 1 1 1 1 1 1 1 1 1 1 1 1 1 1 1 1 1 1 1 1 1 1 1 1 1 1 1 1 1 1 1 1 1 1 1 1 1 1 1 1 1 1 1 1 1 1 1 1 1 1 7 8 1 1 12 10 12 9 8 12 9 8 12 9 8 12 9 8 12 9 1 7 1 1 12 9 12 9 1 7 12 9 9 8 12 9 1 8 12 9 8 12 9 8 12 9 8 12 9 8 12 9 8 12 9 8 12 9 8 12 9 8 12 9 8 12 9 8 12 9 1 8 1 7 1 1 12 10 12 9 1 8 12 9 1 8 12 9 1 8 12 9 1 8 12 9 1 8 12 9 1 8 12 9 1 8 12 9 1 8 1 7 1 1 12 10 12 9 1 8 12 9 1 8 12 9 1 8 12 9 1 8 12 9 1 8 12 9 1 8 12 9 1 8 12 9 1 8 12 9 1 8 12 9 1 8 12 9 1 8 12 9 1 8 12 9 1 8 12 9 1 8 12 9 1 8 12 9 1 8 12 9 1 8 12 9 1 8 12 9 1 8 12 9 8 12 9 8 12 9 8 12 9 1 7 8 1 8 1 12 10 12 9 8 1 8 12 9 8 1 8 12 9 8 1 8 12 9 8 1 8 12 9 8 1 8 12 9 8 1 8 12 9 8 1 8 12 9 8 1 8 12 9 8 1 8 12 9 8 1 8 12 9 8 1 8 12 9 8 1 8 12 9 8 1 8 12 9 8 1 8 12 9 8 1 8 12 9 8 1 8 12 9 8 1 8 12 9 8 1 8 12 9 8 1 8 12 9 8 1 8 12 9 8 1 8 12 9 8 1 8 12 9 8 1 8 12 9 8 1 8 12 9 8 1 8 12 9 8 1 8 12 9 8 1 8 12 9 8 1 8 12 9 8 1 8 12 9 8 1 8 12 9 8 1 8 12 9 8 1 8 12 9 8 1 8 12 9 8 1 8 12 9 8 1 8 12 9 8 1 8 12 9 8 1 8 12 9 8 1 8 12 9 8 1 8 12 9 8 1 8 12 9 8 1 8 12 9 8 1 8 12 9 8 1 8 12 9 8 1 8 1 12 10 12 9 8 1 8 12 9 8 1 8 12 9 8 1 8 12 9 8 1 8 12 9 8 12 9 1 8 1 12 10 12 9 1 8 12 9 1 8 12 9 1 8 12 9 1 8 12 9 1 8 12 9 1 8 12 9 1 8 12 9 1 8 12 9 1 8 12 9 1 8 12 9 1 8 12 9 1 8 12 9 1 8 12 9 1 8 12 9 1 8 1 12 10 12 9 1 8 12 9 1 8 12 9 1 8 12 9 1 8 12 9 1 8 12 9 1 8 12 9 1 8 12 9 1 8 12 9 1 8 12 9 1 8 12 9 1 8 12 9 1 8 12 9 1 8 12 9 1 8 12 9 1 8 12 9 1 8 12 9 12 9 1 8 12 9 1 8 12 9 1 8 12 9 1 8 12 9 1 8 12 9 1 8 12 9 1 8 12 9 1 8 12 9 1 8 12 9 1 8 12 9 1 8 12 9 1 8 12 9 1 8 12 9 1 8 12 9 1 8 12 9 1 8 12 9 1 8 12 9 1 8 12 9 1 8 12 9 1 7 1 7 1 1 12 10 12 9 12 9 12 9 12 9 12 9 12 9 12 9 12 9 12 9 12 9 12 9 1 1 12 10 12 9 12 9 12 9 12 9 12 9 12 9 1 7 1 12 9 1 12 9 12 9 1 1 1 1
staticfield org/jetbrains/kotlin/lexer/KtTokens EOF Lorg/jetbrains/kotlin/lexer/KtToken; org/jetbrains/kotlin/lexer/KtToken
staticfield org/jetbrains/kotlin/lexer/KtTokens RESERVED Lorg/jetbrains/kotlin/lexer/KtToken; org/jetbrains/kotlin/lexer/KtToken
staticfield org/jetbrains/kotlin/lexer/KtTokens BLOCK_COMMENT Lorg/jetbrains/kotlin/lexer/KtToken; org/jetbrains/kotlin/lexer/KtToken
staticfield org/jetbrains/kotlin/lexer/KtTokens EOL_COMMENT Lorg/jetbrains/kotlin/lexer/KtToken; org/jetbrains/kotlin/lexer/KtToken
staticfield org/jetbrains/kotlin/lexer/KtTokens SHEBANG_COMMENT Lorg/jetbrains/kotlin/lexer/KtToken; org/jetbrains/kotlin/lexer/KtToken
staticfield org/jetbrains/kotlin/lexer/KtTokens DOC_COMMENT Lorg/jetbrains/kotlin/com/intellij/psi/tree/IElementType; org/jetbrains/kotlin/kdoc/lexer/KDocTokens$1
staticfield org/jetbrains/kotlin/lexer/KtTokens WHITE_SPACE Lorg/jetbrains/kotlin/com/intellij/psi/tree/IElementType; org/jetbrains/kotlin/com/intellij/psi/WhiteSpaceTokenType
staticfield org/jetbrains/kotlin/lexer/KtTokens INTEGER_LITERAL Lorg/jetbrains/kotlin/lexer/KtToken; org/jetbrains/kotlin/lexer/KtToken
staticfield org/jetbrains/kotlin/lexer/KtTokens FLOAT_LITERAL Lorg/jetbrains/kotlin/lexer/KtToken; org/jetbrains/kotlin/lexer/KtToken
staticfield org/jetbrains/kotlin/lexer/KtTokens CHARACTER_LITERAL Lorg/jetbrains/kotlin/lexer/KtToken; org/jetbrains/kotlin/lexer/KtToken
staticfield org/jetbrains/kotlin/lexer/KtTokens INTERPOLATION_PREFIX Lorg/jetbrains/kotlin/lexer/KtToken; org/jetbrains/kotlin/lexer/KtToken
staticfield org/jetbrains/kotlin/lexer/KtTokens CLOSING_QUOTE Lorg/jetbrains/kotlin/lexer/KtToken; org/jetbrains/kotlin/lexer/KtToken
staticfield org/jetbrains/kotlin/lexer/KtTokens OPEN_QUOTE Lorg/jetbrains/kotlin/lexer/KtToken; org/jetbrains/kotlin/lexer/KtToken
staticfield org/jetbrains/kotlin/lexer/KtTokens REGULAR_STRING_PART Lorg/jetbrains/kotlin/lexer/KtToken; org/jetbrains/kotlin/lexer/KtToken
staticfield org/jetbrains/kotlin/lexer/KtTokens ESCAPE_SEQUENCE Lorg/jetbrains/kotlin/lexer/KtToken; org/jetbrains/kotlin/lexer/KtToken
staticfield org/jetbrains/kotlin/lexer/KtTokens SHORT_TEMPLATE_ENTRY_START Lorg/jetbrains/kotlin/lexer/KtToken; org/jetbrains/kotlin/lexer/KtToken
staticfield org/jetbrains/kotlin/lexer/KtTokens LONG_TEMPLATE_ENTRY_START Lorg/jetbrains/kotlin/lexer/KtToken; org/jetbrains/kotlin/lexer/KtToken
staticfield org/jetbrains/kotlin/lexer/KtTokens LONG_TEMPLATE_ENTRY_END Lorg/jetbrains/kotlin/lexer/KtToken; org/jetbrains/kotlin/lexer/KtToken
staticfield org/jetbrains/kotlin/lexer/KtTokens DANGLING_NEWLINE Lorg/jetbrains/kotlin/lexer/KtToken; org/jetbrains/kotlin/lexer/KtToken
staticfield org/jetbrains/kotlin/lexer/KtTokens PACKAGE_KEYWORD Lorg/jetbrains/kotlin/lexer/KtKeywordToken; org/jetbrains/kotlin/lexer/KtKeywordToken
staticfield org/jetbrains/kotlin/lexer/KtTokens AS_KEYWORD Lorg/jetbrains/kotlin/lexer/KtKeywordToken; org/jetbrains/kotlin/lexer/KtKeywordToken
staticfield org/jetbrains/kotlin/lexer/KtTokens TYPE_ALIAS_KEYWORD Lorg/jetbrains/kotlin/lexer/KtKeywordToken; org/jetbrains/kotlin/lexer/KtKeywordToken
staticfield org/jetbrains/kotlin/lexer/KtTokens CLASS_KEYWORD Lorg/jetbrains/kotlin/lexer/KtKeywordToken; org/jetbrains/kotlin/lexer/KtKeywordToken
staticfield org/jetbrains/kotlin/lexer/KtTokens THIS_KEYWORD Lorg/jetbrains/kotlin/lexer/KtKeywordToken; org/jetbrains/kotlin/lexer/KtKeywordToken
staticfield org/jetbrains/kotlin/lexer/KtTokens SUPER_KEYWORD Lorg/jetbrains/kotlin/lexer/KtKeywordToken; org/jetbrains/kotlin/lexer/KtKeywordToken
staticfield org/jetbrains/kotlin/lexer/KtTokens VAL_KEYWORD Lorg/jetbrains/kotlin/lexer/KtKeywordToken; org/jetbrains/kotlin/lexer/KtKeywordToken
staticfield org/jetbrains/kotlin/lexer/KtTokens VAR_KEYWORD Lorg/jetbrains/kotlin/lexer/KtKeywordToken; org/jetbrains/kotlin/lexer/KtKeywordToken
staticfield org/jetbrains/kotlin/lexer/KtTokens FUN_KEYWORD Lorg/jetbrains/kotlin/lexer/KtModifierKeywordToken; org/jetbrains/kotlin/lexer/KtModifierKeywordToken
staticfield org/jetbrains/kotlin/lexer/KtTokens FOR_KEYWORD Lorg/jetbrains/kotlin/lexer/KtKeywordToken; org/jetbrains/kotlin/lexer/KtKeywordToken
staticfield org/jetbrains/kotlin/lexer/KtTokens NULL_KEYWORD Lorg/jetbrains/kotlin/lexer/KtKeywordToken; org/jetbrains/kotlin/lexer/KtKeywordToken
staticfield org/jetbrains/kotlin/lexer/KtTokens TRUE_KEYWORD Lorg/jetbrains/kotlin/lexer/KtKeywordToken; org/jetbrains/kotlin/lexer/KtKeywordToken
staticfield org/jetbrains/kotlin/lexer/KtTokens FALSE_KEYWORD Lorg/jetbrains/kotlin/lexer/KtKeywordToken; org/jetbrains/kotlin/lexer/KtKeywordToken
staticfield org/jetbrains/kotlin/lexer/KtTokens IS_KEYWORD Lorg/jetbrains/kotlin/lexer/KtKeywordToken; org/jetbrains/kotlin/lexer/KtKeywordToken
staticfield org/jetbrains/kotlin/lexer/KtTokens IN_KEYWORD Lorg/jetbrains/kotlin/lexer/KtModifierKeywordToken; org/jetbrains/kotlin/lexer/KtModifierKeywordToken
staticfield org/jetbrains/kotlin/lexer/KtTokens THROW_KEYWORD Lorg/jetbrains/kotlin/lexer/KtKeywordToken; org/jetbrains/kotlin/lexer/KtKeywordToken
staticfield org/jetbrains/kotlin/lexer/KtTokens RETURN_KEYWORD Lorg/jetbrains/kotlin/lexer/KtKeywordToken; org/jetbrains/kotlin/lexer/KtKeywordToken
staticfield org/jetbrains/kotlin/lexer/KtTokens BREAK_KEYWORD Lorg/jetbrains/kotlin/lexer/KtKeywordToken; org/jetbrains/kotlin/lexer/KtKeywordToken
staticfield org/jetbrains/kotlin/lexer/KtTokens CONTINUE_KEYWORD Lorg/jetbrains/kotlin/lexer/KtKeywordToken; org/jetbrains/kotlin/lexer/KtKeywordToken
staticfield org/jetbrains/kotlin/lexer/KtTokens OBJECT_KEYWORD Lorg/jetbrains/kotlin/lexer/KtKeywordToken; org/jetbrains/kotlin/lexer/KtKeywordToken
staticfield org/jetbrains/kotlin/lexer/KtTokens IF_KEYWORD Lorg/jetbrains/kotlin/lexer/KtKeywordToken; org/jetbrains/kotlin/lexer/KtKeywordToken
staticfield org/jetbrains/kotlin/lexer/KtTokens TRY_KEYWORD Lorg/jetbrains/kotlin/lexer/KtKeywordToken; org/jetbrains/kotlin/lexer/KtKeywordToken
staticfield org/jetbrains/kotlin/lexer/KtTokens ELSE_KEYWORD Lorg/jetbrains/kotlin/lexer/KtKeywordToken; org/jetbrains/kotlin/lexer/KtKeywordToken
staticfield org/jetbrains/kotlin/lexer/KtTokens WHILE_KEYWORD Lorg/jetbrains/kotlin/lexer/KtKeywordToken; org/jetbrains/kotlin/lexer/KtKeywordToken
staticfield org/jetbrains/kotlin/lexer/KtTokens DO_KEYWORD Lorg/jetbrains/kotlin/lexer/KtKeywordToken; org/jetbrains/kotlin/lexer/KtKeywordToken
staticfield org/jetbrains/kotlin/lexer/KtTokens WHEN_KEYWORD Lorg/jetbrains/kotlin/lexer/KtKeywordToken; org/jetbrains/kotlin/lexer/KtKeywordToken
staticfield org/jetbrains/kotlin/lexer/KtTokens INTERFACE_KEYWORD Lorg/jetbrains/kotlin/lexer/KtKeywordToken; org/jetbrains/kotlin/lexer/KtKeywordToken
staticfield org/jetbrains/kotlin/lexer/KtTokens TYPEOF_KEYWORD Lorg/jetbrains/kotlin/lexer/KtKeywordToken; org/jetbrains/kotlin/lexer/KtKeywordToken
staticfield org/jetbrains/kotlin/lexer/KtTokens AS_SAFE Lorg/jetbrains/kotlin/lexer/KtToken; org/jetbrains/kotlin/lexer/KtKeywordToken
staticfield org/jetbrains/kotlin/lexer/KtTokens IDENTIFIER Lorg/jetbrains/kotlin/lexer/KtToken; org/jetbrains/kotlin/lexer/KtToken
staticfield org/jetbrains/kotlin/lexer/KtTokens FIELD_IDENTIFIER Lorg/jetbrains/kotlin/lexer/KtToken; org/jetbrains/kotlin/lexer/KtToken
staticfield org/jetbrains/kotlin/lexer/KtTokens LBRACKET Lorg/jetbrains/kotlin/lexer/KtSingleValueToken; org/jetbrains/kotlin/lexer/KtSingleValueToken
staticfield org/jetbrains/kotlin/lexer/KtTokens RBRACKET Lorg/jetbrains/kotlin/lexer/KtSingleValueToken; org/jetbrains/kotlin/lexer/KtSingleValueToken
staticfield org/jetbrains/kotlin/lexer/KtTokens LBRACE Lorg/jetbrains/kotlin/lexer/KtSingleValueToken; org/jetbrains/kotlin/lexer/KtSingleValueToken
staticfield org/jetbrains/kotlin/lexer/KtTokens RBRACE Lorg/jetbrains/kotlin/lexer/KtSingleValueToken; org/jetbrains/kotlin/lexer/KtSingleValueToken
staticfield org/jetbrains/kotlin/lexer/KtTokens LPAR Lorg/jetbrains/kotlin/lexer/KtSingleValueToken; org/jetbrains/kotlin/lexer/KtSingleValueToken
staticfield org/jetbrains/kotlin/lexer/KtTokens RPAR Lorg/jetbrains/kotlin/lexer/KtSingleValueToken; org/jetbrains/kotlin/lexer/KtSingleValueToken
staticfield org/jetbrains/kotlin/lexer/KtTokens DOT Lorg/jetbrains/kotlin/lexer/KtSingleValueToken; org/jetbrains/kotlin/lexer/KtSingleValueToken
staticfield org/jetbrains/kotlin/lexer/KtTokens PLUSPLUS Lorg/jetbrains/kotlin/lexer/KtSingleValueToken; org/jetbrains/kotlin/lexer/KtSingleValueToken
staticfield org/jetbrains/kotlin/lexer/KtTokens MINUSMINUS Lorg/jetbrains/kotlin/lexer/KtSingleValueToken; org/jetbrains/kotlin/lexer/KtSingleValueToken
staticfield org/jetbrains/kotlin/lexer/KtTokens MUL Lorg/jetbrains/kotlin/lexer/KtSingleValueToken; org/jetbrains/kotlin/lexer/KtSingleValueToken
staticfield org/jetbrains/kotlin/lexer/KtTokens PLUS Lorg/jetbrains/kotlin/lexer/KtSingleValueToken; org/jetbrains/kotlin/lexer/KtSingleValueToken
staticfield org/jetbrains/kotlin/lexer/KtTokens MINUS Lorg/jetbrains/kotlin/lexer/KtSingleValueToken; org/jetbrains/kotlin/lexer/KtSingleValueToken
staticfield org/jetbrains/kotlin/lexer/KtTokens EXCL Lorg/jetbrains/kotlin/lexer/KtSingleValueToken; org/jetbrains/kotlin/lexer/KtSingleValueToken
staticfield org/jetbrains/kotlin/lexer/KtTokens DIV Lorg/jetbrains/kotlin/lexer/KtSingleValueToken; org/jetbrains/kotlin/lexer/KtSingleValueToken
staticfield org/jetbrains/kotlin/lexer/KtTokens PERC Lorg/jetbrains/kotlin/lexer/KtSingleValueToken; org/jetbrains/kotlin/lexer/KtSingleValueToken
staticfield org/jetbrains/kotlin/lexer/KtTokens LT Lorg/jetbrains/kotlin/lexer/KtSingleValueToken; org/jetbrains/kotlin/lexer/KtSingleValueToken
staticfield org/jetbrains/kotlin/lexer/KtTokens GT Lorg/jetbrains/kotlin/lexer/KtSingleValueToken; org/jetbrains/kotlin/lexer/KtSingleValueToken
staticfield org/jetbrains/kotlin/lexer/KtTokens LTEQ Lorg/jetbrains/kotlin/lexer/KtSingleValueToken; org/jetbrains/kotlin/lexer/KtSingleValueToken
staticfield org/jetbrains/kotlin/lexer/KtTokens GTEQ Lorg/jetbrains/kotlin/lexer/KtSingleValueToken; org/jetbrains/kotlin/lexer/KtSingleValueToken
staticfield org/jetbrains/kotlin/lexer/KtTokens EQEQEQ Lorg/jetbrains/kotlin/lexer/KtSingleValueToken; org/jetbrains/kotlin/lexer/KtSingleValueToken
staticfield org/jetbrains/kotlin/lexer/KtTokens ARROW Lorg/jetbrains/kotlin/lexer/KtSingleValueToken; org/jetbrains/kotlin/lexer/KtSingleValueToken
staticfield org/jetbrains/kotlin/lexer/KtTokens DOUBLE_ARROW Lorg/jetbrains/kotlin/lexer/KtSingleValueToken; org/jetbrains/kotlin/lexer/KtSingleValueToken
staticfield org/jetbrains/kotlin/lexer/KtTokens EXCLEQEQEQ Lorg/jetbrains/kotlin/lexer/KtSingleValueToken; org/jetbrains/kotlin/lexer/KtSingleValueToken
staticfield org/jetbrains/kotlin/lexer/KtTokens EQEQ Lorg/jetbrains/kotlin/lexer/KtSingleValueToken; org/jetbrains/kotlin/lexer/KtSingleValueToken
staticfield org/jetbrains/kotlin/lexer/KtTokens EXCLEQ Lorg/jetbrains/kotlin/lexer/KtSingleValueToken; org/jetbrains/kotlin/lexer/KtSingleValueToken
staticfield org/jetbrains/kotlin/lexer/KtTokens EXCLEXCL Lorg/jetbrains/kotlin/lexer/KtSingleValueToken; org/jetbrains/kotlin/lexer/KtSingleValueToken
staticfield org/jetbrains/kotlin/lexer/KtTokens ANDAND Lorg/jetbrains/kotlin/lexer/KtSingleValueToken; org/jetbrains/kotlin/lexer/KtSingleValueToken
staticfield org/jetbrains/kotlin/lexer/KtTokens AND Lorg/jetbrains/kotlin/lexer/KtSingleValueToken; org/jetbrains/kotlin/lexer/KtSingleValueToken
staticfield org/jetbrains/kotlin/lexer/KtTokens OROR Lorg/jetbrains/kotlin/lexer/KtSingleValueToken; org/jetbrains/kotlin/lexer/KtSingleValueToken
staticfield org/jetbrains/kotlin/lexer/KtTokens SAFE_ACCESS Lorg/jetbrains/kotlin/lexer/KtSingleValueToken; org/jetbrains/kotlin/lexer/KtSingleValueToken
staticfield org/jetbrains/kotlin/lexer/KtTokens ELVIS Lorg/jetbrains/kotlin/lexer/KtSingleValueToken; org/jetbrains/kotlin/lexer/KtSingleValueToken
staticfield org/jetbrains/kotlin/lexer/KtTokens QUEST Lorg/jetbrains/kotlin/lexer/KtSingleValueToken; org/jetbrains/kotlin/lexer/KtSingleValueToken
staticfield org/jetbrains/kotlin/lexer/KtTokens COLONCOLON Lorg/jetbrains/kotlin/lexer/KtSingleValueToken; org/jetbrains/kotlin/lexer/KtSingleValueToken
staticfield org/jetbrains/kotlin/lexer/KtTokens COLON Lorg/jetbrains/kotlin/lexer/KtSingleValueToken; org/jetbrains/kotlin/lexer/KtSingleValueToken
staticfield org/jetbrains/kotlin/lexer/KtTokens SEMICOLON Lorg/jetbrains/kotlin/lexer/KtSingleValueToken; org/jetbrains/kotlin/lexer/KtSingleValueToken
staticfield org/jetbrains/kotlin/lexer/KtTokens DOUBLE_SEMICOLON Lorg/jetbrains/kotlin/lexer/KtSingleValueToken; org/jetbrains/kotlin/lexer/KtSingleValueToken
staticfield org/jetbrains/kotlin/lexer/KtTokens RANGE Lorg/jetbrains/kotlin/lexer/KtSingleValueToken; org/jetbrains/kotlin/lexer/KtSingleValueToken
staticfield org/jetbrains/kotlin/lexer/KtTokens RANGE_UNTIL Lorg/jetbrains/kotlin/lexer/KtSingleValueToken; org/jetbrains/kotlin/lexer/KtSingleValueToken
staticfield org/jetbrains/kotlin/lexer/KtTokens EQ Lorg/jetbrains/kotlin/lexer/KtSingleValueToken; org/jetbrains/kotlin/lexer/KtSingleValueToken
staticfield org/jetbrains/kotlin/lexer/KtTokens MULTEQ Lorg/jetbrains/kotlin/lexer/KtSingleValueToken; org/jetbrains/kotlin/lexer/KtSingleValueToken
staticfield org/jetbrains/kotlin/lexer/KtTokens DIVEQ Lorg/jetbrains/kotlin/lexer/KtSingleValueToken; org/jetbrains/kotlin/lexer/KtSingleValueToken
staticfield org/jetbrains/kotlin/lexer/KtTokens PERCEQ Lorg/jetbrains/kotlin/lexer/KtSingleValueToken; org/jetbrains/kotlin/lexer/KtSingleValueToken
staticfield org/jetbrains/kotlin/lexer/KtTokens PLUSEQ Lorg/jetbrains/kotlin/lexer/KtSingleValueToken; org/jetbrains/kotlin/lexer/KtSingleValueToken
staticfield org/jetbrains/kotlin/lexer/KtTokens MINUSEQ Lorg/jetbrains/kotlin/lexer/KtSingleValueToken; org/jetbrains/kotlin/lexer/KtSingleValueToken
staticfield org/jetbrains/kotlin/lexer/KtTokens NOT_IN Lorg/jetbrains/kotlin/lexer/KtKeywordToken; org/jetbrains/kotlin/lexer/KtKeywordToken
staticfield org/jetbrains/kotlin/lexer/KtTokens NOT_IS Lorg/jetbrains/kotlin/lexer/KtKeywordToken; org/jetbrains/kotlin/lexer/KtKeywordToken
staticfield org/jetbrains/kotlin/lexer/KtTokens HASH Lorg/jetbrains/kotlin/lexer/KtSingleValueToken; org/jetbrains/kotlin/lexer/KtSingleValueToken
staticfield org/jetbrains/kotlin/lexer/KtTokens AT Lorg/jetbrains/kotlin/lexer/KtSingleValueToken; org/jetbrains/kotlin/lexer/KtSingleValueToken
staticfield org/jetbrains/kotlin/lexer/KtTokens COMMA Lorg/jetbrains/kotlin/lexer/KtSingleValueToken; org/jetbrains/kotlin/lexer/KtSingleValueToken
staticfield org/jetbrains/kotlin/lexer/KtTokens EOL_OR_SEMICOLON Lorg/jetbrains/kotlin/lexer/KtToken; org/jetbrains/kotlin/lexer/KtToken
staticfield org/jetbrains/kotlin/lexer/KtTokens FILE_KEYWORD Lorg/jetbrains/kotlin/lexer/KtKeywordToken; org/jetbrains/kotlin/lexer/KtKeywordToken
staticfield org/jetbrains/kotlin/lexer/KtTokens FIELD_KEYWORD Lorg/jetbrains/kotlin/lexer/KtKeywordToken; org/jetbrains/kotlin/lexer/KtKeywordToken
staticfield org/jetbrains/kotlin/lexer/KtTokens PROPERTY_KEYWORD Lorg/jetbrains/kotlin/lexer/KtKeywordToken; org/jetbrains/kotlin/lexer/KtKeywordToken
staticfield org/jetbrains/kotlin/lexer/KtTokens RECEIVER_KEYWORD Lorg/jetbrains/kotlin/lexer/KtKeywordToken; org/jetbrains/kotlin/lexer/KtKeywordToken
staticfield org/jetbrains/kotlin/lexer/KtTokens PARAM_KEYWORD Lorg/jetbrains/kotlin/lexer/KtKeywordToken; org/jetbrains/kotlin/lexer/KtKeywordToken
staticfield org/jetbrains/kotlin/lexer/KtTokens SETPARAM_KEYWORD Lorg/jetbrains/kotlin/lexer/KtKeywordToken; org/jetbrains/kotlin/lexer/KtKeywordToken
staticfield org/jetbrains/kotlin/lexer/KtTokens DELEGATE_KEYWORD Lorg/jetbrains/kotlin/lexer/KtKeywordToken; org/jetbrains/kotlin/lexer/KtKeywordToken
staticfield org/jetbrains/kotlin/lexer/KtTokens IMPORT_KEYWORD Lorg/jetbrains/kotlin/lexer/KtKeywordToken; org/jetbrains/kotlin/lexer/KtKeywordToken
staticfield org/jetbrains/kotlin/lexer/KtTokens WHERE_KEYWORD Lorg/jetbrains/kotlin/lexer/KtKeywordToken; org/jetbrains/kotlin/lexer/KtKeywordToken
staticfield org/jetbrains/kotlin/lexer/KtTokens BY_KEYWORD Lorg/jetbrains/kotlin/lexer/KtKeywordToken; org/jetbrains/kotlin/lexer/KtKeywordToken
staticfield org/jetbrains/kotlin/lexer/KtTokens GET_KEYWORD Lorg/jetbrains/kotlin/lexer/KtKeywordToken; org/jetbrains/kotlin/lexer/KtKeywordToken
staticfield org/jetbrains/kotlin/lexer/KtTokens SET_KEYWORD Lorg/jetbrains/kotlin/lexer/KtKeywordToken; org/jetbrains/kotlin/lexer/KtKeywordToken
staticfield org/jetbrains/kotlin/lexer/KtTokens CONSTRUCTOR_KEYWORD Lorg/jetbrains/kotlin/lexer/KtKeywordToken; org/jetbrains/kotlin/lexer/KtKeywordToken
staticfield org/jetbrains/kotlin/lexer/KtTokens INIT_KEYWORD Lorg/jetbrains/kotlin/lexer/KtKeywordToken; org/jetbrains/kotlin/lexer/KtKeywordToken
staticfield org/jetbrains/kotlin/lexer/KtTokens CONTEXT_KEYWORD Lorg/jetbrains/kotlin/lexer/KtKeywordToken; org/jetbrains/kotlin/lexer/KtKeywordToken
staticfield org/jetbrains/kotlin/lexer/KtTokens ABSTRACT_KEYWORD Lorg/jetbrains/kotlin/lexer/KtModifierKeywordToken; org/jetbrains/kotlin/lexer/KtModifierKeywordToken
staticfield org/jetbrains/kotlin/lexer/KtTokens ENUM_KEYWORD Lorg/jetbrains/kotlin/lexer/KtModifierKeywordToken; org/jetbrains/kotlin/lexer/KtModifierKeywordToken
staticfield org/jetbrains/kotlin/lexer/KtTokens CONTRACT_KEYWORD Lorg/jetbrains/kotlin/lexer/KtModifierKeywordToken; org/jetbrains/kotlin/lexer/KtModifierKeywordToken
staticfield org/jetbrains/kotlin/lexer/KtTokens OPEN_KEYWORD Lorg/jetbrains/kotlin/lexer/KtModifierKeywordToken; org/jetbrains/kotlin/lexer/KtModifierKeywordToken
staticfield org/jetbrains/kotlin/lexer/KtTokens INNER_KEYWORD Lorg/jetbrains/kotlin/lexer/KtModifierKeywordToken; org/jetbrains/kotlin/lexer/KtModifierKeywordToken
staticfield org/jetbrains/kotlin/lexer/KtTokens OVERRIDE_KEYWORD Lorg/jetbrains/kotlin/lexer/KtModifierKeywordToken; org/jetbrains/kotlin/lexer/KtModifierKeywordToken
staticfield org/jetbrains/kotlin/lexer/KtTokens PRIVATE_KEYWORD Lorg/jetbrains/kotlin/lexer/KtModifierKeywordToken; org/jetbrains/kotlin/lexer/KtModifierKeywordToken
staticfield org/jetbrains/kotlin/lexer/KtTokens PUBLIC_KEYWORD Lorg/jetbrains/kotlin/lexer/KtModifierKeywordToken; org/jetbrains/kotlin/lexer/KtModifierKeywordToken
staticfield org/jetbrains/kotlin/lexer/KtTokens INTERNAL_KEYWORD Lorg/jetbrains/kotlin/lexer/KtModifierKeywordToken; org/jetbrains/kotlin/lexer/KtModifierKeywordToken
staticfield org/jetbrains/kotlin/lexer/KtTokens PROTECTED_KEYWORD Lorg/jetbrains/kotlin/lexer/KtModifierKeywordToken; org/jetbrains/kotlin/lexer/KtModifierKeywordToken
staticfield org/jetbrains/kotlin/lexer/KtTokens CATCH_KEYWORD Lorg/jetbrains/kotlin/lexer/KtKeywordToken; org/jetbrains/kotlin/lexer/KtKeywordToken
staticfield org/jetbrains/kotlin/lexer/KtTokens OUT_KEYWORD Lorg/jetbrains/kotlin/lexer/KtModifierKeywordToken; org/jetbrains/kotlin/lexer/KtModifierKeywordToken
staticfield org/jetbrains/kotlin/lexer/KtTokens VARARG_KEYWORD Lorg/jetbrains/kotlin/lexer/KtModifierKeywordToken; org/jetbrains/kotlin/lexer/KtModifierKeywordToken
staticfield org/jetbrains/kotlin/lexer/KtTokens REIFIED_KEYWORD Lorg/jetbrains/kotlin/lexer/KtModifierKeywordToken; org/jetbrains/kotlin/lexer/KtModifierKeywordToken
staticfield org/jetbrains/kotlin/lexer/KtTokens DYNAMIC_KEYWORD Lorg/jetbrains/kotlin/lexer/KtKeywordToken; org/jetbrains/kotlin/lexer/KtKeywordToken
staticfield org/jetbrains/kotlin/lexer/KtTokens COMPANION_KEYWORD Lorg/jetbrains/kotlin/lexer/KtModifierKeywordToken; org/jetbrains/kotlin/lexer/KtModifierKeywordToken
staticfield org/jetbrains/kotlin/lexer/KtTokens SEALED_KEYWORD Lorg/jetbrains/kotlin/lexer/KtModifierKeywordToken; org/jetbrains/kotlin/lexer/KtModifierKeywordToken
staticfield org/jetbrains/kotlin/lexer/KtTokens DEFAULT_VISIBILITY_KEYWORD Lorg/jetbrains/kotlin/lexer/KtModifierKeywordToken; org/jetbrains/kotlin/lexer/KtModifierKeywordToken
staticfield org/jetbrains/kotlin/lexer/KtTokens FINALLY_KEYWORD Lorg/jetbrains/kotlin/lexer/KtKeywordToken; org/jetbrains/kotlin/lexer/KtKeywordToken
staticfield org/jetbrains/kotlin/lexer/KtTokens FINAL_KEYWORD Lorg/jetbrains/kotlin/lexer/KtModifierKeywordToken; org/jetbrains/kotlin/lexer/KtModifierKeywordToken
staticfield org/jetbrains/kotlin/lexer/KtTokens LATEINIT_KEYWORD Lorg/jetbrains/kotlin/lexer/KtModifierKeywordToken; org/jetbrains/kotlin/lexer/KtModifierKeywordToken
staticfield org/jetbrains/kotlin/lexer/KtTokens DATA_KEYWORD Lorg/jetbrains/kotlin/lexer/KtModifierKeywordToken; org/jetbrains/kotlin/lexer/KtModifierKeywordToken
staticfield org/jetbrains/kotlin/lexer/KtTokens VALUE_KEYWORD Lorg/jetbrains/kotlin/lexer/KtModifierKeywordToken; org/jetbrains/kotlin/lexer/KtModifierKeywordToken
staticfield org/jetbrains/kotlin/lexer/KtTokens INLINE_KEYWORD Lorg/jetbrains/kotlin/lexer/KtModifierKeywordToken; org/jetbrains/kotlin/lexer/KtModifierKeywordToken
staticfield org/jetbrains/kotlin/lexer/KtTokens NOINLINE_KEYWORD Lorg/jetbrains/kotlin/lexer/KtModifierKeywordToken; org/jetbrains/kotlin/lexer/KtModifierKeywordToken
staticfield org/jetbrains/kotlin/lexer/KtTokens TAILREC_KEYWORD Lorg/jetbrains/kotlin/lexer/KtModifierKeywordToken; org/jetbrains/kotlin/lexer/KtModifierKeywordToken
staticfield org/jetbrains/kotlin/lexer/KtTokens EXTERNAL_KEYWORD Lorg/jetbrains/kotlin/lexer/KtModifierKeywordToken; org/jetbrains/kotlin/lexer/KtModifierKeywordToken
staticfield org/jetbrains/kotlin/lexer/KtTokens ANNOTATION_KEYWORD Lorg/jetbrains/kotlin/lexer/KtModifierKeywordToken; org/jetbrains/kotlin/lexer/KtModifierKeywordToken
staticfield org/jetbrains/kotlin/lexer/KtTokens CROSSINLINE_KEYWORD Lorg/jetbrains/kotlin/lexer/KtModifierKeywordToken; org/jetbrains/kotlin/lexer/KtModifierKeywordToken
staticfield org/jetbrains/kotlin/lexer/KtTokens OPERATOR_KEYWORD Lorg/jetbrains/kotlin/lexer/KtModifierKeywordToken; org/jetbrains/kotlin/lexer/KtModifierKeywordToken
staticfield org/jetbrains/kotlin/lexer/KtTokens INFIX_KEYWORD Lorg/jetbrains/kotlin/lexer/KtModifierKeywordToken; org/jetbrains/kotlin/lexer/KtModifierKeywordToken
staticfield org/jetbrains/kotlin/lexer/KtTokens CONST_KEYWORD Lorg/jetbrains/kotlin/lexer/KtModifierKeywordToken; org/jetbrains/kotlin/lexer/KtModifierKeywordToken
staticfield org/jetbrains/kotlin/lexer/KtTokens SUSPEND_KEYWORD Lorg/jetbrains/kotlin/lexer/KtModifierKeywordToken; org/jetbrains/kotlin/lexer/KtModifierKeywordToken
staticfield org/jetbrains/kotlin/lexer/KtTokens HEADER_KEYWORD Lorg/jetbrains/kotlin/lexer/KtModifierKeywordToken; org/jetbrains/kotlin/lexer/KtModifierKeywordToken
staticfield org/jetbrains/kotlin/lexer/KtTokens IMPL_KEYWORD Lorg/jetbrains/kotlin/lexer/KtModifierKeywordToken; org/jetbrains/kotlin/lexer/KtModifierKeywordToken
staticfield org/jetbrains/kotlin/lexer/KtTokens EXPECT_KEYWORD Lorg/jetbrains/kotlin/lexer/KtModifierKeywordToken; org/jetbrains/kotlin/lexer/KtModifierKeywordToken
staticfield org/jetbrains/kotlin/lexer/KtTokens ACTUAL_KEYWORD Lorg/jetbrains/kotlin/lexer/KtModifierKeywordToken; org/jetbrains/kotlin/lexer/KtModifierKeywordToken
staticfield org/jetbrains/kotlin/lexer/KtTokens KEYWORDS Lorg/jetbrains/kotlin/com/intellij/psi/tree/TokenSet; org/jetbrains/kotlin/com/intellij/psi/tree/TokenSet
staticfield org/jetbrains/kotlin/lexer/KtTokens SOFT_KEYWORDS Lorg/jetbrains/kotlin/com/intellij/psi/tree/TokenSet; org/jetbrains/kotlin/com/intellij/psi/tree/TokenSet
staticfield org/jetbrains/kotlin/lexer/KtTokens MODIFIER_KEYWORDS_ARRAY [Lorg/jetbrains/kotlin/lexer/KtModifierKeywordToken; 35 [Lorg/jetbrains/kotlin/lexer/KtModifierKeywordToken;
staticfield org/jetbrains/kotlin/lexer/KtTokens MODIFIER_KEYWORDS Lorg/jetbrains/kotlin/com/intellij/psi/tree/TokenSet; org/jetbrains/kotlin/com/intellij/psi/tree/TokenSet
staticfield org/jetbrains/kotlin/lexer/KtTokens TYPE_MODIFIER_KEYWORDS Lorg/jetbrains/kotlin/com/intellij/psi/tree/TokenSet; org/jetbrains/kotlin/com/intellij/psi/tree/TokenSet
staticfield org/jetbrains/kotlin/lexer/KtTokens TYPE_ARGUMENT_MODIFIER_KEYWORDS Lorg/jetbrains/kotlin/com/intellij/psi/tree/TokenSet; org/jetbrains/kotlin/com/intellij/psi/tree/TokenSet
staticfield org/jetbrains/kotlin/lexer/KtTokens RESERVED_VALUE_PARAMETER_MODIFIER_KEYWORDS Lorg/jetbrains/kotlin/com/intellij/psi/tree/TokenSet; org/jetbrains/kotlin/com/intellij/psi/tree/TokenSet
staticfield org/jetbrains/kotlin/lexer/KtTokens VISIBILITY_MODIFIERS Lorg/jetbrains/kotlin/com/intellij/psi/tree/TokenSet; org/jetbrains/kotlin/com/intellij/psi/tree/TokenSet
staticfield org/jetbrains/kotlin/lexer/KtTokens MODALITY_MODIFIERS Lorg/jetbrains/kotlin/com/intellij/psi/tree/TokenSet; org/jetbrains/kotlin/com/intellij/psi/tree/TokenSet
staticfield org/jetbrains/kotlin/lexer/KtTokens WHITESPACES Lorg/jetbrains/kotlin/com/intellij/psi/tree/TokenSet; org/jetbrains/kotlin/com/intellij/psi/tree/TokenSet
staticfield org/jetbrains/kotlin/lexer/KtTokens COMMENTS Lorg/jetbrains/kotlin/com/intellij/psi/tree/TokenSet; org/jetbrains/kotlin/com/intellij/psi/tree/TokenSet
staticfield org/jetbrains/kotlin/lexer/KtTokens WHITE_SPACE_OR_COMMENT_BIT_SET Lorg/jetbrains/kotlin/com/intellij/psi/tree/TokenSet; org/jetbrains/kotlin/com/intellij/psi/tree/TokenSet
staticfield org/jetbrains/kotlin/lexer/KtTokens STRINGS Lorg/jetbrains/kotlin/com/intellij/psi/tree/TokenSet; org/jetbrains/kotlin/com/intellij/psi/tree/TokenSet
staticfield org/jetbrains/kotlin/lexer/KtTokens OPERATIONS Lorg/jetbrains/kotlin/com/intellij/psi/tree/TokenSet; org/jetbrains/kotlin/com/intellij/psi/tree/TokenSet
staticfield org/jetbrains/kotlin/lexer/KtTokens AUGMENTED_ASSIGNMENTS Lorg/jetbrains/kotlin/com/intellij/psi/tree/TokenSet; org/jetbrains/kotlin/com/intellij/psi/tree/TokenSet
staticfield org/jetbrains/kotlin/lexer/KtTokens ALL_ASSIGNMENTS Lorg/jetbrains/kotlin/com/intellij/psi/tree/TokenSet; org/jetbrains/kotlin/com/intellij/psi/tree/TokenSet
staticfield org/jetbrains/kotlin/lexer/KtTokens INCREMENT_AND_DECREMENT Lorg/jetbrains/kotlin/com/intellij/psi/tree/TokenSet; org/jetbrains/kotlin/com/intellij/psi/tree/TokenSet
staticfield org/jetbrains/kotlin/lexer/KtTokens QUALIFIED_ACCESS Lorg/jetbrains/kotlin/com/intellij/psi/tree/TokenSet; org/jetbrains/kotlin/com/intellij/psi/tree/TokenSet
ciInstanceKlass org/jetbrains/kotlin/KtNodeTypes 1 1 711 1 7 1 100 1 1 7 1 7 1 1 1 1 1 1 1 1 1 1 1 1 1 1 1 1 1 1 1 1 1 1 1 1 1 1 1 1 1 1 1 1 1 1 1 1 1 1 1 1 1 1 1 1 1 1 1 1 1 1 1 1 1 1 1 1 1 1 1 1 1 1 1 1 1 1 1 1 1 1 1 1 1 1 1 1 1 1 1 1 1 1 1 1 1 1 1 1 1 1 1 1 1 1 1 1 1 1 1 1 1 1 1 1 1 1 1 1 1 1 1 1 1 1 1 1 1 1 1 1 1 1 1 1 1 1 7 1 7 1 1 12 9 1 1 12 10 12 9 1 7 1 12 9 12 9 1 1 12 9 12 9 1 12 9 12 9 8 1 7 1 12 10 12 9 8 1 7 12 9 1 12 9 12 9 1 12 9 12 9 12 9 12 9 1 12 9 12 9 8 1 7 12 9 1 12 9 12 9 1 12 9 12 9 1 12 9 12 9 12 9 12 9 12 9 12 9 1 12 9 12 9 12 9 12 9 12 9 12 9 12 9 12 9 12 9 12 9 8 1 7 12 9 12 9 12 9 12 9 12 9 1 12 9 12 9 12 9 12 9 12 9 12 9 12 9 12 9 1 12 9 12 9 1 12 9 12 9 1 12 9 12 9 12 9 12 9 1 12 9 12 9 1 12 9 12 9 12 9 12 9 12 9 12 9 1 12 9 12 9 12 9 12 9 1 12 9 12 9 12 9 12 9 12 9 12 9 12 9 12 9 1 12 9 12 9 12 9 12 9 12 9 12 9 12 9 12 9 12 9 12 9 12 9 12 9 1 12 9 12 9 1 12 9 12 9 1 12 9 12 9 12 9 12 9 12 9 12 9 12 9 12 9 8 1 7 10 12 9 8 1 7 12 9 1 12 9 12 9 12 9 12 9 12 9 12 9 12 9 12 9 12 9 12 9 12 9 12 9 1 12 9 12 9 12 9 12 9 12 9 12 9 12 9 12 9 8 1 7 12 9 8 1 7 12 9 8 1 7 12 9 8 1 7 12 9 8 1 7 12 9 8 1 7 12 9 8 1 7 12 9 8 1 7 12 9 8 12 9 8 1 7 12 9 8 1 7 12 9 8 1 7 12 9 8 1 7 12 9 8 1 7 12 9 8 1 7 12 9 8 12 9 8 12 9 1 7 12 10 12 9 1 7 10 12 9 8 1 7 12 9 8 1 7 12 9 1 12 9 12 9 1 12 9 12 9 8 1 7 12 9 8 1 7 12 9 8 12 9 8 1 7 12 9 8 1 7 12 9 8 1 7 12 9 8 1 7 12 9 8 1 7 12 9 8 1 7 12 9 8 1 7 12 9 8 1 7 12 9 8 1 7 12 9 8 1 7 12 9 8 12 9 1 12 9 12 9 8 1 7 12 9 1 12 9 12 9 8 1 7 12 9 8 1 7 12 9 8 1 7 12 9 8 1 7 12 9 8 1 7 12 9 8 1 7 12 9 8 1 7 12 9 1 8 1 7 12 9 1 12 9 12 9 12 9 12 9 1 12 9 12 9 1 12 9 12 9 1 12 9 12 9 1 12 9 12 9 1 1 1 1
staticfield org/jetbrains/kotlin/KtNodeTypes KT_FILE Lorg/jetbrains/kotlin/com/intellij/psi/tree/IFileElementType; org/jetbrains/kotlin/com/intellij/psi/tree/IFileElementType
staticfield org/jetbrains/kotlin/KtNodeTypes CLASS Lorg/jetbrains/kotlin/com/intellij/psi/tree/IElementType; org/jetbrains/kotlin/psi/stubs/elements/KtClassElementType
staticfield org/jetbrains/kotlin/KtNodeTypes FUN Lorg/jetbrains/kotlin/com/intellij/psi/tree/IElementType; org/jetbrains/kotlin/psi/stubs/elements/KtFunctionElementType
staticfield org/jetbrains/kotlin/KtNodeTypes PROPERTY Lorg/jetbrains/kotlin/com/intellij/psi/tree/IElementType; org/jetbrains/kotlin/psi/stubs/elements/KtPropertyElementType
staticfield org/jetbrains/kotlin/KtNodeTypes DESTRUCTURING_DECLARATION Lorg/jetbrains/kotlin/com/intellij/psi/tree/IElementType; org/jetbrains/kotlin/KtNodeType
staticfield org/jetbrains/kotlin/KtNodeTypes DESTRUCTURING_DECLARATION_ENTRY Lorg/jetbrains/kotlin/com/intellij/psi/tree/IElementType; org/jetbrains/kotlin/KtNodeType
staticfield org/jetbrains/kotlin/KtNodeTypes OBJECT_DECLARATION Lorg/jetbrains/kotlin/com/intellij/psi/tree/IElementType; org/jetbrains/kotlin/psi/stubs/elements/KtObjectElementType
staticfield org/jetbrains/kotlin/KtNodeTypes TYPEALIAS Lorg/jetbrains/kotlin/com/intellij/psi/tree/IElementType; org/jetbrains/kotlin/psi/stubs/elements/KtTypeAliasElementType
staticfield org/jetbrains/kotlin/KtNodeTypes ENUM_ENTRY Lorg/jetbrains/kotlin/com/intellij/psi/tree/IElementType; org/jetbrains/kotlin/psi/stubs/elements/KtClassElementType
staticfield org/jetbrains/kotlin/KtNodeTypes CLASS_INITIALIZER Lorg/jetbrains/kotlin/com/intellij/psi/tree/IElementType; org/jetbrains/kotlin/psi/stubs/elements/KtPlaceHolderStubElementType
staticfield org/jetbrains/kotlin/KtNodeTypes SCRIPT_INITIALIZER Lorg/jetbrains/kotlin/com/intellij/psi/tree/IElementType; org/jetbrains/kotlin/KtNodeType
staticfield org/jetbrains/kotlin/KtNodeTypes SECONDARY_CONSTRUCTOR Lorg/jetbrains/kotlin/com/intellij/psi/tree/IElementType; org/jetbrains/kotlin/psi/stubs/elements/KtSecondaryConstructorElementType
staticfield org/jetbrains/kotlin/KtNodeTypes PRIMARY_CONSTRUCTOR Lorg/jetbrains/kotlin/com/intellij/psi/tree/IElementType; org/jetbrains/kotlin/psi/stubs/elements/KtPrimaryConstructorElementType
staticfield org/jetbrains/kotlin/KtNodeTypes CONTEXT_RECEIVER Lorg/jetbrains/kotlin/com/intellij/psi/tree/IElementType; org/jetbrains/kotlin/psi/stubs/elements/KtContextReceiverElementType
staticfield org/jetbrains/kotlin/KtNodeTypes CONTEXT_RECEIVER_LIST Lorg/jetbrains/kotlin/com/intellij/psi/tree/IElementType; org/jetbrains/kotlin/psi/stubs/elements/KtPlaceHolderStubElementType
staticfield org/jetbrains/kotlin/KtNodeTypes TYPE_PARAMETER_LIST Lorg/jetbrains/kotlin/com/intellij/psi/tree/IElementType; org/jetbrains/kotlin/psi/stubs/elements/KtPlaceHolderStubElementType
staticfield org/jetbrains/kotlin/KtNodeTypes TYPE_PARAMETER Lorg/jetbrains/kotlin/com/intellij/psi/tree/IElementType; org/jetbrains/kotlin/psi/stubs/elements/KtTypeParameterElementType
staticfield org/jetbrains/kotlin/KtNodeTypes SUPER_TYPE_LIST Lorg/jetbrains/kotlin/com/intellij/psi/tree/IElementType; org/jetbrains/kotlin/psi/stubs/elements/KtPlaceHolderStubElementType
staticfield org/jetbrains/kotlin/KtNodeTypes DELEGATED_SUPER_TYPE_ENTRY Lorg/jetbrains/kotlin/com/intellij/psi/tree/IElementType; org/jetbrains/kotlin/psi/stubs/elements/KtPlaceHolderStubElementType
staticfield org/jetbrains/kotlin/KtNodeTypes SUPER_TYPE_CALL_ENTRY Lorg/jetbrains/kotlin/com/intellij/psi/tree/IElementType; org/jetbrains/kotlin/psi/stubs/elements/KtPlaceHolderStubElementType
staticfield org/jetbrains/kotlin/KtNodeTypes SUPER_TYPE_ENTRY Lorg/jetbrains/kotlin/com/intellij/psi/tree/IElementType; org/jetbrains/kotlin/psi/stubs/elements/KtPlaceHolderStubElementType
staticfield org/jetbrains/kotlin/KtNodeTypes PROPERTY_DELEGATE Lorg/jetbrains/kotlin/com/intellij/psi/tree/IElementType; org/jetbrains/kotlin/KtNodeType
staticfield org/jetbrains/kotlin/KtNodeTypes CONSTRUCTOR_CALLEE Lorg/jetbrains/kotlin/com/intellij/psi/tree/IElementType; org/jetbrains/kotlin/psi/stubs/elements/KtPlaceHolderStubElementType
staticfield org/jetbrains/kotlin/KtNodeTypes VALUE_PARAMETER_LIST Lorg/jetbrains/kotlin/com/intellij/psi/tree/IElementType; org/jetbrains/kotlin/psi/stubs/elements/KtPlaceHolderStubElementType
staticfield org/jetbrains/kotlin/KtNodeTypes VALUE_PARAMETER Lorg/jetbrains/kotlin/com/intellij/psi/tree/IElementType; org/jetbrains/kotlin/psi/stubs/elements/KtParameterElementType
staticfield org/jetbrains/kotlin/KtNodeTypes CLASS_BODY Lorg/jetbrains/kotlin/com/intellij/psi/tree/IElementType; org/jetbrains/kotlin/psi/stubs/elements/KtPlaceHolderStubElementType
staticfield org/jetbrains/kotlin/KtNodeTypes IMPORT_LIST Lorg/jetbrains/kotlin/com/intellij/psi/tree/IElementType; org/jetbrains/kotlin/psi/stubs/elements/KtPlaceHolderStubElementType
staticfield org/jetbrains/kotlin/KtNodeTypes FILE_ANNOTATION_LIST Lorg/jetbrains/kotlin/com/intellij/psi/tree/IElementType; org/jetbrains/kotlin/psi/stubs/elements/KtPlaceHolderStubElementType
staticfield org/jetbrains/kotlin/KtNodeTypes IMPORT_DIRECTIVE Lorg/jetbrains/kotlin/com/intellij/psi/tree/IElementType; org/jetbrains/kotlin/psi/stubs/elements/KtImportDirectiveElementType
staticfield org/jetbrains/kotlin/KtNodeTypes IMPORT_ALIAS Lorg/jetbrains/kotlin/com/intellij/psi/tree/IElementType; org/jetbrains/kotlin/psi/stubs/elements/KtImportAliasElementType
staticfield org/jetbrains/kotlin/KtNodeTypes MODIFIER_LIST Lorg/jetbrains/kotlin/com/intellij/psi/tree/IElementType; org/jetbrains/kotlin/psi/stubs/elements/KtModifierListElementType
staticfield org/jetbrains/kotlin/KtNodeTypes ANNOTATION Lorg/jetbrains/kotlin/com/intellij/psi/tree/IElementType; org/jetbrains/kotlin/psi/stubs/elements/KtPlaceHolderStubElementType
staticfield org/jetbrains/kotlin/KtNodeTypes ANNOTATION_ENTRY Lorg/jetbrains/kotlin/com/intellij/psi/tree/IElementType; org/jetbrains/kotlin/psi/stubs/elements/KtAnnotationEntryElementType
staticfield org/jetbrains/kotlin/KtNodeTypes ANNOTATION_TARGET Lorg/jetbrains/kotlin/com/intellij/psi/tree/IElementType; org/jetbrains/kotlin/psi/stubs/elements/KtAnnotationUseSiteTargetElementType
staticfield org/jetbrains/kotlin/KtNodeTypes TYPE_ARGUMENT_LIST Lorg/jetbrains/kotlin/com/intellij/psi/tree/IElementType; org/jetbrains/kotlin/psi/stubs/elements/KtPlaceHolderStubElementType
staticfield org/jetbrains/kotlin/KtNodeTypes VALUE_ARGUMENT_LIST Lorg/jetbrains/kotlin/com/intellij/psi/tree/IElementType; org/jetbrains/kotlin/psi/stubs/elements/KtValueArgumentListElementType
staticfield org/jetbrains/kotlin/KtNodeTypes VALUE_ARGUMENT Lorg/jetbrains/kotlin/com/intellij/psi/tree/IElementType; org/jetbrains/kotlin/psi/stubs/elements/KtValueArgumentElementType
staticfield org/jetbrains/kotlin/KtNodeTypes CONTRACT_EFFECT_LIST Lorg/jetbrains/kotlin/com/intellij/psi/tree/IElementType; org/jetbrains/kotlin/psi/stubs/elements/KtContractEffectListElementType
staticfield org/jetbrains/kotlin/KtNodeTypes CONTRACT_EFFECT Lorg/jetbrains/kotlin/com/intellij/psi/tree/IElementType; org/jetbrains/kotlin/psi/stubs/elements/KtContractEffectElementType
staticfield org/jetbrains/kotlin/KtNodeTypes LAMBDA_ARGUMENT Lorg/jetbrains/kotlin/com/intellij/psi/tree/IElementType; org/jetbrains/kotlin/psi/stubs/elements/KtValueArgumentElementType
staticfield org/jetbrains/kotlin/KtNodeTypes VALUE_ARGUMENT_NAME Lorg/jetbrains/kotlin/com/intellij/psi/tree/IElementType; org/jetbrains/kotlin/psi/stubs/elements/KtPlaceHolderStubElementType
staticfield org/jetbrains/kotlin/KtNodeTypes TYPE_REFERENCE Lorg/jetbrains/kotlin/com/intellij/psi/tree/IElementType; org/jetbrains/kotlin/psi/stubs/elements/KtPlaceHolderStubElementType
staticfield org/jetbrains/kotlin/KtNodeTypes USER_TYPE Lorg/jetbrains/kotlin/com/intellij/psi/tree/IElementType; org/jetbrains/kotlin/psi/stubs/elements/KtUserTypeElementType
staticfield org/jetbrains/kotlin/KtNodeTypes DYNAMIC_TYPE Lorg/jetbrains/kotlin/com/intellij/psi/tree/IElementType; org/jetbrains/kotlin/psi/stubs/elements/KtPlaceHolderStubElementType
staticfield org/jetbrains/kotlin/KtNodeTypes FUNCTION_TYPE Lorg/jetbrains/kotlin/com/intellij/psi/tree/IElementType; org/jetbrains/kotlin/psi/stubs/elements/KtPlaceHolderStubElementType
staticfield org/jetbrains/kotlin/KtNodeTypes FUNCTION_TYPE_RECEIVER Lorg/jetbrains/kotlin/com/intellij/psi/tree/IElementType; org/jetbrains/kotlin/psi/stubs/elements/KtPlaceHolderStubElementType
staticfield org/jetbrains/kotlin/KtNodeTypes NULLABLE_TYPE Lorg/jetbrains/kotlin/com/intellij/psi/tree/IElementType; org/jetbrains/kotlin/psi/stubs/elements/KtPlaceHolderStubElementType
staticfield org/jetbrains/kotlin/KtNodeTypes INTERSECTION_TYPE Lorg/jetbrains/kotlin/com/intellij/psi/tree/IElementType; org/jetbrains/kotlin/psi/stubs/elements/KtPlaceHolderStubElementType
staticfield org/jetbrains/kotlin/KtNodeTypes TYPE_PROJECTION Lorg/jetbrains/kotlin/com/intellij/psi/tree/IElementType; org/jetbrains/kotlin/psi/stubs/elements/KtTypeProjectionElementType
staticfield org/jetbrains/kotlin/KtNodeTypes PROPERTY_ACCESSOR Lorg/jetbrains/kotlin/com/intellij/psi/tree/IElementType; org/jetbrains/kotlin/psi/stubs/elements/KtPropertyAccessorElementType
staticfield org/jetbrains/kotlin/KtNodeTypes BACKING_FIELD Lorg/jetbrains/kotlin/com/intellij/psi/tree/IElementType; org/jetbrains/kotlin/psi/stubs/elements/KtBackingFieldElementType
staticfield org/jetbrains/kotlin/KtNodeTypes INITIALIZER_LIST Lorg/jetbrains/kotlin/com/intellij/psi/tree/IElementType; org/jetbrains/kotlin/psi/stubs/elements/KtPlaceHolderStubElementType
staticfield org/jetbrains/kotlin/KtNodeTypes TYPE_CONSTRAINT_LIST Lorg/jetbrains/kotlin/com/intellij/psi/tree/IElementType; org/jetbrains/kotlin/psi/stubs/elements/KtPlaceHolderStubElementType
staticfield org/jetbrains/kotlin/KtNodeTypes TYPE_CONSTRAINT Lorg/jetbrains/kotlin/com/intellij/psi/tree/IElementType; org/jetbrains/kotlin/psi/stubs/elements/KtPlaceHolderStubElementType
staticfield org/jetbrains/kotlin/KtNodeTypes CONSTRUCTOR_DELEGATION_CALL Lorg/jetbrains/kotlin/com/intellij/psi/tree/IElementType; org/jetbrains/kotlin/KtNodeType$KtLeftBoundNodeType
staticfield org/jetbrains/kotlin/KtNodeTypes CONSTRUCTOR_DELEGATION_REFERENCE Lorg/jetbrains/kotlin/com/intellij/psi/tree/IElementType; org/jetbrains/kotlin/KtNodeType$KtLeftBoundNodeType
staticfield org/jetbrains/kotlin/KtNodeTypes NULL Lorg/jetbrains/kotlin/com/intellij/psi/tree/IElementType; org/jetbrains/kotlin/psi/stubs/elements/KtConstantExpressionElementType
staticfield org/jetbrains/kotlin/KtNodeTypes BOOLEAN_CONSTANT Lorg/jetbrains/kotlin/com/intellij/psi/tree/IElementType; org/jetbrains/kotlin/psi/stubs/elements/KtConstantExpressionElementType
staticfield org/jetbrains/kotlin/KtNodeTypes FLOAT_CONSTANT Lorg/jetbrains/kotlin/com/intellij/psi/tree/IElementType; org/jetbrains/kotlin/psi/stubs/elements/KtConstantExpressionElementType
staticfield org/jetbrains/kotlin/KtNodeTypes CHARACTER_CONSTANT Lorg/jetbrains/kotlin/com/intellij/psi/tree/IElementType; org/jetbrains/kotlin/psi/stubs/elements/KtConstantExpressionElementType
staticfield org/jetbrains/kotlin/KtNodeTypes INTEGER_CONSTANT Lorg/jetbrains/kotlin/com/intellij/psi/tree/IElementType; org/jetbrains/kotlin/psi/stubs/elements/KtConstantExpressionElementType
staticfield org/jetbrains/kotlin/KtNodeTypes STRING_TEMPLATE Lorg/jetbrains/kotlin/com/intellij/psi/tree/IElementType; org/jetbrains/kotlin/psi/stubs/elements/KtStringTemplateExpressionElementType
staticfield org/jetbrains/kotlin/KtNodeTypes LONG_STRING_TEMPLATE_ENTRY Lorg/jetbrains/kotlin/com/intellij/psi/tree/IElementType; org/jetbrains/kotlin/psi/stubs/elements/KtPlaceHolderWithTextStubElementType
staticfield org/jetbrains/kotlin/KtNodeTypes SHORT_STRING_TEMPLATE_ENTRY Lorg/jetbrains/kotlin/com/intellij/psi/tree/IElementType; org/jetbrains/kotlin/psi/stubs/elements/KtPlaceHolderWithTextStubElementType
staticfield org/jetbrains/kotlin/KtNodeTypes LITERAL_STRING_TEMPLATE_ENTRY Lorg/jetbrains/kotlin/com/intellij/psi/tree/IElementType; org/jetbrains/kotlin/psi/stubs/elements/KtPlaceHolderWithTextStubElementType
staticfield org/jetbrains/kotlin/KtNodeTypes ESCAPE_STRING_TEMPLATE_ENTRY Lorg/jetbrains/kotlin/com/intellij/psi/tree/IElementType; org/jetbrains/kotlin/psi/stubs/elements/KtPlaceHolderWithTextStubElementType
staticfield org/jetbrains/kotlin/KtNodeTypes PARENTHESIZED Lorg/jetbrains/kotlin/com/intellij/psi/tree/IElementType; org/jetbrains/kotlin/KtNodeType
staticfield org/jetbrains/kotlin/KtNodeTypes RETURN Lorg/jetbrains/kotlin/com/intellij/psi/tree/IElementType; org/jetbrains/kotlin/KtNodeType
staticfield org/jetbrains/kotlin/KtNodeTypes THROW Lorg/jetbrains/kotlin/com/intellij/psi/tree/IElementType; org/jetbrains/kotlin/KtNodeType
staticfield org/jetbrains/kotlin/KtNodeTypes CONTINUE Lorg/jetbrains/kotlin/com/intellij/psi/tree/IElementType; org/jetbrains/kotlin/KtNodeType
staticfield org/jetbrains/kotlin/KtNodeTypes BREAK Lorg/jetbrains/kotlin/com/intellij/psi/tree/IElementType; org/jetbrains/kotlin/KtNodeType
staticfield org/jetbrains/kotlin/KtNodeTypes IF Lorg/jetbrains/kotlin/com/intellij/psi/tree/IElementType; org/jetbrains/kotlin/KtNodeType
staticfield org/jetbrains/kotlin/KtNodeTypes CONDITION Lorg/jetbrains/kotlin/com/intellij/psi/tree/IElementType; org/jetbrains/kotlin/KtNodeType
staticfield org/jetbrains/kotlin/KtNodeTypes THEN Lorg/jetbrains/kotlin/com/intellij/psi/tree/IElementType; org/jetbrains/kotlin/KtNodeType
staticfield org/jetbrains/kotlin/KtNodeTypes ELSE Lorg/jetbrains/kotlin/com/intellij/psi/tree/IElementType; org/jetbrains/kotlin/KtNodeType
staticfield org/jetbrains/kotlin/KtNodeTypes TRY Lorg/jetbrains/kotlin/com/intellij/psi/tree/IElementType; org/jetbrains/kotlin/KtNodeType
staticfield org/jetbrains/kotlin/KtNodeTypes CATCH Lorg/jetbrains/kotlin/com/intellij/psi/tree/IElementType; org/jetbrains/kotlin/KtNodeType
staticfield org/jetbrains/kotlin/KtNodeTypes FINALLY Lorg/jetbrains/kotlin/com/intellij/psi/tree/IElementType; org/jetbrains/kotlin/KtNodeType
staticfield org/jetbrains/kotlin/KtNodeTypes FOR Lorg/jetbrains/kotlin/com/intellij/psi/tree/IElementType; org/jetbrains/kotlin/KtNodeType
staticfield org/jetbrains/kotlin/KtNodeTypes WHILE Lorg/jetbrains/kotlin/com/intellij/psi/tree/IElementType; org/jetbrains/kotlin/KtNodeType
staticfield org/jetbrains/kotlin/KtNodeTypes DO_WHILE Lorg/jetbrains/kotlin/com/intellij/psi/tree/IElementType; org/jetbrains/kotlin/KtNodeType
staticfield org/jetbrains/kotlin/KtNodeTypes LOOP_RANGE Lorg/jetbrains/kotlin/com/intellij/psi/tree/IElementType; org/jetbrains/kotlin/KtNodeType
staticfield org/jetbrains/kotlin/KtNodeTypes BODY Lorg/jetbrains/kotlin/com/intellij/psi/tree/IElementType; org/jetbrains/kotlin/KtNodeType
staticfield org/jetbrains/kotlin/KtNodeTypes BLOCK Lorg/jetbrains/kotlin/com/intellij/psi/tree/IElementType; org/jetbrains/kotlin/BlockExpressionElementType
staticfield org/jetbrains/kotlin/KtNodeTypes LAMBDA_EXPRESSION Lorg/jetbrains/kotlin/com/intellij/psi/tree/IElementType; org/jetbrains/kotlin/LambdaExpressionElementType
staticfield org/jetbrains/kotlin/KtNodeTypes FUNCTION_LITERAL Lorg/jetbrains/kotlin/com/intellij/psi/tree/IElementType; org/jetbrains/kotlin/KtNodeType
staticfield org/jetbrains/kotlin/KtNodeTypes ANNOTATED_EXPRESSION Lorg/jetbrains/kotlin/com/intellij/psi/tree/IElementType; org/jetbrains/kotlin/KtNodeType
staticfield org/jetbrains/kotlin/KtNodeTypes REFERENCE_EXPRESSION Lorg/jetbrains/kotlin/com/intellij/psi/tree/IElementType; org/jetbrains/kotlin/psi/stubs/elements/KtNameReferenceExpressionElementType
staticfield org/jetbrains/kotlin/KtNodeTypes ENUM_ENTRY_SUPERCLASS_REFERENCE_EXPRESSION Lorg/jetbrains/kotlin/com/intellij/psi/tree/IElementType; org/jetbrains/kotlin/psi/stubs/elements/KtEnumEntrySuperClassReferenceExpressionElementType
staticfield org/jetbrains/kotlin/KtNodeTypes OPERATION_REFERENCE Lorg/jetbrains/kotlin/com/intellij/psi/tree/IElementType; org/jetbrains/kotlin/KtNodeType
staticfield org/jetbrains/kotlin/KtNodeTypes LABEL Lorg/jetbrains/kotlin/com/intellij/psi/tree/IElementType; org/jetbrains/kotlin/KtNodeType
staticfield org/jetbrains/kotlin/KtNodeTypes LABEL_QUALIFIER Lorg/jetbrains/kotlin/com/intellij/psi/tree/IElementType; org/jetbrains/kotlin/KtNodeType
staticfield org/jetbrains/kotlin/KtNodeTypes THIS_EXPRESSION Lorg/jetbrains/kotlin/com/intellij/psi/tree/IElementType; org/jetbrains/kotlin/KtNodeType
staticfield org/jetbrains/kotlin/KtNodeTypes SUPER_EXPRESSION Lorg/jetbrains/kotlin/com/intellij/psi/tree/IElementType; org/jetbrains/kotlin/KtNodeType
staticfield org/jetbrains/kotlin/KtNodeTypes BINARY_EXPRESSION Lorg/jetbrains/kotlin/com/intellij/psi/tree/IElementType; org/jetbrains/kotlin/KtNodeType
staticfield org/jetbrains/kotlin/KtNodeTypes BINARY_WITH_TYPE Lorg/jetbrains/kotlin/com/intellij/psi/tree/IElementType; org/jetbrains/kotlin/KtNodeType
staticfield org/jetbrains/kotlin/KtNodeTypes IS_EXPRESSION Lorg/jetbrains/kotlin/com/intellij/psi/tree/IElementType; org/jetbrains/kotlin/KtNodeType
staticfield org/jetbrains/kotlin/KtNodeTypes PREFIX_EXPRESSION Lorg/jetbrains/kotlin/com/intellij/psi/tree/IElementType; org/jetbrains/kotlin/KtNodeType
staticfield org/jetbrains/kotlin/KtNodeTypes POSTFIX_EXPRESSION Lorg/jetbrains/kotlin/com/intellij/psi/tree/IElementType; org/jetbrains/kotlin/KtNodeType
staticfield org/jetbrains/kotlin/KtNodeTypes LABELED_EXPRESSION Lorg/jetbrains/kotlin/com/intellij/psi/tree/IElementType; org/jetbrains/kotlin/KtNodeType
staticfield org/jetbrains/kotlin/KtNodeTypes CALL_EXPRESSION Lorg/jetbrains/kotlin/com/intellij/psi/tree/IElementType; org/jetbrains/kotlin/KtNodeType
staticfield org/jetbrains/kotlin/KtNodeTypes ARRAY_ACCESS_EXPRESSION Lorg/jetbrains/kotlin/com/intellij/psi/tree/IElementType; org/jetbrains/kotlin/KtNodeType
staticfield org/jetbrains/kotlin/KtNodeTypes INDICES Lorg/jetbrains/kotlin/com/intellij/psi/tree/IElementType; org/jetbrains/kotlin/KtNodeType
staticfield org/jetbrains/kotlin/KtNodeTypes DOT_QUALIFIED_EXPRESSION Lorg/jetbrains/kotlin/com/intellij/psi/tree/IElementType; org/jetbrains/kotlin/psi/stubs/elements/KtDotQualifiedExpressionElementType
staticfield org/jetbrains/kotlin/KtNodeTypes CALLABLE_REFERENCE_EXPRESSION Lorg/jetbrains/kotlin/com/intellij/psi/tree/IElementType; org/jetbrains/kotlin/KtNodeType
staticfield org/jetbrains/kotlin/KtNodeTypes CLASS_LITERAL_EXPRESSION Lorg/jetbrains/kotlin/com/intellij/psi/tree/IElementType; org/jetbrains/kotlin/psi/stubs/elements/KtClassLiteralExpressionElementType
staticfield org/jetbrains/kotlin/KtNodeTypes SAFE_ACCESS_EXPRESSION Lorg/jetbrains/kotlin/com/intellij/psi/tree/IElementType; org/jetbrains/kotlin/KtNodeType
staticfield org/jetbrains/kotlin/KtNodeTypes OBJECT_LITERAL Lorg/jetbrains/kotlin/com/intellij/psi/tree/IElementType; org/jetbrains/kotlin/KtNodeType
staticfield org/jetbrains/kotlin/KtNodeTypes WHEN Lorg/jetbrains/kotlin/com/intellij/psi/tree/IElementType; org/jetbrains/kotlin/KtNodeType
staticfield org/jetbrains/kotlin/KtNodeTypes WHEN_ENTRY Lorg/jetbrains/kotlin/com/intellij/psi/tree/IElementType; org/jetbrains/kotlin/KtNodeType
staticfield org/jetbrains/kotlin/KtNodeTypes WHEN_ENTRY_GUARD Lorg/jetbrains/kotlin/com/intellij/psi/tree/IElementType; org/jetbrains/kotlin/KtNodeType
staticfield org/jetbrains/kotlin/KtNodeTypes WHEN_CONDITION_IN_RANGE Lorg/jetbrains/kotlin/com/intellij/psi/tree/IElementType; org/jetbrains/kotlin/KtNodeType
staticfield org/jetbrains/kotlin/KtNodeTypes WHEN_CONDITION_IS_PATTERN Lorg/jetbrains/kotlin/com/intellij/psi/tree/IElementType; org/jetbrains/kotlin/KtNodeType
staticfield org/jetbrains/kotlin/KtNodeTypes WHEN_CONDITION_EXPRESSION Lorg/jetbrains/kotlin/com/intellij/psi/tree/IElementType; org/jetbrains/kotlin/KtNodeType
staticfield org/jetbrains/kotlin/KtNodeTypes COLLECTION_LITERAL_EXPRESSION Lorg/jetbrains/kotlin/com/intellij/psi/tree/IElementType; org/jetbrains/kotlin/psi/stubs/elements/KtCollectionLiteralExpressionElementType
staticfield org/jetbrains/kotlin/KtNodeTypes PACKAGE_DIRECTIVE Lorg/jetbrains/kotlin/com/intellij/psi/tree/IElementType; org/jetbrains/kotlin/psi/stubs/elements/KtPlaceHolderStubElementType
staticfield org/jetbrains/kotlin/KtNodeTypes SCRIPT Lorg/jetbrains/kotlin/com/intellij/psi/tree/IElementType; org/jetbrains/kotlin/psi/stubs/elements/KtScriptElementType
staticfield org/jetbrains/kotlin/KtNodeTypes TYPE_CODE_FRAGMENT Lorg/jetbrains/kotlin/com/intellij/psi/tree/IFileElementType; org/jetbrains/kotlin/psi/KtTypeCodeFragmentType
staticfield org/jetbrains/kotlin/KtNodeTypes EXPRESSION_CODE_FRAGMENT Lorg/jetbrains/kotlin/com/intellij/psi/tree/IFileElementType; org/jetbrains/kotlin/psi/KtExpressionCodeFragmentType
staticfield org/jetbrains/kotlin/KtNodeTypes BLOCK_CODE_FRAGMENT Lorg/jetbrains/kotlin/com/intellij/psi/tree/IFileElementType; org/jetbrains/kotlin/psi/KtBlockCodeFragmentType
instanceKlass org/jetbrains/kotlin/KtNodeType$KtLeftBoundNodeType
ciInstanceKlass org/jetbrains/kotlin/KtNodeType 1 1 126 1 7 1 7 1 1 100 1 1 1 1 1 1 1 1 1 1 1 1 100 1 1 12 10 1 7 1 1 12 9 1 12 10 1 7 1 7 1 1 12 10 1 7 12 9 1 100 1 8 1 12 10 1 1 1 1 1 1 1 1 1 1 1 1 100 12 9 1 1 12 11 1 100 1 12 10 1 100 1 12 10 1 7 1 1 12 10 1 7 1 8 1 12 10 1 1 1 1 1 1 12 10 1 8 8 8 8 1 100 1 1 12 10 1 100 10 1 1 1 1 1 1 1 1 1
staticfield org/jetbrains/kotlin/KtNodeType $assertionsDisabled Z 1
instanceKlass org/jetbrains/kotlin/kdoc/psi/impl/KDocElementImpl
instanceKlass org/jetbrains/kotlin/psi/KtElementImpl
ciInstanceKlass org/jetbrains/kotlin/com/intellij/extapi/psi/ASTWrapperPsiElement 1 1 103 1 7 1 7 1 1 1 1 1 1 1 1 12 10 1 12 10 12 9 1 1 1 1 1 1 1 12 10 1 7 1 12 10 1 100 1 1 1 100 10 1 100 1 1 12 10 1 100 1 12 10 1 1 12 10 1 8 1 1 12 11 1 12 10 1 8 12 10 1 8 1 8 1 100 1 100 8 8 8 8 1 1 12 10 1 100 1 12 10 1 100 10 1 100 1 1 1 1 1 1 1 1
instanceKlass org/jetbrains/kotlin/kdoc/psi/impl/KDocName
instanceKlass org/jetbrains/kotlin/psi/KtSelfType
instanceKlass org/jetbrains/kotlin/psi/KtWhenCondition
instanceKlass org/jetbrains/kotlin/psi/KtWhenEntryGuard
instanceKlass org/jetbrains/kotlin/psi/KtWhenEntry
instanceKlass org/jetbrains/kotlin/psi/KtFinallySection
instanceKlass org/jetbrains/kotlin/psi/KtCatchClause
instanceKlass org/jetbrains/kotlin/psi/KtContainerNode
instanceKlass org/jetbrains/kotlin/psi/KtConstructorDelegationCall
instanceKlass org/jetbrains/kotlin/psi/KtPropertyDelegate
instanceKlass org/jetbrains/kotlin/psi/KtExpressionImpl
ciInstanceKlass org/jetbrains/kotlin/psi/KtElementImpl 1 1 216 1 7 1 7 1 100 1 1 1 1 1 1 12 10 12 10 1 1 1 1 1 1 1 100 1 1 12 9 1 1 1 1 12 10 1 100 1 1 12 11 1 100 12 10 1 1 1 7 1 12 10 1 100 1 1 12 10 1 1 1 1 1 1 12 10 1 100 1 100 1 1 12 11 1 100 1 12 10 1 8 1 1 12 10 1 12 11 10 1 8 1 100 1 100 1 8 1 12 10 1 8 1 8 1 100 1 1 12 10 1 8 1 12 10 1 1 1 1 1 1 1 1 7 1 1 12 10 1 1 1 1 1 1 1 1 12 10 1 1 1 100 1 100 1 1 12 10 12 10 1 1 1 1 12 10 1 1 1 100 1 1 12 10 100 1 1 1 1 1 7 1 1 12 10 12 10 1 100 1 1 1 8 1 8 1 100 8 8 8 8 8 8 8 8 8 8 1 1 12 10 1 100 10 1 100 1 1 1 1 1 1 1 1 1 1
instanceKlass org/jetbrains/kotlin/psi/KtWhenExpression
instanceKlass org/jetbrains/kotlin/psi/KtObjectLiteralExpression
instanceKlass org/jetbrains/kotlin/psi/KtSafeQualifiedExpression
instanceKlass org/jetbrains/kotlin/psi/KtCallableReferenceExpression
instanceKlass org/jetbrains/kotlin/psi/KtArrayAccessExpression
instanceKlass org/jetbrains/kotlin/psi/KtCallExpression
instanceKlass org/jetbrains/kotlin/psi/KtUnaryExpression
instanceKlass org/jetbrains/kotlin/psi/KtIsExpression
instanceKlass org/jetbrains/kotlin/psi/KtBinaryExpressionWithTypeRHS
instanceKlass org/jetbrains/kotlin/psi/KtBinaryExpression
instanceKlass org/jetbrains/kotlin/psi/KtSimpleNameExpressionImpl
instanceKlass org/jetbrains/kotlin/psi/KtAnnotatedExpression
instanceKlass org/jetbrains/kotlin/psi/KtLoopExpression
instanceKlass org/jetbrains/kotlin/psi/KtTryExpression
instanceKlass org/jetbrains/kotlin/psi/KtIfExpression
instanceKlass org/jetbrains/kotlin/psi/KtThrowExpression
instanceKlass org/jetbrains/kotlin/psi/KtExpressionWithLabel
instanceKlass org/jetbrains/kotlin/psi/KtParenthesizedExpression
instanceKlass org/jetbrains/kotlin/psi/KtConstructorDelegationReferenceExpression
instanceKlass org/jetbrains/kotlin/psi/KtDeclarationImpl
ciInstanceKlass org/jetbrains/kotlin/psi/KtExpressionImpl 1 1 134 1 7 1 7 1 7 1 1 1 3 3 1 3 1 3 1 1 1 1 1 1 1 1 1 1 1 1 1 1 1 1 1 1 1 1 1 1 1 1 1 1 1 7 1 1 1 8 1 7 1 1 12 10 12 10 1 1 8 1 7 1 1 12 10 1 1 1 8 1 1 12 10 1 7 1 1 12 10 1 1 1 8 12 9 1 16 1 1 12 10 15 16 1 100 1 1 12 10 15 1 1 12 18 1 1 12 10 1 8 12 10 1 8 1 12 10 1 1 1 1 12 10 1 1 1 1 1 1 1 1 1 1 1
staticfield org/jetbrains/kotlin/psi/KtExpressionImpl Companion Lorg/jetbrains/kotlin/psi/KtExpressionImpl$Companion; org/jetbrains/kotlin/psi/KtExpressionImpl$Companion
ciInstanceKlass org/jetbrains/kotlin/psi/KtParenthesizedExpression 1 1 76 1 7 1 7 1 1 1 1 1 1 12 10 12 10 1 1 1 1 1 1 1 1 7 1 1 12 10 1 1 1 1 1 1 1 1 1 1 1 7 1 1 12 10 1 8 1 100 1 100 1 100 8 8 8 8 8 1 1 12 10 1 100 1 12 10 1 1 1 1 1 1 1 1 1 1
instanceKlass org/jetbrains/kotlin/psi/KtLabeledExpression
instanceKlass org/jetbrains/kotlin/psi/KtInstanceExpressionWithLabel
instanceKlass org/jetbrains/kotlin/psi/KtBreakExpression
instanceKlass org/jetbrains/kotlin/psi/KtContinueExpression
instanceKlass org/jetbrains/kotlin/psi/KtReturnExpression
ciInstanceKlass org/jetbrains/kotlin/psi/KtExpressionWithLabel 1 1 108 1 7 1 7 1 1 1 3 3 1 3 1 3 1 1 1 1 1 1 1 1 1 1 1 1 1 1 1 1 1 1 1 1 1 1 1 1 1 1 1 1 1 1 8 1 7 1 1 12 10 12 10 1 1 1 12 10 1 7 1 1 12 9 1 7 1 1 12 10 1 7 1 12 9 10 1 12 10 1 12 11 1 100 1 1 12 11 1 100 1 8 1 100 1 1 12 10 1 1 1 1 1 1 1 1 1 1
ciInstanceKlass org/jetbrains/kotlin/psi/KtIfExpression 1 1 123 1 7 1 7 1 1 1 1 1 1 12 10 12 10 1 1 1 1 1 1 1 1 7 1 1 12 10 1 1 1 1 1 1 1 1 1 1 1 7 1 1 12 9 1 1 12 10 1 1 1 100 1 1 12 9 1 1 12 10 1 1 12 9 1 1 12 9 1 1 12 9 1 1 1 12 9 1 1 12 9 1 100 1 8 1 8 1 100 1 100 1 100 8 8 8 8 8 8 1 1 12 10 1 100 1 12 10 1 100 10 1 100 1 1 1 1 1 1 1 1 1 1
ciInstanceKlass org/jetbrains/kotlin/psi/KtAnnotatedExpression 1 1 110 1 7 1 7 1 100 1 100 1 1 1 1 1 1 12 10 12 10 1 1 1 1 1 1 1 1 7 1 1 12 10 1 1 1 1 1 1 1 1 1 1 7 1 1 12 10 1 1 1 1 100 1 1 12 9 1 1 12 10 1 100 1 1 1 7 1 1 12 10 1 8 1 8 1 100 1 100 1 100 8 8 8 8 8 8 8 1 1 12 10 1 100 1 12 10 1 100 10 1 100 1 1 1 1 1 1 1 1 1
instanceKlass org/jetbrains/kotlin/psi/KtLabelReferenceExpression
instanceKlass org/jetbrains/kotlin/psi/KtOperationReferenceExpression
ciInstanceKlass org/jetbrains/kotlin/psi/KtSimpleNameExpressionImpl 1 1 122 1 7 1 7 1 7 1 1 1 3 3 1 3 1 3 1 1 1 1 1 1 1 1 1 1 1 1 1 1 1 1 1 1 1 1 1 1 1 1 1 1 1 1 7 1 1 1 8 1 7 1 1 12 10 12 10 1 1 1 1 7 1 1 12 9 1 7 1 1 12 10 1 12 9 1 1 12 10 1 8 1 7 1 1 12 10 1 1 1 1 12 10 1 1 1 12 10 1 1 1 12 10 1 1 1 1 1 1 1 1 1 1 100 1 8 1 1 12 10 1 1
staticfield org/jetbrains/kotlin/psi/KtSimpleNameExpressionImpl Companion Lorg/jetbrains/kotlin/psi/KtSimpleNameExpressionImpl$Companion; org/jetbrains/kotlin/psi/KtSimpleNameExpressionImpl$Companion
ciInstanceKlass org/jetbrains/kotlin/psi/KtOperationReferenceExpression 1 1 91 1 7 1 7 1 1 1 3 3 1 3 1 3 1 1 1 1 1 1 1 1 1 1 1 1 1 1 1 1 1 1 1 1 1 8 1 7 1 1 12 10 12 10 1 1 1 7 1 1 12 9 1 1 12 10 1 100 1 12 10 1 7 1 1 12 10 1 100 1 7 1 12 10 1 7 1 7 1 1 12 10 1 1 1 1 1 1 1 1 1
instanceKlass org/jetbrains/kotlin/psi/KtSuperExpression
instanceKlass org/jetbrains/kotlin/psi/KtThisExpression
ciInstanceKlass org/jetbrains/kotlin/psi/KtInstanceExpressionWithLabel 1 1 68 1 7 1 7 1 1 1 1 1 1 12 10 12 10 1 1 1 1 1 1 1 7 1 1 12 9 1 1 12 10 1 7 1 8 1 8 1 100 1 100 1 100 8 8 8 8 1 1 12 10 1 100 1 12 10 1 100 10 1 100 1 1 1 1 1 1 1
ciInstanceKlass org/jetbrains/kotlin/psi/KtThisExpression 1 1 64 1 100 1 7 1 1 1 1 1 1 12 10 12 10 1 1 1 1 1 1 1 1 7 1 1 12 10 1 1 1 1 1 1 1 8 1 100 1 100 1 100 8 8 8 8 8 1 1 12 10 1 100 1 12 10 1 1 1 1 1 1 1 1
ciInstanceKlass org/jetbrains/kotlin/psi/KtBinaryExpression 1 1 156 1 7 1 7 1 100 1 1 1 1 1 1 12 10 12 10 1 1 1 1 1 1 1 1 7 1 1 12 10 1 1 1 1 1 1 1 1 1 1 1 1 12 10 1 7 1 1 12 10 1 7 1 12 11 1 1 12 11 1 7 1 1 1 1 12 11 1 7 1 1 12 9 1 1 12 10 1 100 1 100 1 12 10 1 8 1 1 12 10 1 1 12 10 1 100 1 1 12 10 1 12 10 1 12 10 1 100 1 1 1 1 12 10 1 100 1 1 8 1 8 1 100 1 100 1 100 8 8 8 8 8 8 8 1 1 12 10 1 100 10 1 100 10 1 100 1 1 1 1 1 1 1 1 1 1
ciInstanceKlass org/jetbrains/kotlin/psi/KtBinaryExpressionWithTypeRHS 1 1 140 1 7 1 7 1 100 1 1 1 1 1 1 1 1 12 10 12 10 1 1 1 1 1 1 1 1 7 1 1 12 10 1 1 1 1 1 1 1 1 1 7 1 1 12 10 12 9 1 100 1 12 10 1 1 1 1 1 1 1 1 12 10 1 7 1 1 12 11 1 7 1 1 12 11 1 7 1 12 11 1 1 1 7 1 1 12 9 1 1 12 10 1 1 7 1 1 12 10 1 8 1 8 1 100 1 100 1 100 8 8 8 8 8 8 8 1 1 12 10 1 100 1 12 10 1 100 10 1 100 1 1 1 1 1 1 1 1 1 1
staticfield org/jetbrains/kotlin/psi/KtBinaryExpressionWithTypeRHS $assertionsDisabled Z 1
instanceKlass org/jetbrains/kotlin/psi/KtPostfixExpression
instanceKlass org/jetbrains/kotlin/psi/KtPrefixExpression
ciInstanceKlass org/jetbrains/kotlin/psi/KtUnaryExpression 1 1 70 1 7 1 7 1 100 1 1 1 12 10 1 1 1 1 1 1 1 1 1 1 1 1 7 1 1 12 9 1 1 12 10 1 7 1 1 12 10 1 1 12 10 1 12 11 1 8 1 100 8 8 1 100 1 1 12 10 1 100 1 12 10 1 1 1 1 1 1 1
ciInstanceKlass org/jetbrains/kotlin/psi/KtPrefixExpression 1 1 82 1 7 1 7 1 1 1 1 1 1 12 10 12 10 1 1 1 1 1 1 1 1 7 1 1 12 10 1 1 1 1 1 1 1 1 1 1 1 1 12 10 1 7 1 7 1 1 12 10 1 8 1 100 1 100 1 100 8 8 8 8 8 1 1 12 10 1 100 1 12 10 1 1 1 1 1 1 1 1 1 1
ciInstanceKlass org/jetbrains/kotlin/psi/KtPostfixExpression 1 1 82 1 7 1 7 1 1 1 1 1 1 12 10 12 10 1 1 1 1 1 1 1 1 1 1 12 10 1 7 1 7 1 1 12 10 1 1 1 1 7 1 1 12 10 1 1 1 1 1 1 1 8 1 100 1 100 1 100 8 8 8 8 8 1 1 12 10 1 100 1 12 10 1 1 1 1 1 1 1 1 1 1
ciInstanceKlass org/jetbrains/kotlin/psi/KtLabeledExpression 1 1 141 1 7 1 7 1 100 1 1 1 3 3 1 3 1 3 1 1 1 1 1 1 1 1 1 1 1 1 1 1 1 1 1 1 1 1 1 1 1 1 1 1 1 1 1 1 1 1 1 8 1 7 1 1 12 10 12 10 1 1 1 1 7 1 1 12 10 1 8 1 7 1 1 12 10 1 1 1 12 10 1 8 1 1 12 10 1 100 1 1 12 10 1 8 1 12 10 1 12 10 1 1 12 10 1 1 12 10 1 100 1 100 1 1 12 11 1 1 1 12 11 1 1 100 1 12 10 1 12 10 1 100 1 1 1 1 1 1 1 1 1
ciInstanceKlass org/jetbrains/kotlin/psi/KtSafeQualifiedExpression 1 1 62 1 100 1 7 1 100 1 1 1 3 3 1 3 1 3 1 1 1 1 1 1 1 1 1 1 1 1 1 1 1 1 1 1 1 1 8 1 7 1 1 12 10 12 10 1 1 8 1 7 1 1 12 10 1 1 1 1 1 1 1 1
ciInstanceKlass org/jetbrains/kotlin/psi/KtWhenExpression 1 1 160 1 7 1 7 1 1 1 1 1 1 12 10 12 10 1 1 1 1 1 1 1 1 7 1 1 12 9 1 1 12 10 1 7 1 1 1 1 7 1 1 12 10 1 1 1 7 1 1 1 1 7 1 1 12 10 1 1 1 1 1 1 1 1 1 7 1 1 12 9 1 1 12 10 1 100 1 1 1 12 9 1 1 12 9 1 1 12 9 1 1 12 9 1 12 10 1 1 12 11 1 7 1 1 12 11 1 1 12 11 1 7 1 12 10 1 12 10 1 1 1 8 1 8 1 100 1 100 1 100 8 8 8 8 8 8 8 1 1 12 10 1 100 1 12 10 1 100 10 1 100 1 1 1 1 1 1 1 1 1
ciInstanceKlass org/jetbrains/kotlin/resolve/BindingContext 1 1 472 1 7 1 100 1 1 7 1 7 1 7 1 100 1 100 1 1 7 1 7 1 1 1 1 1 1 1 1 1 1 1 1 1 1 1 1 1 1 1 1 1 1 1 1 1 1 1 1 1 1 1 1 1 1 1 1 1 1 1 1 1 1 1 1 1 1 1 1 1 1 1 1 1 1 1 1 1 1 1 1 1 1 1 1 1 1 1 1 1 1 1 1 1 1 1 1 1 1 1 1 1 1 1 1 1 1 1 1 1 1 1 1 1 1 1 1 1 1 1 1 1 1 1 1 1 1 1 1 1 1 1 1 1 1 1 1 1 1 1 1 1 1 1 1 1 1 1 1 1 1 1 1 1 1 1 1 1 1 1 1 1 1 1 1 1 1 1 1 1 1 1 1 1 1 1 1 1 1 1 1 1 1 1 1 1 1 1 1 1 1 1 1 1 1 1 1 1 1 1 1 1 1 1 1 1 1 1 1 1 1 1 1 1 1 1 1 1 1 1 1 1 1 12 10 12 9 1 1 12 10 12 9 1 7 1 1 12 9 1 12 10 12 9 12 9 12 9 1 7 1 12 9 12 9 12 9 12 9 12 9 12 9 12 9 12 9 12 9 12 9 12 9 12 9 12 9 12 9 12 9 12 9 12 9 12 9 12 9 12 9 12 9 12 9 12 9 12 9 12 9 12 9 12 9 12 9 12 9 12 9 12 9 12 9 12 9 12 9 12 9 12 9 12 9 12 9 12 9 12 9 12 9 12 9 12 9 12 9 12 9 12 9 12 9 12 9 12 9 1 12 10 12 9 12 9 12 9 12 9 12 9 12 9 12 9 12 9 1 12 10 12 9 10 12 9 12 9 12 9 12 9 12 9 10 12 9 12 9 12 9 12 9 12 9 12 9 12 9 12 9 12 9 12 9 12 9 12 9 12 9 1 7 12 9 1 1 12 10 1 1 12 10 1 12 10 12 9 12 9 12 9 12 9 12 9 12 9 12 9 1 12 10 12 9 12 9 12 9 12 9 12 9 12 9 12 9 1 1 12 10 12 9 1 1 1 1 1 1 1 1 1
staticfield org/jetbrains/kotlin/resolve/BindingContext EMPTY Lorg/jetbrains/kotlin/resolve/BindingContext; org/jetbrains/kotlin/resolve/BindingContext$1
staticfield org/jetbrains/kotlin/resolve/BindingContext ANNOTATION Lorg/jetbrains/kotlin/util/slicedMap/WritableSlice; org/jetbrains/kotlin/util/slicedMap/BasicWritableSlice
staticfield org/jetbrains/kotlin/resolve/BindingContext COMPILE_TIME_VALUE Lorg/jetbrains/kotlin/util/slicedMap/WritableSlice; org/jetbrains/kotlin/util/slicedMap/BasicWritableSlice
staticfield org/jetbrains/kotlin/resolve/BindingContext TYPE Lorg/jetbrains/kotlin/util/slicedMap/WritableSlice; org/jetbrains/kotlin/util/slicedMap/BasicWritableSlice
staticfield org/jetbrains/kotlin/resolve/BindingContext ABBREVIATED_TYPE Lorg/jetbrains/kotlin/util/slicedMap/WritableSlice; org/jetbrains/kotlin/util/slicedMap/BasicWritableSlice
staticfield org/jetbrains/kotlin/resolve/BindingContext EXPRESSION_TYPE_INFO Lorg/jetbrains/kotlin/util/slicedMap/WritableSlice; org/jetbrains/kotlin/util/slicedMap/BasicWritableSlice
staticfield org/jetbrains/kotlin/resolve/BindingContext DATA_FLOW_INFO_BEFORE Lorg/jetbrains/kotlin/util/slicedMap/WritableSlice; org/jetbrains/kotlin/util/slicedMap/BasicWritableSlice
staticfield org/jetbrains/kotlin/resolve/BindingContext EXPECTED_EXPRESSION_TYPE Lorg/jetbrains/kotlin/util/slicedMap/WritableSlice; org/jetbrains/kotlin/util/slicedMap/BasicWritableSlice
staticfield org/jetbrains/kotlin/resolve/BindingContext EXPRESSION_EFFECTS Lorg/jetbrains/kotlin/util/slicedMap/WritableSlice; org/jetbrains/kotlin/util/slicedMap/BasicWritableSlice
staticfield org/jetbrains/kotlin/resolve/BindingContext CONTRACT_NOT_ALLOWED Lorg/jetbrains/kotlin/util/slicedMap/WritableSlice; org/jetbrains/kotlin/util/slicedMap/BasicWritableSlice
staticfield org/jetbrains/kotlin/resolve/BindingContext IS_CONTRACT_DECLARATION_BLOCK Lorg/jetbrains/kotlin/util/slicedMap/WritableSlice; org/jetbrains/kotlin/util/slicedMap/BasicWritableSlice
staticfield org/jetbrains/kotlin/resolve/BindingContext EXPECTED_RETURN_TYPE Lorg/jetbrains/kotlin/util/slicedMap/WritableSlice; org/jetbrains/kotlin/util/slicedMap/BasicWritableSlice
staticfield org/jetbrains/kotlin/resolve/BindingContext DATAFLOW_INFO_AFTER_CONDITION Lorg/jetbrains/kotlin/util/slicedMap/WritableSlice; org/jetbrains/kotlin/util/slicedMap/BasicWritableSlice
staticfield org/jetbrains/kotlin/resolve/BindingContext BOUND_INITIALIZER_VALUE Lorg/jetbrains/kotlin/util/slicedMap/WritableSlice; org/jetbrains/kotlin/util/slicedMap/BasicWritableSlice
staticfield org/jetbrains/kotlin/resolve/BindingContext LEAKING_THIS Lorg/jetbrains/kotlin/util/slicedMap/WritableSlice; org/jetbrains/kotlin/util/slicedMap/BasicWritableSlice
staticfield org/jetbrains/kotlin/resolve/BindingContext UNUSED_MAIN_PARAMETER Lorg/jetbrains/kotlin/util/slicedMap/WritableSlice; org/jetbrains/kotlin/util/slicedMap/BasicWritableSlice
staticfield org/jetbrains/kotlin/resolve/BindingContext UNUSED_DELEGATED_PROPERTY_OPERATOR_PARAMETER Lorg/jetbrains/kotlin/util/slicedMap/WritableSlice; org/jetbrains/kotlin/util/slicedMap/BasicWritableSlice
staticfield org/jetbrains/kotlin/resolve/BindingContext QUALIFIER Lorg/jetbrains/kotlin/util/slicedMap/WritableSlice; org/jetbrains/kotlin/util/slicedMap/BasicWritableSlice
staticfield org/jetbrains/kotlin/resolve/BindingContext DOUBLE_COLON_LHS Lorg/jetbrains/kotlin/util/slicedMap/WritableSlice; org/jetbrains/kotlin/util/slicedMap/BasicWritableSlice
staticfield org/jetbrains/kotlin/resolve/BindingContext THIS_TYPE_FOR_SUPER_EXPRESSION Lorg/jetbrains/kotlin/util/slicedMap/WritableSlice; org/jetbrains/kotlin/util/slicedMap/BasicWritableSlice
staticfield org/jetbrains/kotlin/resolve/BindingContext SUPER_EXPRESSION_FROM_ANY_MIGRATION Lorg/jetbrains/kotlin/util/slicedMap/WritableSlice; org/jetbrains/kotlin/util/slicedMap/BasicWritableSlice
staticfield org/jetbrains/kotlin/resolve/BindingContext REFERENCE_TARGET Lorg/jetbrains/kotlin/util/slicedMap/WritableSlice; org/jetbrains/kotlin/util/slicedMap/BasicWritableSlice
staticfield org/jetbrains/kotlin/resolve/BindingContext THIS_REFERENCE_TARGET Lorg/jetbrains/kotlin/util/slicedMap/WritableSlice; org/jetbrains/kotlin/util/slicedMap/BasicWritableSlice
staticfield org/jetbrains/kotlin/resolve/BindingContext SHORT_REFERENCE_TO_COMPANION_OBJECT Lorg/jetbrains/kotlin/util/slicedMap/WritableSlice; org/jetbrains/kotlin/util/slicedMap/BasicWritableSlice
staticfield org/jetbrains/kotlin/resolve/BindingContext RESOLVED_CALL Lorg/jetbrains/kotlin/util/slicedMap/WritableSlice; org/jetbrains/kotlin/util/slicedMap/BasicWritableSlice
staticfield org/jetbrains/kotlin/resolve/BindingContext ONLY_RESOLVED_CALL Lorg/jetbrains/kotlin/util/slicedMap/WritableSlice; org/jetbrains/kotlin/util/slicedMap/BasicWritableSlice
staticfield org/jetbrains/kotlin/resolve/BindingContext PARTIAL_CALL_RESOLUTION_CONTEXT Lorg/jetbrains/kotlin/util/slicedMap/WritableSlice; org/jetbrains/kotlin/util/slicedMap/BasicWritableSlice
staticfield org/jetbrains/kotlin/resolve/BindingContext DELEGATE_EXPRESSION_TO_PROVIDE_DELEGATE_CALL Lorg/jetbrains/kotlin/util/slicedMap/WritableSlice; org/jetbrains/kotlin/util/slicedMap/BasicWritableSlice
staticfield org/jetbrains/kotlin/resolve/BindingContext TAIL_RECURSION_CALL Lorg/jetbrains/kotlin/util/slicedMap/WritableSlice; org/jetbrains/kotlin/util/slicedMap/BasicWritableSlice
staticfield org/jetbrains/kotlin/resolve/BindingContext CONSTRAINT_SYSTEM_COMPLETER Lorg/jetbrains/kotlin/util/slicedMap/WritableSlice; org/jetbrains/kotlin/util/slicedMap/BasicWritableSlice
staticfield org/jetbrains/kotlin/resolve/BindingContext CALL Lorg/jetbrains/kotlin/util/slicedMap/WritableSlice; org/jetbrains/kotlin/util/slicedMap/BasicWritableSlice
staticfield org/jetbrains/kotlin/resolve/BindingContext AMBIGUOUS_REFERENCE_TARGET Lorg/jetbrains/kotlin/util/slicedMap/WritableSlice; org/jetbrains/kotlin/util/slicedMap/BasicWritableSlice
staticfield org/jetbrains/kotlin/resolve/BindingContext LOOP_RANGE_ITERATOR_RESOLVED_CALL Lorg/jetbrains/kotlin/util/slicedMap/WritableSlice; org/jetbrains/kotlin/util/slicedMap/BasicWritableSlice
staticfield org/jetbrains/kotlin/resolve/BindingContext LOOP_RANGE_HAS_NEXT_RESOLVED_CALL Lorg/jetbrains/kotlin/util/slicedMap/WritableSlice; org/jetbrains/kotlin/util/slicedMap/BasicWritableSlice
staticfield org/jetbrains/kotlin/resolve/BindingContext LOOP_RANGE_NEXT_RESOLVED_CALL Lorg/jetbrains/kotlin/util/slicedMap/WritableSlice; org/jetbrains/kotlin/util/slicedMap/BasicWritableSlice
staticfield org/jetbrains/kotlin/resolve/BindingContext ENCLOSING_SUSPEND_FUNCTION_FOR_SUSPEND_FUNCTION_CALL Lorg/jetbrains/kotlin/util/slicedMap/WritableSlice; org/jetbrains/kotlin/util/slicedMap/BasicWritableSlice
staticfield org/jetbrains/kotlin/resolve/BindingContext DELEGATED_PROPERTY_RESOLVED_CALL Lorg/jetbrains/kotlin/util/slicedMap/WritableSlice; org/jetbrains/kotlin/util/slicedMap/BasicWritableSlice
staticfield org/jetbrains/kotlin/resolve/BindingContext DELEGATED_PROPERTY_CALL Lorg/jetbrains/kotlin/util/slicedMap/WritableSlice; org/jetbrains/kotlin/util/slicedMap/BasicWritableSlice
staticfield org/jetbrains/kotlin/resolve/BindingContext PROVIDE_DELEGATE_RESOLVED_CALL Lorg/jetbrains/kotlin/util/slicedMap/WritableSlice; org/jetbrains/kotlin/util/slicedMap/BasicWritableSlice
staticfield org/jetbrains/kotlin/resolve/BindingContext PROVIDE_DELEGATE_CALL Lorg/jetbrains/kotlin/util/slicedMap/WritableSlice; org/jetbrains/kotlin/util/slicedMap/BasicWritableSlice
staticfield org/jetbrains/kotlin/resolve/BindingContext COMPONENT_RESOLVED_CALL Lorg/jetbrains/kotlin/util/slicedMap/WritableSlice; org/jetbrains/kotlin/util/slicedMap/BasicWritableSlice
staticfield org/jetbrains/kotlin/resolve/BindingContext INDEXED_LVALUE_GET Lorg/jetbrains/kotlin/util/slicedMap/WritableSlice; org/jetbrains/kotlin/util/slicedMap/BasicWritableSlice
staticfield org/jetbrains/kotlin/resolve/BindingContext INDEXED_LVALUE_SET Lorg/jetbrains/kotlin/util/slicedMap/WritableSlice; org/jetbrains/kotlin/util/slicedMap/BasicWritableSlice
staticfield org/jetbrains/kotlin/resolve/BindingContext COLLECTION_LITERAL_CALL Lorg/jetbrains/kotlin/util/slicedMap/WritableSlice; org/jetbrains/kotlin/util/slicedMap/BasicWritableSlice
staticfield org/jetbrains/kotlin/resolve/BindingContext SMARTCAST Lorg/jetbrains/kotlin/util/slicedMap/WritableSlice; org/jetbrains/kotlin/util/slicedMap/BasicWritableSlice
staticfield org/jetbrains/kotlin/resolve/BindingContext UNSTABLE_SMARTCAST Lorg/jetbrains/kotlin/util/slicedMap/WritableSlice; org/jetbrains/kotlin/util/slicedMap/BasicWritableSlice
staticfield org/jetbrains/kotlin/resolve/BindingContext SMARTCAST_NULL Lorg/jetbrains/kotlin/util/slicedMap/WritableSlice; org/jetbrains/kotlin/util/slicedMap/BasicWritableSlice
staticfield org/jetbrains/kotlin/resolve/BindingContext IMPLICIT_RECEIVER_SMARTCAST Lorg/jetbrains/kotlin/util/slicedMap/WritableSlice; org/jetbrains/kotlin/util/slicedMap/BasicWritableSlice
staticfield org/jetbrains/kotlin/resolve/BindingContext EXHAUSTIVE_WHEN Lorg/jetbrains/kotlin/util/slicedMap/WritableSlice; org/jetbrains/kotlin/util/slicedMap/BasicWritableSlice
staticfield org/jetbrains/kotlin/resolve/BindingContext IMPLICIT_EXHAUSTIVE_WHEN Lorg/jetbrains/kotlin/util/slicedMap/WritableSlice; org/jetbrains/kotlin/util/slicedMap/BasicWritableSlice
staticfield org/jetbrains/kotlin/resolve/BindingContext LEXICAL_SCOPE Lorg/jetbrains/kotlin/util/slicedMap/WritableSlice; org/jetbrains/kotlin/util/slicedMap/BasicWritableSlice
staticfield org/jetbrains/kotlin/resolve/BindingContext SCRIPT_SCOPE Lorg/jetbrains/kotlin/util/slicedMap/WritableSlice; org/jetbrains/kotlin/util/slicedMap/BasicWritableSlice
staticfield org/jetbrains/kotlin/resolve/BindingContext VARIABLE_REASSIGNMENT Lorg/jetbrains/kotlin/util/slicedMap/WritableSlice; org/jetbrains/kotlin/util/slicedMap/BasicWritableSlice
staticfield org/jetbrains/kotlin/resolve/BindingContext AUTO_CREATED_IT Lorg/jetbrains/kotlin/util/slicedMap/WritableSlice; org/jetbrains/kotlin/util/slicedMap/SetSlice
staticfield org/jetbrains/kotlin/resolve/BindingContext SUSPEND_LAMBDA_PARAMETER_USED Lorg/jetbrains/kotlin/util/slicedMap/WritableSlice; org/jetbrains/kotlin/util/slicedMap/BasicWritableSlice
staticfield org/jetbrains/kotlin/resolve/BindingContext MARKED_EQUALIY_CALL_PROPER_IN_BUILDER_INFERENCE Lorg/jetbrains/kotlin/util/slicedMap/WritableSlice; org/jetbrains/kotlin/util/slicedMap/BasicWritableSlice
staticfield org/jetbrains/kotlin/resolve/BindingContext PROCESSED Lorg/jetbrains/kotlin/util/slicedMap/WritableSlice; org/jetbrains/kotlin/util/slicedMap/BasicWritableSlice
staticfield org/jetbrains/kotlin/resolve/BindingContext USED_AS_EXPRESSION Lorg/jetbrains/kotlin/util/slicedMap/WritableSlice; org/jetbrains/kotlin/util/slicedMap/BasicWritableSlice
staticfield org/jetbrains/kotlin/resolve/BindingContext USED_AS_RESULT_OF_LAMBDA Lorg/jetbrains/kotlin/util/slicedMap/WritableSlice; org/jetbrains/kotlin/util/slicedMap/SetSlice
staticfield org/jetbrains/kotlin/resolve/BindingContext CAPTURED_IN_CLOSURE Lorg/jetbrains/kotlin/util/slicedMap/WritableSlice; org/jetbrains/kotlin/util/slicedMap/BasicWritableSlice
staticfield org/jetbrains/kotlin/resolve/BindingContext PRELIMINARY_VISITOR Lorg/jetbrains/kotlin/util/slicedMap/WritableSlice; org/jetbrains/kotlin/util/slicedMap/BasicWritableSlice
staticfield org/jetbrains/kotlin/resolve/BindingContext DEFERRED_TYPE Lorg/jetbrains/kotlin/util/slicedMap/WritableSlice; org/jetbrains/kotlin/util/slicedMap/SetSlice
staticfield org/jetbrains/kotlin/resolve/BindingContext BACKING_FIELD_REQUIRED Lorg/jetbrains/kotlin/util/slicedMap/WritableSlice; org/jetbrains/kotlin/resolve/BindingContext$2
staticfield org/jetbrains/kotlin/resolve/BindingContext IS_UNINITIALIZED Lorg/jetbrains/kotlin/util/slicedMap/WritableSlice; org/jetbrains/kotlin/util/slicedMap/SetSlice
staticfield org/jetbrains/kotlin/resolve/BindingContext IS_DEFINITELY_NOT_ASSIGNED_IN_CONSTRUCTOR Lorg/jetbrains/kotlin/util/slicedMap/WritableSlice; org/jetbrains/kotlin/util/slicedMap/SetSlice
staticfield org/jetbrains/kotlin/resolve/BindingContext MUST_BE_LATEINIT Lorg/jetbrains/kotlin/util/slicedMap/WritableSlice; org/jetbrains/kotlin/util/slicedMap/SetSlice
staticfield org/jetbrains/kotlin/resolve/BindingContext LAMBDA_INVOCATIONS Lorg/jetbrains/kotlin/util/slicedMap/WritableSlice; org/jetbrains/kotlin/util/slicedMap/BasicWritableSlice
staticfield org/jetbrains/kotlin/resolve/BindingContext BLOCK Lorg/jetbrains/kotlin/util/slicedMap/WritableSlice; org/jetbrains/kotlin/resolve/BindingContext$3
staticfield org/jetbrains/kotlin/resolve/BindingContext CLASS Lorg/jetbrains/kotlin/util/slicedMap/WritableSlice; org/jetbrains/kotlin/util/slicedMap/BasicWritableSlice
staticfield org/jetbrains/kotlin/resolve/BindingContext SCRIPT Lorg/jetbrains/kotlin/util/slicedMap/WritableSlice; org/jetbrains/kotlin/util/slicedMap/BasicWritableSlice
staticfield org/jetbrains/kotlin/resolve/BindingContext TYPE_PARAMETER Lorg/jetbrains/kotlin/util/slicedMap/WritableSlice; org/jetbrains/kotlin/util/slicedMap/BasicWritableSlice
staticfield org/jetbrains/kotlin/resolve/BindingContext FUNCTION Lorg/jetbrains/kotlin/util/slicedMap/WritableSlice; org/jetbrains/kotlin/util/slicedMap/BasicWritableSlice
staticfield org/jetbrains/kotlin/resolve/BindingContext CONSTRUCTOR Lorg/jetbrains/kotlin/util/slicedMap/WritableSlice; org/jetbrains/kotlin/util/slicedMap/BasicWritableSlice
staticfield org/jetbrains/kotlin/resolve/BindingContext CONSTRUCTOR_RESOLVED_DELEGATION_CALL Lorg/jetbrains/kotlin/util/slicedMap/WritableSlice; org/jetbrains/kotlin/util/slicedMap/BasicWritableSlice
staticfield org/jetbrains/kotlin/resolve/BindingContext VARIABLE Lorg/jetbrains/kotlin/util/slicedMap/WritableSlice; org/jetbrains/kotlin/util/slicedMap/BasicWritableSlice
staticfield org/jetbrains/kotlin/resolve/BindingContext VALUE_PARAMETER Lorg/jetbrains/kotlin/util/slicedMap/WritableSlice; org/jetbrains/kotlin/util/slicedMap/BasicWritableSlice
staticfield org/jetbrains/kotlin/resolve/BindingContext PROPERTY_ACCESSOR Lorg/jetbrains/kotlin/util/slicedMap/WritableSlice; org/jetbrains/kotlin/util/slicedMap/BasicWritableSlice
staticfield org/jetbrains/kotlin/resolve/BindingContext PRIMARY_CONSTRUCTOR_PARAMETER Lorg/jetbrains/kotlin/util/slicedMap/WritableSlice; org/jetbrains/kotlin/util/slicedMap/BasicWritableSlice
staticfield org/jetbrains/kotlin/resolve/BindingContext TYPE_ALIAS Lorg/jetbrains/kotlin/util/slicedMap/WritableSlice; org/jetbrains/kotlin/util/slicedMap/BasicWritableSlice
staticfield org/jetbrains/kotlin/resolve/BindingContext DEPRECATED_SHORT_NAME_ACCESS Lorg/jetbrains/kotlin/util/slicedMap/WritableSlice; org/jetbrains/kotlin/util/slicedMap/BasicWritableSlice
staticfield org/jetbrains/kotlin/resolve/BindingContext DECLARATIONS_TO_DESCRIPTORS [Lorg/jetbrains/kotlin/util/slicedMap/WritableSlice; 10 [Lorg/jetbrains/kotlin/util/slicedMap/WritableSlice;
staticfield org/jetbrains/kotlin/resolve/BindingContext DECLARATION_TO_DESCRIPTOR Lorg/jetbrains/kotlin/util/slicedMap/ReadOnlySlice; org/jetbrains/kotlin/util/slicedMap/Slices$SliceBuilder$1
staticfield org/jetbrains/kotlin/resolve/BindingContext DESCRIPTOR_TO_CONTEXT_RECEIVER_MAP Lorg/jetbrains/kotlin/util/slicedMap/WritableSlice; org/jetbrains/kotlin/util/slicedMap/BasicWritableSlice
staticfield org/jetbrains/kotlin/resolve/BindingContext LABEL_TARGET Lorg/jetbrains/kotlin/util/slicedMap/WritableSlice; org/jetbrains/kotlin/util/slicedMap/BasicWritableSlice
staticfield org/jetbrains/kotlin/resolve/BindingContext AMBIGUOUS_LABEL_TARGET Lorg/jetbrains/kotlin/util/slicedMap/WritableSlice; org/jetbrains/kotlin/util/slicedMap/BasicWritableSlice
staticfield org/jetbrains/kotlin/resolve/BindingContext VALUE_PARAMETER_AS_PROPERTY Lorg/jetbrains/kotlin/util/slicedMap/WritableSlice; org/jetbrains/kotlin/util/slicedMap/BasicWritableSlice
staticfield org/jetbrains/kotlin/resolve/BindingContext DATA_CLASS_COMPONENT_FUNCTION Lorg/jetbrains/kotlin/util/slicedMap/WritableSlice; org/jetbrains/kotlin/util/slicedMap/BasicWritableSlice
staticfield org/jetbrains/kotlin/resolve/BindingContext DATA_CLASS_COPY_FUNCTION Lorg/jetbrains/kotlin/util/slicedMap/WritableSlice; org/jetbrains/kotlin/util/slicedMap/BasicWritableSlice
staticfield org/jetbrains/kotlin/resolve/BindingContext FQNAME_TO_CLASS_DESCRIPTOR Lorg/jetbrains/kotlin/util/slicedMap/WritableSlice; org/jetbrains/kotlin/util/slicedMap/BasicWritableSlice
staticfield org/jetbrains/kotlin/resolve/BindingContext PACKAGE_TO_FILES Lorg/jetbrains/kotlin/util/slicedMap/WritableSlice; org/jetbrains/kotlin/util/slicedMap/BasicWritableSlice
staticfield org/jetbrains/kotlin/resolve/BindingContext CAST_TYPE_USED_AS_EXPECTED_TYPE Lorg/jetbrains/kotlin/util/slicedMap/WritableSlice; org/jetbrains/kotlin/util/slicedMap/BasicWritableSlice
staticfield org/jetbrains/kotlin/resolve/BindingContext NEW_INFERENCE_LAMBDA_INFO Lorg/jetbrains/kotlin/util/slicedMap/WritableSlice; org/jetbrains/kotlin/util/slicedMap/BasicWritableSlice
staticfield org/jetbrains/kotlin/resolve/BindingContext PRIMITIVE_NUMERIC_COMPARISON_INFO Lorg/jetbrains/kotlin/util/slicedMap/WritableSlice; org/jetbrains/kotlin/util/slicedMap/BasicWritableSlice
staticfield org/jetbrains/kotlin/resolve/BindingContext NEW_INFERENCE_CATCH_EXCEPTION_PARAMETER Lorg/jetbrains/kotlin/util/slicedMap/WritableSlice; org/jetbrains/kotlin/util/slicedMap/BasicWritableSlice
staticfield org/jetbrains/kotlin/resolve/BindingContext NEW_INFERENCE_IS_LAMBDA_FOR_OVERLOAD_RESOLUTION_INLINE Lorg/jetbrains/kotlin/util/slicedMap/WritableSlice; org/jetbrains/kotlin/util/slicedMap/BasicWritableSlice
staticfield org/jetbrains/kotlin/resolve/BindingContext _static_initializer Ljava/lang/Void; null
ciInstanceKlass org/jetbrains/kotlin/util/slicedMap/ReadOnlySlice 1 0 20 1 100 1 1 100 1 1 1 1 1 1 1 1 1 1 1 1 1 1
ciInstanceKlass org/jetbrains/kotlin/resolve/BindingTraceContext$1 1 1 145 1 7 1 7 1 100 1 1 7 1 100 1 100 1 1 1 1 1 12 9 1 12 10 1 1 1 1 1 1 1 12 10 1 12 9 1 12 10 1 1 12 10 1 1 1 12 10 1 1 1 1 1 1 1 1 1 12 10 1 100 1 1 1 1 1 1 1 12 10 1 100 12 11 1 100 1 1 1 12 10 1 1 1 1 1 100 1 12 10 1 1 1 1 1 12 11 1 1 1 1 12 10 1 8 1 8 1 100 1 100 8 8 8 8 8 8 8 8 8 1 1 12 10 1 100 1 12 10 1 100 10 1 100 1 1 1 1 1 1 1 1 1 1 1
ciInstanceKlass org/jetbrains/kotlin/util/slicedMap/WritableSlice 1 0 26 1 100 1 1 100 1 100 1 1 1 1 1 1 1 1 1 1 1 1 1 1 1 1 1 1
ciInstanceKlass org/jetbrains/kotlin/storage/CancellableSimpleLock 1 1 101 1 7 1 7 1 1 1 3 3 1 3 1 3 1 1 1 1 1 1 1 1 1 1 1 1 1 1 1 1 1 1 1 1 1 8 1 7 1 1 12 10 8 8 1 12 10 12 9 12 9 1 1 1 7 1 12 10 1 7 12 10 1 100 1 1 12 10 5 0 1 7 1 1 12 9 1 1 12 11 1 100 1 12 11 1 100 1 1 12 11 1 1 1 1 1 1 1 1 1 1
instanceKlass org/jetbrains/kotlin/builtins/jvm/FallbackBuiltIns
instanceKlass org/jetbrains/kotlin/builtins/DefaultBuiltIns
instanceKlass org/jetbrains/kotlin/builtins/jvm/JvmBuiltIns
ciInstanceKlass org/jetbrains/kotlin/builtins/KotlinBuiltIns 1 1 1329 1 7 1 7 1 1 100 1 1 7 1 7 1 7 1 7 1 7 1 7 1 1 7 1 100 1 1 100 1 100 1 1 100 1 100 1 1 7 1 7 1 1 100 1 7 1 100 1 100 1 1 1 1 1 1 1 1 1 1 1 1 1 1 1 1 1 1 1 1 1 1 1 12 10 1 12 10 12 9 1 12 10 1 7 1 1 12 11 12 9 10 12 9 10 1 1 12 11 12 9 1 1 1 1 1 7 12 9 1 12 10 12 9 1 12 9 1 1 12 10 1 1 12 10 1 1 12 10 1 1 12 10 1 1 12 11 1 1 12 10 1 1 12 10 1 1 1 1 12 10 1 1 12 11 1 1 1 1 12 9 1 1 1 1 1 12 9 1 12 9 1 1 7 1 1 12 10 1 12 10 1 7 1 1 12 10 1 7 1 1 12 9 1 100 1 8 1 12 10 1 7 1 1 12 11 1 1 1 1 7 1 1 1 7 1 7 1 1 12 10 1 1 1 1 7 1 7 1 1 12 11 1 12 9 1 7 1 1 12 10 1 1 12 11 1 1 1 1 1 12 9 1 1 12 10 1 7 1 12 11 1 100 1 1 1 7 1 1 12 9 1 7 1 1 12 10 1 100 10 1 8 1 1 12 10 1 12 10 1 1 12 10 1 7 1 1 1 1 1 7 1 1 12 10 1 7 1 12 11 1 1 1 1 1 8 12 10 1 1 8 1 1 1 7 1 1 12 10 1 12 10 1 1 1 1 12 9 12 10 1 1 12 9 1 1 12 9 1 1 12 9 1 1 12 9 1 1 12 9 1 1 12 9 1 1 12 9 1 1 8 1 1 12 10 1 1 8 1 1 8 1 1 1 1 12 10 1 1 1 1 12 9 1 12 10 1 1 12 10 12 10 1 1 1 12 10 1 7 1 12 10 1 1 12 9 1 12 10 1 12 10 1 1 1 8 1 1 8 1 1 8 1 1 8 1 1 8 1 1 8 1 1 1 12 9 1 1 12 9 1 1 12 9 1 1 12 9 1 1 12 9 1 1 12 9 1 1 12 9 1 1 12 9 1 1 12 9 1 1 12 9 1 1 12 9 1 1 12 9 1 1 12 9 1 1 12 9 1 1 12 9 1 1 12 9 1 1 12 9 1 1 12 9 1 1 12 9 1 1 12 9 1 1 12 9 1 1 12 9 1 12 10 1 8 1 1 12 10 1 8 1 1 12 10 1 8 1 8 1 1 12 9 1 1 12 9 1 1 1 1 12 11 1 7 1 1 12 10 1 12 10 1 1 12 10 1 12 10 1 12 10 1 12 10 1 1 1 12 10 1 12 10 1 1 1 1 1 1 1 1 12 10 1 12 10 1 1 12 10 1 1 1 1 12 10 1 7 1 1 12 10 1 1 12 11 1 100 10 1 1 12 11 1 7 1 12 11 1 7 1 12 10 1 1 12 9 1 7 12 11 1 1 12 10 1 1 12 10 1 8 1 12 10 1 1 1 1 1 1 1 1 1 12 10 1 7 1 1 12 11 1 100 1 7 1 100 1 12 9 1 12 11 1 12 10 1 100 1 1 12 10 1 100 1 1 12 10 1 100 1 1 12 10 1 1 1 1 1 1 1 12 9 1 1 1 12 9 1 12 10 1 12 10 1 8 1 12 10 1 8 1 1 1 1 1 1 1 1 1 12 9 11 1 7 1 1 12 11 1 12 9 1 12 10 1 1 12 9 1 12 9 1 1 1 7 1 12 10 1 7 1 1 12 10 12 10 1 7 1 1 12 10 1 1 1 1 1 1 1 1 1 1 12 9 1 1 12 10 12 10 1 1 1 100 1 12 9 1 12 9 1 1 12 10 12 10 1 12 10 1 12 9 1 1 12 10 1 1 1 1 12 10 12 10 1 12 10 1 1 12 10 1 1 1 12 10 1 12 10 1 12 10 1 1 12 10 1 1 1 12 10 1 1 1 12 10 1 12 10 10 1 1 1 12 9 1 12 9 1 1 12 10 1 1 12 9 1 1 1 12 9 1 1 12 9 1 1 1 12 9 1 1 12 9 1 1 12 9 1 1 1 12 9 1 1 12 10 1 12 9 1 1 12 10 1 1 12 9 1 1 12 9 1 1 12 9 1 1 12 9 1 1 12 9 1 1 12 9 1 1 12 9 1 1 12 9 1 12 10 12 10 12 10 12 10 1 12 9 1 1 12 10 1 1 1 12 10 1 12 10 1 1 12 9 12 10 1 1 1 100 1 12 11 1 8 12 10 1 1 12 11 1 12 11 1 12 11 1 100 1 12 11 1 12 11 1 1 1 1 1 1 1 7 1 1 12 9 12 10 1 1 12 11 1 1 1 12 9 1 1 12 9 1 1 12 9 1 1 12 9 1 12 10 12 10 12 10 12 10 1 1 1 12 10 1 1 1 1 1 1 12 9 1 1 1 1 1 12 9 1 12 11 1 12 11 1 12 9 1 1 12 11 1 7 1 12 11 1 1 12 11 1 1 12 11 12 10 1 1 1 1 1 1 1 12 9 1 1 12 10 1 1 1 1 1 1 1 1 7 1 12 10 1 8 1 12 10 1 8 1 8 1 100 1 100 8 8 8 8 8 8 8 8 8 8 8 8 8 8 8 8 8 8 8 8 8 8 8 8 8 8 8 8 8 8 8 8 8 8 8 8 8 8 8 8 8 8 8 8 8 8 8 8 8 8 8 8 8 8 8 8 8 8 8 8 8 8 8 8 8 8 8 8 8 8 8 8 8 8 8 8 8 8 8 8 8 8 8 8 8 8 8 8 8 8 8 8 8 8 8 8 8 8 8 8 8 8 8 8 8 8 8 8 8 8 8 8 8 8 8 8 8 8 8 8 8 8 8 8 8 8 8 8 8 8 8 8 8 8 8 8 8 8 8 8 8 8 8 8 8 8 8 8 8 8 8 8 8 8 1 1 12 10 1 100 10 1 100 1 1 1 1 1 1 1 1 1 1
staticfield org/jetbrains/kotlin/builtins/KotlinBuiltIns BUILTINS_MODULE_NAME Lorg/jetbrains/kotlin/name/Name; org/jetbrains/kotlin/name/Name
staticfield org/jetbrains/kotlin/builtins/KotlinBuiltIns $assertionsDisabled Z 1
ciInstanceKlass org/jetbrains/kotlin/builtins/jvm/JvmBuiltIns 1 1 285 1 7 1 7 1 1 1 3 3 1 3 1 3 1 1 1 1 1 1 1 1 1 1 1 1 1 1 1 1 1 1 1 1 1 1 1 1 1 1 1 1 1 1 1 1 1 1 1 1 1 1 1 1 1 1 1 7 1 7 1 7 1 1 1 1 1 1 1 1 8 1 7 1 1 12 10 8 1 12 10 12 9 1 16 1 1 12 10 15 16 1 7 1 1 12 10 15 1 1 12 18 1 7 1 1 12 11 12 9 1 1 12 9 1 1 12 10 1 1 12 10 1 100 1 12 10 1 1 1 8 12 9 1 7 1 1 12 9 1 8 1 100 1 12 10 1 1 1 8 1 1 12 10 15 1 16 1 12 18 12 10 12 9 1 7 1 1 12 10 1 7 1 12 10 1 7 1 1 7 1 1 1 12 10 1 8 1 12 10 1 7 1 1 12 10 1 8 1 1 12 10 1 8 1 7 1 12 10 1 7 1 1 12 10 12 10 1 1 1 1 1 8 1 7 12 11 1 1 1 1 1 1 1 12 10 15 1 12 18 1 12 10 1 12 10 1 7 1 1 7 1 7 1 7 1 1 12 10 1 7 8 1 8 1 12 10 1 7 1 1 12 10 1 1 1 1 1 1 1 1 1 1 1 1
staticfield org/jetbrains/kotlin/builtins/jvm/JvmBuiltIns $$delegatedProperties [Lkotlin/reflect/KProperty; 1 [Lkotlin/reflect/KProperty;
ciInstanceKlass org/jetbrains/kotlin/descriptors/DeclarationDescriptor 1 0 42 1 100 1 100 1 100 1 100 1 100 1 100 1 1 1 1 1 1 1 1 1 1 1 1 1 1 1 1 100 1 8 1 1 12 10 1 1 1 8 1 1
ciInstanceKlass org/jetbrains/kotlin/descriptors/ClassifierDescriptor 1 1 58 1 100 1 100 1 100 1 100 1 1 1 1 1 1 1 1 1 12 11 1 1 1 1 1 1 1 1 1 100 1 8 1 1 12 10 1 1 1 8 1 1 1 8 1 1 1 8 1 1 1 8 1 1 1 8 1 1
instanceKlass org/jetbrains/kotlin/types/WrappedType
instanceKlass org/jetbrains/kotlin/types/UnwrappedType
ciInstanceKlass org/jetbrains/kotlin/types/KotlinType 1 1 130 1 7 1 7 1 100 1 100 1 1 1 3 3 1 3 1 3 1 1 1 1 1 1 1 1 1 1 1 1 1 1 1 1 1 1 1 1 1 1 1 1 1 1 1 1 1 1 1 1 1 1 1 1 1 1 1 1 1 1 1 1 1 1 1 12 10 1 1 1 12 10 1 7 1 12 10 1 1 1 1 1 7 1 1 12 10 12 10 12 10 12 10 12 10 1 12 9 12 10 1 1 1 1 7 1 1 12 9 12 10 1 1 12 10 1 1 10 1 1 1 1 1 1 1 1 1 1 1 1
instanceKlass org/jetbrains/kotlin/types/FlexibleType
instanceKlass org/jetbrains/kotlin/types/SimpleType
ciInstanceKlass org/jetbrains/kotlin/types/UnwrappedType 1 1 55 1 7 1 7 1 1 1 3 3 1 3 1 3 1 1 1 1 1 1 1 1 1 1 1 1 1 1 1 1 1 1 1 1 1 12 10 1 1 1 1 1 1 1 12 10 1 1 1 1 1 1 1 1 1
instanceKlass org/jetbrains/kotlin/types/checker/NewCapturedType
instanceKlass org/jetbrains/kotlin/types/AbstractStubType
instanceKlass org/jetbrains/kotlin/resolve/calls/inference/CapturedType
instanceKlass org/jetbrains/kotlin/types/SimpleTypeImpl
instanceKlass org/jetbrains/kotlin/types/DelegatingSimpleType
instanceKlass org/jetbrains/kotlin/types/error/ErrorType
ciInstanceKlass org/jetbrains/kotlin/types/SimpleType 1 1 162 1 7 1 7 1 100 1 100 1 1 1 3 3 1 3 1 3 1 1 1 1 1 1 1 1 1 1 1 1 1 1 1 1 1 1 1 1 1 12 10 1 1 1 1 1 1 1 1 7 12 10 1 1 12 10 1 7 1 1 12 11 1 7 1 1 12 11 1 1 12 11 1 100 1 100 1 8 1 100 1 1 12 9 1 1 12 10 1 8 1 100 1 1 12 10 1 1 12 10 1 12 10 1 1 12 10 1 7 1 12 11 1 100 1 100 1 8 1 100 1 8 1 8 1 100 1 1 12 10 1 12 10 1 8 1 12 10 12 10 1 8 1 7 1 1 12 10 1 1 1 1 1 1 1 1 1 1 1 1 1 1
ciInstanceKlass org/jetbrains/kotlin/descriptors/ModuleDescriptor 1 0 114 1 100 1 100 1 100 1 1 1 3 3 1 3 1 3 1 1 1 1 1 1 1 1 1 1 1 1 1 1 1 1 1 1 1 1 1 1 1 1 1 1 1 1 1 1 1 1 1 1 1 1 1 1 1 1 1 1 1 1 1 1 1 1 1 1 1 1 1 1 100 1 100 1 1 1 1 1 1 1 1 1 1 1 1 1 1 1 1 1 1 1 1 100 1 8 1 1 12 10 1 1 1 8 1 1 1 8 1 1 1 8 1 1
instanceKlass org/jetbrains/kotlin/storage/LockBasedStorageManager$6
instanceKlass org/jetbrains/kotlin/storage/LockBasedStorageManager$LockBasedLazyValueWithPostCompute
instanceKlass org/jetbrains/kotlin/storage/LockBasedStorageManager$LockBasedNotNullLazyValue
ciInstanceKlass org/jetbrains/kotlin/storage/LockBasedStorageManager$LockBasedLazyValue 1 1 205 1 7 1 1 7 1 100 1 1 7 1 1 100 1 1 7 1 1 100 1 1 1 1 1 1 1 1 1 1 1 1 1 1 1 12 10 1 12 10 1 1 12 9 12 9 12 9 12 9 1 1 1 1 1 1 12 9 1 1 1 1 1 7 1 7 1 1 12 10 1 1 12 9 1 7 12 11 1 12 11 1 12 9 1 1 12 10 1 12 10 1 12 10 1 7 12 11 1 1 12 10 1 100 1 1 12 10 1 100 1 1 12 10 1 1 12 10 1 1 12 11 1 1 1 1 1 1 1 1 1 1 8 1 1 12 10 1 1 1 1 1 1 100 10 1 12 10 1 1 12 10 1 8 1 12 10 1 12 10 1 100 1 1 12 10 1 100 1 12 10 1 8 1 8 1 100 8 8 8 8 8 8 1 1 12 10 1 100 1 12 10 1 100 10 1 1 1 1 1 1 1 1 1 1
instanceKlass org/jetbrains/kotlin/storage/LockBasedStorageManager$4
instanceKlass org/jetbrains/kotlin/storage/LockBasedStorageManager$3
ciInstanceKlass org/jetbrains/kotlin/storage/LockBasedStorageManager$LockBasedNotNullLazyValue 1 1 97 1 7 1 1 7 1 100 1 1 7 1 1 1 1 1 1 1 1 1 1 12 10 12 10 1 1 1 1 1 1 1 1 1 1 1 12 10 12 9 1 100 1 8 1 12 10 1 100 1 1 1 1 1 1 7 1 1 12 10 1 8 1 8 1 100 1 100 8 8 8 8 8 1 1 12 10 1 100 1 12 10 1 100 10 1 100 1 1 1 1 1 1 1 1 1 1
staticfield org/jetbrains/kotlin/storage/LockBasedStorageManager$LockBasedNotNullLazyValue $assertionsDisabled Z 1
instanceKlass org/jetbrains/kotlin/storage/LockBasedStorageManager$2
ciInstanceKlass org/jetbrains/kotlin/storage/LockBasedStorageManager$MapBasedMemoizedFunctionToNotNull 1 1 122 1 7 1 1 7 1 100 1 1 7 1 1 1 1 1 1 1 1 1 1 12 10 12 10 1 1 1 1 1 1 1 1 1 1 1 1 1 1 12 10 12 9 1 100 1 100 1 12 10 1 8 1 1 12 10 1 1 12 10 1 12 10 1 1 12 10 1 12 10 1 100 1 1 1 1 1 1 1 7 1 1 12 10 1 8 1 8 1 100 1 100 8 8 8 8 8 8 1 1 12 10 1 100 1 12 10 1 100 10 1 100 1 1 1 1 1 1 1 1 1 1
staticfield org/jetbrains/kotlin/storage/LockBasedStorageManager$MapBasedMemoizedFunctionToNotNull $assertionsDisabled Z 1
instanceKlass org/jetbrains/kotlin/descriptors/impl/FieldDescriptorImpl
instanceKlass org/jetbrains/kotlin/descriptors/impl/DeclarationDescriptorImpl
ciInstanceKlass org/jetbrains/kotlin/descriptors/annotations/AnnotatedImpl 1 1 61 1 7 1 7 1 100 1 1 1 1 1 1 1 1 12 10 1 12 10 12 9 1 1 1 1 1 100 1 8 1 8 1 100 1 100 8 8 8 8 1 1 12 10 1 100 1 12 10 1 100 10 1 100 1 1 1 1 1 1 1
instanceKlass org/jetbrains/kotlin/descriptors/impl/AbstractReceiverParameterDescriptor
instanceKlass org/jetbrains/kotlin/descriptors/impl/LazyPackageViewDescriptorImpl
instanceKlass org/jetbrains/kotlin/descriptors/impl/DeclarationDescriptorNonRootImpl
instanceKlass org/jetbrains/kotlin/descriptors/impl/ModuleDescriptorImpl
ciInstanceKlass org/jetbrains/kotlin/descriptors/impl/DeclarationDescriptorImpl 1 1 162 1 7 1 7 1 100 1 1 1 1 1 1 1 1 12 10 1 12 10 12 9 1 1 1 1 1 1 1 100 1 1 1 1 1 1 1 12 10 1 1 1 1 1 1 12 10 1 7 1 7 1 12 10 1 7 1 1 12 9 1 12 10 1 1 12 10 1 8 1 7 1 1 12 10 1 7 1 12 10 1 8 1 7 1 1 12 10 1 7 1 1 12 10 1 8 12 10 1 100 1 8 12 11 1 12 10 1 1 1 1 1 8 1 8 1 100 8 8 8 8 8 8 8 8 1 1 12 10 1 100 1 12 10 1 100 10 1 100 1 1 1 1 1 1 1 1 1 1 100 1 8 1 1 12 10 1 1 1 8 1 1
ciInstanceKlass org/jetbrains/kotlin/descriptors/impl/ModuleDescriptorImpl 1 1 566 1 7 1 7 1 100 1 1 1 3 3 1 3 1 3 1 1 1 1 1 1 1 1 1 1 1 1 1 1 1 1 1 1 1 1 1 1 1 1 1 1 1 1 1 1 1 1 1 1 1 1 1 1 1 1 1 1 1 1 1 1 1 1 1 1 1 1 1 1 1 1 1 1 1 1 1 1 1 1 1 1 1 1 1 1 1 1 1 1 1 1 1 1 1 1 1 1 1 1 1 1 1 1 1 1 7 1 1 7 1 7 1 1 7 1 7 1 7 1 1 1 1 1 1 1 1 1 8 1 7 1 1 12 10 8 8 8 1 12 9 1 1 12 10 1 12 10 12 9 12 9 12 9 12 9 1 7 1 12 10 1 100 1 7 12 10 1 8 1 1 12 10 1 12 10 12 10 1 12 10 1 7 12 9 1 12 9 1 1 12 10 12 10 1 1 12 9 12 9 12 9 1 16 1 1 12 10 15 1 16 1 7 1 1 12 10 15 1 1 12 18 1 7 1 1 12 11 12 9 1 16 1 1 12 10 15 16 1 12 18 1 7 1 1 12 10 12 9 1 1 1 7 1 1 12 10 12 10 12 9 1 100 1 8 12 10 1 8 10 1 7 1 12 10 1 100 1 1 12 10 1 12 9 1 1 12 10 1 7 1 12 11 1 1 1 1 1 8 1 8 1 100 12 10 1 7 1 7 10 1 7 1 1 12 11 1 7 1 12 11 1 12 11 1 1 12 10 1 7 1 1 12 11 1 7 1 1 1 1 1 1 1 1 1 1 1 1 1 1 1 1 12 11 1 1 1 12 11 1 8 12 10 1 7 12 11 1 7 1 1 8 12 10 12 11 1 1 7 1 12 11 1 7 1 8 1 7 1 12 9 1 8 1 8 1 8 1 7 1 1 12 10 1 12 10 1 1 1 7 1 12 10 1 12 10 1 1 8 1 7 1 7 1 12 10 1 12 10 12 10 1 1 8 1 12 11 1 1 12 10 12 10 12 11 11 1 12 10 10 1 8 1 12 10 1 8 12 10 1 8 1 8 1 12 10 1 8 1 12 11 10 1 8 1 8 1 1 12 10 1 7 1 12 10 1 100 1 1 1 1 1 1 12 10 1 1 1 1 12 10 1 1 1 1 1 12 10 1 1 1 1 12 11 1 1 8 1 8 1 8 1 8 1 8 1 1 12 10 1 12 10 1 8 1 12 10 1 1 1 1 1 1 1 1 1 1 1 1 1 1 1 1 1 1 1 1 1 1 1 1 1 1 1 1 1
ciInstanceKlass org/jetbrains/kotlin/descriptors/PackageViewDescriptor 1 0 83 1 100 1 100 1 100 1 1 1 3 3 1 3 1 3 1 1 1 1 1 1 1 1 1 1 1 1 1 1 1 1 1 1 1 1 1 1 1 1 1 1 100 1 1 1 1 1 1 1 1 1 1 1 1 100 1 8 1 1 12 10 1 1 1 8 1 1 1 8 1 1 8 1 1 1 8 1 1 1 8 1 1
ciInstanceKlass org/jetbrains/kotlin/builtins/StandardNames$FqNames 1 1 655 1 7 1 7 1 1 1 3 3 1 3 1 3 1 1 1 1 1 1 1 1 1 1 1 1 1 1 1 1 1 1 1 1 1 1 1 1 1 1 1 1 1 1 1 1 1 1 1 1 1 1 1 1 1 1 1 1 1 1 1 1 1 1 1 1 1 1 1 1 1 1 1 1 1 1 1 1 1 1 1 1 1 1 1 1 1 1 1 1 1 1 1 1 1 1 1 1 1 1 1 1 1 1 1 1 1 1 1 1 1 1 1 1 1 1 1 1 1 1 1 1 1 1 1 1 1 1 1 1 1 7 1 1 7 1 7 1 1 1 1 1 1 1 1 12 10 1 1 1 12 10 1 7 1 1 12 10 1 8 1 7 1 1 12 10 1 1 12 9 1 7 1 1 12 10 1 1 12 10 1 8 1 12 9 1 12 9 1 8 1 12 10 1 12 9 1 12 9 1 12 9 1 10 12 9 1 8 12 10 12 9 1 8 12 9 1 8 12 9 1 8 12 9 1 8 12 9 1 8 12 9 1 8 12 9 1 8 12 9 1 8 12 9 1 8 12 9 1 8 12 9 1 8 12 9 1 8 12 9 1 8 12 9 1 8 12 9 1 8 12 9 1 8 12 9 1 8 12 9 1 8 12 9 1 8 12 9 1 8 12 9 1 8 12 10 12 9 1 8 12 9 1 8 12 9 1 8 12 9 1 8 12 9 1 8 12 9 1 8 12 9 1 8 12 9 1 8 12 9 1 12 9 1 1 12 10 12 9 1 8 12 9 1 8 12 10 12 9 12 9 1 8 12 9 1 8 12 9 1 8 12 9 12 9 1 8 12 9 12 9 1 8 12 9 1 8 12 9 1 8 12 9 1 8 12 10 12 9 1 8 1 12 10 12 9 12 9 1 8 12 10 12 9 1 8 12 9 1 8 12 9 1 8 12 9 1 8 12 9 1 8 12 9 1 8 12 9 1 8 12 9 1 8 12 9 1 8 12 9 1 8 12 9 1 8 12 9 1 8 12 9 1 8 12 9 1 8 12 9 1 8 12 9 1 8 12 10 12 9 1 8 12 9 1 8 12 9 1 8 12 9 1 8 12 9 1 8 12 9 1 8 12 9 1 8 12 9 1 8 12 9 1 8 12 9 1 8 12 9 1 7 1 1 12 10 1 8 12 9 1 8 12 9 8 12 9 1 8 12 9 1 8 12 9 1 8 12 9 1 8 12 9 12 9 12 9 12 9 12 9 1 8 12 9 1 8 12 9 1 8 12 9 1 8 12 9 1 7 1 1 12 10 1 7 1 1 12 10 1 100 1 100 1 7 1 1 12 10 1 1 12 11 1 7 12 9 1 12 10 12 9 1 1 12 10 1 100 1 7 1 1 12 10 1 8 1 1 12 11 12 9 12 9 1 1 1 1 1 1 1 1 1 1 1 1 1 1 1 1 1 1 1 1 1 1 1 1 1 1 1 1 1 1 1
staticfield org/jetbrains/kotlin/builtins/StandardNames$FqNames INSTANCE Lorg/jetbrains/kotlin/builtins/StandardNames$FqNames; org/jetbrains/kotlin/builtins/StandardNames$FqNames
staticfield org/jetbrains/kotlin/builtins/StandardNames$FqNames any Lorg/jetbrains/kotlin/name/FqNameUnsafe; org/jetbrains/kotlin/name/FqNameUnsafe
staticfield org/jetbrains/kotlin/builtins/StandardNames$FqNames nothing Lorg/jetbrains/kotlin/name/FqNameUnsafe; org/jetbrains/kotlin/name/FqNameUnsafe
staticfield org/jetbrains/kotlin/builtins/StandardNames$FqNames cloneable Lorg/jetbrains/kotlin/name/FqNameUnsafe; org/jetbrains/kotlin/name/FqNameUnsafe
staticfield org/jetbrains/kotlin/builtins/StandardNames$FqNames suppress Lorg/jetbrains/kotlin/name/FqName; org/jetbrains/kotlin/name/FqName
staticfield org/jetbrains/kotlin/builtins/StandardNames$FqNames unit Lorg/jetbrains/kotlin/name/FqNameUnsafe; org/jetbrains/kotlin/name/FqNameUnsafe
staticfield org/jetbrains/kotlin/builtins/StandardNames$FqNames charSequence Lorg/jetbrains/kotlin/name/FqNameUnsafe; org/jetbrains/kotlin/name/FqNameUnsafe
staticfield org/jetbrains/kotlin/builtins/StandardNames$FqNames string Lorg/jetbrains/kotlin/name/FqNameUnsafe; org/jetbrains/kotlin/name/FqNameUnsafe
staticfield org/jetbrains/kotlin/builtins/StandardNames$FqNames array Lorg/jetbrains/kotlin/name/FqNameUnsafe; org/jetbrains/kotlin/name/FqNameUnsafe
staticfield org/jetbrains/kotlin/builtins/StandardNames$FqNames _boolean Lorg/jetbrains/kotlin/name/FqNameUnsafe; org/jetbrains/kotlin/name/FqNameUnsafe
staticfield org/jetbrains/kotlin/builtins/StandardNames$FqNames _char Lorg/jetbrains/kotlin/name/FqNameUnsafe; org/jetbrains/kotlin/name/FqNameUnsafe
staticfield org/jetbrains/kotlin/builtins/StandardNames$FqNames _byte Lorg/jetbrains/kotlin/name/FqNameUnsafe; org/jetbrains/kotlin/name/FqNameUnsafe
staticfield org/jetbrains/kotlin/builtins/StandardNames$FqNames _short Lorg/jetbrains/kotlin/name/FqNameUnsafe; org/jetbrains/kotlin/name/FqNameUnsafe
staticfield org/jetbrains/kotlin/builtins/StandardNames$FqNames _int Lorg/jetbrains/kotlin/name/FqNameUnsafe; org/jetbrains/kotlin/name/FqNameUnsafe
staticfield org/jetbrains/kotlin/builtins/StandardNames$FqNames _long Lorg/jetbrains/kotlin/name/FqNameUnsafe; org/jetbrains/kotlin/name/FqNameUnsafe
staticfield org/jetbrains/kotlin/builtins/StandardNames$FqNames _float Lorg/jetbrains/kotlin/name/FqNameUnsafe; org/jetbrains/kotlin/name/FqNameUnsafe
staticfield org/jetbrains/kotlin/builtins/StandardNames$FqNames _double Lorg/jetbrains/kotlin/name/FqNameUnsafe; org/jetbrains/kotlin/name/FqNameUnsafe
staticfield org/jetbrains/kotlin/builtins/StandardNames$FqNames number Lorg/jetbrains/kotlin/name/FqNameUnsafe; org/jetbrains/kotlin/name/FqNameUnsafe
staticfield org/jetbrains/kotlin/builtins/StandardNames$FqNames _enum Lorg/jetbrains/kotlin/name/FqNameUnsafe; org/jetbrains/kotlin/name/FqNameUnsafe
staticfield org/jetbrains/kotlin/builtins/StandardNames$FqNames functionSupertype Lorg/jetbrains/kotlin/name/FqNameUnsafe; org/jetbrains/kotlin/name/FqNameUnsafe
staticfield org/jetbrains/kotlin/builtins/StandardNames$FqNames throwable Lorg/jetbrains/kotlin/name/FqName; org/jetbrains/kotlin/name/FqName
staticfield org/jetbrains/kotlin/builtins/StandardNames$FqNames comparable Lorg/jetbrains/kotlin/name/FqName; org/jetbrains/kotlin/name/FqName
staticfield org/jetbrains/kotlin/builtins/StandardNames$FqNames intRange Lorg/jetbrains/kotlin/name/FqNameUnsafe; org/jetbrains/kotlin/name/FqNameUnsafe
staticfield org/jetbrains/kotlin/builtins/StandardNames$FqNames longRange Lorg/jetbrains/kotlin/name/FqNameUnsafe; org/jetbrains/kotlin/name/FqNameUnsafe
staticfield org/jetbrains/kotlin/builtins/StandardNames$FqNames deprecated Lorg/jetbrains/kotlin/name/FqName; org/jetbrains/kotlin/name/FqName
staticfield org/jetbrains/kotlin/builtins/StandardNames$FqNames deprecatedSinceKotlin Lorg/jetbrains/kotlin/name/FqName; org/jetbrains/kotlin/name/FqName
staticfield org/jetbrains/kotlin/builtins/StandardNames$FqNames deprecationLevel Lorg/jetbrains/kotlin/name/FqName; org/jetbrains/kotlin/name/FqName
staticfield org/jetbrains/kotlin/builtins/StandardNames$FqNames replaceWith Lorg/jetbrains/kotlin/name/FqName; org/jetbrains/kotlin/name/FqName
staticfield org/jetbrains/kotlin/builtins/StandardNames$FqNames extensionFunctionType Lorg/jetbrains/kotlin/name/FqName; org/jetbrains/kotlin/name/FqName
staticfield org/jetbrains/kotlin/builtins/StandardNames$FqNames contextFunctionTypeParams Lorg/jetbrains/kotlin/name/FqName; org/jetbrains/kotlin/name/FqName
staticfield org/jetbrains/kotlin/builtins/StandardNames$FqNames parameterName Lorg/jetbrains/kotlin/name/FqName; org/jetbrains/kotlin/name/FqName
staticfield org/jetbrains/kotlin/builtins/StandardNames$FqNames parameterNameClassId Lorg/jetbrains/kotlin/name/ClassId; org/jetbrains/kotlin/name/ClassId
staticfield org/jetbrains/kotlin/builtins/StandardNames$FqNames annotation Lorg/jetbrains/kotlin/name/FqName; org/jetbrains/kotlin/name/FqName
staticfield org/jetbrains/kotlin/builtins/StandardNames$FqNames target Lorg/jetbrains/kotlin/name/FqName; org/jetbrains/kotlin/name/FqName
staticfield org/jetbrains/kotlin/builtins/StandardNames$FqNames targetClassId Lorg/jetbrains/kotlin/name/ClassId; org/jetbrains/kotlin/name/ClassId
staticfield org/jetbrains/kotlin/builtins/StandardNames$FqNames annotationTarget Lorg/jetbrains/kotlin/name/FqName; org/jetbrains/kotlin/name/FqName
staticfield org/jetbrains/kotlin/builtins/StandardNames$FqNames annotationRetention Lorg/jetbrains/kotlin/name/FqName; org/jetbrains/kotlin/name/FqName
staticfield org/jetbrains/kotlin/builtins/StandardNames$FqNames retention Lorg/jetbrains/kotlin/name/FqName; org/jetbrains/kotlin/name/FqName
staticfield org/jetbrains/kotlin/builtins/StandardNames$FqNames retentionClassId Lorg/jetbrains/kotlin/name/ClassId; org/jetbrains/kotlin/name/ClassId
staticfield org/jetbrains/kotlin/builtins/StandardNames$FqNames repeatable Lorg/jetbrains/kotlin/name/FqName; org/jetbrains/kotlin/name/FqName
staticfield org/jetbrains/kotlin/builtins/StandardNames$FqNames repeatableClassId Lorg/jetbrains/kotlin/name/ClassId; org/jetbrains/kotlin/name/ClassId
staticfield org/jetbrains/kotlin/builtins/StandardNames$FqNames mustBeDocumented Lorg/jetbrains/kotlin/name/FqName; org/jetbrains/kotlin/name/FqName
staticfield org/jetbrains/kotlin/builtins/StandardNames$FqNames unsafeVariance Lorg/jetbrains/kotlin/name/FqName; org/jetbrains/kotlin/name/FqName
staticfield org/jetbrains/kotlin/builtins/StandardNames$FqNames publishedApi Lorg/jetbrains/kotlin/name/FqName; org/jetbrains/kotlin/name/FqName
staticfield org/jetbrains/kotlin/builtins/StandardNames$FqNames accessibleLateinitPropertyLiteral Lorg/jetbrains/kotlin/name/FqName; org/jetbrains/kotlin/name/FqName
staticfield org/jetbrains/kotlin/builtins/StandardNames$FqNames platformDependent Lorg/jetbrains/kotlin/name/FqName; org/jetbrains/kotlin/name/FqName
staticfield org/jetbrains/kotlin/builtins/StandardNames$FqNames platformDependentClassId Lorg/jetbrains/kotlin/name/ClassId; org/jetbrains/kotlin/name/ClassId
staticfield org/jetbrains/kotlin/builtins/StandardNames$FqNames iterator Lorg/jetbrains/kotlin/name/FqName; org/jetbrains/kotlin/name/FqName
staticfield org/jetbrains/kotlin/builtins/StandardNames$FqNames iterable Lorg/jetbrains/kotlin/name/FqName; org/jetbrains/kotlin/name/FqName
staticfield org/jetbrains/kotlin/builtins/StandardNames$FqNames collection Lorg/jetbrains/kotlin/name/FqName; org/jetbrains/kotlin/name/FqName
staticfield org/jetbrains/kotlin/builtins/StandardNames$FqNames list Lorg/jetbrains/kotlin/name/FqName; org/jetbrains/kotlin/name/FqName
staticfield org/jetbrains/kotlin/builtins/StandardNames$FqNames listIterator Lorg/jetbrains/kotlin/name/FqName; org/jetbrains/kotlin/name/FqName
staticfield org/jetbrains/kotlin/builtins/StandardNames$FqNames set Lorg/jetbrains/kotlin/name/FqName; org/jetbrains/kotlin/name/FqName
staticfield org/jetbrains/kotlin/builtins/StandardNames$FqNames map Lorg/jetbrains/kotlin/name/FqName; org/jetbrains/kotlin/name/FqName
staticfield org/jetbrains/kotlin/builtins/StandardNames$FqNames mapEntry Lorg/jetbrains/kotlin/name/FqName; org/jetbrains/kotlin/name/FqName
staticfield org/jetbrains/kotlin/builtins/StandardNames$FqNames mutableIterator Lorg/jetbrains/kotlin/name/FqName; org/jetbrains/kotlin/name/FqName
staticfield org/jetbrains/kotlin/builtins/StandardNames$FqNames mutableIterable Lorg/jetbrains/kotlin/name/FqName; org/jetbrains/kotlin/name/FqName
staticfield org/jetbrains/kotlin/builtins/StandardNames$FqNames mutableCollection Lorg/jetbrains/kotlin/name/FqName; org/jetbrains/kotlin/name/FqName
staticfield org/jetbrains/kotlin/builtins/StandardNames$FqNames mutableList Lorg/jetbrains/kotlin/name/FqName; org/jetbrains/kotlin/name/FqName
staticfield org/jetbrains/kotlin/builtins/StandardNames$FqNames mutableListIterator Lorg/jetbrains/kotlin/name/FqName; org/jetbrains/kotlin/name/FqName
staticfield org/jetbrains/kotlin/builtins/StandardNames$FqNames mutableSet Lorg/jetbrains/kotlin/name/FqName; org/jetbrains/kotlin/name/FqName
staticfield org/jetbrains/kotlin/builtins/StandardNames$FqNames mutableMap Lorg/jetbrains/kotlin/name/FqName; org/jetbrains/kotlin/name/FqName
staticfield org/jetbrains/kotlin/builtins/StandardNames$FqNames mutableMapEntry Lorg/jetbrains/kotlin/name/FqName; org/jetbrains/kotlin/name/FqName
staticfield org/jetbrains/kotlin/builtins/StandardNames$FqNames kClass Lorg/jetbrains/kotlin/name/FqNameUnsafe; org/jetbrains/kotlin/name/FqNameUnsafe
staticfield org/jetbrains/kotlin/builtins/StandardNames$FqNames kType Lorg/jetbrains/kotlin/name/FqNameUnsafe; org/jetbrains/kotlin/name/FqNameUnsafe
staticfield org/jetbrains/kotlin/builtins/StandardNames$FqNames kCallable Lorg/jetbrains/kotlin/name/FqNameUnsafe; org/jetbrains/kotlin/name/FqNameUnsafe
staticfield org/jetbrains/kotlin/builtins/StandardNames$FqNames kProperty0 Lorg/jetbrains/kotlin/name/FqNameUnsafe; org/jetbrains/kotlin/name/FqNameUnsafe
staticfield org/jetbrains/kotlin/builtins/StandardNames$FqNames kProperty1 Lorg/jetbrains/kotlin/name/FqNameUnsafe; org/jetbrains/kotlin/name/FqNameUnsafe
staticfield org/jetbrains/kotlin/builtins/StandardNames$FqNames kProperty2 Lorg/jetbrains/kotlin/name/FqNameUnsafe; org/jetbrains/kotlin/name/FqNameUnsafe
staticfield org/jetbrains/kotlin/builtins/StandardNames$FqNames kMutableProperty0 Lorg/jetbrains/kotlin/name/FqNameUnsafe; org/jetbrains/kotlin/name/FqNameUnsafe
staticfield org/jetbrains/kotlin/builtins/StandardNames$FqNames kMutableProperty1 Lorg/jetbrains/kotlin/name/FqNameUnsafe; org/jetbrains/kotlin/name/FqNameUnsafe
staticfield org/jetbrains/kotlin/builtins/StandardNames$FqNames kMutableProperty2 Lorg/jetbrains/kotlin/name/FqNameUnsafe; org/jetbrains/kotlin/name/FqNameUnsafe
staticfield org/jetbrains/kotlin/builtins/StandardNames$FqNames kPropertyFqName Lorg/jetbrains/kotlin/name/FqNameUnsafe; org/jetbrains/kotlin/name/FqNameUnsafe
staticfield org/jetbrains/kotlin/builtins/StandardNames$FqNames kMutablePropertyFqName Lorg/jetbrains/kotlin/name/FqNameUnsafe; org/jetbrains/kotlin/name/FqNameUnsafe
staticfield org/jetbrains/kotlin/builtins/StandardNames$FqNames kProperty Lorg/jetbrains/kotlin/name/ClassId; org/jetbrains/kotlin/name/ClassId
staticfield org/jetbrains/kotlin/builtins/StandardNames$FqNames kDeclarationContainer Lorg/jetbrains/kotlin/name/FqNameUnsafe; org/jetbrains/kotlin/name/FqNameUnsafe
staticfield org/jetbrains/kotlin/builtins/StandardNames$FqNames findAssociatedObject Lorg/jetbrains/kotlin/name/FqNameUnsafe; org/jetbrains/kotlin/name/FqNameUnsafe
staticfield org/jetbrains/kotlin/builtins/StandardNames$FqNames uByteFqName Lorg/jetbrains/kotlin/name/FqName; org/jetbrains/kotlin/name/FqName
staticfield org/jetbrains/kotlin/builtins/StandardNames$FqNames uShortFqName Lorg/jetbrains/kotlin/name/FqName; org/jetbrains/kotlin/name/FqName
staticfield org/jetbrains/kotlin/builtins/StandardNames$FqNames uIntFqName Lorg/jetbrains/kotlin/name/FqName; org/jetbrains/kotlin/name/FqName
staticfield org/jetbrains/kotlin/builtins/StandardNames$FqNames uLongFqName Lorg/jetbrains/kotlin/name/FqName; org/jetbrains/kotlin/name/FqName
staticfield org/jetbrains/kotlin/builtins/StandardNames$FqNames uByte Lorg/jetbrains/kotlin/name/ClassId; org/jetbrains/kotlin/name/ClassId
staticfield org/jetbrains/kotlin/builtins/StandardNames$FqNames uShort Lorg/jetbrains/kotlin/name/ClassId; org/jetbrains/kotlin/name/ClassId
staticfield org/jetbrains/kotlin/builtins/StandardNames$FqNames uInt Lorg/jetbrains/kotlin/name/ClassId; org/jetbrains/kotlin/name/ClassId
staticfield org/jetbrains/kotlin/builtins/StandardNames$FqNames uLong Lorg/jetbrains/kotlin/name/ClassId; org/jetbrains/kotlin/name/ClassId
staticfield org/jetbrains/kotlin/builtins/StandardNames$FqNames uByteArrayFqName Lorg/jetbrains/kotlin/name/FqName; org/jetbrains/kotlin/name/FqName
staticfield org/jetbrains/kotlin/builtins/StandardNames$FqNames uShortArrayFqName Lorg/jetbrains/kotlin/name/FqName; org/jetbrains/kotlin/name/FqName
staticfield org/jetbrains/kotlin/builtins/StandardNames$FqNames uIntArrayFqName Lorg/jetbrains/kotlin/name/FqName; org/jetbrains/kotlin/name/FqName
staticfield org/jetbrains/kotlin/builtins/StandardNames$FqNames uLongArrayFqName Lorg/jetbrains/kotlin/name/FqName; org/jetbrains/kotlin/name/FqName
staticfield org/jetbrains/kotlin/builtins/StandardNames$FqNames primitiveTypeShortNames Ljava/util/Set; java/util/HashSet
staticfield org/jetbrains/kotlin/builtins/StandardNames$FqNames primitiveArrayTypeShortNames Ljava/util/Set; java/util/HashSet
staticfield org/jetbrains/kotlin/builtins/StandardNames$FqNames fqNameToPrimitiveType Ljava/util/Map; java/util/HashMap
staticfield org/jetbrains/kotlin/builtins/StandardNames$FqNames arrayClassFqNameToPrimitiveType Ljava/util/Map; java/util/HashMap
ciInstanceKlass org/jetbrains/kotlin/descriptors/ClassDescriptor 1 1 121 1 100 1 100 1 100 1 100 1 100 1 1 1 1 1 1 1 1 1 1 1 1 1 1 1 1 1 1 1 1 1 1 1 1 1 1 1 1 1 1 1 1 1 1 1 1 1 1 1 1 1 1 1 1 1 1 1 1 1 1 1 12 11 1 1 1 1 1 1 1 1 1 1 1 100 1 8 1 1 12 10 1 1 1 8 1 1 1 8 1 1 1 8 1 1 1 8 1 1 1 8 1 1 1 8 1 1 1 8 1 1 8 1 1 8 1 1 8 1 1
instanceKlass org/jetbrains/kotlin/descriptors/impl/AbstractClassDescriptor
ciInstanceKlass org/jetbrains/kotlin/descriptors/impl/ModuleAwareClassDescriptor 1 1 199 1 7 1 7 1 100 1 1 1 3 3 1 3 1 3 1 1 1 1 1 1 1 1 1 1 1 1 1 1 1 1 1 1 1 1 7 1 1 12 10 1 1 1 1 1 1 1 12 10 12 9 1 1 1 1 1 1 1 1 1 1 100 1 8 1 1 12 10 1 1 1 8 1 1 1 8 1 1 1 8 1 1 1 8 1 1 8 1 1 8 1 1 8 1 1 8 1 1 1 8 1 1 8 1 1 1 8 1 1 8 1 1 1 8 1 1 1 8 1 1 1 8 1 1 8 1 1 1 8 1 1 8 1 1 1 8 1 1 8 1 1 8 1 1 8 1 1 1 8 1 1 1 8 1 1 1 8 1 1 8 1 1 1 8 1 1 1 8 1 1 1 8 1 1 1 8 1 1 1 8 1 1 1 8 1 1 8 1 1 8 1 1 8 1 1 1 8 1
staticfield org/jetbrains/kotlin/descriptors/impl/ModuleAwareClassDescriptor Companion Lorg/jetbrains/kotlin/descriptors/impl/ModuleAwareClassDescriptor$Companion; org/jetbrains/kotlin/descriptors/impl/ModuleAwareClassDescriptor$Companion
instanceKlass org/jetbrains/kotlin/builtins/functions/FunctionClassDescriptor
instanceKlass org/jetbrains/kotlin/serialization/deserialization/descriptors/DeserializedClassDescriptor
instanceKlass org/jetbrains/kotlin/descriptors/impl/ClassDescriptorBase
ciInstanceKlass org/jetbrains/kotlin/descriptors/impl/AbstractClassDescriptor 1 1 384 1 7 1 7 1 1 7 1 7 1 7 1 1 1 1 1 1 1 1 1 1 1 1 1 1 1 1 12 10 1 12 10 12 9 1 12 10 1 7 1 1 12 11 12 9 10 12 9 10 12 9 1 1 1 1 1 1 1 100 1 1 1 1 1 7 1 1 12 11 1 7 1 1 1 7 1 1 1 1 7 1 12 10 1 7 1 1 1 12 9 1 1 12 11 1 1 12 10 1 100 1 12 11 1 100 1 100 10 1 8 1 1 12 10 1 12 10 1 8 1 8 1 12 10 1 8 1 1 12 10 1 12 10 1 1 12 11 1 1 12 10 1 100 1 100 1 1 12 10 1 7 1 1 12 10 1 7 1 12 10 1 1 1 1 1 1 1 1 10 1 7 1 12 10 1 1 1 1 1 7 1 1 12 10 1 7 1 1 12 10 12 10 1 12 10 1 1 10 1 100 1 12 10 1 1 1 7 1 1 1 1 100 1 1 12 11 1 1 1 1 1 1 1 1 1 1 1 1 1 1 12 10 1 1 1 12 10 1 1 7 1 12 10 1 8 1 8 1 100 1 100 1 100 8 8 8 8 8 8 8 8 8 8 8 8 8 8 8 8 8 1 1 12 10 1 100 1 12 10 1 100 10 1 100 1 1 1 1 1 1 1 1 1 1 1 100 1 8 1 1 12 10 1 1 1 8 1 1 1 8 1 1 1 8 1 1 1 8 1 1 8 1 1 1 8 1 1 8 1 1 8 1 1 8 1 1 8 1 1 8 1 1 8 1 1 1 8 1 1 1 8 1 1 1 8 1 1 1 8 1 1 1 8 1 1 1 8 1 1 8 1 1 8 1 1 1 8 1 1 1 8 1 1
staticfield org/jetbrains/kotlin/descriptors/impl/AbstractClassDescriptor $assertionsDisabled Z 1
ciInstanceKlass org/jetbrains/kotlin/types/TypeConstructor 1 0 31 1 100 1 100 1 100 1 1 1 1 1 1 1 1 1 1 1 1 1 1 1 1 1 1 1 1 1 1 1 1
ciInstanceKlass org/jetbrains/kotlin/descriptors/impl/AbstractClassDescriptor$1 1 1 51 1 7 1 1 7 1 100 1 1 7 1 1 12 1 7 1 1 1 12 9 1 12 10 1 1 1 1 1 1 12 10 1 12 10 1 7 1 1 12 10 1 12 10 1 1 1 1 1 1 1
instanceKlass org/jetbrains/kotlin/types/AbstractTypeConstructor
ciInstanceKlass org/jetbrains/kotlin/types/ClassifierBasedTypeConstructor 1 1 149 1 7 1 7 1 7 1 1 1 3 3 1 3 1 3 1 1 1 1 1 1 1 1 1 1 1 1 1 1 1 1 1 1 1 1 1 1 1 1 1 12 10 1 1 1 1 12 9 12 10 1 12 10 1 7 1 7 1 1 12 10 1 7 12 10 1 100 1 1 12 10 1 1 1 1 1 1 10 10 1 1 12 11 1 7 1 12 11 10 11 1 7 12 10 1 1 1 1 8 1 7 1 1 12 10 8 1 1 12 11 1 1 12 10 1 1 12 11 1 7 1 7 1 12 11 11 11 1 1 1 1 7 1 1 12 10 1 12 10 1 1 1 1 1 1 1 1 1
instanceKlass org/jetbrains/kotlin/descriptors/impl/AbstractTypeParameterDescriptor$TypeParameterTypeConstructor
instanceKlass org/jetbrains/kotlin/types/AbstractClassTypeConstructor
ciInstanceKlass org/jetbrains/kotlin/types/AbstractTypeConstructor 1 1 309 1 7 1 7 1 1 1 3 3 1 3 1 3 1 1 1 1 1 1 1 1 1 1 1 1 1 1 1 1 1 1 1 1 1 1 1 1 1 1 1 1 1 1 1 1 1 1 1 1 1 1 1 1 1 1 1 1 100 1 7 1 1 1 8 1 7 1 1 12 10 1 12 10 1 16 1 1 12 10 15 1 16 1 7 1 1 12 10 15 1 1 12 18 1 16 1 1 12 10 15 1 16 1 12 18 1 1 12 10 15 1 16 1 12 18 1 7 1 1 12 11 12 9 1 1 1 1 7 12 11 1 12 10 1 1 8 1 12 10 1 7 1 1 1 1 12 10 1 12 10 1 7 1 7 1 1 12 10 1 7 1 100 12 11 1 8 1 12 10 1 1 1 1 1 1 8 1 1 8 1 12 9 1 1 12 10 1 1 1 1 100 10 1 8 1 1 12 10 1 12 11 1 12 10 12 10 1 12 10 1 1 100 1 1 12 9 1 12 10 1 1 12 10 1 1 1 8 12 10 1 1 12 10 1 7 1 12 9 1 1 12 10 12 10 12 10 15 1 16 18 12 10 15 1 16 18 1 7 1 1 12 11 1 12 11 12 10 1 100 1 7 12 10 12 10 15 18 12 10 15 18 1 1 12 10 12 10 1 1 12 10 1 1 1 12 10 1 1 1 1 1 1 1 1 1 1 1 1
ciInstanceKlass org/jetbrains/kotlin/resolve/DescriptorUtils 1 1 957 1 7 1 7 1 1 7 1 7 1 1 7 1 7 1 1 1 1 1 1 1 12 10 1 1 1 1 1 1 1 1 12 10 1 7 1 1 12 11 1 1 1 1 1 1 1 7 1 12 10 1 12 10 1 1 12 11 1 1 1 7 1 1 12 11 1 7 1 1 12 9 1 1 1 1 12 10 1 7 1 1 12 10 1 12 10 1 7 1 1 1 1 12 10 1 7 1 7 1 12 10 1 12 9 1 7 12 11 1 7 11 12 9 1 100 1 100 10 1 8 1 1 12 10 1 12 10 1 1 12 10 1 12 10 12 10 1 1 12 11 1 1 12 10 1 1 1 12 10 1 7 12 10 12 10 1 1 1 1 1 100 10 1 100 1 12 10 12 10 1 1 12 10 1 1 1 1 1 7 1 12 11 1 1 1 1 1 12 11 1 7 1 1 12 11 1 1 1 7 11 1 12 11 1 1 1 1 1 12 10 1 1 12 10 1 1 1 1 1 1 12 10 1 1 1 1 1 7 1 12 10 1 1 1 1 7 1 1 12 10 1 7 1 1 12 11 1 7 12 10 1 1 1 1 8 1 1 1 1 12 11 1 1 1 12 10 1 1 1 1 1 1 1 1 12 11 1 12 11 1 1 12 11 1 7 1 12 11 1 1 12 11 1 1 12 11 1 1 12 10 1 1 1 1 1 1 12 11 1 12 10 12 11 11 1 1 1 1 7 1 1 12 9 1 1 12 10 12 11 1 1 12 9 1 12 9 1 1 12 11 1 7 1 1 12 9 1 12 10 1 7 1 12 9 10 1 1 100 1 12 9 1 1 1 1 12 9 1 1 12 9 1 1 12 9 1 1 12 10 1 1 12 11 1 1 1 1 100 1 1 12 10 1 1 12 10 11 1 12 9 1 1 1 1 1 100 10 1 1 12 10 1 7 1 12 10 1 100 1 12 11 1 1 1 1 1 1 1 1 1 1 7 1 1 12 10 1 12 10 1 1 1 1 1 12 10 1 8 1 1 1 1 1 12 10 1 12 9 1 100 12 10 1 12 9 1 12 9 10 1 12 9 1 1 1 1 1 12 10 1 1 12 11 1 8 1 8 1 8 1 8 1 1 12 10 1 100 1 1 1 1 1 1 1 1 100 1 1 12 11 1 1 1 1 12 11 1 11 12 10 12 10 1 1 1 1 12 11 1 1 12 9 1 100 1 8 1 12 10 1 1 1 1 1 1 12 11 1 1 1 12 10 1 1 1 1 7 1 12 11 1 7 1 12 10 1 7 1 12 10 1 12 10 1 7 1 1 12 9 1 12 10 1 1 12 11 1 12 10 1 7 1 1 12 9 1 12 10 1 1 1 1 1 1 12 10 1 12 11 1 1 12 9 1 1 1 1 7 10 1 12 11 1 1 12 10 1 1 1 1 1 7 1 12 11 11 11 1 1 1 1 1 7 10 1 12 9 1 12 9 1 12 9 1 8 12 10 1 1 12 11 1 1 1 1 1 12 10 12 10 1 1 1 1 12 10 1 12 10 1 1 1 7 1 1 12 11 1 7 11 1 12 11 1 7 1 7 1 12 10 1 7 1 1 1 1 1 1 1 1 7 1 1 12 11 12 9 1 7 1 1 12 11 1 1 1 1 1 7 1 1 12 11 1 7 1 1 12 11 1 7 1 1 12 11 1 100 1 1 12 9 1 1 7 1 1 12 9 1 12 9 1 1 12 10 1 1 12 11 1 1 1 1 1 12 10 1 8 1 100 1 1 100 1 1 12 9 1 1 12 11 1 12 11 11 1 1 1 1 1 12 11 1 100 12 11 11 1 8 1 1 1 7 11 1 11 1 12 10 1 1 12 11 11 1 8 10 8 11 8 1 1 12 11 1 100 11 1 12 10 1 1 1 1 12 10 1 8 10 1 8 1 8 1 100 8 8 8 8 8 8 8 8 8 8 8 8 8 8 8 8 8 8 8 8 8 8 8 8 8 8 8 8 8 8 8 8 8 8 8 8 8 8 8 8 8 8 8 8 8 8 8 8 8 8 8 8 8 8 8 8 8 8 8 8 8 8 8 8 8 8 8 8 8 8 8 8 8 8 8 8 8 8 8 8 8 8 1 1 12 10 1 100 10 1 100 1 1 1 1 1 1 1 1 1 1
staticfield org/jetbrains/kotlin/resolve/DescriptorUtils JVM_NAME Lorg/jetbrains/kotlin/name/FqName; org/jetbrains/kotlin/name/FqName
staticfield org/jetbrains/kotlin/resolve/DescriptorUtils $assertionsDisabled Z 1
ciInstanceKlass org/jetbrains/kotlin/resolve/descriptorUtil/DescriptorUtilsKt 1 1 1360 1 7 1 100 1 1 1 3 3 1 1 3 1 1 1 1 1 1 1 1 1 1 1 1 1 1 1 1 1 1 1 1 1 1 1 1 1 1 1 1 1 1 1 1 1 1 1 1 1 1 1 1 1 1 1 1 1 1 1 1 1 1 1 1 1 1 1 1 1 1 1 1 1 1 1 1 1 1 1 1 1 1 1 1 1 1 1 1 1 1 1 1 1 1 1 1 1 1 1 1 1 1 1 1 1 1 1 1 1 1 1 1 1 1 1 1 1 1 1 1 1 1 1 1 1 1 1 1 1 1 1 1 1 1 1 1 1 1 1 1 1 1 1 1 1 1 1 1 1 1 1 1 1 1 1 1 1 1 1 1 1 1 1 1 1 1 1 1 1 1 1 1 1 1 1 1 1 1 1 1 1 7 1 100 1 1 7 1 100 1 1 100 1 7 1 1 7 1 1 7 1 7 1 7 1 7 1 7 1 1 100 1 100 1 1 100 1 7 1 1 7 1 1 1 8 1 7 1 1 12 10 1 7 1 1 12 11 1 1 1 100 1 1 12 11 1 7 1 7 1 1 12 11 1 8 1 12 10 1 7 1 1 12 11 1 8 1 1 7 1 12 10 1 8 1 12 10 1 8 1 1 7 1 1 12 11 1 1 12 10 1 8 1 1 12 10 1 7 1 12 11 1 1 8 8 1 100 1 1 12 10 1 7 1 1 12 9 1 8 1 100 1 1 12 10 1 1 12 10 1 8 1 1 12 11 1 100 1 1 12 11 1 1 12 10 1 8 1 100 1 1 12 11 1 1 7 1 100 1 12 11 1 100 1 100 1 12 10 1 8 1 1 12 10 1 12 10 1 1 12 10 1 12 10 1 1 7 12 10 1 1 1 1 1 1 1 1 12 11 1 7 1 7 12 11 1 12 11 1 8 1 12 10 1 1 12 10 1 1 1 12 10 1 12 10 1 1 1 12 11 1 7 1 12 10 1 1 1 12 9 1 1 12 10 11 1 1 12 9 1 8 1 12 10 1 1 1 1 12 10 1 1 12 11 1 7 1 7 1 1 100 1 1 12 10 1 100 1 12 10 1 1 12 10 1 11 1 1 12 11 1 100 1 1 12 10 1 12 11 12 10 1 1 8 1 12 9 1 1 1 1 1 12 10 1 7 1 1 12 11 1 7 1 1 12 11 1 7 1 12 11 1 1 12 11 1 7 1 1 12 10 10 1 1 12 11 1 12 10 1 1 1 12 10 12 10 1 12 10 1 8 1 1 1 8 1 7 1 7 10 11 1 1 12 11 1 7 1 12 10 1 1 1 1 1 1 1 1 1 1 1 1 1 1 1 1 1 1 1 1 1 1 1 1 12 11 1 8 1 100 1 12 11 1 1 1 12 11 1 1 1 12 11 1 1 12 9 11 1 12 11 1 100 11 1 1 1 7 1 1 12 10 1 16 1 1 12 10 15 16 1 7 1 1 12 10 15 1 1 12 18 1 1 12 9 1 7 1 1 12 10 1 8 1 7 1 12 10 1 1 1 7 1 1 12 11 1 12 9 1 7 1 1 12 11 1 1 12 9 1 1 1 12 9 1 12 10 1 7 1 7 1 1 1 12 11 12 9 1 7 1 1 12 11 1 7 1 12 10 1 7 1 12 10 1 8 1 1 12 10 1 100 1 100 1 12 10 1 1 12 10 1 1 1 1 1 1 1 1 1 1 1 12 10 1 1 12 10 1 1 1 12 10 12 10 1 12 9 1 1 1 16 1 12 10 15 16 1 1 12 18 1 7 1 1 12 10 1 12 10 1 1 12 10 1 1 12 10 1 7 1 12 10 1 12 10 1 1 1 1 8 10 1 1 12 10 15 1 16 1 12 18 1 12 10 1 1 12 10 1 1 1 1 1 1 12 10 1 8 1 1 12 11 1 1 1 1 1 12 11 1 1 12 10 1 12 11 1 8 1 1 12 10 1 1 12 10 15 1 16 1 12 18 1 1 12 10 1 1 12 10 1 1 1 1 1 7 10 1 1 12 10 1 1 1 1 1 1 12 11 1 8 11 1 7 1 1 12 11 1 1 1 1 1 1 1 1 1 8 8 1 12 10 1 100 11 12 10 1 12 10 1 1 1 12 10 15 16 18 1 1 1 8 1 100 10 10 1 12 10 1 8 1 100 1 1 12 10 1 100 1 1 12 9 1 1 12 10 1 1 1 1 100 11 1 12 10 1 8 1 1 12 10 1 12 9 11 1 12 11 1 100 1 1 12 9 1 12 11 1 12 11 1 1 12 11 1 1 1 1 100 11 1 1 1 1 12 9 1 7 10 1 1 12 10 1 1 1 1 1 12 10 1 1 12 10 1 8 11 1 12 9 1 1 12 11 1 1 8 1 12 10 1 12 10 1 1 8 1 12 10 1 11 1 1 1 12 11 1 1 12 10 1 100 1 1 1 100 1 12 11 12 10 1 1 12 11 1 100 11 1 12 11 1 1 12 11 1 100 11 1 1 12 10 1 1 1 1 1 8 1 7 11 12 10 1 12 11 1 12 10 1 11 1 8 1 100 1 12 10 1 1 1 1 7 1 1 12 10 1 1 12 11 1 100 1 12 10 1 1 12 10 1 12 9 1 1 1 1 1 12 10 1 1 7 11 1 12 10 1 12 10 1 8 1 1 1 12 11 1 8 1 1 12 10 15 1 16 18 1 1 12 10 1 12 11 1 12 10 15 18 11 1 12 10 15 18 1 12 10 15 18 1 1 1 1 1 1 100 1 12 10 12 10 1 1 1 1 1 1 1 12 11 1 100 1 100 1 1 1 100 1 11 1 1 12 10 1 12 10 1 12 11 1 1 1 1 1 1 8 1 12 10 1 12 10 12 10 1 1 1 1 1 12 11 1 8 1 12 10 1 1 12 10 1 8 11 1 8 12 10 15 1 16 1 12 18 1 1 1 1 12 11 11 12 11 1 1 1 12 11 12 10 1 12 11 12 10 15 1 16 1 12 18 1 1 100 1 1 8 1 1 12 10 1 8 1 1 1 1 1 1 1 1 1 1 1 1 1
staticfield org/jetbrains/kotlin/resolve/descriptorUtil/DescriptorUtilsKt RETENTION_PARAMETER_NAME Lorg/jetbrains/kotlin/name/Name; org/jetbrains/kotlin/name/Name
ciInstanceKlass org/jetbrains/kotlin/types/TypeUtils 1 1 780 1 7 1 7 1 1 7 1 7 1 1 100 1 100 1 100 1 7 1 7 1 1 100 1 100 1 1 1 1 1 1 1 1 1 1 1 12 10 1 1 1 1 1 1 12 10 12 9 12 9 1 1 1 1 1 7 1 1 12 10 12 9 1 7 10 1 1 1 1 12 10 1 1 1 12 10 1 7 1 12 10 1 1 1 1 12 10 12 10 1 1 1 1 12 10 1 7 1 12 11 1 1 12 11 1 12 10 1 7 1 1 12 11 1 7 1 1 12 11 1 7 1 7 1 12 11 1 1 12 11 1 1 12 11 1 1 12 9 1 12 11 1 7 1 12 10 1 1 12 10 12 10 1 1 12 9 1 12 9 1 1 1 1 1 1 1 1 1 1 1 1 1 1 1 1 1 12 11 1 1 12 11 1 7 1 12 11 1 1 12 11 1 1 12 11 1 1 12 10 1 1 1 1 1 7 1 1 12 10 1 7 1 1 12 9 1 7 1 1 12 10 1 1 12 10 1 100 1 7 1 100 1 7 1 12 11 1 12 10 1 1 1 1 1 1 1 1 1 1 1 1 12 10 1 12 9 1 1 12 10 1 7 1 1 12 10 1 1 7 12 10 1 7 1 1 12 11 1 12 10 1 12 11 1 7 1 1 12 10 1 1 1 1 1 7 1 1 12 10 1 1 12 11 1 7 11 11 1 1 12 10 1 1 1 1 1 1 1 1 1 12 9 1 1 12 10 12 10 1 1 1 1 1 12 10 1 7 1 1 12 11 12 10 1 1 1 1 1 1 1 7 10 1 1 7 1 12 10 1 1 12 10 1 7 1 12 10 12 10 1 7 1 12 10 1 12 10 1 12 10 1 7 1 1 12 10 1 7 1 1 12 11 1 7 1 1 1 1 1 12 10 1 1 12 11 1 7 1 1 1 1 1 1 1 10 1 1 12 10 1 12 10 1 1 1 1 1 11 1 100 1 100 10 1 8 1 1 12 10 1 12 10 1 8 10 1 12 10 1 100 1 1 12 10 1 100 11 1 100 1 1 12 11 1 12 10 11 1 1 1 1 1 1 12 9 12 11 1 1 1 1 1 10 1 12 10 1 1 1 1 12 11 1 1 10 1 12 10 1 1 1 12 10 1 1 1 12 10 1 1 12 11 1 7 1 12 10 1 7 10 1 12 10 10 1 12 10 1 7 1 12 10 10 1 1 1 1 1 1 1 1 1 1 1 1 1 7 1 12 10 1 1 7 1 1 12 10 1 7 1 1 12 9 1 100 1 1 12 10 1 1 1 1 1 100 10 1 12 10 12 9 1 100 1 8 1 8 1 12 10 1 1 1 1 12 11 1 1 12 11 1 100 1 12 10 1 12 10 1 12 10 1 1 12 9 1 1 12 10 1 12 9 1 1 1 1 1 1 1 1 1 1 100 1 100 1 1 12 10 1 1 12 10 1 100 10 1 1 1 1 1 1 1 7 12 10 12 10 1 1 1 1 7 1 12 10 1 1 12 10 11 1 1 1 1 1 12 10 1 1 12 11 1 1 1 1 7 1 12 10 12 9 1 12 9 12 9 8 10 8 1 8 1 8 1 100 8 8 8 8 8 8 8 8 8 8 8 8 8 8 8 8 8 8 8 8 8 8 8 8 8 8 8 8 8 8 8 8 8 8 8 8 8 8 8 8 8 8 8 8 8 8 8 8 8 8 8 8 8 8 1 1 12 10 1 100 10 1 100 1 1 1 1 1 1 1 1 1 1
staticfield org/jetbrains/kotlin/types/TypeUtils DONT_CARE Lorg/jetbrains/kotlin/types/SimpleType; org/jetbrains/kotlin/types/error/ErrorType
staticfield org/jetbrains/kotlin/types/TypeUtils CANNOT_INFER_FUNCTION_PARAM_TYPE Lorg/jetbrains/kotlin/types/SimpleType; org/jetbrains/kotlin/types/error/ErrorType
staticfield org/jetbrains/kotlin/types/TypeUtils NO_EXPECTED_TYPE Lorg/jetbrains/kotlin/types/SimpleType; org/jetbrains/kotlin/types/TypeUtils$SpecialType
staticfield org/jetbrains/kotlin/types/TypeUtils UNIT_EXPECTED_TYPE Lorg/jetbrains/kotlin/types/SimpleType; org/jetbrains/kotlin/types/TypeUtils$SpecialType
staticfield org/jetbrains/kotlin/types/TypeUtils $assertionsDisabled Z 1
ciInstanceKlass org/jetbrains/kotlin/types/error/ErrorType 1 1 192 1 7 1 7 1 1 1 3 3 1 3 1 3 1 1 1 1 1 1 1 1 1 1 1 1 1 1 1 1 1 1 1 1 1 1 1 1 1 1 1 1 1 1 1 1 1 1 1 1 1 1 1 1 1 1 1 1 1 1 1 1 100 1 100 1 1 1 1 1 1 1 1 8 1 7 1 1 12 10 8 8 8 8 1 12 10 12 9 12 9 12 9 12 9 12 9 12 9 1 7 1 1 12 9 1 7 12 10 1 7 1 1 12 10 1 7 1 1 12 10 1 8 1 12 10 12 9 1 1 1 7 1 12 10 12 10 1 1 12 9 1 12 10 1 8 1 1 8 12 10 12 10 12 10 100 1 12 10 1 1 8 1 1 12 10 1 1 12 10 1 100 1 12 10 1 12 10 1 1 1 100 1 1 1 1 1 1 1 1 1 1
ciInstanceKlass org/jetbrains/kotlin/types/TypeUtils$SpecialType 1 1 96 1 7 1 7 1 1 100 1 1 1 1 1 1 12 10 12 9 1 1 1 1 1 1 100 12 10 1 1 1 1 12 10 1 1 1 1 1 1 1 1 1 100 1 1 1 1 1 1 1 1 1 1 12 10 1 1 12 10 1 12 10 1 1 8 1 8 1 100 1 100 8 8 8 8 8 8 8 8 1 1 12 10 1 100 10 1 100 1 1 1 1 1 1 1 1
ciInstanceKlass org/jetbrains/kotlin/types/SimpleTypeImpl 1 1 184 1 7 1 7 1 1 1 3 3 1 3 1 3 1 1 1 1 1 1 1 1 1 1 1 1 1 1 1 1 1 1 1 1 1 1 1 1 1 1 1 1 1 1 1 1 1 1 1 1 1 1 1 1 1 1 7 1 7 1 1 1 1 1 1 1 1 8 1 7 1 1 12 10 8 8 8 12 10 12 9 12 9 12 9 12 9 12 9 12 10 1 7 1 7 1 100 1 100 10 1 8 1 1 12 10 1 12 10 1 12 10 12 10 1 1 12 10 1 12 10 1 1 1 1 12 9 1 12 10 1 8 1 12 10 1 7 1 12 10 1 12 10 1 7 1 12 10 1 7 10 1 8 1 100 1 1 12 11 1 12 10 1 7 1 12 10 1 12 10 1 1 100 1 1 1 1 1 1 1 1 1 1 1
instanceKlass org/jetbrains/kotlin/kdoc/psi/impl/KDocImpl
instanceKlass org/jetbrains/kotlin/psi/KtBlockExpression
instanceKlass org/jetbrains/kotlin/psi/KtLambdaExpression
ciInstanceKlass org/jetbrains/kotlin/com/intellij/psi/impl/source/tree/LazyParseablePsiElement 1 1 507 1 7 1 7 1 100 1 7 1 1 1 1 1 1 1 1 1 1 1 12 10 12 10 1 1 12 10 1 1 1 1 1 1 1 1 1 12 10 1 1 1 100 1 1 12 9 1 1 12 10 1 100 1 1 1 1 1 12 10 1 7 1 1 12 10 1 12 11 1 1 1 1 1 1 1 1 1 7 1 12 10 1 7 1 12 11 1 1 12 11 1 7 1 1 12 10 1 1 12 11 1 100 1 1 1 1 1 12 10 1 7 1 12 10 1 1 1 1 12 10 1 1 1 7 1 12 11 1 1 1 1 12 10 1 7 10 1 1 1 7 1 12 10 1 12 10 1 1 1 12 10 1 100 12 10 1 100 1 1 1 1 1 1 12 10 1 100 1 12 10 1 1 1 1 1 1 1 100 1 12 10 1 1 1 12 10 1 1 1 1 12 10 1 12 10 1 1 1 1 1 12 10 1 100 1 1 100 1 1 12 10 1 1 1 1 1 100 1 12 10 1 100 1 1 12 10 1 1 12 10 1 100 1 1 12 9 1 1 12 10 1 1 12 10 1 1 1 1 12 10 1 1 1 1 1 12 9 1 1 12 9 1 7 1 100 10 1 8 1 1 12 10 1 12 10 1 1 12 10 1 1 12 10 1 1 12 10 1 12 10 1 1 1 1 100 12 11 1 12 10 1 100 1 1 12 10 1 1 1 1 1 12 10 1 1 12 10 1 1 1 100 1 1 1 1 1 1 1 8 1 1 12 10 1 8 1 12 10 1 1 1 12 10 12 11 1 1 12 9 12 10 1 100 10 1 100 1 1 12 10 1 100 1 1 1 12 10 1 1 1 1 1 1 100 1 1 12 10 1 1 12 10 1 100 12 11 1 1 1 12 10 1 12 10 1 1 1 7 1 12 10 1 100 1 1 12 10 1 100 1 7 12 10 1 1 1 1 1 1 1 100 12 10 1 100 1 1 8 1 12 10 1 1 12 10 1 1 10 1 1 12 10 1 12 10 1 8 1 8 1 100 1 100 8 8 8 8 8 8 8 8 8 8 8 8 8 8 8 8 8 8 8 8 8 8 8 8 8 8 8 8 8 8 1 1 12 10 1 100 10 1 100 10 1 100 1 1 1 1 1 1 1 1 1 1 1
staticfield org/jetbrains/kotlin/com/intellij/psi/impl/source/tree/LazyParseablePsiElement LOG Lorg/jetbrains/kotlin/com/intellij/openapi/diagnostic/Logger; org/jetbrains/kotlin/com/intellij/openapi/diagnostic/DefaultLogger
staticfield org/jetbrains/kotlin/com/intellij/psi/impl/source/tree/LazyParseablePsiElement $assertionsDisabled Z 1
ciInstanceKlass org/jetbrains/kotlin/psi/KtLambdaExpression 1 1 186 1 7 1 7 1 100 1 1 1 1 7 1 1 12 9 1 12 10 1 1 1 1 1 1 1 1 1 1 12 10 1 7 1 1 12 10 1 1 1 1 1 1 1 1 1 12 9 1 1 12 10 1 7 1 7 1 1 12 11 1 1 1 12 10 12 10 1 100 1 1 1 12 10 1 1 1 1 12 10 1 1 1 1 1 12 10 1 100 1 1 12 9 11 1 1 12 9 1 1 1 100 1 12 10 1 100 1 1 1 1 7 1 1 12 10 1 1 12 10 1 100 1 1 12 10 1 1 1 10 1 1 12 11 1 100 12 10 1 1 1 1 1 1 8 1 8 1 100 1 100 1 100 8 8 8 8 8 8 8 8 8 8 1 1 12 10 1 100 1 12 10 1 100 10 1 100 1 1 1 1 1 1 1 1 1
ciInstanceKlass org/jetbrains/kotlin/resolve/calls/smartcasts/DataFlowValueFactoryImpl 1 1 339 1 7 1 7 1 100 1 1 1 3 3 1 3 1 3 1 1 1 1 1 1 1 1 1 1 1 1 1 1 1 1 1 1 1 1 1 1 1 1 1 1 1 1 1 1 1 1 1 1 1 1 7 1 7 1 1 100 1 1 7 1 7 1 1 7 1 1 7 1 1 7 1 1 8 1 7 1 1 12 10 1 12 10 12 9 1 1 1 8 8 1 7 1 1 12 9 1 7 1 1 12 11 1 8 1 12 10 1 1 12 9 1 7 1 1 12 11 1 12 10 8 8 1 7 1 7 1 12 10 1 7 1 100 1 7 1 7 1 1 12 11 1 1 12 11 1 8 1 12 10 1 100 1 100 10 1 8 1 1 12 10 1 1 12 10 1 100 1 1 12 10 1 12 10 1 12 10 8 1 12 10 1 12 10 1 1 8 8 1 7 1 7 1 1 12 10 1 1 12 9 1 7 1 1 12 11 1 12 10 1 7 11 1 1 1 1 8 8 1 7 1 1 12 10 1 7 1 1 12 11 1 7 1 1 12 9 1 12 9 1 7 1 1 12 10 1 1 12 10 1 7 1 1 12 10 1 12 9 1 7 1 12 10 1 7 1 1 12 10 1 7 1 1 12 10 1 12 10 1 100 1 1 12 9 1 12 10 12 10 1 12 10 1 7 1 1 12 10 1 1 12 9 1 100 1 1 1 7 1 7 1 7 1 100 1 7 1 12 10 1 7 1 1 12 9 1 7 1 1 1 1 1 1 1 1 1 1 1
ciInstanceKlass org/jetbrains/kotlin/descriptors/TypeParameterDescriptor 1 1 76 1 100 1 100 1 100 1 100 1 100 1 1 1 1 1 1 1 1 1 1 1 1 1 1 1 1 1 1 1 12 11 1 1 1 1 1 1 1 1 1 1 1 100 1 8 1 1 12 10 1 1 1 8 1 1 1 8 1 1 1 8 1 1 1 8 1 1 1 8 1 1 1 8 1 1
ciInstanceKlass org/jetbrains/kotlin/resolve/calls/smartcasts/DataFlowValue 1 1 190 1 7 1 7 1 1 1 3 3 1 3 1 3 1 1 1 1 1 1 1 1 1 1 1 1 1 1 1 1 1 1 1 1 1 1 1 1 1 1 1 1 1 1 1 1 1 1 1 7 1 7 1 7 1 7 1 1 1 1 1 1 8 1 7 1 1 12 10 8 8 1 12 10 12 9 12 9 12 9 12 10 1 12 9 1 12 9 1 12 9 1 12 9 1 12 9 1 12 9 12 9 1 1 1 7 1 1 12 10 12 10 11 12 11 1 1 1 1 12 10 1 1 1 100 10 1 1 12 10 1 12 10 12 10 1 12 9 1 7 12 10 10 1 1 1 12 9 12 10 1 1 1 1 12 10 1 1 12 9 1 7 1 1 12 9 1 7 1 7 1 1 12 10 1 7 1 12 9 12 9 1 1 1 1 1 1 1 1 1
staticfield org/jetbrains/kotlin/resolve/calls/smartcasts/DataFlowValue Companion Lorg/jetbrains/kotlin/resolve/calls/smartcasts/DataFlowValue$Companion; org/jetbrains/kotlin/resolve/calls/smartcasts/DataFlowValue$Companion
staticfield org/jetbrains/kotlin/resolve/calls/smartcasts/DataFlowValue ERROR Lorg/jetbrains/kotlin/resolve/calls/smartcasts/DataFlowValue; org/jetbrains/kotlin/resolve/calls/smartcasts/DataFlowValue
ciInstanceKlass org/jetbrains/kotlin/resolve/lazy/descriptors/LazyPackageDescriptor 1 1 93 1 7 1 7 1 100 1 1 1 1 1 1 1 1 1 1 12 10 1 12 10 12 9 1 7 1 12 10 12 9 1 1 1 1 1 1 1 1 1 1 1 100 1 1 1 100 1 12 10 1 1 1 100 1 8 1 8 1 100 1 100 1 100 8 8 8 8 8 8 8 8 1 1 12 10 1 100 1 12 10 1 100 10 1 100 1 1 1 1 1 1 1
instanceKlass org/jetbrains/kotlin/types/FlexibleTypeWithEnhancement
instanceKlass org/jetbrains/kotlin/load/java/lazy/types/RawTypeImpl
instanceKlass org/jetbrains/kotlin/types/FlexibleTypeImpl
instanceKlass org/jetbrains/kotlin/types/DynamicType
ciInstanceKlass org/jetbrains/kotlin/types/FlexibleType 1 1 129 1 7 1 7 1 100 1 100 1 1 1 3 3 1 3 1 3 1 1 1 1 1 1 1 1 1 1 1 1 1 1 1 1 1 1 1 1 1 1 1 1 1 1 1 1 1 1 1 1 1 1 1 1 1 1 1 1 1 1 1 1 1 1 1 1 1 1 1 1 1 1 1 8 1 7 1 1 12 10 8 1 12 10 12 9 12 9 1 1 100 1 8 1 12 10 1 7 12 10 12 10 1 12 10 12 10 12 10 1 1 100 1 12 9 1 1 12 10 1 1 1 1 1 1 1 1 1 1
instanceKlass org/jetbrains/kotlin/psi/KtPsiFactory$BlockWrapper
ciInstanceKlass org/jetbrains/kotlin/psi/KtBlockExpression 1 1 256 1 7 1 7 1 100 1 7 1 100 1 1 1 1 1 7 1 1 12 9 1 12 10 1 1 1 1 1 1 1 1 1 1 1 1 100 1 1 12 9 1 1 12 10 1 1 1 1 12 10 1 100 1 1 12 11 1 100 12 10 1 1 1 100 1 12 10 1 100 1 1 1 1 7 1 1 12 10 1 1 1 1 1 1 1 1 1 1 7 1 1 12 10 1 1 12 10 1 100 1 1 12 10 1 1 1 1 100 1 100 1 1 12 10 12 10 1 1 1 1 12 10 1 100 1 100 11 1 100 12 10 1 100 1 1 12 11 1 12 11 1 1 12 9 1 100 1 1 12 10 100 1 1 1 1 1 1 1 1 7 1 1 12 10 12 10 1 1 1 1 1 12 10 1 1 1 1 1 1 12 10 1 7 1 1 12 10 1 1 1 12 10 1 12 11 1 100 1 1 100 1 1 12 9 1 1 12 10 1 1 12 9 1 8 1 8 1 100 1 100 1 100 8 8 8 8 8 8 8 8 8 1 1 12 10 1 100 1 12 10 1 100 10 1 100 1 1 1 1 1 1 1 1 1 1
ciInstanceKlass org/jetbrains/kotlin/descriptors/impl/AnonymousFunctionDescriptor 1 1 104 1 7 1 7 1 1 100 1 100 1 1 1 1 1 1 1 1 12 10 1 7 1 1 12 9 1 12 10 1 1 1 1 1 1 1 1 1 1 1 1 12 10 12 9 1 1 1 1 1 1 1 100 1 100 1 100 1 100 1 1 12 10 1 100 1 1 1 1 1 8 1 100 1 100 1 100 8 8 8 8 8 8 8 8 8 8 1 1 12 10 1 100 1 12 10 1 1 1 1 1 1 1 1
ciInstanceKlass org/jetbrains/kotlin/serialization/deserialization/descriptors/DeserializedClassDescriptor 1 1 1041 1 7 1 7 1 100 1 1 1 3 3 1 3 1 3 1 1 1 1 1 1 1 1 1 1 1 1 1 1 1 1 1 1 1 1 1 1 1 1 1 1 1 1 1 1 1 1 1 1 1 1 1 1 1 1 1 1 1 1 1 1 1 1 1 1 1 1 1 1 1 1 1 1 1 1 1 1 1 1 1 1 1 1 1 1 1 1 1 1 1 1 1 1 1 1 1 1 1 1 1 1 1 1 1 1 1 1 1 1 1 1 1 1 1 1 1 1 1 1 1 1 1 1 1 1 1 1 1 1 1 1 1 1 1 1 1 1 1 1 1 1 1 7 1 7 1 1 7 1 7 1 7 1 100 1 1 7 1 1 7 1 1 7 1 1 100 1 1 100 1 1 100 1 1 7 1 1 7 1 7 1 1 7 1 1 7 1 7 1 7 1 7 1 7 1 7 1 1 7 1 100 1 7 1 7 1 7 1 7 1 100 1 100 1 1 1 1 1 1 1 1 1 8 1 7 1 1 12 10 8 8 8 8 1 7 1 1 12 10 1 1 12 10 1 7 1 1 12 10 1 7 1 1 12 10 1 12 10 12 9 12 9 12 9 12 9 1 7 1 1 12 9 1 1 12 9 1 12 10 1 1 12 10 1 12 10 12 9 1 12 9 1 7 1 1 12 10 12 9 1 12 9 1 1 12 10 12 9 1 7 1 12 10 1 8 1 12 10 1 7 1 1 12 10 1 8 1 12 10 1 12 9 1 1 12 10 1 8 1 1 12 10 1 1 12 10 12 9 1 1 12 9 1 12 10 1 8 1 7 1 12 10 12 9 1 7 1 12 9 1 1 12 10 1 7 1 1 12 10 1 100 1 1 12 11 1 1 12 10 1 1 12 10 1 7 1 7 1 12 10 1 7 1 12 9 12 9 1 12 10 12 9 1 12 9 1 1 12 10 1 7 1 1 12 11 1 12 10 1 7 1 12 10 12 9 10 12 9 1 12 10 12 9 1 16 1 1 12 10 15 1 16 1 7 1 1 12 10 15 1 1 12 18 1 7 1 1 12 11 12 9 1 1 12 10 15 1 16 18 1 1 12 11 12 9 1 1 12 10 15 1 16 18 12 9 1 12 10 15 18 12 9 1 1 12 10 15 1 16 18 12 9 1 1 12 10 1 12 10 1 100 1 100 12 9 1 12 10 1 12 9 1 12 9 1 12 10 1 7 1 1 12 10 15 16 18 1 12 10 12 9 1 1 1 1 12 10 1 1 12 9 1 7 1 12 10 1 12 10 1 1 7 1 1 1 1 12 9 1 12 9 1 12 9 1 100 1 1 12 10 1 12 9 1 12 9 1 12 9 1 12 10 8 1 1 1 12 9 1 12 10 1 12 9 1 100 1 1 12 10 1 1 12 10 1 100 1 100 1 1 12 10 1 7 1 12 10 1 8 1 7 1 1 12 11 1 7 1 12 11 1 12 11 1 12 9 10 1 100 1 1 12 10 1 7 1 1 12 10 1 1 1 1 1 1 1 1 1 1 1 1 1 1 1 7 12 11 1 12 10 1 7 12 10 1 7 1 1 12 10 1 1 12 10 1 1 12 10 1 7 1 12 11 1 1 7 1 12 10 1 1 12 11 1 7 1 1 12 10 1 12 10 1 12 10 1 1 1 1 1 1 1 1 1 1 1 1 1 1 1 7 11 1 1 7 1 1 12 10 1 1 12 10 1 7 1 1 12 10 1 100 1 1 12 10 1 100 1 12 10 1 100 1 12 10 1 1 1 1 1 12 10 1 12 10 1 1 12 10 12 10 1 7 1 1 12 9 1 7 1 1 12 10 1 1 8 1 1 12 10 1 7 1 12 11 1 1 100 1 12 9 1 12 10 1 12 10 1 12 11 1 100 1 12 10 1 1 12 10 1 100 1 12 9 1 1 12 10 1 1 1 1 1 1 1 1 1 1 1 1 1 1 1 1 1 100 12 10 12 10 10 10 1 100 1 1 12 10 1 100 1 100 10 1 8 1 1 12 10 1 12 10 1 12 10 10 1 12 10 1 12 11 1 8 1 1 12 10 1 100 12 11 1 8 1 12 10 1 8 1 100 1 100 1 100 1 100 1 12 10 1 1 1 1 1 12 10 1 100 1 12 11 1 1 12 11 1 1 1 1 1 1 1 8 12 10 1 8 8 1 100 1 8 10 1 1 1 12 10 1 1 12 10 1 100 1 1 12 11 12 10 12 10 1 12 10 12 10 12 10 12 10 1 1 12 10 1 7 1 1 12 11 1 1 12 10 1 12 10 1 1 1 1 1 1 1 1 1 1 1 1 1 1 1 1 1 1 1 1 1
ciInstanceKlass org/jetbrains/kotlin/serialization/deserialization/descriptors/DeserializedClassDescriptor$DeserializedClassTypeConstructor 1 1 329 1 7 1 7 1 1 1 3 3 1 3 1 3 1 1 1 1 1 1 1 1 1 1 1 1 1 1 1 1 1 1 1 1 1 1 1 1 1 1 1 7 1 100 1 1 7 1 7 1 1 100 1 100 1 1 7 1 1 7 1 1 1 1 1 12 9 1 1 12 10 1 7 1 1 12 10 1 12 10 1 16 1 1 12 10 15 1 16 1 7 1 1 12 10 15 1 1 12 18 1 7 1 1 12 11 12 9 1 1 1 1 1 12 10 1 1 12 10 1 7 1 1 12 10 1 7 1 7 1 7 1 1 12 10 1 12 10 1 7 1 1 12 11 1 7 1 1 12 11 1 12 11 1 1 12 10 1 7 1 1 12 10 1 1 12 11 1 7 1 1 12 10 1 7 1 1 12 10 1 7 1 7 1 1 12 11 1 1 12 10 12 10 1 7 1 1 12 10 1 7 1 12 11 1 12 11 1 1 12 10 1 100 1 7 1 100 1 1 12 10 1 100 1 1 12 10 1 100 1 1 12 10 1 100 1 1 12 10 1 7 10 1 8 1 7 1 1 12 10 1 100 1 1 12 11 1 1 12 10 1 1 1 1 1 1 1 1 1 1 1 1 1 1 1 1 1 1 1 1 1 1 1 1 1 1 1 1 1 1 1 1 1 1 7 12 11 1 10 12 10 1 8 1 1 12 9 1 7 1 7 1 1 12 10 1 12 10 1 1 1 1 1 1 1 1 1 1 1
ciInstanceKlass org/jetbrains/kotlin/serialization/deserialization/descriptors/DeserializedClassDescriptor$DeserializedClassTypeConstructor$$Lambda$284+0x00000230013f4ab8 1 1 26 1 7 1 7 1 100 1 1 1 1 1 12 10 12 9 1 1 1 7 1 1 12 10 1 1
instanceKlass org/jetbrains/kotlin/descriptors/impl/TypeParameterDescriptorImpl
instanceKlass org/jetbrains/kotlin/descriptors/impl/AbstractLazyTypeParameterDescriptor
ciInstanceKlass org/jetbrains/kotlin/descriptors/impl/AbstractTypeParameterDescriptor 1 1 193 1 7 1 7 1 7 1 1 7 1 1 7 1 7 1 1 1 1 1 1 1 1 1 1 1 1 1 1 1 1 1 1 12 10 1 12 10 12 9 12 9 12 9 1 12 10 1 7 1 1 12 11 12 9 1 12 10 12 9 12 9 1 1 1 1 1 1 1 1 1 1 1 1 1 1 1 1 1 1 1 1 1 100 1 1 1 1 1 1 1 12 10 1 12 10 1 100 1 7 1 1 12 11 1 7 1 1 1 7 1 1 1 12 10 1 1 1 1 1 1 1 1 1 1 100 1 1 12 11 1 1 1 1 1 1 1 1 12 10 1 1 1 8 1 8 1 100 1 100 1 100 8 8 8 8 8 8 8 8 8 8 8 8 8 8 8 8 8 1 1 12 10 1 100 1 12 10 1 100 10 1 100 1 1 1 1 1 1 1 1 1 1
ciInstanceKlass org/jetbrains/kotlin/com/intellij/psi/impl/DebugUtil 1 1 933 1 7 1 100 1 1 100 1 1 100 1 100 1 1 100 1 100 1 1 100 1 100 1 1 1 1 1 1 1 1 1 1 1 1 1 1 1 12 10 1 1 1 1 1 1 1 12 10 1 100 1 1 12 10 12 9 1 100 1 12 10 1 100 1 1 12 10 1 1 1 1 1 1 100 10 1 1 12 10 1 1 12 10 1 100 1 1 1 1 1 1 12 10 1 1 1 12 10 1 1 1 1 1 1 1 1 1 1 1 1 1 100 1 12 10 1 1 12 10 1 1 1 1 1 100 1 1 12 11 1 100 1 1 12 10 1 1 1 1 1 100 1 1 12 11 1 100 1 1 12 9 1 100 1 100 1 100 1 1 12 10 1 12 9 1 8 1 100 1 1 12 11 1 100 1 1 12 10 1 8 1 8 1 8 1 12 11 10 1 1 12 11 1 100 11 1 8 1 1 12 10 1 8 1 100 10 1 1 12 11 1 8 1 12 10 1 100 12 9 1 7 1 1 12 10 1 1 1 1 1 1 1 1 1 1 1 1 1 1 1 1 12 10 1 1 1 100 1 1 12 11 10 1 1 12 11 1 100 1 1 12 11 1 100 1 1 12 11 1 12 11 1 1 1 1 1 1 1 1 1 1 1 12 11 1 100 1 1 12 10 1 1 1 12 10 1 12 10 1 8 1 12 10 1 12 10 1 8 1 12 11 1 8 1 8 1 12 11 1 8 1 12 10 1 8 1 1 1 12 11 1 100 1 1 12 10 1 8 1 1 1 1 1 1 100 1 1 12 10 1 1 12 10 1 1 1 1 1 1 1 12 10 1 12 10 1 1 12 10 1 1 1 12 10 1 1 1 100 1 12 11 1 12 10 1 1 12 10 1 100 1 1 1 100 11 1 1 12 11 12 11 1 8 1 12 10 1 12 10 1 8 1 1 12 11 1 100 10 1 8 1 12 10 1 8 1 8 1 12 11 16 1 1 12 10 15 1 16 1 100 1 1 12 10 15 1 1 12 18 1 12 11 1 1 1 1 8 1 1 12 10 1 8 1 8 1 8 1 8 1 1 100 12 10 1 1 1 7 1 12 10 12 9 1 7 10 1 100 1 12 10 1 100 10 1 100 1 12 10 12 9 1 7 1 1 12 10 1 1 12 10 1 1 1 1 1 8 1 1 12 10 1 1 1 12 10 1 7 1 12 11 12 10 1 1 1 1 1 1 100 1 12 11 1 1 1 1 1 12 10 1 1 12 10 1 1 1 1 12 10 1 12 10 1 1 1 1 1 12 10 1 1 12 10 1 7 1 1 12 10 1 7 1 12 11 1 8 12 10 1 12 10 1 1 1 1 1 100 12 10 1 1 1 12 9 12 10 1 1 1 100 1 12 10 1 1 12 11 1 8 1 8 1 1 12 10 1 100 1 100 1 1 12 11 1 1 12 11 1 100 1 1 12 10 1 100 1 1 12 11 1 8 1 8 1 12 11 1 8 1 1 12 11 1 8 1 8 1 8 1 1 12 10 1 8 1 8 1 1 12 10 1 8 1 12 11 11 1 8 1 8 1 12 10 1 8 1 8 1 1 1 1 1 1 1 1 1 1 1 1 1 1 1 1 1 100 1 1 12 11 1 100 11 1 16 1 1 12 10 15 1 16 1 1 12 18 1 100 10 1 1 12 10 1 1 1 1 1 1 100 11 1 1 12 10 15 1 12 18 1 1 1 1 100 1 1 12 11 1 12 10 1 100 12 11 1 8 1 1 1 1 1 1 1 1 1 1 1 7 1 12 10 1 8 1 8 1 8 1 8 1 8 1 8 1 8 1 8 1 8 1 8 1 8 1 8 1 8 1 8 1 8 1 1 1 1 1 1 1 12 11 1 12 11 1 1 1 1 1 1 1 1 1 1 1 1 1 1 1 1 12 10 1 12 10 12 9 12 9 10 1 1 1 8 1 8 1 100 8 8 8 8 8 8 8 8 8 8 8 8 8 8 8 8 8 8 8 8 8 8 8 8 8 8 8 8 8 8 8 8 8 8 8 8 1 1 12 10 1 100 12 10 1 100 10 1 100 1 1 1 1 1 1 1 1 1 1 1 1 1 1 1
staticfield org/jetbrains/kotlin/com/intellij/psi/impl/DebugUtil LOG Lorg/jetbrains/kotlin/com/intellij/openapi/diagnostic/Logger; org/jetbrains/kotlin/com/intellij/openapi/diagnostic/DefaultLogger
staticfield org/jetbrains/kotlin/com/intellij/psi/impl/DebugUtil DO_EXPENSIVE_CHECKS Z 0
staticfield org/jetbrains/kotlin/com/intellij/psi/impl/DebugUtil CHECK_INSIDE_ATOMIC_ACTION_ENABLED Z 0
staticfield org/jetbrains/kotlin/com/intellij/psi/impl/DebugUtil ourPsiModificationTrace Ljava/lang/ThreadLocal; java/lang/ThreadLocal
staticfield org/jetbrains/kotlin/com/intellij/psi/impl/DebugUtil ourPsiModificationDepth Ljava/lang/ThreadLocal; java/lang/ThreadLocal
staticfield org/jetbrains/kotlin/com/intellij/psi/impl/DebugUtil $assertionsDisabled Z 1
instanceKlass org/jetbrains/kotlin/parsing/KotlinParsing$3
ciInstanceKlass org/jetbrains/kotlin/parsing/KotlinExpressionParsing 1 1 1402 1 7 1 7 1 1 100 1 7 1 1 7 1 7 1 1 7 1 100 1 1 7 1 7 1 1 7 1 1 7 1 1 7 1 1 1 1 1 1 1 1 1 1 1 1 1 1 1 1 1 1 1 1 1 1 1 1 1 1 1 1 1 1 1 1 1 1 1 12 10 1 7 1 1 12 10 1 7 1 7 1 1 12 10 1 7 1 1 12 10 1 1 12 10 1 1 1 1 1 1 1 1 12 10 1 1 1 1 1 12 10 12 9 1 1 1 12 9 1 1 12 10 1 8 1 1 12 10 1 1 12 9 1 1 12 10 1 1 12 10 1 1 12 10 1 1 12 10 1 1 12 10 1 1 12 10 1 12 10 1 1 12 10 1 1 12 11 1 12 11 1 12 11 1 1 1 1 1 1 1 12 10 1 12 10 1 7 1 12 9 1 7 1 1 12 9 1 1 12 10 1 1 12 10 1 1 12 9 1 1 12 10 1 12 9 1 12 9 1 7 1 12 11 1 12 10 1 12 11 12 10 1 12 9 1 12 9 1 12 10 1 1 1 1 1 12 10 1 12 9 1 12 10 1 1 12 9 1 12 9 1 12 10 1 12 9 12 9 1 12 10 1 8 11 1 12 11 1 12 9 1 12 11 1 12 10 1 8 1 12 9 1 1 1 1 12 9 1 1 12 10 1 1 12 10 1 12 10 1 12 9 1 12 10 1 12 9 1 12 9 1 12 9 1 12 9 1 12 9 1 12 9 1 12 10 1 12 9 1 12 9 12 10 1 1 1 12 10 1 12 10 1 12 9 1 12 9 1 1 1 12 10 1 12 9 1 1 1 12 9 1 1 12 10 1 1 12 10 1 1 1 1 1 1 1 1 1 1 12 9 1 12 11 1 1 12 10 1 12 10 1 12 10 1 12 10 1 12 10 1 12 10 1 12 10 1 12 10 1 12 9 1 12 10 1 12 9 1 12 10 1 12 10 1 12 10 1 12 10 1 12 10 1 12 10 12 10 1 12 10 1 12 9 1 12 10 1 12 9 1 12 9 1 12 9 1 12 9 1 8 12 9 1 12 9 1 1 12 10 1 1 12 10 1 1 12 10 1 12 9 1 12 9 1 12 10 1 12 9 1 100 12 10 1 12 10 1 12 9 1 12 9 1 12 10 1 8 1 12 10 1 1 12 10 1 12 9 1 1 12 9 1 12 9 1 12 9 1 12 9 1 12 9 1 12 9 1 12 9 1 12 9 12 9 1 12 11 1 1 12 10 1 12 11 1 8 1 8 1 12 9 1 12 9 1 12 11 12 10 1 8 1 12 9 1 8 1 1 1 1 1 1 1 12 9 1 12 11 1 12 10 12 9 1 1 12 10 1 12 9 1 12 9 1 1 12 9 1 1 12 10 1 100 1 1 12 9 1 100 1 12 9 1 1 12 11 1 12 9 1 8 1 12 11 1 12 11 1 8 1 12 9 1 12 10 1 12 9 1 1 1 1 12 9 1 12 9 1 12 10 1 12 9 1 8 1 12 9 1 12 10 12 9 1 12 10 1 12 10 1 12 9 1 12 9 1 1 12 10 1 12 9 1 8 1 12 10 1 12 10 12 9 1 12 9 1 8 1 12 10 1 12 9 1 8 1 12 9 1 12 9 1 1 12 9 1 8 1 1 12 10 1 12 9 1 12 9 1 100 1 12 10 1 8 1 1 1 1 1 1 1 1 12 9 1 12 10 1 8 1 12 10 1 12 9 1 1 8 1 12 9 1 1 8 1 10 1 12 9 1 1 12 10 1 1 12 10 1 12 9 1 12 9 1 12 10 1 1 1 1 1 1 12 9 1 12 9 1 12 10 1 8 1 1 12 10 1 1 12 10 1 12 10 1 12 9 12 9 1 12 10 1 12 9 1 12 9 1 12 11 1 7 1 1 12 9 1 12 9 1 1 1 1 1 1 1 1 1 1 1 1 8 12 9 12 9 1 1 12 10 12 9 12 9 12 10 1 12 9 1 8 1 1 1 1 12 10 12 9 1 12 10 1 8 12 9 1 1 8 1 12 10 1 12 9 1 1 1 12 9 1 1 12 10 1 12 9 1 1 12 9 1 12 9 1 1 12 10 1 1 1 1 12 9 1 12 9 1 12 10 1 8 1 12 10 1 12 9 1 1 12 9 1 12 9 1 8 1 12 9 12 9 12 10 12 9 12 9 1 8 12 9 12 9 1 8 12 9 1 12 9 1 1 12 10 1 12 9 1 1 12 9 1 12 9 1 12 10 1 12 9 12 9 1 8 1 8 1 12 10 1 8 1 12 9 1 12 9 1 12 9 1 8 1 12 9 1 1 1 1 1 1 12 9 1 12 9 1 12 9 1 1 1 8 1 12 9 1 8 1 12 9 1 12 9 1 12 10 1 12 9 1 12 9 1 1 12 9 1 12 10 1 8 1 12 10 1 8 1 12 10 1 8 1 12 9 1 12 9 1 1 8 1 12 9 1 12 9 1 12 9 1 1 12 9 1 12 9 1 12 9 1 1 1 8 1 8 1 12 10 1 8 1 12 10 1 8 1 12 9 1 1 12 9 1 12 9 1 12 9 1 12 9 1 1 12 9 1 1 12 10 1 12 9 1 12 9 1 1 12 10 12 9 1 12 10 1 1 1 1 1 1 1 1 1 7 1 12 10 1 12 9 1 12 9 1 12 9 1 12 9 12 10 1 12 9 1 12 9 1 12 9 1 12 9 1 12 9 1 12 9 1 12 9 1 12 9 1 12 9 1 12 9 1 12 9 1 12 9 1 12 9 1 12 9 1 12 9 1 12 9 1 12 9 1 12 9 1 12 9 1 12 9 1 12 9 1 12 9 1 12 9 1 12 9 1 12 9 1 12 9 1 12 9 1 12 9 1 12 9 1 12 9 1 12 9 1 12 9 1 12 9 1 12 9 1 12 9 1 1 12 10 1 12 10 1 12 9 1 7 10 1 1 12 10 1 100 1 7 1 1 12 10 1 7 1 1 12 11 1 1 12 11 12 9 1 12 9 1 12 10 1 12 11 1 12 11 1 8 1 12 11 1 100 10 1 1 1 1 1 1 1 8 1 100 8 8 8 8 8 8 8 8 1 1 12 10 1 100 12 10 1 1 1 1 1 1 1 1 1 1
staticfield org/jetbrains/kotlin/parsing/KotlinExpressionParsing WHEN_CONDITION_RECOVERY_SET Lorg/jetbrains/kotlin/com/intellij/psi/tree/TokenSet; org/jetbrains/kotlin/com/intellij/psi/tree/TokenSet
staticfield org/jetbrains/kotlin/parsing/KotlinExpressionParsing WHEN_CONDITION_RECOVERY_SET_WITH_ARROW Lorg/jetbrains/kotlin/com/intellij/psi/tree/TokenSet; org/jetbrains/kotlin/com/intellij/psi/tree/TokenSet
staticfield org/jetbrains/kotlin/parsing/KotlinExpressionParsing KEYWORD_TEXTS Lorg/jetbrains/kotlin/com/google/common/collect/ImmutableMap; org/jetbrains/kotlin/com/google/common/collect/RegularImmutableMap
staticfield org/jetbrains/kotlin/parsing/KotlinExpressionParsing TOKEN_SET_TO_FOLLOW_AFTER_DESTRUCTURING_DECLARATION_IN_LAMBDA Lorg/jetbrains/kotlin/com/intellij/psi/tree/TokenSet; org/jetbrains/kotlin/com/intellij/psi/tree/TokenSet
staticfield org/jetbrains/kotlin/parsing/KotlinExpressionParsing TOKEN_SET_TO_FOLLOW_AFTER_DESTRUCTURING_DECLARATION_IN_LAMBDA_RECOVERY Lorg/jetbrains/kotlin/com/intellij/psi/tree/TokenSet; org/jetbrains/kotlin/com/intellij/psi/tree/TokenSet
staticfield org/jetbrains/kotlin/parsing/KotlinExpressionParsing EQ_RPAR_SET Lorg/jetbrains/kotlin/com/intellij/psi/tree/TokenSet; org/jetbrains/kotlin/com/intellij/psi/tree/TokenSet
staticfield org/jetbrains/kotlin/parsing/KotlinExpressionParsing ARROW_SET Lorg/jetbrains/kotlin/com/intellij/psi/tree/TokenSet; org/jetbrains/kotlin/com/intellij/psi/tree/TokenSet
staticfield org/jetbrains/kotlin/parsing/KotlinExpressionParsing ARROW_COMMA_SET Lorg/jetbrains/kotlin/com/intellij/psi/tree/TokenSet; org/jetbrains/kotlin/com/intellij/psi/tree/TokenSet
staticfield org/jetbrains/kotlin/parsing/KotlinExpressionParsing IN_KEYWORD_R_PAR_COLON_SET Lorg/jetbrains/kotlin/com/intellij/psi/tree/TokenSet; org/jetbrains/kotlin/com/intellij/psi/tree/TokenSet
staticfield org/jetbrains/kotlin/parsing/KotlinExpressionParsing IN_KEYWORD_L_BRACE_SET Lorg/jetbrains/kotlin/com/intellij/psi/tree/TokenSet; org/jetbrains/kotlin/com/intellij/psi/tree/TokenSet
staticfield org/jetbrains/kotlin/parsing/KotlinExpressionParsing IN_KEYWORD_L_BRACE_RECOVERY_SET Lorg/jetbrains/kotlin/com/intellij/psi/tree/TokenSet; org/jetbrains/kotlin/com/intellij/psi/tree/TokenSet
staticfield org/jetbrains/kotlin/parsing/KotlinExpressionParsing COLON_IN_KEYWORD_SET Lorg/jetbrains/kotlin/com/intellij/psi/tree/TokenSet; org/jetbrains/kotlin/com/intellij/psi/tree/TokenSet
staticfield org/jetbrains/kotlin/parsing/KotlinExpressionParsing L_PAR_L_BRACE_R_PAR_SET Lorg/jetbrains/kotlin/com/intellij/psi/tree/TokenSet; org/jetbrains/kotlin/com/intellij/psi/tree/TokenSet
staticfield org/jetbrains/kotlin/parsing/KotlinExpressionParsing IN_KEYWORD_SET Lorg/jetbrains/kotlin/com/intellij/psi/tree/TokenSet; org/jetbrains/kotlin/com/intellij/psi/tree/TokenSet
staticfield org/jetbrains/kotlin/parsing/KotlinExpressionParsing TRY_CATCH_RECOVERY_TOKEN_SET Lorg/jetbrains/kotlin/com/intellij/psi/tree/TokenSet; org/jetbrains/kotlin/com/intellij/psi/tree/TokenSet
staticfield org/jetbrains/kotlin/parsing/KotlinExpressionParsing TYPE_ARGUMENT_LIST_STOPPERS Lorg/jetbrains/kotlin/com/intellij/psi/tree/TokenSet; org/jetbrains/kotlin/com/intellij/psi/tree/TokenSet
staticfield org/jetbrains/kotlin/parsing/KotlinExpressionParsing EXPRESSION_FIRST Lorg/jetbrains/kotlin/com/intellij/psi/tree/TokenSet; org/jetbrains/kotlin/com/intellij/psi/tree/TokenSet
staticfield org/jetbrains/kotlin/parsing/KotlinExpressionParsing STATEMENT_FIRST Lorg/jetbrains/kotlin/com/intellij/psi/tree/TokenSet; org/jetbrains/kotlin/com/intellij/psi/tree/TokenSet
staticfield org/jetbrains/kotlin/parsing/KotlinExpressionParsing STATEMENT_NEW_LINE_QUICK_RECOVERY_SET Lorg/jetbrains/kotlin/com/intellij/psi/tree/TokenSet; org/jetbrains/kotlin/com/intellij/psi/tree/TokenSet
staticfield org/jetbrains/kotlin/parsing/KotlinExpressionParsing EXPRESSION_FOLLOW Lorg/jetbrains/kotlin/com/intellij/psi/tree/TokenSet; org/jetbrains/kotlin/com/intellij/psi/tree/TokenSet
staticfield org/jetbrains/kotlin/parsing/KotlinExpressionParsing ALLOW_NEWLINE_OPERATIONS Lorg/jetbrains/kotlin/com/intellij/psi/tree/TokenSet; org/jetbrains/kotlin/com/intellij/psi/tree/TokenSet
staticfield org/jetbrains/kotlin/parsing/KotlinExpressionParsing ALL_OPERATIONS Lorg/jetbrains/kotlin/com/intellij/psi/tree/TokenSet; org/jetbrains/kotlin/com/intellij/psi/tree/TokenSet
staticfield org/jetbrains/kotlin/parsing/KotlinExpressionParsing $assertionsDisabled Z 1
ciInstanceKlass org/jetbrains/kotlin/com/intellij/psi/impl/source/SubstrateRef$2 1 1 94 1 7 1 7 1 1 1 12 1 1 1 1 12 9 1 12 10 1 1 1 1 1 1 1 12 10 1 100 1 1 1 7 1 1 12 10 1 7 1 1 12 11 1 7 12 11 1 1 1 1 1 1 1 12 10 1 100 1 1 12 10 1 100 1 1 8 1 100 8 1 100 1 100 8 8 1 1 12 10 1 100 1 12 10 1 1 1 1 1 1 1 1 1
ciInstanceKlass org/jetbrains/kotlin/psi/KtSimpleNameExpressionImpl$Companion 1 1 115 1 7 1 7 1 1 1 3 3 1 3 1 3 1 1 1 1 1 1 1 1 1 1 1 1 1 1 1 1 1 100 1 12 10 1 1 1 8 1 7 1 1 12 10 1 7 1 1 12 11 1 7 1 1 12 11 1 1 12 10 1 7 1 1 12 11 1 8 1 12 10 1 8 1 1 12 11 1 7 1 1 12 10 1 8 1 1 1 1 12 11 1 8 1 7 1 1 12 10 1 8 1 1 10 1 1 1 1 1 1 1 1 1 1
ciInstanceKlass org/jetbrains/kotlin/psi/KtPsiUtil 1 1 1144 1 7 1 100 1 1 7 1 1 100 1 100 1 100 1 100 1 1 100 1 100 1 1 1 1 1 12 10 1 1 1 1 1 1 1 1 12 10 1 7 1 1 12 11 1 100 1 7 1 1 12 11 1 12 11 1 1 1 1 1 1 1 1 1 1 1 1 1 12 10 1 1 1 12 10 1 7 1 1 1 1 12 10 1 1 7 1 1 12 10 1 7 10 11 1 7 1 12 10 1 1 1 100 1 1 12 9 1 7 1 12 10 1 1 1 1 1 1 100 10 1 12 10 1 100 1 1 12 11 1 100 1 1 12 11 1 1 12 11 1 100 1 1 12 11 1 1 12 11 1 1 12 11 1 12 11 1 1 1 1 1 1 1 1 1 1 1 1 7 1 1 12 10 1 8 1 1 12 10 1 12 10 1 1 12 10 1 1 12 10 1 1 1 8 1 100 10 1 1 12 10 1 12 10 12 10 1 1 12 10 1 1 1 100 1 1 12 11 1 100 1 1 12 10 1 100 11 1 100 1 1 12 10 1 1 12 9 1 100 1 12 10 1 12 10 1 1 1 1 1 1 1 1 1 1 1 1 1 7 1 1 12 10 1 100 1 12 10 1 12 10 1 7 1 100 1 12 10 1 100 10 1 100 1 1 12 10 1 100 1 12 10 1 12 10 1 100 1 12 10 1 1 1 1 1 1 1 1 1 1 1 1 1 1 1 1 1 1 1 1 1 1 7 1 1 12 10 1 7 1 1 1 1 1 1 12 10 1 7 1 100 1 1 12 10 1 1 1 1 1 1 12 11 1 12 11 12 10 1 1 1 1 1 1 12 10 1 1 1 7 11 11 1 7 1 1 100 1 7 12 9 1 100 1 100 10 1 1 1 1 1 1 1 1 1 7 12 10 1 100 1 1 1 1 12 10 1 7 1 1 12 11 1 7 1 1 12 11 1 7 1 1 12 9 1 1 12 10 1 7 1 1 12 9 1 1 12 11 1 1 1 12 9 1 12 9 1 1 1 100 12 11 1 1 1 1 12 10 1 12 10 1 12 11 1 12 11 1 1 12 11 1 1 1 1 1 1 100 1 12 10 1 1 1 1 1 100 10 1 8 1 12 10 1 12 10 1 100 1 1 1 1 7 1 12 10 10 1 100 1 1 12 10 1 1 1 1 1 1 1 12 11 1 100 1 1 12 11 1 12 11 1 1 1 1 12 10 1 100 1 7 1 7 1 100 1 100 1 1 12 9 1 12 10 1 100 1 100 12 10 1 100 1 100 1 12 9 1 12 9 1 1 12 10 1 7 1 12 10 1 1 1 1 1 1 10 1 1 12 10 1 1 1 7 1 100 1 100 1 100 1 1 12 11 1 100 1 12 10 11 1 7 1 7 1 1 12 10 1 1 12 10 1 12 10 1 7 1 12 10 1 1 12 10 1 1 12 10 1 100 1 100 1 7 1 12 10 1 12 10 1 7 1 12 10 1 1 12 9 1 12 9 1 12 10 1 100 1 12 9 1 100 1 100 1 100 1 1 12 10 1 7 1 12 9 1 100 12 10 1 12 9 1 12 9 1 12 9 1 12 9 1 12 9 1 12 9 1 1 1 1 1 1 1 1 1 1 1 1 1 1 1 11 1 12 9 1 100 1 12 10 1 1 12 11 1 100 1 10 1 100 1 1 12 11 1 100 1 12 10 1 1 1 1 12 9 1 10 1 1 1 12 10 1 12 10 1 10 1 1 12 9 1 12 9 1 1 1 12 11 1 12 10 10 1 1 1 1 12 10 1 1 1 1 7 1 100 1 12 10 1 1 1 12 10 1 12 9 11 1 1 1 12 10 1 12 9 1 1 1 8 1 1 1 100 1 12 10 1 100 1 1 1 1 1 1 1 1 12 10 1 1 1 1 1 1 1 1 100 1 1 12 10 1 12 10 12 11 1 100 1 1 1 1 1 1 1 1 12 11 1 1 1 1 1 1 1 12 11 1 100 1 12 11 1 1 1 1 1 100 1 1 1 1 12 10 11 1 1 12 11 1 12 10 1 1 1 1 1 1 12 11 1 12 10 1 12 10 1 1 1 1 1 1 1 12 10 1 1 1 12 10 1 100 1 100 1 1 1 1 1 12 10 1 7 11 1 7 1 100 1 100 1 100 12 10 1 7 1 12 11 1 100 12 10 1 7 1 1 1 12 10 1 1 100 1 8 1 12 10 1 1 1 1 1 100 1 1 7 1 7 1 1 10 1 1 1 7 1 12 10 12 10 1 1 1 1 1 1 1 12 10 1 1 12 10 1 12 10 1 1 12 9 1 1 12 9 1 1 12 10 1 8 1 8 1 100 8 8 8 8 8 8 8 8 8 8 8 8 8 8 8 8 8 8 8 8 8 8 8 8 8 8 8 8 8 8 8 8 8 8 8 8 8 8 8 8 8 8 8 8 8 8 8 8 8 8 8 8 8 8 8 8 8 8 8 8 8 8 8 8 8 8 8 8 8 8 8 8 8 8 8 8 8 8 8 8 8 1 1 12 10 1 100 1 12 10 1 100 10 1 100 1 1 1 1 1 1 1 1 1 1 1
staticfield org/jetbrains/kotlin/psi/KtPsiUtil $assertionsDisabled Z 1
ciInstanceKlass org/jetbrains/kotlin/resolve/lazy/descriptors/AbstractLazyMemberScope$$Lambda$343+0x0000023001446630 1 1 28 1 7 1 7 1 100 1 1 1 1 1 12 10 12 9 1 1 1 7 1 7 1 1 12 10 1 1
ciInstanceKlass org/jetbrains/kotlin/resolve/lazy/descriptors/AbstractLazyMemberScope$$Lambda$346+0x0000023001446c90 1 1 28 1 7 1 7 1 100 1 1 1 1 1 12 10 12 9 1 1 1 7 1 7 1 1 12 10 1 1
ciInstanceKlass org/jetbrains/kotlin/resolve/lazy/descriptors/LazyClassDescriptor 1 1 1460 1 7 1 7 1 7 1 100 1 1 7 1 1 100 1 100 1 100 1 7 1 7 1 7 1 1 7 1 7 1 1 7 1 7 1 1 7 1 7 1 100 1 100 1 1 1 1 1 1 1 1 1 1 1 1 1 1 1 1 1 1 1 1 1 1 1 1 1 1 1 1 1 1 1 1 1 1 1 1 1 1 1 1 1 1 1 1 1 1 1 1 1 1 1 1 1 1 1 1 1 1 1 1 1 12 10 1 7 1 1 12 11 1 7 1 1 12 11 1 7 1 1 12 10 1 12 10 12 9 12 9 1 1 12 11 1 7 1 1 12 11 12 9 1 1 12 10 12 9 1 1 12 11 12 9 1 7 1 12 9 1 100 1 12 10 1 100 1 7 1 1 12 9 1 100 12 9 1 12 10 12 9 1 7 1 12 10 12 9 1 1 12 11 1 12 10 1 16 1 1 12 10 15 16 1 7 1 1 12 10 15 1 1 12 18 1 1 12 11 12 9 1 7 1 12 9 1 7 1 1 12 9 1 12 9 1 1 12 10 15 1 12 18 1 7 1 1 12 10 1 7 1 12 9 1 12 9 1 7 1 1 12 10 1 100 12 9 1 7 1 1 12 9 1 1 12 10 1 1 12 10 12 9 1 12 9 12 9 1 12 9 12 9 1 7 1 1 12 10 12 9 1 12 10 1 7 12 11 12 9 1 12 10 12 9 1 12 10 12 9 1 7 1 12 10 1 7 1 1 12 10 1 7 1 100 1 1 12 10 1 7 1 1 12 11 1 12 10 1 12 11 1 7 1 1 12 11 1 1 12 11 1 12 10 1 12 10 12 9 1 12 9 1 1 12 10 1 12 11 12 9 10 1 1 12 10 15 16 1 12 18 1 1 12 11 12 9 1 16 1 1 12 10 15 1 16 1 12 18 1 1 12 11 12 9 1 1 12 10 15 16 18 1 1 12 11 12 9 1 7 1 1 12 11 1 1 12 10 15 16 18 1 12 10 12 9 1 1 12 10 15 16 1 12 18 12 9 1 1 12 10 15 1 12 18 12 9 1 7 1 1 12 9 1 7 1 1 12 11 1 1 12 10 15 1 16 1 12 18 12 9 1 1 12 10 15 1 12 18 12 9 1 7 1 1 12 9 1 7 1 1 12 11 1 12 9 1 7 1 1 12 10 1 1 1 1 1 1 1 1 1 1 1 1 1 1 1 1 1 1 1 1 12 10 1 1 12 11 1 12 10 1 12 10 1 1 1 1 12 10 1 100 1 8 1 100 1 1 12 10 1 1 12 9 1 100 1 1 12 9 1 12 10 1 1 1 1 12 9 1 1 12 11 1 7 1 1 12 11 1 1 12 10 15 1 16 1 12 18 1 1 12 10 1 1 1 12 10 1 1 1 1 12 11 1 7 1 1 12 11 1 12 11 1 7 1 1 12 11 1 7 1 12 10 1 7 12 11 1 12 10 1 12 10 1 12 10 1 12 10 1 1 7 11 1 1 1 12 10 1 1 12 10 1 1 12 10 15 16 1 12 18 1 7 1 1 12 10 1 1 1 1 7 12 10 1 100 1 1 1 12 10 1 1 1 1 7 11 1 1 1 1 12 11 1 100 1 1 12 11 1 12 10 1 1 1 1 1 12 10 1 12 11 1 1 12 10 15 1 16 1 12 18 1 12 10 1 1 1 12 10 1 1 12 10 1 7 1 1 12 10 12 9 1 100 10 1 7 1 7 1 1 12 9 1 1 12 11 1 1 12 11 12 10 1 100 10 1 8 1 1 12 10 1 12 10 1 1 12 10 1 12 10 1 1 1 1 1 12 11 1 7 1 1 12 11 1 100 1 1 12 10 1 12 9 1 12 9 1 12 9 1 12 10 1 12 10 1 1 1 1 7 1 1 12 10 1 1 12 10 1 12 10 1 12 10 12 10 12 10 1 1 1 1 1 1 1 1 1 1 100 1 100 1 12 9 1 1 12 11 1 100 1 1 12 11 1 7 1 12 10 1 12 10 1 12 11 1 100 1 12 9 1 100 10 1 1 12 10 1 12 11 1 100 11 1 1 12 11 1 100 1 1 12 11 1 1 12 11 1 1 12 10 15 16 1 1 12 18 1 7 1 12 11 1 7 1 1 12 10 1 1 12 11 1 100 1 1 12 10 1 1 1 1 1 1 1 1 1 1 1 1 12 11 12 11 12 11 1 100 1 1 12 11 1 12 10 1 7 1 1 12 11 11 1 1 1 1 1 1 1 1 1 100 1 8 1 12 10 1 8 1 8 1 8 1 100 1 8 10 10 1 1 12 10 12 10 1 7 12 10 10 1 12 10 12 10 1 12 10 12 10 1 12 10 12 10 12 10 1 12 10 12 10 10 1 1 12 10 12 10 1 12 10 12 10 12 10 12 10 1 12 10 1 12 11 1 12 11 1 1 12 11 1 7 1 12 11 1 12 11 1 100 1 12 11 12 10 1 1 1 1 1 1 1 1 12 10 1 7 1 12 10 1 1 12 10 1 1 12 11 1 7 1 1 12 10 12 9 1 12 10 1 1 1 100 1 12 10 1 1 1 7 1 1 12 10 1 12 11 1 12 9 1 7 1 1 12 10 1 12 10 1 1 1 10 10 1 7 1 1 12 11 16 1 1 12 10 15 1 16 1 12 18 1 1 12 11 16 1 7 1 12 10 15 1 16 1 1 12 18 1 12 11 1 12 9 1 100 1 12 10 1 100 12 10 1 1 12 10 1 12 9 1 1 1 1 1 1 1 1 1 1 12 10 1 100 1 1 12 11 1 100 1 1 12 10 1 12 10 1 100 1 100 1 1 12 10 1 100 1 1 12 10 1 1 1 1 1 1 1 1 12 9 1 1 12 11 1 100 1 1 12 10 12 10 1 12 11 1 7 1 12 10 1 1 12 11 1 100 12 9 1 100 1 1 12 9 1 100 1 1 12 10 1 1 12 11 1 12 9 1 12 9 1 12 9 10 1 12 9 12 10 1 100 10 10 1 100 1 12 10 11 1 1 1 1 1 1 1 1 1 1 1 1 12 10 1 1 12 11 1 1 12 10 1 1 1 100 1 1 12 10 1 8 1 7 1 1 12 10 1 1 1 1 1 7 1 12 10 12 10 15 16 18 1 8 1 8 1 100 1 100 8 8 8 8 8 8 8 8 8 8 8 8 8 8 8 8 8 8 8 8 8 8 8 8 8 8 8 8 8 8 8 8 8 8 8 8 1 1 12 10 1 100 10 1 100 1 1 1 1 1 1 1 1 1 1 1
staticfield org/jetbrains/kotlin/resolve/lazy/descriptors/LazyClassDescriptor VALID_SUPERTYPE Lkotlin/jvm/functions/Function1; org/jetbrains/kotlin/resolve/lazy/descriptors/LazyClassDescriptor$$Lambda$350+0x0000023001449d08
staticfield org/jetbrains/kotlin/resolve/lazy/descriptors/LazyClassDescriptor $assertionsDisabled Z 1
ciInstanceKlass org/jetbrains/kotlin/resolve/lazy/descriptors/LazyClassDescriptor$LazyClassTypeConstructor 1 1 299 1 7 1 7 1 1 7 1 1 100 1 100 1 1 1 1 1 1 1 1 12 9 1 1 12 10 1 7 1 1 12 11 1 12 10 1 16 1 1 12 10 15 16 1 7 1 1 12 10 15 1 1 12 18 1 7 1 1 12 11 12 9 1 1 1 1 1 1 12 10 1 1 12 10 1 100 1 1 1 100 1 1 12 10 1 100 1 1 12 11 1 100 1 1 12 11 1 1 12 10 1 1 1 1 1 1 1 1 1 1 12 11 1 7 1 1 12 9 1 7 1 1 12 11 1 1 100 1 1 12 10 1 100 1 1 12 10 1 100 1 100 1 1 12 9 1 100 1 1 12 10 1 100 1 1 12 11 1 1 1 100 1 12 10 1 7 1 1 12 11 1 100 1 100 1 12 11 1 12 11 1 100 1 1 12 10 1 100 1 1 12 9 1 1 12 11 1 12 11 1 100 11 1 12 9 1 1 1 1 1 1 1 1 1 1 1 1 1 1 1 1 1 12 11 1 100 1 1 1 7 12 11 1 1 1 1 1 1 12 10 1 100 12 10 12 10 1 7 1 1 12 10 1 8 1 8 1 100 1 100 1 100 8 8 8 8 8 8 8 8 8 8 8 8 1 1 12 10 1 100 1 12 10 1 100 10 1 100 1 1 1 1 1 1 1 1 1 1
ciInstanceKlass org/jetbrains/kotlin/storage/LockBasedStorageManager$3 1 1 88 1 7 1 1 7 1 1 100 1 1 12 1 100 1 1 1 1 1 1 1 1 12 9 12 9 1 12 10 1 1 1 1 1 1 1 1 1 1 1 100 1 1 12 10 1 100 1 1 12 11 1 1 12 10 1 1 12 10 1 1 1 8 1 100 8 8 1 100 1 1 12 10 1 100 1 12 10 1 1 1 1 1 1 1 1 1 1
ciInstanceKlass org/jetbrains/kotlin/types/KotlinTypeKt 1 1 63 1 100 1 100 1 1 1 3 3 1 1 3 1 1 1 1 1 1 1 1 1 1 1 8 1 7 1 1 12 10 1 7 1 12 10 1 1 7 1 1 12 10 1 7 1 7 1 1 12 10 1 1 1 1 1 1 1 1 1 1 1 1
ciInstanceKlass org/jetbrains/kotlin/resolve/DelegatingBindingTrace$MyBindingContext 1 1 157 1 7 1 7 1 100 1 1 1 3 3 1 3 1 3 1 1 1 1 1 1 1 1 1 1 1 1 1 1 1 1 1 1 1 1 1 1 1 1 1 1 1 1 1 1 1 1 1 7 1 1 100 1 7 1 1 1 1 12 9 12 10 1 1 1 1 1 12 10 1 100 1 12 9 1 12 10 1 1 8 1 7 1 1 12 10 12 10 1 1 8 12 10 1 1 12 10 1 8 1 1 12 10 1 100 1 100 1 12 10 1 1 1 1 1 12 10 12 11 1 8 1 12 10 1 100 1 100 10 1 100 1 1 12 10 1 100 1 1 12 10 1 8 1 12 10 1 1 1 1 1 1 1 1 1 1
ciInstanceKlass org/jetbrains/kotlin/types/DefinitelyNotNullType 1 1 155 1 7 1 100 1 100 1 100 1 1 1 3 3 1 3 1 3 1 1 1 1 1 1 1 1 1 1 1 1 1 1 1 1 1 1 1 1 1 1 1 1 1 1 1 1 1 1 1 1 1 7 1 1 1 1 12 10 12 9 12 9 1 12 10 1 100 1 1 12 10 1 100 1 100 1 1 12 11 1 100 1 8 1 100 1 1 12 10 1 100 1 1 12 10 1 100 1 1 12 10 1 8 12 10 12 10 1 12 10 1 1 100 10 1 1 12 10 1 8 1 12 10 12 10 1 1 8 1 10 1 100 1 10 1 12 10 1 1 1 1 1 12 10 12 9 1 1 1 1 1 1 1 1 1
staticfield org/jetbrains/kotlin/types/DefinitelyNotNullType Companion Lorg/jetbrains/kotlin/types/DefinitelyNotNullType$Companion; org/jetbrains/kotlin/types/DefinitelyNotNullType$Companion
ciInstanceKlass org/jetbrains/kotlin/types/IntersectionTypeConstructor 1 1 353 1 7 1 7 1 7 1 100 1 1 1 3 3 1 3 1 3 1 1 1 1 1 1 1 1 1 1 1 1 1 1 1 1 1 1 1 1 1 1 1 1 1 1 1 1 1 1 1 1 1 1 1 1 1 1 1 1 1 1 1 1 1 1 7 1 7 1 1 7 1 7 1 1 1 1 1 8 1 7 1 1 12 10 1 12 10 1 7 1 1 12 11 1 7 1 1 12 9 1 8 1 100 1 12 10 1 7 12 10 12 9 1 12 10 12 9 1 1 1 1 10 12 9 1 1 1 7 1 12 10 1 1 1 1 12 9 1 8 1 1 12 10 1 1 1 1 12 10 1 100 1 1 12 11 1 100 1 1 12 10 12 11 1 8 1 12 10 1 1 1 12 10 1 1 8 1 100 1 100 1 12 10 1 100 1 1 12 10 1 8 1 100 1 8 1 8 1 16 1 1 12 10 15 1 16 1 7 1 1 12 10 15 1 1 12 18 1 1 12 10 1 1 1 1 1 1 12 10 15 16 1 12 18 12 10 1 1 1 12 10 1 1 1 12 9 1 1 12 10 12 10 1 1 12 10 15 1 16 1 12 18 1 7 1 1 12 10 1 1 8 12 10 1 100 1 1 12 10 1 12 10 11 1 100 1 12 11 1 12 10 1 12 11 1 100 1 12 10 1 12 10 1 1 1 1 1 1 1 1 1 1 1 1 1 1 1 1 1 1 1 12 10 8 12 10 1 12 10 1 100 12 11 10 1 12 10 12 10 1 1 1 1 1 1 1 1 1 1 1 1 1 1
instanceKlass org/jetbrains/kotlin/types/NotNullSimpleType
instanceKlass org/jetbrains/kotlin/types/SimpleTypeWithAttributes
instanceKlass org/jetbrains/kotlin/types/NullableSimpleType
ciInstanceKlass org/jetbrains/kotlin/types/DelegatingSimpleTypeImpl 1 1 85 1 7 1 7 1 1 1 3 3 1 3 1 3 1 1 1 1 1 1 1 1 1 1 1 1 1 1 1 1 1 1 1 8 1 7 1 1 12 10 1 12 10 12 9 1 1 8 1 1 12 10 1 7 1 7 1 12 10 1 1 1 12 10 12 10 12 10 12 10 1 1 10 1 7 1 10 1 1 1 1 1 1 1 1
ciInstanceKlass org/jetbrains/kotlin/types/NullableSimpleType 1 1 54 1 100 1 7 1 1 1 3 3 1 3 1 3 1 1 1 1 1 1 1 1 1 1 1 1 1 1 1 8 1 7 1 1 12 10 12 10 1 1 1 10 1 12 10 1 100 1 1 1 1 1 1 1
ciInstanceKlass org/jetbrains/kotlin/types/expressions/ExpressionTypingUtils 1 1 412 1 7 1 7 1 1 100 1 7 1 7 1 1 1 1 1 1 1 1 1 12 10 1 7 1 1 12 11 1 7 1 1 12 10 1 100 1 7 1 100 1 12 9 1 1 12 9 1 7 1 1 12 11 1 1 12 10 1 1 1 1 1 1 1 1 1 1 12 11 1 1 12 10 12 9 1 100 1 8 1 1 12 10 1 1 1 1 1 7 1 1 12 9 1 7 1 1 12 11 1 7 1 12 10 1 12 10 1 1 1 1 1 1 1 7 1 12 10 1 1 12 10 1 1 12 11 1 7 1 1 12 9 1 1 12 11 1 1 1 1 1 1 1 1 1 7 1 1 12 11 1 7 1 1 12 10 1 12 11 1 1 12 10 1 100 1 100 1 1 12 10 11 1 100 1 1 12 10 1 100 1 100 1 1 12 11 1 100 1 1 12 10 1 100 1 1 12 9 1 100 1 1 12 10 1 100 1 1 12 10 1 1 12 11 1 1 1 1 1 1 1 1 1 1 1 12 10 1 1 1 1 1 1 1 7 11 1 100 1 1 12 10 1 1 1 1 7 1 1 12 10 1 7 1 1 12 10 1 7 1 1 12 9 1 7 1 1 12 9 1 7 1 12 10 1 1 12 9 1 1 1 1 1 1 7 1 12 10 1 7 11 1 12 9 1 1 1 1 100 1 100 1 1 1 1 1 1 1 1 7 1 1 12 10 1 7 12 10 12 10 1 1 12 10 1 1 1 7 1 1 1 1 12 10 1 7 1 1 12 10 1 100 1 1 12 9 1 1 7 1 1 7 1 1 12 10 1 8 1 8 1 100 1 100 8 8 8 8 8 8 8 8 8 8 8 8 8 8 8 8 8 8 8 8 8 8 8 8 8 1 1 12 10 1 100 1 12 10 1 100 10 1 100 1 1 1 1 1 1 1 1
staticfield org/jetbrains/kotlin/types/expressions/ExpressionTypingUtils $assertionsDisabled Z 1
ciInstanceKlass org/jetbrains/kotlin/types/FlexibleTypesKt 1 1 217 1 100 1 100 1 1 1 3 3 1 1 3 1 1 1 1 1 1 1 1 1 1 1 1 1 1 1 1 1 1 1 1 1 8 1 7 1 1 12 10 1 7 1 1 12 10 1 7 1 1 1 8 1 12 10 1 1 1 12 10 1 7 1 1 12 10 1 12 10 1 1 1 1 1 1 7 1 1 12 11 1 7 1 7 1 1 12 10 1 1 12 11 1 7 1 12 11 1 1 12 11 1 12 11 1 1 12 10 1 7 1 1 12 9 1 1 12 10 1 1 1 1 1 1 1 1 1 1 1 1 1 1 1 1 1 100 1 100 1 1 12 10 1 1 12 10 1 1 12 11 1 1 12 11 1 100 1 1 12 10 1 100 11 1 1 12 11 12 10 1 100 1 12 10 1 100 1 12 10 1 1 1 1 1 1 1 1 1 1 1 1 1 1 100 1 100 1 12 10 1 1 1 1 1 1 1 1 1 1 1 1 1 1 1 1 1
ciInstanceKlass org/jetbrains/kotlin/types/SpecialTypesKt 1 1 245 1 7 1 100 1 1 1 3 3 1 1 3 1 1 1 1 1 1 1 1 1 1 1 1 1 1 1 1 1 1 1 1 1 1 1 1 1 1 7 1 7 1 1 1 1 1 8 1 7 1 1 12 10 1 7 1 1 12 10 1 7 1 1 12 10 1 12 10 1 7 1 1 8 1 7 1 12 10 1 1 12 10 1 1 1 1 12 9 1 7 1 1 12 10 12 10 1 1 12 10 1 1 1 1 12 10 1 1 100 1 1 12 10 1 1 12 10 1 12 10 1 1 12 10 1 1 12 10 1 12 10 1 1 1 12 10 1 1 1 12 10 1 12 10 1 7 1 12 10 1 12 10 1 1 1 1 1 12 10 1 100 1 100 1 100 1 1 12 10 1 12 10 1 100 1 1 12 11 1 100 1 12 11 1 1 12 11 1 100 1 12 10 12 10 1 1 12 11 1 100 1 1 12 10 1 12 10 1 1 12 10 1 1 1 1 1 1 1 1 1 1 1 1 1 1 1 1 1 1 1 1 1 1 1 1 1 1 1 1 1 1 1 1 1
ciInstanceKlass org/jetbrains/kotlin/load/java/lazy/descriptors/LazyJavaClassDescriptor 1 1 783 1 7 1 7 1 7 1 1 1 3 3 1 3 1 3 1 1 1 1 1 1 1 1 1 1 1 1 1 1 1 1 1 1 1 1 1 1 1 1 1 1 1 1 1 1 1 1 1 1 1 1 1 1 1 1 1 1 1 1 1 1 1 1 1 1 1 1 1 1 1 1 1 1 1 1 1 1 1 1 1 1 1 1 1 1 1 1 1 1 1 1 1 1 1 1 1 1 1 1 1 1 1 1 1 1 1 1 1 1 1 1 7 1 7 1 7 1 7 1 7 1 7 1 1 1 1 1 1 1 1 1 8 1 7 1 1 12 10 8 8 1 7 1 1 12 10 1 7 1 1 12 11 1 1 12 10 1 7 1 1 12 10 1 7 1 7 1 1 12 11 1 7 1 12 10 12 9 12 9 12 9 1 7 1 7 1 7 1 1 12 10 12 9 1 1 12 10 1 7 1 7 1 1 12 11 1 1 12 11 1 7 1 12 9 1 100 1 12 10 1 8 1 1 12 10 1 12 10 1 12 10 1 100 1 12 10 1 16 1 1 12 10 15 16 1 7 1 1 12 10 15 1 1 12 18 1 7 1 1 12 10 12 9 1 1 12 11 1 7 1 12 9 1 12 11 1 12 9 1 12 11 1 12 9 1 12 9 12 9 1 12 9 1 12 9 1 12 11 1 12 11 1 12 11 1 1 12 10 12 9 1 12 11 12 9 1 12 11 1 12 11 12 9 1 12 10 12 9 1 7 1 12 10 12 9 1 12 9 1 1 12 10 1 7 1 1 12 11 1 16 1 1 12 10 15 1 16 1 12 18 1 1 12 10 12 9 1 7 1 7 1 12 10 12 9 1 7 1 12 10 12 9 1 7 1 7 1 1 12 10 12 9 1 12 10 15 18 1 7 1 1 12 11 12 9 1 1 1 1 12 10 1 1 7 1 12 11 1 7 1 1 12 11 1 1 7 1 12 9 1 1 12 10 1 100 1 12 9 1 12 10 1 7 1 1 12 10 1 100 1 1 7 8 1 1 12 10 1 1 1 1 12 10 1 8 12 10 1 1 1 12 10 1 7 12 11 1 1 1 1 12 10 1 7 1 1 12 11 1 1 12 11 1 7 1 1 12 11 1 7 1 12 11 1 12 11 1 7 11 1 12 11 1 12 11 12 9 11 1 7 1 12 10 1 7 1 1 12 11 1 7 11 11 1 12 10 1 7 1 12 10 1 1 12 11 12 10 1 1 1 1 1 1 1 1 1 1 1 1 12 10 1 12 10 10 1 1 12 9 1 100 1 1 12 9 1 100 1 1 12 10 1 1 12 11 1 7 10 1 100 11 1 100 1 100 1 1 12 10 1 100 1 100 1 1 12 10 1 12 11 1 100 10 1 100 1 7 1 1 12 10 1 12 10 1 1 1 1 1 1 1 1 1 1 1 1 1 1 1 1 1 1 1 1 8 1 100 1 7 1 1 12 10 1 8 1 1 12 10 1 1 12 10 1 1 12 10 1 8 1 12 10 1 7 1 1 12 10 1 1 12 10 1 7 1 1 12 11 1 100 1 1 1 8 1 12 10 11 1 1 12 10 1 12 10 1 7 1 1 12 10 1 7 1 1 12 11 1 8 1 8 1 8 1 100 1 1 1 1 1 1 1 1 1 12 10 12 10 1 1 1 1 1 1 1 12 10 12 9 1 7 1 8 1 8 1 8 1 8 1 8 1 8 8 1 7 1 1 12 10 1 1 1 1 1 1 1 1 1 1 1 1
staticfield org/jetbrains/kotlin/load/java/lazy/descriptors/LazyJavaClassDescriptor Companion Lorg/jetbrains/kotlin/load/java/lazy/descriptors/LazyJavaClassDescriptor$Companion; org/jetbrains/kotlin/load/java/lazy/descriptors/LazyJavaClassDescriptor$Companion
staticfield org/jetbrains/kotlin/load/java/lazy/descriptors/LazyJavaClassDescriptor PUBLIC_METHOD_NAMES_IN_OBJECT Ljava/util/Set; java/util/LinkedHashSet
ciInstanceKlass org/jetbrains/kotlin/load/java/lazy/descriptors/LazyJavaTypeParameterDescriptor 1 1 252 1 7 1 7 1 1 1 3 3 1 3 1 3 1 1 1 1 1 1 1 1 1 1 1 1 1 1 1 1 1 1 1 1 1 1 1 1 1 1 1 1 1 8 1 7 1 1 12 10 8 8 1 7 1 1 12 10 1 7 1 7 1 12 10 1 7 1 7 1 1 12 11 1 7 1 1 12 9 1 7 1 1 12 9 1 1 12 10 1 7 1 1 12 10 1 12 10 12 9 12 9 1 1 1 1 12 10 1 1 12 11 1 7 1 1 12 11 1 1 12 10 1 100 1 1 12 11 1 100 1 1 12 10 1 8 1 12 10 1 12 10 1 8 1 100 1 1 12 10 1 7 1 1 12 10 1 7 1 7 1 1 12 10 1 12 10 1 1 12 11 1 7 1 12 11 1 1 12 11 1 7 1 1 12 10 1 7 1 7 1 1 12 9 1 7 1 7 1 1 12 10 1 7 1 1 12 10 1 1 12 11 1 7 1 1 1 1 1 1 1 1 1 1 1 1 1 1 8 1 1 12 10 1 7 1 1 12 10 1 1 8 1 1 1 1 1 1 1 1 1 1
ciInstanceKlass org/jetbrains/kotlin/load/java/lazy/descriptors/LazyJavaClassDescriptor$LazyJavaClassTypeConstructor 1 1 532 1 7 1 7 1 1 1 3 3 1 3 1 3 1 1 1 1 1 1 1 1 1 1 1 1 1 1 1 1 1 1 1 1 1 1 1 1 1 1 1 1 1 1 7 1 1 100 1 100 1 1 1 1 1 1 12 9 1 1 12 10 1 7 1 1 12 10 1 12 10 1 16 1 1 12 10 15 1 16 1 7 1 1 12 10 15 1 1 12 18 1 7 1 1 12 11 12 9 1 1 1 7 12 11 1 7 1 1 1 1 12 10 1 7 1 12 11 1 7 1 7 1 1 12 11 1 12 10 1 12 10 1 1 12 11 1 7 1 7 1 1 12 11 1 12 11 1 7 1 1 12 10 1 7 1 7 1 1 12 9 1 7 1 1 12 10 1 7 1 1 12 10 1 1 12 10 1 7 1 1 12 10 1 7 1 1 12 10 1 1 12 10 1 7 1 12 11 1 7 1 1 12 10 1 7 1 1 12 10 1 7 1 1 12 10 1 1 12 10 1 7 1 7 1 1 12 10 1 7 1 1 12 10 1 1 12 11 1 7 1 1 12 9 1 7 1 1 12 10 1 7 1 1 12 10 1 12 11 1 1 12 10 1 12 10 1 7 1 7 1 1 12 10 11 1 100 1 8 1 1 12 10 1 1 12 11 11 1 1 12 11 1 1 12 10 1 1 12 10 1 7 1 1 12 11 1 12 10 1 1 12 10 1 1 1 1 1 1 1 1 1 1 1 1 1 1 1 1 1 1 1 1 1 1 1 1 12 10 1 100 1 12 10 1 100 1 1 12 9 1 1 12 10 1 7 1 1 12 9 1 7 1 7 1 1 12 10 1 1 12 10 1 100 1 1 12 9 1 100 1 1 12 10 1 12 11 12 11 11 10 1 8 1 12 10 1 100 1 100 11 1 12 10 1 1 12 10 1 100 1 12 10 1 100 1 12 10 1 12 9 1 1 12 10 1 100 1 1 12 10 1 1 1 1 1 1 1 1 1 1 1 1 1 1 1 1 12 10 1 7 1 12 9 8 1 7 1 1 12 11 1 100 1 1 12 11 1 100 1 12 11 1 1 12 10 1 100 1 12 10 1 100 1 100 1 100 1 1 12 10 1 12 10 1 1 1 1 12 10 1 1 12 10 1 100 1 12 10 1 8 1 7 1 7 1 1 12 10 1 7 1 1 1 1 1 1 1 1 1 1 1
ciInstanceKlass org/jetbrains/kotlin/descriptors/impl/AbstractTypeParameterDescriptor$TypeParameterTypeConstructor 1 1 169 1 7 1 7 1 1 7 1 1 1 1 1 1 1 1 1 1 12 10 12 9 1 12 10 12 9 1 1 1 1 1 1 1 1 1 12 10 1 100 1 1 1 7 1 12 10 1 1 1 1 1 1 1 1 100 1 12 10 1 100 1 1 1 1 12 10 1 100 12 10 1 1 1 100 1 1 12 10 1 1 1 1 1 1 12 10 1 1 1 1 1 1 1 100 1 1 12 9 1 100 1 100 1 1 12 10 1 1 1 100 1 100 1 1 12 9 1 1 12 10 1 1 1 8 1 8 1 100 1 100 8 8 8 8 8 8 8 8 8 8 8 8 8 8 1 1 12 10 1 100 1 12 10 1 100 10 1 100 1 1 1 1 1 1 1 1 1 1
ciInstanceKlass org/jetbrains/kotlin/types/FlexibleTypeImpl 1 1 265 1 7 1 7 1 100 1 1 1 3 3 1 3 1 3 1 1 1 1 1 1 1 1 1 1 1 1 1 1 1 1 1 1 1 1 1 1 1 1 1 1 1 1 1 1 1 1 1 1 1 1 1 1 1 1 1 1 1 7 1 1 1 1 1 8 1 7 1 1 12 10 8 12 10 1 1 12 9 12 9 1 12 10 1 7 1 100 1 1 12 10 1 100 1 12 9 1 100 12 10 1 8 1 1 12 10 1 12 10 1 12 10 1 100 1 12 10 1 12 10 1 8 1 1 12 10 1 8 1 8 1 100 1 1 12 9 1 1 12 11 1 8 1 8 1 1 1 1 1 12 10 1 7 1 1 12 10 1 7 1 1 12 11 1 7 1 8 1 1 12 10 1 100 1 12 10 1 7 1 1 12 10 1 100 10 1 7 1 1 12 10 1 1 8 1 12 10 1 8 8 1 100 1 12 11 1 12 10 1 100 1 1 12 10 1 8 1 100 1 1 12 10 1 1 12 10 1 1 1 8 1 100 1 100 1 1 12 10 1 8 1 12 10 10 1 12 10 1 1 1 12 10 12 9 1 1 1 1 1 1 1 1 1 1
staticfield org/jetbrains/kotlin/types/FlexibleTypeImpl Companion Lorg/jetbrains/kotlin/types/FlexibleTypeImpl$Companion; org/jetbrains/kotlin/types/FlexibleTypeImpl$Companion
ciInstanceKlass org/jetbrains/kotlin/types/checker/NewTypeVariableConstructor 1 0 30 1 100 1 100 1 100 1 1 1 3 3 1 3 1 3 1 1 1 1 1 1 1 1 1 1 1 1 1 1
instanceKlass org/jetbrains/kotlin/types/StubTypeForTypeVariablesInSubtyping
instanceKlass org/jetbrains/kotlin/types/StubTypeForBuilderInference
ciInstanceKlass org/jetbrains/kotlin/types/AbstractStubType 1 1 152 1 7 1 7 1 1 1 3 3 1 3 1 3 1 1 1 1 1 1 1 1 1 1 1 1 1 1 1 1 1 1 1 1 1 1 1 1 1 1 1 1 1 1 1 1 1 1 1 1 1 7 1 7 1 7 1 1 1 8 1 7 1 1 12 10 1 12 10 12 9 12 9 1 7 1 1 12 9 1 7 1 7 1 1 12 10 1 7 1 1 12 10 1 7 12 9 1 1 1 7 1 12 10 1 12 9 1 12 10 1 8 1 12 10 1 12 10 1 1 8 1 12 10 1 7 1 12 10 1 12 10 1 1 1 100 1 1 12 10 12 9 1 1 1 1 1 1 1 1 1 1
staticfield org/jetbrains/kotlin/types/AbstractStubType Companion Lorg/jetbrains/kotlin/types/AbstractStubType$Companion; org/jetbrains/kotlin/types/AbstractStubType$Companion
ciInstanceKlass org/jetbrains/kotlin/types/SimpleTypeWithAttributes 1 1 62 1 7 1 7 1 1 1 3 3 1 3 1 3 1 1 1 1 1 1 1 1 1 1 1 1 1 1 1 1 8 1 7 1 1 12 10 8 1 12 10 12 9 1 1 1 12 10 12 10 1 12 10 1 100 1 1 1 1 1 1 1
ciInstanceKlass org/jetbrains/kotlin/psi/KtPsiUtil$KtExpressionWrapper 1 0 13 1 100 1 100 1 1 100 1 1 1 1 1
ciInstanceKlass org/jetbrains/kotlin/resolve/calls/smartcasts/DataFlowValue$Kind 1 1 179 1 7 1 1 7 1 1 1 3 3 1 3 1 3 1 1 1 1 1 1 1 1 1 1 1 1 1 1 1 1 1 1 1 1 1 1 1 1 1 100 1 1 1 1 1 1 1 1 1 12 10 12 9 12 9 1 1 1 1 1 12 10 1 1 12 9 1 100 1 1 12 10 100 1 1 1 12 10 1 1 1 1 12 9 1 12 9 12 9 12 9 12 9 12 9 12 9 12 9 12 9 12 9 12 9 12 9 1 1 8 1 8 12 10 8 1 8 8 8 1 8 8 1 8 1 8 8 1 8 1 8 8 1 8 1 8 8 1 8 1 8 8 1 8 1 8 8 1 8 1 8 8 1 8 1 8 8 1 8 12 10 1 7 1 7 1 1 12 10 1 1 1 1 1 1 1 1 1
staticfield org/jetbrains/kotlin/resolve/calls/smartcasts/DataFlowValue$Kind STABLE_VALUE Lorg/jetbrains/kotlin/resolve/calls/smartcasts/DataFlowValue$Kind; org/jetbrains/kotlin/resolve/calls/smartcasts/DataFlowValue$Kind
staticfield org/jetbrains/kotlin/resolve/calls/smartcasts/DataFlowValue$Kind STABLE_COMPLEX_EXPRESSION Lorg/jetbrains/kotlin/resolve/calls/smartcasts/DataFlowValue$Kind; org/jetbrains/kotlin/resolve/calls/smartcasts/DataFlowValue$Kind
staticfield org/jetbrains/kotlin/resolve/calls/smartcasts/DataFlowValue$Kind LEGACY_STABLE_LOCAL_DELEGATED_PROPERTY Lorg/jetbrains/kotlin/resolve/calls/smartcasts/DataFlowValue$Kind; org/jetbrains/kotlin/resolve/calls/smartcasts/DataFlowValue$Kind
staticfield org/jetbrains/kotlin/resolve/calls/smartcasts/DataFlowValue$Kind PROPERTY_WITH_GETTER Lorg/jetbrains/kotlin/resolve/calls/smartcasts/DataFlowValue$Kind; org/jetbrains/kotlin/resolve/calls/smartcasts/DataFlowValue$Kind
staticfield org/jetbrains/kotlin/resolve/calls/smartcasts/DataFlowValue$Kind LEGACY_ALIEN_BASE_PROPERTY Lorg/jetbrains/kotlin/resolve/calls/smartcasts/DataFlowValue$Kind; org/jetbrains/kotlin/resolve/calls/smartcasts/DataFlowValue$Kind
staticfield org/jetbrains/kotlin/resolve/calls/smartcasts/DataFlowValue$Kind LEGACY_ALIEN_BASE_PROPERTY_INHERITED_IN_INVISIBLE_CLASS Lorg/jetbrains/kotlin/resolve/calls/smartcasts/DataFlowValue$Kind; org/jetbrains/kotlin/resolve/calls/smartcasts/DataFlowValue$Kind
staticfield org/jetbrains/kotlin/resolve/calls/smartcasts/DataFlowValue$Kind ALIEN_PUBLIC_PROPERTY Lorg/jetbrains/kotlin/resolve/calls/smartcasts/DataFlowValue$Kind; org/jetbrains/kotlin/resolve/calls/smartcasts/DataFlowValue$Kind
staticfield org/jetbrains/kotlin/resolve/calls/smartcasts/DataFlowValue$Kind STABLE_VARIABLE Lorg/jetbrains/kotlin/resolve/calls/smartcasts/DataFlowValue$Kind; org/jetbrains/kotlin/resolve/calls/smartcasts/DataFlowValue$Kind
staticfield org/jetbrains/kotlin/resolve/calls/smartcasts/DataFlowValue$Kind CAPTURED_VARIABLE Lorg/jetbrains/kotlin/resolve/calls/smartcasts/DataFlowValue$Kind; org/jetbrains/kotlin/resolve/calls/smartcasts/DataFlowValue$Kind
staticfield org/jetbrains/kotlin/resolve/calls/smartcasts/DataFlowValue$Kind MUTABLE_PROPERTY Lorg/jetbrains/kotlin/resolve/calls/smartcasts/DataFlowValue$Kind; org/jetbrains/kotlin/resolve/calls/smartcasts/DataFlowValue$Kind
staticfield org/jetbrains/kotlin/resolve/calls/smartcasts/DataFlowValue$Kind OTHER Lorg/jetbrains/kotlin/resolve/calls/smartcasts/DataFlowValue$Kind; org/jetbrains/kotlin/resolve/calls/smartcasts/DataFlowValue$Kind
staticfield org/jetbrains/kotlin/resolve/calls/smartcasts/DataFlowValue$Kind $VALUES [Lorg/jetbrains/kotlin/resolve/calls/smartcasts/DataFlowValue$Kind; 11 [Lorg/jetbrains/kotlin/resolve/calls/smartcasts/DataFlowValue$Kind;
staticfield org/jetbrains/kotlin/resolve/calls/smartcasts/DataFlowValue$Kind $ENTRIES Lkotlin/enums/EnumEntries; kotlin/enums/EnumEntriesList
ciInstanceKlass org/jetbrains/kotlin/resolve/calls/smartcasts/IdentifierInfo$Expression 1 1 100 1 7 1 7 1 100 1 1 1 3 3 1 3 1 3 1 1 1 1 1 1 1 1 1 1 1 1 1 1 1 1 1 1 1 1 1 1 1 1 7 1 100 1 1 1 8 1 7 1 1 12 10 1 12 10 12 9 1 12 9 1 12 9 12 9 1 1 1 12 10 1 1 1 1 12 10 1 1 12 10 1 1 100 1 12 11 1 8 1 100 1 1 1 1 1 1 1 1 1
ciInstanceKlass org/jetbrains/kotlin/resolve/calls/smartcasts/DataFlowValueKt 1 1 47 1 7 1 100 1 1 1 3 3 1 1 3 1 1 1 1 1 1 1 1 1 1 7 1 1 12 10 1 7 1 12 9 1 12 9 1 1 12 10 1 1 1 1 1 1 1
ciInstanceKlass org/jetbrains/kotlin/resolve/calls/smartcasts/IdentifierInfoKt 1 1 430 1 7 1 100 1 1 1 3 3 1 1 3 1 1 1 1 1 1 1 1 1 1 1 1 1 1 1 1 1 1 1 1 1 1 1 1 1 1 1 1 1 1 1 1 1 1 1 1 1 1 100 1 7 1 1 7 1 7 1 1 7 1 1 7 1 1 7 1 1 7 1 1 7 1 1 7 1 1 7 1 1 1 1 8 1 7 1 1 12 10 8 8 1 7 1 1 12 10 12 10 1 7 1 1 12 11 1 12 11 1 7 1 1 12 11 1 1 12 11 1 7 1 1 12 9 1 100 1 12 10 1 100 1 7 1 7 1 7 1 12 10 1 8 1 12 10 1 1 12 10 1 1 12 10 1 7 1 1 12 11 1 1 12 9 1 1 12 10 1 12 9 1 1 12 9 1 100 1 1 12 9 1 7 1 1 12 11 1 1 12 10 1 12 10 1 7 1 12 9 1 1 12 10 1 1 12 10 1 12 10 1 100 1 12 10 1 7 10 1 12 9 1 12 9 1 100 1 12 10 1 100 1 12 10 1 1 1 1 1 1 1 1 1 1 1 1 7 1 7 1 7 1 1 12 10 1 7 1 1 12 10 1 7 1 1 12 10 1 12 9 1 12 10 1 7 1 1 12 11 1 7 1 12 10 1 12 11 1 1 12 11 1 8 1 1 12 10 1 7 1 1 12 11 1 7 1 1 12 9 1 7 1 1 12 9 1 1 12 11 1 12 10 1 12 10 1 100 1 1 1 1 1 1 1 7 1 12 10 1 7 1 1 12 11 1 7 1 1 12 11 1 100 1 100 1 12 10 1 8 1 1 12 10 1 12 10 1 12 10 10 1 12 10 1 7 1 12 11 1 8 1 12 11 1 1 12 10 1 12 9 1 100 1 1 12 11 1 8 1 100 1 12 11 1 100 1 100 1 1 12 10 1 1 1 12 10 1 12 10 1 1 1 1 1 1 1 1 1 1
ciInstanceKlass org/jetbrains/kotlin/resolve/calls/smartcasts/IdentifierInfo 1 1 77 1 100 1 100 1 1 1 3 3 1 3 1 3 1 1 1 1 1 1 1 1 1 1 1 1 1 1 1 1 1 1 1 1 1 1 1 1 1 7 1 100 1 1 100 1 100 1 100 1 100 1 100 1 100 1 100 1 100 1 100 1 100 1 100 1 1 12 9 1 1 1 1 1 1 1 1
ciInstanceKlass org/jetbrains/kotlin/resolve/calls/smartcasts/IdentifierInfo$NO 1 1 46 1 7 1 7 1 100 1 1 1 3 3 1 3 1 3 1 1 1 1 1 1 1 1 1 1 1 1 1 12 10 1 1 1 8 1 10 12 9 1 1 1 1 1 1 1
staticfield org/jetbrains/kotlin/resolve/calls/smartcasts/IdentifierInfo$NO INSTANCE Lorg/jetbrains/kotlin/resolve/calls/smartcasts/IdentifierInfo$NO; org/jetbrains/kotlin/resolve/calls/smartcasts/IdentifierInfo$NO
ciInstanceKlass org/jetbrains/kotlin/resolve/calls/smartcasts/DataFlowValue$Companion 1 1 85 1 7 1 7 1 1 1 3 3 1 3 1 3 1 1 1 1 1 1 1 1 1 1 1 1 1 1 7 1 1 7 1 7 1 12 10 1 1 1 1 8 1 7 1 1 12 10 1 1 12 9 1 7 1 1 12 10 1 8 1 12 10 1 7 1 7 1 12 9 1 12 10 1 10 1 1 1 1 1 1 1 1 1 1
ciInstanceKlass org/jetbrains/kotlin/resolve/calls/smartcasts/Nullability 1 1 129 1 7 1 1 7 1 1 7 1 1 1 1 1 1 1 1 1 1 1 1 12 9 7 1 1 12 10 1 1 1 12 10 1 1 1 1 1 12 9 1 1 12 10 12 9 12 9 12 9 1 1 1 1 12 10 12 9 12 9 1 1 1 1 1 1 12 9 1 1 12 10 1 100 1 12 10 1 1 1 1 12 10 1 1 8 12 10 8 8 8 1 8 1 8 1 100 1 100 1 100 8 8 8 8 8 8 8 1 1 12 10 1 12 10 1 100 10 1 100 1 1 1 1 1 1 1 1 1
staticfield org/jetbrains/kotlin/resolve/calls/smartcasts/Nullability NULL Lorg/jetbrains/kotlin/resolve/calls/smartcasts/Nullability; org/jetbrains/kotlin/resolve/calls/smartcasts/Nullability
staticfield org/jetbrains/kotlin/resolve/calls/smartcasts/Nullability NOT_NULL Lorg/jetbrains/kotlin/resolve/calls/smartcasts/Nullability; org/jetbrains/kotlin/resolve/calls/smartcasts/Nullability
staticfield org/jetbrains/kotlin/resolve/calls/smartcasts/Nullability UNKNOWN Lorg/jetbrains/kotlin/resolve/calls/smartcasts/Nullability; org/jetbrains/kotlin/resolve/calls/smartcasts/Nullability
staticfield org/jetbrains/kotlin/resolve/calls/smartcasts/Nullability IMPOSSIBLE Lorg/jetbrains/kotlin/resolve/calls/smartcasts/Nullability; org/jetbrains/kotlin/resolve/calls/smartcasts/Nullability
staticfield org/jetbrains/kotlin/resolve/calls/smartcasts/Nullability $VALUES [Lorg/jetbrains/kotlin/resolve/calls/smartcasts/Nullability; 4 [Lorg/jetbrains/kotlin/resolve/calls/smartcasts/Nullability;
ciInstanceKlass org/jetbrains/kotlin/load/java/lazy/types/RawTypeImpl 1 1 404 1 7 1 7 1 100 1 1 1 3 3 1 3 1 3 1 1 1 1 1 1 1 1 1 1 1 1 1 1 1 1 1 1 1 1 1 1 1 1 1 1 1 1 1 1 1 1 1 1 1 1 1 1 12 10 1 7 1 1 12 9 1 7 1 1 12 11 1 7 1 1 12 9 1 100 1 12 10 1 8 1 1 12 10 1 12 10 1 8 1 1 12 10 1 100 1 12 10 1 1 1 1 8 1 7 1 1 12 10 8 12 10 1 12 10 1 1 12 10 1 7 1 1 12 11 1 7 1 100 1 8 1 100 10 1 12 10 1 7 1 12 10 1 7 1 12 11 1 8 1 12 10 1 1 1 8 1 7 1 12 10 1 12 10 10 1 1 12 10 1 8 8 1 100 1 1 12 10 1 100 1 1 12 11 1 8 1 8 1 12 10 1 100 1 1 12 10 1 100 1 12 11 1 100 1 1 12 10 1 1 12 10 1 1 12 10 1 100 1 8 1 100 1 16 1 1 12 10 15 16 1 100 1 1 12 10 15 1 1 12 18 1 100 1 1 12 10 1 1 12 10 1 100 11 1 1 12 11 1 100 1 12 11 1 1 12 11 1 100 1 12 10 1 12 10 1 1 12 10 1 1 12 10 1 1 12 10 1 1 1 1 1 1 1 1 1 1 1 1 1 1 1 1 1 1 1 8 1 100 1 100 1 1 12 10 1 8 1 12 10 1 8 1 100 1 1 12 10 1 8 1 1 1 10 1 100 1 1 12 10 1 12 10 1 100 1 1 12 10 1 1 12 11 1 1 1 1 1 1 1 1 1 1 1 1 1 1 12 10 1 1 12 10 1 12 10 1 8 1 8 1 12 10 1 7 1 12 10 1 12 10 1 1 1 1 1 1 1 1 1 1 1 1
ciInstanceKlass org/jetbrains/kotlin/resolve/calls/smartcasts/IdentifierInfo$Variable 1 1 130 1 7 1 7 1 100 1 1 1 3 3 1 3 1 3 1 1 1 1 1 1 1 1 1 1 1 1 1 1 1 1 1 1 1 1 1 1 1 1 1 1 1 1 1 7 1 100 1 1 1 7 1 7 1 1 1 8 1 7 1 1 12 10 8 1 12 10 12 9 12 9 12 9 1 12 10 1 12 9 1 1 7 1 1 12 9 1 7 1 12 9 1 1 12 10 1 1 1 7 1 1 12 11 1 7 12 10 1 1 12 11 1 7 1 12 11 10 1 12 10 1 1 1 1 1 1 1 1 1
ciInstanceKlass org/jetbrains/kotlin/resolve/calls/inference/model/TypeVariableTypeConstructor 1 1 119 1 7 1 7 1 100 1 100 1 1 1 3 3 1 3 1 3 1 1 1 1 1 1 1 1 1 1 1 1 1 1 1 1 1 1 1 1 1 1 1 1 1 1 1 1 1 1 1 1 1 1 1 1 1 1 1 1 8 1 7 1 1 12 10 8 1 12 10 12 9 12 9 12 9 1 1 1 1 7 1 12 10 1 1 1 7 1 1 1 1 8 1 100 1 7 10 1 8 1 1 12 10 1 12 10 12 10 12 9 1 1 1 1 1 1 1 1 1
ciInstanceKlass org/jetbrains/kotlin/descriptors/impl/TypeParameterDescriptorImpl 1 1 232 1 7 1 7 1 1 7 1 100 1 1 1 1 1 1 1 1 1 1 1 1 1 1 1 12 10 1 7 1 1 12 9 1 1 12 10 1 7 1 1 12 10 1 7 1 1 12 10 1 1 12 10 1 1 12 10 1 1 1 1 1 1 1 1 1 1 1 1 1 1 1 1 1 12 9 1 12 10 1 1 1 1 12 10 1 1 1 1 12 10 1 7 12 10 12 9 12 9 12 9 1 1 1 1 100 1 100 12 10 1 8 1 1 12 10 1 1 12 10 1 12 10 1 12 10 1 1 8 1 1 12 10 1 12 10 1 8 1 1 12 10 1 100 1 1 12 10 12 10 1 1 1 12 10 1 1 1 7 1 1 12 10 1 7 1 1 12 11 1 1 12 11 1 1 100 1 1 12 11 1 1 1 1 12 10 1 8 1 8 1 100 1 100 1 100 8 8 8 8 8 8 8 8 8 8 8 8 8 8 8 8 8 1 1 12 10 1 100 10 1 100 1 1 1 1 1 1 1 1 1 1
ciInstanceKlass org/jetbrains/kotlin/types/FlexibleTypeWithEnhancement 1 1 171 1 7 1 7 1 100 1 1 1 3 3 1 3 1 3 1 1 1 1 1 1 1 1 1 1 1 1 1 1 1 1 1 1 1 1 1 1 1 1 1 1 1 1 1 1 1 1 1 1 1 1 1 8 1 7 1 1 12 10 8 1 12 10 1 12 10 1 12 10 12 9 12 9 1 1 8 12 10 12 10 12 10 1 100 1 1 12 10 1 12 10 1 100 1 1 12 10 1 7 10 1 1 8 8 1 100 1 1 12 11 1 100 1 1 12 10 12 10 12 10 1 1 8 1 100 1 100 1 1 12 10 1 8 1 12 10 12 10 1 1 100 1 12 10 1 8 1 1 12 10 1 12 10 1 8 12 10 1 12 10 1 1 1 1 1 1 1 1 1 1
ciInstanceKlass org/jetbrains/kotlin/resolve/calls/smartcasts/IdentifierInfo$NULL 1 1 45 1 7 1 7 1 100 1 1 1 3 3 1 3 1 3 1 1 1 1 1 1 1 1 1 1 1 1 1 12 10 1 1 8 1 10 12 9 1 1 1 1 1 1 1
staticfield org/jetbrains/kotlin/resolve/calls/smartcasts/IdentifierInfo$NULL INSTANCE Lorg/jetbrains/kotlin/resolve/calls/smartcasts/IdentifierInfo$NULL; org/jetbrains/kotlin/resolve/calls/smartcasts/IdentifierInfo$NULL
ciInstanceKlass org/jetbrains/kotlin/types/NotNullSimpleType 1 1 54 1 100 1 7 1 1 1 3 3 1 3 1 3 1 1 1 1 1 1 1 1 1 1 1 1 1 1 1 8 1 7 1 1 12 10 12 10 1 1 1 10 1 12 10 1 100 1 1 1 1 1 1 1
ciInstanceKlass org/jetbrains/kotlin/builtins/functions/FunctionClassDescriptor 1 1 432 1 7 1 7 1 1 1 3 3 1 3 1 3 1 1 1 1 1 1 1 1 1 1 1 1 1 1 1 1 1 1 1 1 1 1 1 1 1 1 1 1 1 1 1 1 1 1 1 1 1 1 1 1 1 1 1 1 1 1 1 1 1 1 1 1 1 1 1 1 1 1 1 1 1 1 1 1 1 1 1 1 1 1 1 1 1 1 1 1 1 1 1 1 7 1 7 1 7 1 7 1 7 1 7 1 100 1 7 1 1 1 1 1 1 1 1 1 8 1 7 1 1 12 10 8 8 1 7 1 1 12 10 1 12 10 12 9 12 9 12 9 12 9 1 12 10 12 9 1 7 1 12 10 12 9 1 7 12 10 1 7 1 12 10 1 7 1 7 1 1 12 10 1 12 10 1 7 1 1 12 11 1 7 1 12 11 1 7 1 12 10 1 7 1 1 12 9 1 7 10 1 1 12 10 1 12 10 1 12 10 1 1 12 10 1 7 1 1 12 9 1 1 12 11 1 7 1 12 9 1 8 1 1 12 10 12 9 1 12 9 1 1 12 10 12 9 1 1 1 1 1 1 1 1 1 1 1 1 1 1 1 1 1 12 9 1 1 7 1 8 1 1 1 1 1 12 10 1 1 7 1 12 9 1 1 7 1 12 9 1 1 7 1 12 9 8 1 12 10 1 12 9 1 12 10 1 1 7 1 12 9 8 1 1 1 1 1 1 12 10 1 7 1 12 10 1 8 1 1 1 1 1 1 1 1 1 1 7 1 1 12 10 1 12 10 1 7 1 1 12 10 10 1 1 1 1 12 10 1 12 10 1 12 10 1 12 10 1 100 1 12 10 1 12 10 1 100 12 10 1 1 1 1 1 12 9 1 12 9 1 1 1 1 1 1 12 10 12 9 1 7 1 7 1 1 12 9 1 8 1 8 1 12 10 1 12 9 1 8 1 1 1 1 1 1 1 1 1 1 1 1
staticfield org/jetbrains/kotlin/builtins/functions/FunctionClassDescriptor Companion Lorg/jetbrains/kotlin/builtins/functions/FunctionClassDescriptor$Companion; org/jetbrains/kotlin/builtins/functions/FunctionClassDescriptor$Companion
staticfield org/jetbrains/kotlin/builtins/functions/FunctionClassDescriptor functionClassId Lorg/jetbrains/kotlin/name/ClassId; org/jetbrains/kotlin/name/ClassId
staticfield org/jetbrains/kotlin/builtins/functions/FunctionClassDescriptor kFunctionClassId Lorg/jetbrains/kotlin/name/ClassId; org/jetbrains/kotlin/name/ClassId
ciInstanceKlass org/jetbrains/kotlin/resolve/calls/smartcasts/IdentifierInfo$SafeCast 1 1 126 1 7 1 7 1 7 1 1 1 3 3 1 3 1 3 1 1 1 1 1 1 1 1 1 1 1 1 1 1 1 1 1 1 1 1 1 1 1 1 1 1 1 1 1 1 1 1 1 1 7 1 100 1 1 1 1 8 1 7 1 1 12 10 1 12 10 12 9 12 9 12 9 1 1 12 9 12 11 1 1 100 10 1 1 12 10 1 8 1 12 10 1 8 12 10 1 12 10 1 1 12 10 1 12 10 1 7 10 1 1 1 1 1 12 10 1 1 1 1 1 1 1 1 1 1
ciInstanceKlass org/jetbrains/kotlin/psi/KtPsiFactory$BlockWrapper 1 1 109 1 7 1 7 1 100 1 1 1 3 3 1 3 1 3 1 1 1 1 1 1 1 1 1 1 1 1 1 1 1 1 1 1 1 1 1 1 1 1 100 1 1 100 1 1 8 1 7 1 1 12 10 8 1 1 12 10 1 7 1 12 10 12 9 1 1 1 1 7 1 1 12 10 1 1 1 7 12 11 1 8 1 12 10 1 12 11 1 8 1 12 11 1 8 1 12 11 1 8 1 1 1 1 1 1 1 1 1
ciMethodData java/lang/Object <init> ()V 2 3082877 orig 80 1 0 0 0 0 0 0 0 0 0 0 0 0 0 0 0 0 0 0 0 0 0 0 0 0 0 0 0 0 0 0 0 0 0 0 0 0 0 0 0 0 0 0 0 0 0 0 0 0 0 0 0 0 0 0 0 0 0 0 0 0 0 0 0 0 0 0 0 0 0 0 0 0 0 0 0 0 0 0 0 data 4 0x0 0x9 0x1 0x0 oops 0 methods 0
ciMethod java/util/concurrent/atomic/AtomicReferenceFieldUpdater compareAndSet (Ljava/lang/Object;Ljava/lang/Object;Ljava/lang/Object;)Z 0 0 1 0 -1
ciMethod kotlin/jvm/internal/Intrinsics checkNotNull (Ljava/lang/Object;)V 1024 0 245152 0 96
ciMethod kotlin/jvm/internal/Intrinsics checkNotNull (Ljava/lang/Object;Ljava/lang/String;)V 514 0 216255 0 96
ciMethod kotlin/jvm/internal/Intrinsics throwJavaNpe ()V 0 0 1 0 -1
ciMethod kotlin/jvm/internal/Intrinsics throwJavaNpe (Ljava/lang/String;)V 0 0 1 0 -1
ciMethod kotlin/jvm/internal/Intrinsics checkNotNullExpressionValue (Ljava/lang/Object;Ljava/lang/String;)V 774 0 5931 0 96
ciMethod kotlin/jvm/internal/Intrinsics checkNotNullParameter (Ljava/lang/Object;Ljava/lang/String;)V 512 0 10677628 0 96
ciMethod kotlin/jvm/internal/Intrinsics throwParameterIsNullNPE (Ljava/lang/String;)V 0 0 1 0 -1
ciMethod kotlin/jvm/internal/Intrinsics areEqual (Ljava/lang/Object;Ljava/lang/Object;)Z 922 0 404841 0 -1
ciMethod kotlin/jvm/functions/Function1 invoke (Ljava/lang/Object;)Ljava/lang/Object; 0 0 1 0 -1
ciMethod org/jetbrains/kotlin/com/intellij/openapi/application/ApplicationManager getApplication ()Lorg/jetbrains/kotlin/com/intellij/openapi/application/Application; 512 0 3403 0 -1
ciMethod kotlin/jvm/functions/Function0 invoke ()Ljava/lang/Object; 0 0 1 0 -1
ciMethod org/jetbrains/kotlin/name/FqNameUnsafe shortName ()Lorg/jetbrains/kotlin/name/Name; 516 0 7911 0 -1
ciMethod org/jetbrains/kotlin/name/FqNameUnsafe equals (Ljava/lang/Object;)Z 520 0 8579 0 -1
ciMethod org/jetbrains/kotlin/name/Name <init> (Ljava/lang/String;Z)V 808 0 53781 0 0
ciMethod org/jetbrains/kotlin/name/Name identifier (Ljava/lang/String;)Lorg/jetbrains/kotlin/name/Name; 810 0 53008 0 192
ciMethod org/jetbrains/kotlin/name/Name equals (Ljava/lang/Object;)Z 514 0 8870 0 -1
ciMethod org/jetbrains/kotlin/name/Name $$$reportNull$$$0 (I)V 0 0 1 0 -1
ciMethodData kotlin/jvm/internal/Intrinsics checkNotNullParameter (Ljava/lang/Object;Ljava/lang/String;)V 2 10677753 orig 80 0 0 0 0 0 0 0 0 0 0 0 0 48 2 0 0 0 0 0 0 0 0 0 0 0 0 0 0 0 0 0 0 0 0 0 0 0 0 0 0 0 0 0 0 0 0 0 0 0 0 0 0 0 0 0 0 0 0 0 0 0 0 0 0 0 0 0 0 0 0 0 0 0 0 0 0 0 0 0 0 data 16 0x10007 0xa2ecf5 0x30 0x0 0x50002 0x0 0x0 0x0 0x0 0x0 0x0 0x0 0x9 0x2 0x0 0xffffffffffffffff oops 0 methods 0
ciMethodData kotlin/jvm/internal/Intrinsics checkNotNullExpressionValue (Ljava/lang/Object;Ljava/lang/String;)V 2 5931 orig 80 0 0 0 0 0 0 0 0 0 0 0 0 48 2 0 0 0 0 0 0 0 0 0 0 0 0 0 0 0 0 0 0 0 0 0 0 0 0 0 0 0 0 0 0 0 0 0 0 0 0 0 0 0 0 0 0 0 0 0 0 0 0 0 0 0 0 0 0 0 0 0 0 0 0 0 0 0 0 0 0 data 48 0x10007 0x15a8 0x130 0x0 0xc0002 0x0 0x100005 0x0 0x0 0x0 0x0 0x0 0x0 0x150005 0x0 0x0 0x0 0x0 0x0 0x0 0x180005 0x0 0x0 0x0 0x0 0x0 0x0 0x1b0002 0x0 0x1e0002 0x0 0x210004 0x0 0x0 0x0 0x0 0x0 0x0 0x0 0x0 0x0 0x0 0x0 0x0 0x9 0x2 0x0 0xffffffffffffffff oops 0 methods 0
ciMethod org/jetbrains/kotlin/storage/SimpleLock lock ()V 0 0 1 0 -1
ciMethod org/jetbrains/kotlin/storage/SimpleLock unlock ()V 0 0 1 0 -1
ciMethod org/jetbrains/kotlin/storage/NotNullLazyValue invoke ()Ljava/lang/Object; 0 0 1 0 -1
ciMethod org/jetbrains/kotlin/storage/LockBasedStorageManager$MapBasedMemoizedFunction invoke (Ljava/lang/Object;)Ljava/lang/Object; 516 0 8066 0 -1
ciMethod org/jetbrains/kotlin/storage/LockBasedStorageManager$MapBasedMemoizedFunction recursionDetected (Ljava/lang/Object;Z)Lorg/jetbrains/kotlin/storage/LockBasedStorageManager$RecursionDetectedResult; 0 0 1 0 -1
ciMethod org/jetbrains/kotlin/storage/LockBasedStorageManager$MapBasedMemoizedFunction raceCondition (Ljava/lang/Object;Ljava/lang/Object;)Ljava/lang/AssertionError; 0 0 1 0 -1
ciMethod org/jetbrains/kotlin/utils/WrappedValues escapeNull (Ljava/lang/Object;)Ljava/lang/Object; 376 0 1687 0 -1
ciMethod org/jetbrains/kotlin/utils/WrappedValues unescapeExceptionOrNull (Ljava/lang/Object;)Ljava/lang/Object; 140 0 6379 0 -1
ciMethod org/jetbrains/kotlin/utils/WrappedValues unescapeThrowable (Ljava/lang/Object;)Ljava/lang/Object; 9978 0 10261 0 -1
ciMethodData kotlin/jvm/internal/Intrinsics checkNotNull (Ljava/lang/Object;Ljava/lang/String;)V 2 216255 orig 80 0 0 0 0 0 0 0 0 0 0 0 0 48 2 0 0 0 0 0 0 0 0 0 0 0 0 0 0 0 0 0 0 0 0 0 0 0 0 0 0 0 0 0 0 0 0 0 0 0 0 0 0 0 0 0 0 0 0 0 0 0 0 0 0 0 0 0 0 0 0 0 0 0 0 0 0 0 0 0 0 data 16 0x10007 0x34bbe 0x30 0x0 0x50002 0x0 0x0 0x0 0x0 0x0 0x0 0x0 0x9 0x2 0x0 0xffffffffffffffff oops 0 methods 0
ciMethod org/jetbrains/kotlin/com/intellij/openapi/application/Application assertReadAccessAllowed ()V 0 0 1 0 -1
ciMethod org/jetbrains/kotlin/com/intellij/openapi/progress/ProgressIndicatorProvider checkCanceled ()V 1024 0 177171 0 -1
ciMethod org/jetbrains/kotlin/com/intellij/psi/impl/source/tree/CompositeElement findChildByType (Lorg/jetbrains/kotlin/com/intellij/psi/tree/IElementType;)Lorg/jetbrains/kotlin/com/intellij/lang/ASTNode; 4120 8912 7949 0 320
ciMethod org/jetbrains/kotlin/com/intellij/psi/impl/source/tree/CompositeElement findChildByType (Lorg/jetbrains/kotlin/com/intellij/psi/tree/TokenSet;)Lorg/jetbrains/kotlin/com/intellij/lang/ASTNode; 512 320 7431 0 544
ciMethod org/jetbrains/kotlin/com/intellij/psi/impl/source/tree/CompositeElement getFirstChildNode ()Lorg/jetbrains/kotlin/com/intellij/psi/impl/source/tree/TreeElement; 278 0 139 0 0
ciMethod org/jetbrains/kotlin/com/intellij/psi/impl/source/tree/CompositeElement getPsi ()Lorg/jetbrains/kotlin/com/intellij/psi/PsiElement; 4098 0 14705 0 5056
ciMethod org/jetbrains/kotlin/com/intellij/psi/impl/source/tree/CompositeElement createPsiNoLock ()Lorg/jetbrains/kotlin/com/intellij/psi/PsiElement; 864 0 2018 0 -1
ciMethod org/jetbrains/kotlin/com/intellij/psi/impl/source/tree/CompositeElement $$$reportNull$$$0 (I)V 0 0 1 0 -1
ciMethod org/jetbrains/kotlin/com/intellij/lang/ASTNode getElementType ()Lorg/jetbrains/kotlin/com/intellij/psi/tree/IElementType; 0 0 1 0 -1
ciMethod org/jetbrains/kotlin/com/intellij/lang/ASTNode getTreeNext ()Lorg/jetbrains/kotlin/com/intellij/lang/ASTNode; 0 0 1 0 -1
ciMethod org/jetbrains/kotlin/com/intellij/lang/ASTNode findChildByType (Lorg/jetbrains/kotlin/com/intellij/psi/tree/IElementType;)Lorg/jetbrains/kotlin/com/intellij/lang/ASTNode; 0 0 1 0 -1
ciMethod org/jetbrains/kotlin/com/intellij/lang/ASTNode findChildByType (Lorg/jetbrains/kotlin/com/intellij/psi/tree/TokenSet;)Lorg/jetbrains/kotlin/com/intellij/lang/ASTNode; 0 0 1 0 -1
ciMethod org/jetbrains/kotlin/com/intellij/lang/ASTNode getPsi ()Lorg/jetbrains/kotlin/com/intellij/psi/PsiElement; 0 0 1 0 -1
ciMethod org/jetbrains/kotlin/com/intellij/psi/impl/source/tree/TreeElement getTreeNext ()Lorg/jetbrains/kotlin/com/intellij/psi/impl/source/tree/TreeElement; 626 0 313 0 0
ciMethod org/jetbrains/kotlin/com/intellij/psi/impl/source/tree/TreeElement getElementType ()Lorg/jetbrains/kotlin/com/intellij/psi/tree/IElementType; 518 0 157107 0 96
ciMethod org/jetbrains/kotlin/com/intellij/psi/impl/source/tree/TreeElement assertReadAccessAllowed ()V 26 0 1208 0 -1
ciMethod org/jetbrains/kotlin/com/intellij/psi/impl/source/tree/TreeElement getTreeNext ()Lorg/jetbrains/kotlin/com/intellij/lang/ASTNode; 4126 0 126937 0 64
ciMethod org/jetbrains/kotlin/com/intellij/psi/impl/source/tree/TreeElement $$$reportNull$$$0 (I)V 0 0 1 0 -1
ciMethod org/jetbrains/kotlin/com/intellij/psi/tree/IElementType getIndex ()S 474 0 237 0 0
ciMethod org/jetbrains/kotlin/com/intellij/psi/PsiElement getNode ()Lorg/jetbrains/kotlin/com/intellij/lang/ASTNode; 0 0 1 0 -1
ciMethod org/jetbrains/kotlin/com/intellij/psi/impl/source/tree/LeafPsiElement getNode ()Lorg/jetbrains/kotlin/com/intellij/lang/ASTNode; 512 0 1319 0 64
ciMethod org/jetbrains/kotlin/com/intellij/psi/impl/source/tree/LeafPsiElement getPsi ()Lorg/jetbrains/kotlin/com/intellij/psi/PsiElement; 4144 0 2082 0 64
ciMethod org/jetbrains/kotlin/com/intellij/psi/tree/IElementType$Predicate matches (Lorg/jetbrains/kotlin/com/intellij/psi/tree/IElementType;)Z 0 0 1 0 -1
ciMethodData kotlin/jvm/internal/Intrinsics checkNotNull (Ljava/lang/Object;)V 2 245194 orig 80 0 0 0 0 0 0 0 0 0 0 0 0 0 0 0 0 0 0 0 0 0 0 0 0 0 0 0 0 0 0 0 0 0 0 0 0 0 0 0 0 0 0 0 0 0 0 0 0 0 0 0 0 0 0 0 0 0 0 0 0 0 0 0 0 0 0 0 0 0 0 0 0 0 0 0 0 0 0 0 0 data 15 0x10007 0x3bbcb 0x30 0x0 0x40002 0x0 0x0 0x0 0x0 0x0 0x0 0x0 0x9 0x1 0x0 oops 0 methods 0
ciMethod org/jetbrains/kotlin/com/intellij/psi/impl/source/PsiFileImpl getTreeElement ()Lorg/jetbrains/kotlin/com/intellij/psi/impl/source/tree/FileElement; 48 0 1283 0 -1
ciMethod org/jetbrains/kotlin/com/intellij/psi/impl/source/PsiFileImpl isValid ()Z 40 0 2205 0 -1
ciMethod org/jetbrains/kotlin/com/intellij/psi/impl/source/PsiFileImpl calcTreeElement ()Lorg/jetbrains/kotlin/com/intellij/psi/impl/source/tree/FileElement; 48 0 1283 0 -1
ciMethod org/jetbrains/kotlin/com/intellij/psi/impl/PsiElementBase findChildByClass (Ljava/lang/Class;)Ljava/lang/Object; 430 1660 19325 0 -1
ciMethod org/jetbrains/kotlin/com/intellij/psi/tree/TokenSet get (I)Z 564 0 8263 0 0
ciMethod org/jetbrains/kotlin/com/intellij/psi/tree/TokenSet contains (Lorg/jetbrains/kotlin/com/intellij/psi/tree/IElementType;)Z 552 0 13692 0 320
ciMethod org/jetbrains/kotlin/com/intellij/extapi/psi/StubBasedPsiElementBase getNode ()Lorg/jetbrains/kotlin/com/intellij/lang/ASTNode; 4550 0 9528 0 192
ciMethod org/jetbrains/kotlin/com/intellij/extapi/psi/StubBasedPsiElementBase failedToBindStubToAst (Lorg/jetbrains/kotlin/com/intellij/psi/impl/source/PsiFileImpl;Lorg/jetbrains/kotlin/com/intellij/psi/impl/source/tree/FileElement;)Lorg/jetbrains/kotlin/com/intellij/lang/ASTNode; 0 0 1 0 -1
ciMethod org/jetbrains/kotlin/com/intellij/extapi/psi/StubBasedPsiElementBase notBoundInExistingAst (Lorg/jetbrains/kotlin/com/intellij/psi/impl/source/PsiFileImpl;Lorg/jetbrains/kotlin/com/intellij/psi/impl/source/tree/FileElement;)Lorg/jetbrains/kotlin/com/intellij/lang/ASTNode; 0 0 1 0 -1
ciMethod org/jetbrains/kotlin/com/intellij/extapi/psi/StubBasedPsiElementBase getContainingFile ()Lorg/jetbrains/kotlin/com/intellij/psi/PsiFile; 4102 0 8205 0 -1
ciMethod org/jetbrains/kotlin/com/intellij/extapi/psi/StubBasedPsiElementBase $$$reportNull$$$0 (I)V 0 0 1 0 -1
ciMethod org/jetbrains/kotlin/com/intellij/extapi/psi/ASTDelegatePsiElement getNode ()Lorg/jetbrains/kotlin/com/intellij/lang/ASTNode; 0 0 1 0 -1
ciMethod org/jetbrains/kotlin/com/intellij/extapi/psi/ASTDelegatePsiElement findChildByType (Lorg/jetbrains/kotlin/com/intellij/psi/tree/IElementType;)Lorg/jetbrains/kotlin/com/intellij/psi/PsiElement; 770 0 28303 0 384
ciMethod org/jetbrains/kotlin/com/intellij/extapi/psi/ASTDelegatePsiElement findChildByType (Lorg/jetbrains/kotlin/com/intellij/psi/tree/TokenSet;)Lorg/jetbrains/kotlin/com/intellij/psi/PsiElement; 512 0 13703 0 0
ciMethod org/jetbrains/kotlin/com/intellij/psi/impl/source/SubstrateRef getNode ()Lorg/jetbrains/kotlin/com/intellij/lang/ASTNode; 0 0 1 0 -1
ciMethod org/jetbrains/kotlin/psi/KtSimpleNameExpression getReferencedNameElement ()Lorg/jetbrains/kotlin/com/intellij/psi/PsiElement; 0 0 1 0 -1
ciMethod org/jetbrains/kotlin/psi/KtSimpleNameExpression getReferencedNameElementType ()Lorg/jetbrains/kotlin/com/intellij/psi/tree/IElementType; 0 0 1 0 -1
ciMethod org/jetbrains/kotlin/psi/KtQualifiedExpression getReceiverExpression ()Lorg/jetbrains/kotlin/psi/KtExpression; 798 0 6582 0 -1
ciMethod org/jetbrains/kotlin/psi/KtQualifiedExpression getSelectorExpression ()Lorg/jetbrains/kotlin/psi/KtExpression; 1040 0 11946 0 -1
ciMethod org/jetbrains/kotlin/psi/KtQualifiedExpression getOperationSign ()Lorg/jetbrains/kotlin/lexer/KtSingleValueToken; 780 0 6217 0 -1
ciMethod org/jetbrains/kotlin/com/intellij/extapi/psi/ASTWrapperPsiElement getNode ()Lorg/jetbrains/kotlin/com/intellij/lang/ASTNode; 136 0 43705 0 96
ciMethod org/jetbrains/kotlin/com/intellij/extapi/psi/ASTWrapperPsiElement $$$reportNull$$$0 (I)V 0 0 1 0 -1
ciMethod org/jetbrains/kotlin/psi/KtParenthesizedExpression getExpression ()Lorg/jetbrains/kotlin/psi/KtExpression; 0 0 83 0 0
ciMethod org/jetbrains/kotlin/psi/KtExpressionWithLabel getLabelName ()Ljava/lang/String; 36 0 85 0 -1
ciMethod org/jetbrains/kotlin/psi/KtAnnotatedExpression getBaseExpression ()Lorg/jetbrains/kotlin/psi/KtExpression; 0 0 36 0 0
ciMethod org/jetbrains/kotlin/psi/KtOperationReferenceExpression getReferencedNameElement ()Lorg/jetbrains/kotlin/com/intellij/psi/PsiElement; 514 0 4730 0 0
ciMethod org/jetbrains/kotlin/psi/KtSimpleNameExpressionImpl getReferencedNameElementType ()Lorg/jetbrains/kotlin/com/intellij/psi/tree/IElementType; 252 0 4467 0 0
ciMethod org/jetbrains/kotlin/psi/KtInstanceExpressionWithLabel getInstanceReference ()Lorg/jetbrains/kotlin/psi/KtReferenceExpression; 96 0 179 0 -1
ciMethod org/jetbrains/kotlin/psi/KtBinaryExpression getOperationReference ()Lorg/jetbrains/kotlin/psi/KtOperationReferenceExpression; 474 0 8274 0 0
ciMethod org/jetbrains/kotlin/psi/KtBinaryExpression getOperationToken ()Lorg/jetbrains/kotlin/com/intellij/psi/tree/IElementType; 166 0 2625 0 0
ciMethod org/jetbrains/kotlin/psi/KtBinaryExpression $$$reportNull$$$0 (I)V 0 0 1 0 -1
ciMethod org/jetbrains/kotlin/psi/KtBinaryExpressionWithTypeRHS getLeft ()Lorg/jetbrains/kotlin/psi/KtExpression; 0 0 176 0 -1
ciMethod org/jetbrains/kotlin/psi/KtBinaryExpressionWithTypeRHS getRight ()Lorg/jetbrains/kotlin/psi/KtTypeReference; 0 0 134 0 -1
ciMethod org/jetbrains/kotlin/psi/KtBinaryExpressionWithTypeRHS getOperationReference ()Lorg/jetbrains/kotlin/psi/KtSimpleNameExpression; 0 0 306 0 -1
ciMethod org/jetbrains/kotlin/psi/KtUnaryExpression getOperationReference ()Lorg/jetbrains/kotlin/psi/KtSimpleNameExpression; 0 0 1093 0 0
ciMethod org/jetbrains/kotlin/psi/KtUnaryExpression $$$reportNull$$$0 (I)V 0 0 1 0 -1
ciMethod org/jetbrains/kotlin/psi/KtPostfixExpression getBaseExpression ()Lorg/jetbrains/kotlin/psi/KtExpression; 0 0 147 0 -1
ciMethod org/jetbrains/kotlin/psi/KtLabeledExpression getBaseExpression ()Lorg/jetbrains/kotlin/psi/KtExpression; 0 0 43 0 0
ciMethod org/jetbrains/kotlin/resolve/BindingContext get (Lorg/jetbrains/kotlin/util/slicedMap/ReadOnlySlice;Ljava/lang/Object;)Ljava/lang/Object; 0 0 1 0 -1
ciMethod org/jetbrains/kotlin/resolve/BindingContext getType (Lorg/jetbrains/kotlin/psi/KtExpression;)Lorg/jetbrains/kotlin/types/KotlinType; 0 0 1 0 -1
ciMethod org/jetbrains/kotlin/builtins/KotlinBuiltIns getBuiltInClassByName (Ljava/lang/String;)Lorg/jetbrains/kotlin/descriptors/ClassDescriptor; 512 0 9155 0 384
ciMethod org/jetbrains/kotlin/builtins/KotlinBuiltIns getNothing ()Lorg/jetbrains/kotlin/descriptors/ClassDescriptor; 768 0 966 0 0
ciMethod org/jetbrains/kotlin/builtins/KotlinBuiltIns getNothingType ()Lorg/jetbrains/kotlin/types/SimpleType; 768 0 966 0 0
ciMethod org/jetbrains/kotlin/builtins/KotlinBuiltIns getNullableNothingType ()Lorg/jetbrains/kotlin/types/SimpleType; 512 0 656 0 0
ciMethod org/jetbrains/kotlin/builtins/KotlinBuiltIns isConstructedFromGivenClass (Lorg/jetbrains/kotlin/types/KotlinType;Lorg/jetbrains/kotlin/name/FqNameUnsafe;)Z 512 0 67986 0 320
ciMethod org/jetbrains/kotlin/builtins/KotlinBuiltIns isTypeConstructorForGivenClass (Lorg/jetbrains/kotlin/types/TypeConstructor;Lorg/jetbrains/kotlin/name/FqNameUnsafe;)Z 516 0 8491 0 256
ciMethod org/jetbrains/kotlin/builtins/KotlinBuiltIns classFqNameEquals (Lorg/jetbrains/kotlin/descriptors/ClassifierDescriptor;Lorg/jetbrains/kotlin/name/FqNameUnsafe;)Z 576 0 5555 0 3936
ciMethod org/jetbrains/kotlin/builtins/KotlinBuiltIns isNullableNothing (Lorg/jetbrains/kotlin/types/KotlinType;)Z 780 0 16167 0 0
ciMethod org/jetbrains/kotlin/builtins/KotlinBuiltIns isNothingOrNullableNothing (Lorg/jetbrains/kotlin/types/KotlinType;)Z 476 0 52252 0 0
ciMethod org/jetbrains/kotlin/builtins/KotlinBuiltIns $$$reportNull$$$0 (I)V 0 0 1 0 0
ciMethod org/jetbrains/kotlin/descriptors/DeclarationDescriptor getContainingDeclaration ()Lorg/jetbrains/kotlin/descriptors/DeclarationDescriptor; 0 0 1 0 -1
ciMethod org/jetbrains/kotlin/descriptors/ClassifierDescriptor getName ()Lorg/jetbrains/kotlin/name/Name; 0 0 1 0 -1
ciMethod org/jetbrains/kotlin/types/KotlinType getConstructor ()Lorg/jetbrains/kotlin/types/TypeConstructor; 0 0 1 0 -1
ciMethod org/jetbrains/kotlin/types/KotlinType isMarkedNullable ()Z 0 0 1 0 -1
ciMethod org/jetbrains/kotlin/types/KotlinType unwrap ()Lorg/jetbrains/kotlin/types/UnwrappedType; 0 0 1 0 -1
ciMethod org/jetbrains/kotlin/types/SimpleType makeNullableAsSpecified (Z)Lorg/jetbrains/kotlin/types/SimpleType; 0 0 1 0 -1
ciMethod org/jetbrains/kotlin/types/UnwrappedType unwrap ()Lorg/jetbrains/kotlin/types/UnwrappedType; 530 0 2843 0 64
ciMethod org/jetbrains/kotlin/descriptors/ModuleDescriptor getBuiltIns ()Lorg/jetbrains/kotlin/builtins/KotlinBuiltIns; 0 0 1 0 -1
ciMethod org/jetbrains/kotlin/storage/LockBasedStorageManager$LockBasedNotNullLazyValue invoke ()Ljava/lang/Object; 4860 0 10920 0 2432
ciMethod org/jetbrains/kotlin/storage/LockBasedStorageManager$LockBasedNotNullLazyValue $$$reportNull$$$0 (I)V 0 0 1 0 -1
ciMethod org/jetbrains/kotlin/storage/LockBasedStorageManager$LockBasedLazyValue invoke ()Ljava/lang/Object; 5680 0 10331 0 2528
ciMethod org/jetbrains/kotlin/storage/LockBasedStorageManager$LockBasedLazyValue recursionDetected (Z)Lorg/jetbrains/kotlin/storage/LockBasedStorageManager$RecursionDetectedResult; 0 0 1 0 -1
ciMethod org/jetbrains/kotlin/storage/LockBasedStorageManager$LockBasedLazyValue postCompute (Ljava/lang/Object;)V 512 0 1293 0 -1
ciMethod org/jetbrains/kotlin/storage/LockBasedStorageManager$MapBasedMemoizedFunctionToNotNull invoke (Ljava/lang/Object;)Ljava/lang/Object; 4108 0 10297 0 96
ciMethod org/jetbrains/kotlin/storage/LockBasedStorageManager$MapBasedMemoizedFunctionToNotNull $$$reportNull$$$0 (I)V 0 0 1 0 -1
ciMethod org/jetbrains/kotlin/descriptors/impl/ModuleDescriptorImpl getBuiltIns ()Lorg/jetbrains/kotlin/builtins/KotlinBuiltIns; 256 0 128 0 0
ciMethod org/jetbrains/kotlin/descriptors/PackageViewDescriptor getModule ()Lorg/jetbrains/kotlin/descriptors/ModuleDescriptor; 0 0 1 0 -1
ciMethod org/jetbrains/kotlin/descriptors/impl/AbstractClassDescriptor getDefaultType ()Lorg/jetbrains/kotlin/types/SimpleType; 512 0 29610 0 192
ciMethod org/jetbrains/kotlin/descriptors/impl/AbstractClassDescriptor $$$reportNull$$$0 (I)V 0 0 1 0 -1
ciMethod org/jetbrains/kotlin/descriptors/ClassDescriptor getDefaultType ()Lorg/jetbrains/kotlin/types/SimpleType; 0 0 1 0 -1
ciMethod org/jetbrains/kotlin/descriptors/impl/ModuleAwareClassDescriptor getDefaultType ()Lorg/jetbrains/kotlin/types/SimpleType; 0 0 1 0 -1
ciMethod org/jetbrains/kotlin/types/TypeConstructor getSupertypes ()Ljava/util/Collection; 0 0 1 0 -1
ciMethod org/jetbrains/kotlin/types/TypeConstructor getDeclarationDescriptor ()Lorg/jetbrains/kotlin/descriptors/ClassifierDescriptor; 0 0 1 0 -1
ciMethod org/jetbrains/kotlin/resolve/DescriptorUtils getFqName (Lorg/jetbrains/kotlin/descriptors/DeclarationDescriptor;)Lorg/jetbrains/kotlin/name/FqNameUnsafe; 4104 0 35096 0 -1
ciMethod org/jetbrains/kotlin/resolve/DescriptorUtils getContainingModule (Lorg/jetbrains/kotlin/descriptors/DeclarationDescriptor;)Lorg/jetbrains/kotlin/descriptors/ModuleDescriptor; 522 0 6498 0 352
ciMethod org/jetbrains/kotlin/resolve/DescriptorUtils getContainingModuleOrNull (Lorg/jetbrains/kotlin/descriptors/DeclarationDescriptor;)Lorg/jetbrains/kotlin/descriptors/ModuleDescriptor; 512 1002 6409 0 352
ciMethod org/jetbrains/kotlin/resolve/DescriptorUtils $$$reportNull$$$0 (I)V 0 0 1 0 -1
ciMethod org/jetbrains/kotlin/resolve/descriptorUtil/DescriptorUtilsKt getModule (Lorg/jetbrains/kotlin/descriptors/DeclarationDescriptor;)Lorg/jetbrains/kotlin/descriptors/ModuleDescriptor; 768 0 23032 0 0
ciMethod org/jetbrains/kotlin/resolve/descriptorUtil/DescriptorUtilsKt getBuiltIns (Lorg/jetbrains/kotlin/descriptors/DeclarationDescriptor;)Lorg/jetbrains/kotlin/builtins/KotlinBuiltIns; 512 0 5896 0 0
ciMethod org/jetbrains/kotlin/types/TypeUtils getImmediateSupertypes (Lorg/jetbrains/kotlin/types/KotlinType;)Ljava/util/List; 572 476 1337 0 -1
ciMethod org/jetbrains/kotlin/types/TypeUtils isNullableType (Lorg/jetbrains/kotlin/types/KotlinType;)Z 494 0 14747 0 1792
ciMethod org/jetbrains/kotlin/types/TypeUtils hasNullableSuperType (Lorg/jetbrains/kotlin/types/KotlinType;)Z 0 0 6 0 0
ciMethod org/jetbrains/kotlin/types/TypeUtils isTypeParameter (Lorg/jetbrains/kotlin/types/KotlinType;)Z 512 0 12488 0 0
ciMethod org/jetbrains/kotlin/types/TypeUtils getTypeParameterDescriptorOrNull (Lorg/jetbrains/kotlin/types/KotlinType;)Lorg/jetbrains/kotlin/descriptors/TypeParameterDescriptor; 512 0 9494 0 448
ciMethod org/jetbrains/kotlin/types/TypeUtils $$$reportNull$$$0 (I)V 0 0 1 0 -1
ciMethod org/jetbrains/kotlin/types/SimpleTypeImpl isMarkedNullable ()Z 302 0 151 0 -1
ciMethod org/jetbrains/kotlin/types/SimpleTypeImpl makeNullableAsSpecified (Z)Lorg/jetbrains/kotlin/types/SimpleType; 772 0 7087 0 0
ciMethod org/jetbrains/kotlin/resolve/calls/smartcasts/DataFlowValueFactoryImpl createDataFlowValue (Lorg/jetbrains/kotlin/psi/KtExpression;Lorg/jetbrains/kotlin/types/KotlinType;Lorg/jetbrains/kotlin/resolve/BindingContext;Lorg/jetbrains/kotlin/descriptors/DeclarationDescriptor;)Lorg/jetbrains/kotlin/resolve/calls/smartcasts/DataFlowValue; 768 0 10668 0 -1
ciMethod org/jetbrains/kotlin/resolve/calls/smartcasts/DataFlowValueFactoryImpl isComplexExpression (Lorg/jetbrains/kotlin/psi/KtExpression;)Z 512 0 10377 0 0
ciMethod org/jetbrains/kotlin/descriptors/TypeParameterDescriptor getDefaultType ()Lorg/jetbrains/kotlin/types/SimpleType; 0 0 1 0 -1
ciMethod org/jetbrains/kotlin/resolve/calls/smartcasts/DataFlowValue <init> (Lorg/jetbrains/kotlin/resolve/calls/smartcasts/IdentifierInfo;Lorg/jetbrains/kotlin/types/KotlinType;Lorg/jetbrains/kotlin/resolve/calls/smartcasts/Nullability;)V 512 0 10642 0 1248
ciMethod org/jetbrains/kotlin/resolve/calls/smartcasts/DataFlowValue <init> (Lorg/jetbrains/kotlin/resolve/calls/smartcasts/IdentifierInfo;Lorg/jetbrains/kotlin/types/KotlinType;Lorg/jetbrains/kotlin/resolve/calls/smartcasts/Nullability;ILkotlin/jvm/internal/DefaultConstructorMarker;)V 784 0 12167 0 0
ciMethod org/jetbrains/kotlin/resolve/calls/smartcasts/DataFlowValue getKind ()Lorg/jetbrains/kotlin/resolve/calls/smartcasts/DataFlowValue$Kind; 522 0 35405 0 0
ciMethod org/jetbrains/kotlin/types/FlexibleType getUpperBound ()Lorg/jetbrains/kotlin/types/SimpleType; 262 0 131 0 0
ciMethod org/jetbrains/kotlin/types/FlexibleType getDelegate ()Lorg/jetbrains/kotlin/types/SimpleType; 0 0 1 0 -1
ciMethodData org/jetbrains/kotlin/name/Name <init> (Ljava/lang/String;Z)V 2 53781 orig 80 0 0 0 0 0 0 0 0 0 0 0 0 48 2 0 0 0 0 0 0 0 0 0 0 0 0 0 0 0 0 0 0 0 0 0 0 0 0 0 0 0 0 0 0 0 0 0 0 0 0 0 0 0 0 0 0 0 0 0 0 0 0 0 0 0 0 0 0 0 0 0 0 0 0 0 0 0 0 0 0 data 19 0x10007 0xd081 0x30 0x0 0x50002 0x0 0x90002 0xd081 0x0 0x0 0x0 0x0 0x0 0x0 0x9 0x3 0x6 0x0 0x0 oops 0 methods 0
ciMethodData org/jetbrains/kotlin/name/Name identifier (Ljava/lang/String;)Lorg/jetbrains/kotlin/name/Name; 2 53008 orig 80 0 0 0 0 0 0 0 0 0 0 0 0 48 2 0 0 0 0 0 0 0 0 0 0 0 0 0 0 0 0 0 0 0 0 0 0 0 0 0 0 0 0 0 0 0 0 0 0 0 0 0 0 0 0 0 0 0 0 0 0 0 0 0 0 0 0 0 0 0 0 0 0 0 0 0 0 0 0 0 0 data 17 0x10007 0xcd7b 0x30 0x0 0x50002 0x0 0xe0002 0xcd7b 0x0 0x0 0x0 0x0 0x0 0x0 0x9 0x1 0x0 oops 0 methods 0
ciMethodData org/jetbrains/kotlin/com/intellij/psi/tree/TokenSet get (I)Z 2 8263 orig 80 0 0 0 0 0 0 0 0 0 0 0 0 48 2 0 0 0 0 0 0 0 0 0 0 0 0 0 0 0 0 0 0 0 0 0 0 0 0 0 0 0 0 0 0 0 0 0 0 0 0 0 0 0 0 0 0 0 0 0 0 0 0 0 0 0 0 0 0 0 0 0 0 0 0 0 0 0 0 0 0 data 23 0xb0007 0x500 0x78 0x1a2d 0x140007 0x0 0x58 0x1a2d 0x230007 0x9ce 0x38 0x105f 0x270003 0x105f 0x18 0x0 0x0 0x0 0x0 0x9 0x2 0x0 0x0 oops 0 methods 0
ciMethodData org/jetbrains/kotlin/com/intellij/psi/tree/TokenSet contains (Lorg/jetbrains/kotlin/com/intellij/psi/tree/IElementType;)Z 2 13692 orig 80 1 0 0 0 4 0 0 0 0 0 0 0 48 2 0 0 0 0 0 0 0 0 0 0 0 0 0 0 0 0 0 0 0 0 0 0 0 0 0 15 0 0 0 0 0 0 0 0 0 0 0 0 0 0 0 0 0 0 0 0 0 0 0 0 0 0 0 0 0 0 0 0 0 0 0 0 0 0 0 0 data 53 0x8000000600010007 0x333b 0x20 0x13c 0x70005 0x333b 0x0 0x0 0x0 0x0 0x0 0xd0007 0x0 0x70 0x333b 0x150007 0x17cf 0x50 0x1b6c 0x1a0002 0x1b6c 0x1d0007 0xfd1 0x98 0xb9b 0x240007 0x236a 0x90 0x0 0x2c0005 0x0 0x0 0x0 0x0 0x0 0x0 0x310007 0x0 0x38 0x0 0x350003 0xfd1 0x18 0x0 0x0 0x0 0x0 0x0 0x0 0x9 0x2 0x0 0xffffffffffffffff oops 0 methods 0
ciMethod org/jetbrains/kotlin/com/intellij/psi/impl/source/SubstrateRef$2 getNode ()Lorg/jetbrains/kotlin/com/intellij/lang/ASTNode; 532 0 7509 0 0
ciMethod org/jetbrains/kotlin/com/intellij/psi/impl/source/SubstrateRef$2 $$$reportNull$$$0 (I)V 0 0 1 0 -1
ciMethod org/jetbrains/kotlin/psi/KtSimpleNameExpressionImpl$Companion getReferencedNameElementTypeImpl (Lorg/jetbrains/kotlin/psi/KtSimpleNameExpression;)Lorg/jetbrains/kotlin/com/intellij/psi/tree/IElementType; 252 0 4467 0 0
ciMethod org/jetbrains/kotlin/psi/KtPsiUtil deparenthesize (Lorg/jetbrains/kotlin/psi/KtExpression;)Lorg/jetbrains/kotlin/psi/KtExpression; 516 0 57207 0 640
ciMethod org/jetbrains/kotlin/psi/KtPsiUtil deparenthesize (Lorg/jetbrains/kotlin/psi/KtExpression;Z)Lorg/jetbrains/kotlin/psi/KtExpression; 512 24 62280 0 0
ciMethod org/jetbrains/kotlin/psi/KtPsiUtil deparenthesizeOnce (Lorg/jetbrains/kotlin/psi/KtExpression;Z)Lorg/jetbrains/kotlin/psi/KtExpression; 512 0 18714 0 320
ciMethodData org/jetbrains/kotlin/com/intellij/psi/impl/source/tree/TreeElement getElementType ()Lorg/jetbrains/kotlin/com/intellij/psi/tree/IElementType; 2 157107 orig 80 0 0 0 0 0 0 0 0 0 0 0 0 48 2 0 0 0 0 0 0 0 0 0 0 0 0 0 0 0 0 0 0 0 0 0 0 0 0 0 0 0 0 0 0 0 0 0 0 0 0 0 0 0 0 0 0 0 0 0 0 0 0 0 0 0 0 0 0 0 0 0 0 0 0 0 0 0 0 0 0 data 15 0x50007 0x264b0 0x30 0x0 0xa0002 0x0 0x0 0x0 0x0 0x0 0x0 0x0 0x9 0x1 0x0 oops 0 methods 0
ciMethodData org/jetbrains/kotlin/com/intellij/psi/impl/source/tree/TreeElement getTreeNext ()Lorg/jetbrains/kotlin/com/intellij/lang/ASTNode; 2 126937 orig 80 0 0 0 0 0 0 0 0 0 0 0 0 48 2 0 0 0 0 0 0 0 0 0 0 0 0 0 0 0 0 0 0 0 0 0 0 0 0 0 0 0 0 0 0 0 0 0 0 0 0 0 0 0 0 0 0 0 0 0 0 0 0 0 0 0 0 0 0 0 0 0 0 0 0 0 0 0 0 0 0 data 16 0x10005 0x1e7ca 0x0 0x0 0x0 0x0 0x0 0x0 0x0 0x0 0x0 0x0 0x0 0x9 0x1 0x0 oops 0 methods 0
ciMethodData org/jetbrains/kotlin/com/intellij/psi/impl/source/SubstrateRef$2 getNode ()Lorg/jetbrains/kotlin/com/intellij/lang/ASTNode; 2 7509 orig 80 0 0 0 0 0 0 0 0 0 0 0 0 48 2 0 0 0 0 0 0 0 0 0 0 0 0 0 0 0 0 0 0 0 0 0 0 0 0 0 0 0 0 0 0 0 0 0 0 0 0 0 0 0 0 0 0 0 0 0 0 0 0 0 0 0 0 0 0 0 0 0 0 0 0 0 0 0 0 0 0 data 15 0x50007 0x1c4b 0x30 0x0 0x90002 0x0 0x0 0x0 0x0 0x0 0x0 0x0 0x9 0x1 0x0 oops 0 methods 0
ciMethodData org/jetbrains/kotlin/com/intellij/extapi/psi/StubBasedPsiElementBase getNode ()Lorg/jetbrains/kotlin/com/intellij/lang/ASTNode; 2 9528 orig 80 0 0 0 0 0 0 0 0 0 0 0 0 48 2 0 0 0 0 0 0 0 0 0 0 0 0 0 0 0 0 0 0 0 0 0 0 0 0 0 0 0 0 0 0 0 0 0 0 0 0 0 0 0 0 0 0 0 0 0 0 0 0 0 0 0 0 0 0 0 0 0 0 0 0 0 0 0 0 0 0 data 125 0x40004 0xffffffffffffe3ab 0x0 0x2307d6581a0 0xa 0x0 0x0 0x70007 0x1c55 0x300 0x0 0xa0002 0x0 0xd0005 0x0 0x0 0x0 0x0 0x0 0x0 0x130005 0x0 0x0 0x0 0x0 0x0 0x0 0x160004 0x0 0x0 0x0 0x0 0x0 0x0 0x1b0005 0x0 0x0 0x0 0x0 0x0 0x0 0x1e0007 0x0 0x30 0x0 0x260002 0x0 0x2b0005 0x0 0x0 0x0 0x0 0x0 0x0 0x300007 0x0 0xb8 0x0 0x370004 0x0 0x0 0x0 0x0 0x0 0x0 0x3a0007 0x0 0x60 0x0 0x400002 0x0 0x440007 0x0 0x30 0x0 0x480002 0x0 0x4d0005 0x0 0x0 0x0 0x0 0x0 0x0 0x550004 0x0 0x0 0x0 0x0 0x0 0x0 0x580007 0x0 0x60 0x0 0x5e0002 0x0 0x620007 0x0 0x30 0x0 0x660002 0x0 0x6e0005 0x0 0x0 0x2307d6581a0 0x1c55 0x0 0x0 0x720007 0x1c55 0x30 0x0 0x760002 0x0 0x0 0x0 0x0 0x0 0x0 0x0 0x9 0x1 0x0 oops 2 3 org/jetbrains/kotlin/com/intellij/psi/impl/source/SubstrateRef$2 106 org/jetbrains/kotlin/com/intellij/psi/impl/source/SubstrateRef$2 methods 0
ciMethodData org/jetbrains/kotlin/com/intellij/psi/impl/source/tree/LeafPsiElement getPsi ()Lorg/jetbrains/kotlin/com/intellij/psi/PsiElement; 1 2082 orig 80 0 0 0 0 0 0 0 0 0 0 0 0 48 2 0 0 0 0 0 0 0 0 0 0 0 0 0 0 0 0 0 0 0 0 0 0 0 0 0 0 0 0 0 0 0 0 0 0 0 0 0 0 0 0 0 0 0 0 0 0 0 0 0 0 0 0 0 0 0 0 0 0 0 0 0 0 0 0 0 0 data 5 0x0 0x0 0x9 0x1 0x0 oops 0 methods 0
ciMethodData org/jetbrains/kotlin/com/intellij/psi/impl/source/tree/CompositeElement getPsi ()Lorg/jetbrains/kotlin/com/intellij/psi/PsiElement; 2 14705 orig 80 1 0 0 0 0 0 0 0 0 0 0 0 48 2 0 0 0 0 0 0 0 0 0 0 0 0 0 0 0 0 0 0 0 0 0 0 0 0 0 0 0 0 0 0 0 0 0 0 0 0 0 0 0 0 0 0 0 0 0 0 0 0 0 0 0 0 0 0 0 0 0 0 0 0 0 0 0 0 0 0 data 45 0x2 0x3170 0x90007 0x5a8 0x20 0x2bc8 0xf0005 0x0 0x0 0x2307cc86760 0x5a8 0x0 0x0 0x190005 0x577 0x0 0x2307ba7f320 0x32 0x0 0x0 0x1c0007 0x0 0x38 0x5a9 0x200003 0x5a9 0x60 0x270002 0x0 0x2a0004 0x0 0x0 0x0 0x0 0x0 0x0 0x0 0x0 0x0 0x0 0x0 0x0 0x9 0x1 0xffffffffffffffff oops 2 9 org/jetbrains/kotlin/com/intellij/psi/impl/source/tree/CompositeElement 16 java/util/concurrent/atomic/AtomicReferenceFieldUpdater$AtomicReferenceFieldUpdaterImpl methods 0
ciMethod org/jetbrains/kotlin/types/KotlinTypeKt isError (Lorg/jetbrains/kotlin/types/KotlinType;)Z 514 0 14376 0 256
ciMethodData org/jetbrains/kotlin/storage/LockBasedStorageManager$LockBasedLazyValue invoke ()Ljava/lang/Object; 2 10331 orig 80 1 0 0 0 0 0 0 0 0 0 0 0 48 2 0 0 0 0 0 0 6 0 0 0 0 0 0 0 0 0 0 0 0 0 0 0 0 0 0 0 0 0 0 0 0 0 0 0 0 0 0 0 0 0 0 0 0 0 0 0 0 0 0 0 0 0 0 0 0 0 0 0 0 0 0 0 0 0 0 0 data 187 0x60104 0xffffffffffffe5c4 0x0 0x2307e6653a0 0x306 0x23076b25ec0 0x3 0x90007 0x306 0x30 0x1a3d 0xd0002 0x1a3d 0x8000000400180005 0x0 0x0 0x2307ba7c9a0 0x2fb 0x2307ba7ca50 0x11 0x230004 0x0 0x0 0x2307e6653a0 0x30c 0x0 0x0 0x260007 0x30c 0x68 0x0 0x2a0002 0x0 0x350005 0x0 0x0 0x0 0x0 0x0 0x0 0x400007 0x30c 0x120 0x0 0x4c0005 0x0 0x0 0x0 0x0 0x0 0x0 0x510005 0x0 0x0 0x0 0x0 0x0 0x0 0x540007 0x0 0x90 0x0 0x580005 0x0 0x0 0x0 0x0 0x0 0x0 0x630005 0x0 0x0 0x0 0x0 0x0 0x0 0x6e0007 0x30c 0x120 0x0 0x730005 0x0 0x0 0x0 0x0 0x0 0x0 0x780005 0x0 0x0 0x0 0x0 0x0 0x0 0x7b0007 0x0 0x90 0x0 0x7f0005 0x0 0x0 0x0 0x0 0x0 0x0 0x8a0005 0x0 0x0 0x0 0x0 0x0 0x0 0x9c0005 0x2ca 0x0 0x2307ba7d430 0x17 0x2307ba7d4e0 0x2b 0xa40005 0x61 0x0 0x2307e639ca0 0x264 0x2307ba7d590 0x47 0xb50005 0x0 0x0 0x2307ba7c9a0 0x2fb 0x2307ba7ca50 0x11 0xbe0002 0x0 0xc10007 0x0 0x58 0x0 0xcc0004 0x0 0x0 0x0 0x0 0x0 0x0 0xd70007 0x0 0x30 0x0 0xdc0002 0x0 0xe60002 0x0 0xea0005 0x0 0x0 0x0 0x0 0x0 0x0 0xf90005 0x0 0x0 0x0 0x0 0x0 0x0 0x0 0x0 0x0 0x0 0x0 0x0 0x0 0x0 0x0 0x0 0x0 0x0 0x0 0x0 0x0 0x0 0x9 0x1 0x0 oops 11 3 org/jetbrains/kotlin/storage/LockBasedStorageManager$NotValue 5 org/jetbrains/kotlin/descriptors/impl/AbstractTypeParameterDescriptor$TypeParameterTypeConstructor 16 org/jetbrains/kotlin/storage/CancellableSimpleLock 18 org/jetbrains/kotlin/storage/DefaultSimpleLock 23 org/jetbrains/kotlin/storage/LockBasedStorageManager$NotValue 115 org/jetbrains/kotlin/serialization/deserialization/descriptors/DeserializedClassDescriptor$DeserializedClassTypeConstructor$$Lambda$284+0x00000230013f4ab8 117 org/jetbrains/kotlin/descriptors/impl/AbstractClassDescriptor$1 122 org/jetbrains/kotlin/storage/LockBasedStorageManager$LockBasedNotNullLazyValue 124 org/jetbrains/kotlin/storage/LockBasedStorageManager$3 129 org/jetbrains/kotlin/storage/CancellableSimpleLock 131 org/jetbrains/kotlin/storage/DefaultSimpleLock methods 0
ciMethodData org/jetbrains/kotlin/storage/LockBasedStorageManager$LockBasedNotNullLazyValue invoke ()Ljava/lang/Object; 2 10920 orig 80 1 0 0 0 0 0 0 0 0 0 0 0 48 2 0 0 0 0 0 0 0 0 0 0 0 0 0 0 0 0 0 0 0 0 0 0 0 0 0 0 0 0 0 0 0 0 0 0 0 0 0 0 0 0 0 0 0 0 0 0 0 0 0 0 0 0 0 0 0 0 0 0 0 0 0 0 0 0 0 0 data 27 0x10002 0x212a 0x80007 0x212f 0x50 0x0 0xc0007 0x0 0x30 0x0 0x150002 0x0 0x1b0007 0x212f 0x30 0x0 0x1f0002 0x0 0x0 0x0 0x0 0x0 0x0 0x0 0x9 0x1 0x0 oops 0 methods 0
ciMethod org/jetbrains/kotlin/types/NullableSimpleType <init> (Lorg/jetbrains/kotlin/types/SimpleType;)V 766 0 4589 0 -1
ciMethod org/jetbrains/kotlin/types/DelegatingSimpleTypeImpl <init> (Lorg/jetbrains/kotlin/types/SimpleType;)V 416 0 6922 0 -1
ciMethod org/jetbrains/kotlin/types/expressions/ExpressionTypingUtils isExclExclExpression (Lorg/jetbrains/kotlin/psi/KtExpression;)Z 512 0 10457 0 0
ciMethodData org/jetbrains/kotlin/com/intellij/psi/impl/source/tree/CompositeElement findChildByType (Lorg/jetbrains/kotlin/com/intellij/psi/tree/IElementType;)Lorg/jetbrains/kotlin/com/intellij/lang/ASTNode; 2 22237 orig 80 1 0 0 0 0 0 0 0 0 0 0 0 48 2 0 0 0 0 0 0 0 0 0 4 0 0 0 0 0 0 0 0 0 0 0 0 0 0 0 0 0 0 0 0 0 0 0 0 0 0 0 0 0 0 0 0 0 0 0 0 0 0 0 0 0 0 0 0 0 0 0 0 0 0 0 0 0 0 0 0 data 59 0x10007 0x1701 0x30 0x0 0x60002 0x0 0xc0007 0x1701 0x58 0x0 0x100005 0x0 0x0 0x0 0x0 0x0 0x0 0x8000000700140005 0x1d 0x0 0x2307d656590 0xe4 0x2307cc86760 0x1604 0x190007 0xc2e 0xc8 0x504c 0x1d0005 0x31dc 0x0 0x2307d0aea10 0x52c 0x2307d0aeac0 0x1944 0x230007 0x4575 0x20 0xad7 0x290005 0x2705 0x0 0x2307d0aea10 0x52c 0x2307d0aeac0 0x1944 0x2f0003 0x4575 0xffffffffffffff50 0x0 0x0 0x0 0x0 0x0 0x0 0x9 0x2 0x0 0x0 oops 6 20 org/jetbrains/kotlin/com/intellij/psi/impl/source/tree/FileElement 22 org/jetbrains/kotlin/com/intellij/psi/impl/source/tree/CompositeElement 31 org/jetbrains/kotlin/com/intellij/psi/impl/source/tree/PsiCommentImpl 33 org/jetbrains/kotlin/com/intellij/psi/impl/source/tree/PsiWhiteSpaceImpl 42 org/jetbrains/kotlin/com/intellij/psi/impl/source/tree/PsiCommentImpl 44 org/jetbrains/kotlin/com/intellij/psi/impl/source/tree/PsiWhiteSpaceImpl methods 0
ciMethodData org/jetbrains/kotlin/com/intellij/psi/impl/source/tree/CompositeElement findChildByType (Lorg/jetbrains/kotlin/com/intellij/psi/tree/TokenSet;)Lorg/jetbrains/kotlin/com/intellij/lang/ASTNode; 2 7431 orig 80 0 0 0 0 0 0 0 0 0 0 0 0 48 2 0 0 0 0 0 0 0 0 0 0 0 0 0 0 0 0 0 0 0 0 0 0 0 0 0 0 0 0 0 0 0 0 0 0 0 0 0 0 0 0 0 0 0 0 0 0 0 0 0 0 0 0 0 0 0 0 0 0 0 0 0 0 0 0 0 0 data 66 0x10007 0x1c07 0x30 0x0 0x60002 0x0 0xc0007 0x1c07 0x58 0x0 0x100005 0x0 0x0 0x0 0x0 0x0 0x0 0x140005 0x0 0x0 0x2307cc86760 0x1c07 0x0 0x0 0x190007 0x146 0x100 0x2e28 0x1e0005 0x1d57 0x0 0x2307cc86760 0xf29 0x2307d0aeac0 0x1a8 0x230005 0x2e28 0x0 0x0 0x0 0x0 0x0 0x260007 0x1367 0x20 0x1ac1 0x2c0005 0x296 0x0 0x2307cc86760 0xf29 0x2307d0aeac0 0x1a8 0x320003 0x1367 0xffffffffffffff18 0x0 0x0 0x0 0x0 0x0 0x0 0x9 0x2 0x0 0x0 oops 5 20 org/jetbrains/kotlin/com/intellij/psi/impl/source/tree/CompositeElement 31 org/jetbrains/kotlin/com/intellij/psi/impl/source/tree/CompositeElement 33 org/jetbrains/kotlin/com/intellij/psi/impl/source/tree/PsiWhiteSpaceImpl 49 org/jetbrains/kotlin/com/intellij/psi/impl/source/tree/CompositeElement 51 org/jetbrains/kotlin/com/intellij/psi/impl/source/tree/PsiWhiteSpaceImpl methods 0
ciMethodData org/jetbrains/kotlin/storage/LockBasedStorageManager$MapBasedMemoizedFunction invoke (Ljava/lang/Object;)Ljava/lang/Object; 2 8066 orig 80 0 0 0 0 0 0 0 0 0 0 0 0 48 2 0 0 0 0 0 0 0 0 0 0 0 0 0 0 0 0 0 0 0 0 0 0 0 0 0 0 0 0 0 0 0 0 0 0 0 0 0 0 0 0 0 0 0 0 0 0 0 0 0 0 0 0 0 0 0 0 0 0 0 0 0 0 0 0 0 0 data 263 0x50005 0x0 0x0 0x230767d35b0 0x1e80 0x0 0x0 0xc0007 0x5db 0x50 0x18a5 0x130007 0x0 0x30 0x18a5 0x170002 0x18a5 0x220005 0x0 0x0 0x2307ba7c9a0 0x5c5 0x2307ba7ca50 0x16 0x2c0005 0x0 0x0 0x230767d35b0 0x5db 0x0 0x0 0x360007 0x5db 0x120 0x0 0x400005 0x0 0x0 0x0 0x0 0x0 0x0 0x450005 0x0 0x0 0x0 0x0 0x0 0x0 0x480007 0x0 0x90 0x0 0x4c0005 0x0 0x0 0x0 0x0 0x0 0x0 0x580005 0x0 0x0 0x0 0x0 0x0 0x0 0x640007 0x5db 0x120 0x0 0x6a0005 0x0 0x0 0x0 0x0 0x0 0x0 0x6f0005 0x0 0x0 0x0 0x0 0x0 0x0 0x720007 0x0 0x90 0x0 0x760005 0x0 0x0 0x0 0x0 0x0 0x0 0x820005 0x0 0x0 0x0 0x0 0x0 0x0 0x8b0007 0x5db 0x68 0x0 0x8f0002 0x0 0x9a0005 0x0 0x0 0x0 0x0 0x0 0x0 0xab0005 0x0 0x0 0x230767d35b0 0x5db 0x0 0x0 0xb60005 0x457 0x0 0x2307ba7cb00 0xc2 0x2307ba7cbb0 0xc2 0xc40002 0x5db 0xc70005 0x0 0x0 0x230767d35b0 0x5db 0x0 0x0 0xd30007 0x5db 0x30 0x0 0xda0002 0x0 0xeb0005 0x0 0x0 0x2307ba7c9a0 0x5c5 0x2307ba7ca50 0x16 0xf70002 0x0 0xfa0007 0x0 0xe8 0x0 0x1020005 0x0 0x0 0x0 0x0 0x0 0x0 0x1090003 0x0 0x28 0x1120002 0x0 0x11b0007 0x0 0x30 0x0 0x1220002 0x0 0x1280004 0x0 0x0 0x0 0x0 0x0 0x0 0x12f0007 0x0 0xc8 0x0 0x1370005 0x0 0x0 0x0 0x0 0x0 0x0 0x13d0003 0x0 0x28 0x1460002 0x0 0x14e0002 0x0 0x1530005 0x0 0x0 0x0 0x0 0x0 0x0 0x1600002 0x0 0x1630005 0x0 0x0 0x0 0x0 0x0 0x0 0x16f0007 0x0 0x30 0x0 0x1760002 0x0 0x17e0002 0x0 0x1830005 0x0 0x0 0x0 0x0 0x0 0x0 0x1920005 0x0 0x0 0x0 0x0 0x0 0x0 0x0 0x0 0x0 0x0 0x0 0x0 0x0 0x0 0x0 0x0 0x0 0x0 0x0 0x0 0x0 0x0 0x0 0x0 0x0 0x0 0x9 0x2 0x0 0x0 oops 10 3 java/util/concurrent/ConcurrentHashMap 20 org/jetbrains/kotlin/storage/CancellableSimpleLock 22 org/jetbrains/kotlin/storage/DefaultSimpleLock 27 java/util/concurrent/ConcurrentHashMap 119 java/util/concurrent/ConcurrentHashMap 126 org/jetbrains/kotlin/resolve/lazy/descriptors/AbstractLazyMemberScope$$Lambda$343+0x0000023001446630 128 org/jetbrains/kotlin/resolve/lazy/descriptors/AbstractLazyMemberScope$$Lambda$346+0x0000023001446c90 135 java/util/concurrent/ConcurrentHashMap 148 org/jetbrains/kotlin/storage/CancellableSimpleLock 150 org/jetbrains/kotlin/storage/DefaultSimpleLock methods 0
ciMethodData org/jetbrains/kotlin/com/intellij/extapi/psi/ASTDelegatePsiElement findChildByType (Lorg/jetbrains/kotlin/com/intellij/psi/tree/IElementType;)Lorg/jetbrains/kotlin/com/intellij/psi/PsiElement; 2 28303 orig 80 0 0 0 0 0 0 0 0 0 0 0 0 48 2 0 0 0 0 0 0 0 0 0 0 0 0 0 0 0 0 0 0 0 0 0 0 0 0 0 0 0 0 0 0 0 0 0 0 0 0 0 0 0 0 0 0 0 0 0 0 0 0 0 0 0 0 0 0 0 0 0 0 0 0 0 0 0 0 0 0 data 38 0x10005 0x6914 0x0 0x2307d0a9be0 0x107 0x2307d0a9c90 0x2f3 0x50005 0x0 0x0 0x2307cc86760 0x6d0e 0x0 0x0 0xc0007 0x49d4 0x38 0x233a 0x100003 0x233a 0x50 0x140005 0x0 0x0 0x2307d0a9d40 0x14b0 0x2307cc86760 0x3524 0x0 0x0 0x0 0x0 0x0 0x0 0x9 0x2 0xffffffffffffffff 0xffffffffffffffff oops 5 3 org/jetbrains/kotlin/psi/KtClass 5 org/jetbrains/kotlin/psi/KtParameter 10 org/jetbrains/kotlin/com/intellij/psi/impl/source/tree/CompositeElement 24 org/jetbrains/kotlin/com/intellij/psi/impl/source/tree/LeafPsiElement 26 org/jetbrains/kotlin/com/intellij/psi/impl/source/tree/CompositeElement methods 0
ciMethodData org/jetbrains/kotlin/com/intellij/extapi/psi/ASTDelegatePsiElement findChildByType (Lorg/jetbrains/kotlin/com/intellij/psi/tree/TokenSet;)Lorg/jetbrains/kotlin/com/intellij/psi/PsiElement; 2 13703 orig 80 0 0 0 0 0 0 0 0 0 0 0 0 48 2 0 0 0 0 0 0 0 0 0 0 0 0 0 0 0 0 0 0 0 0 0 0 0 0 0 0 0 0 0 0 0 0 0 0 0 0 0 0 0 0 0 0 0 0 0 0 0 0 0 0 0 0 0 0 0 0 0 0 0 0 0 0 0 0 0 0 data 38 0x10005 0x127a 0x0 0x2307d0a9c90 0x1fc 0x2307cc86550 0x2011 0x50005 0x0 0x0 0x2307cc86760 0x3487 0x0 0x0 0xc0007 0x32cb 0x38 0x1bc 0x100003 0x1bc 0x50 0x140005 0x0 0x0 0x2307d0a9d40 0x32cb 0x0 0x0 0x0 0x0 0x0 0x0 0x0 0x0 0x9 0x2 0x0 0x0 oops 4 3 org/jetbrains/kotlin/psi/KtParameter 5 org/jetbrains/kotlin/psi/KtNameReferenceExpression 10 org/jetbrains/kotlin/com/intellij/psi/impl/source/tree/CompositeElement 24 org/jetbrains/kotlin/com/intellij/psi/impl/source/tree/LeafPsiElement methods 0
ciMethodData org/jetbrains/kotlin/com/intellij/psi/impl/source/tree/LeafPsiElement getNode ()Lorg/jetbrains/kotlin/com/intellij/lang/ASTNode; 2 1319 orig 80 0 0 0 0 0 0 0 0 0 0 0 0 48 2 0 0 0 0 0 0 0 0 0 0 0 0 0 0 0 0 0 0 0 0 0 0 0 0 0 0 0 0 0 0 0 0 0 0 0 0 0 0 0 0 0 0 0 0 0 0 0 0 0 0 0 0 0 0 0 0 0 0 0 0 0 0 0 0 0 0 data 5 0x0 0x0 0x9 0x1 0x0 oops 0 methods 0
ciMethod org/jetbrains/kotlin/types/FlexibleTypesKt isFlexible (Lorg/jetbrains/kotlin/types/KotlinType;)Z 512 0 28840 0 0
ciMethod org/jetbrains/kotlin/types/FlexibleTypesKt asFlexibleType (Lorg/jetbrains/kotlin/types/KotlinType;)Lorg/jetbrains/kotlin/types/FlexibleType; 32 0 1337 0 0
ciMethod org/jetbrains/kotlin/types/SpecialTypesKt isDefinitelyNotNullType (Lorg/jetbrains/kotlin/types/KotlinType;)Z 512 0 12992 0 160
ciMethodData org/jetbrains/kotlin/storage/LockBasedStorageManager$MapBasedMemoizedFunctionToNotNull invoke (Ljava/lang/Object;)Ljava/lang/Object; 2 10297 orig 80 0 0 0 0 0 0 0 0 0 0 0 0 0 0 0 0 0 0 0 0 0 0 0 0 0 0 0 0 0 0 0 0 0 0 0 0 0 0 0 0 0 0 0 0 0 0 0 0 0 0 0 0 0 0 0 0 0 0 0 0 0 0 0 0 0 0 0 0 0 0 0 0 0 0 0 0 0 0 0 0 data 58 0x20002 0x2034 0x90007 0x2034 0x140 0x0 0xd0007 0x0 0x120 0x0 0x180002 0x0 0x1d0005 0x0 0x0 0x0 0x0 0x0 0x0 0x210005 0x0 0x0 0x0 0x0 0x0 0x0 0x240005 0x0 0x0 0x0 0x0 0x0 0x0 0x270005 0x0 0x0 0x0 0x0 0x0 0x0 0x2a0002 0x0 0x300007 0x2034 0x30 0x0 0x340002 0x0 0x0 0x0 0x0 0x0 0x0 0x0 0x9 0x2 0x0 0x0 oops 0 methods 0
ciMethodData org/jetbrains/kotlin/types/UnwrappedType unwrap ()Lorg/jetbrains/kotlin/types/UnwrappedType; 2 2843 orig 80 0 0 0 0 0 0 0 0 0 0 0 0 48 2 0 0 0 0 0 0 0 0 0 0 0 0 0 0 0 0 0 0 0 0 0 0 0 0 0 0 0 0 0 0 0 0 0 0 0 0 0 0 0 0 0 0 0 0 0 0 0 0 0 0 0 0 0 0 0 0 0 0 0 0 0 0 0 0 0 0 data 5 0x0 0x0 0x9 0x1 0x0 oops 0 methods 0
ciMethodData org/jetbrains/kotlin/resolve/DescriptorUtils getContainingModuleOrNull (Lorg/jetbrains/kotlin/descriptors/DeclarationDescriptor;)Lorg/jetbrains/kotlin/descriptors/ModuleDescriptor; 2 14491 orig 80 0 0 0 0 0 0 0 0 0 0 0 0 48 2 0 0 0 0 0 0 0 0 0 0 0 0 0 0 0 0 0 0 0 0 0 0 0 0 0 0 0 0 0 0 0 0 0 0 0 0 0 0 0 0 0 0 0 0 0 0 0 0 0 0 0 0 0 0 0 0 0 0 0 0 0 0 0 0 0 0 data 72 0x10007 0x1809 0x30 0x0 0x60002 0x0 0xa0007 0x0 0x1c8 0x4eaf 0xe0004 0xffffffffffffc95a 0x0 0x2307bcf89d0 0x3 0x2307bcf8a80 0x4 0x110007 0x36a6 0x58 0x1809 0x150004 0x0 0x0 0x2307d2bb230 0x1809 0x0 0x0 0x1a0004 0xffffffffffffc95a 0x0 0x2307bcf89d0 0x3 0x2307bcf8a80 0x4 0x1d0007 0x36a6 0x90 0x0 0x210004 0x0 0x0 0x0 0x0 0x0 0x0 0x240005 0x0 0x0 0x0 0x0 0x0 0x0 0x2b0005 0x2a65 0x0 0x2307bcf89d0 0x628 0x2307bcf8a80 0x619 0x310003 0x36a6 0xfffffffffffffe50 0x0 0x0 0x0 0x0 0x0 0x0 0x9 0x1 0xffffffffffffffff oops 7 13 org/jetbrains/kotlin/resolve/lazy/descriptors/LazyClassDescriptor 15 org/jetbrains/kotlin/resolve/lazy/descriptors/LazyPackageDescriptor 24 org/jetbrains/kotlin/descriptors/impl/ModuleDescriptorImpl 31 org/jetbrains/kotlin/resolve/lazy/descriptors/LazyClassDescriptor 33 org/jetbrains/kotlin/resolve/lazy/descriptors/LazyPackageDescriptor 56 org/jetbrains/kotlin/resolve/lazy/descriptors/LazyClassDescriptor 58 org/jetbrains/kotlin/resolve/lazy/descriptors/LazyPackageDescriptor methods 0
ciMethodData org/jetbrains/kotlin/resolve/DescriptorUtils getContainingModule (Lorg/jetbrains/kotlin/descriptors/DeclarationDescriptor;)Lorg/jetbrains/kotlin/descriptors/ModuleDescriptor; 2 6498 orig 80 0 0 0 0 0 0 0 0 0 0 0 0 48 2 0 0 0 0 0 0 0 0 0 0 0 0 0 0 0 0 0 0 0 0 0 0 0 0 0 0 0 0 0 0 0 0 0 0 0 0 0 0 0 0 0 0 0 0 0 0 0 0 0 0 0 0 0 0 0 0 0 0 0 0 0 0 0 0 0 0 data 56 0x10007 0x185d 0x30 0x0 0x60002 0x0 0xa0002 0x185d 0x110007 0x185d 0x108 0x0 0x150007 0x0 0xe8 0x0 0x200002 0x0 0x250005 0x0 0x0 0x0 0x0 0x0 0x0 0x290005 0x0 0x0 0x0 0x0 0x0 0x0 0x2c0005 0x0 0x0 0x0 0x0 0x0 0x0 0x2f0002 0x0 0x350007 0x185d 0x30 0x0 0x3a0002 0x0 0x0 0x0 0x0 0x0 0x0 0x0 0x9 0x1 0xffffffffffffffff oops 0 methods 0
ciMethod org/jetbrains/kotlin/descriptors/impl/AbstractTypeParameterDescriptor$TypeParameterTypeConstructor getDeclarationDescriptor ()Lorg/jetbrains/kotlin/descriptors/ClassifierDescriptor; 1024 0 5642 0 96
ciMethod org/jetbrains/kotlin/descriptors/impl/AbstractTypeParameterDescriptor$TypeParameterTypeConstructor $$$reportNull$$$0 (I)V 0 0 1 0 -1
ciMethod org/jetbrains/kotlin/types/checker/NewTypeVariableConstructor getOriginalTypeParameter ()Lorg/jetbrains/kotlin/descriptors/TypeParameterDescriptor; 0 0 1 0 -1
ciMethod org/jetbrains/kotlin/types/AbstractStubType getOriginalTypeVariable ()Lorg/jetbrains/kotlin/types/checker/NewTypeVariableConstructor; 0 0 1 0 -1
ciMethod org/jetbrains/kotlin/psi/KtPsiUtil$KtExpressionWrapper getBaseExpression ()Lorg/jetbrains/kotlin/psi/KtExpression; 0 0 1 0 -1
ciMethod org/jetbrains/kotlin/resolve/calls/smartcasts/IdentifierInfoKt getIdForStableIdentifier (Lorg/jetbrains/kotlin/psi/KtExpression;Lorg/jetbrains/kotlin/resolve/BindingContext;Lorg/jetbrains/kotlin/descriptors/DeclarationDescriptor;Lorg/jetbrains/kotlin/config/LanguageVersionSettings;)Lorg/jetbrains/kotlin/resolve/calls/smartcasts/IdentifierInfo; 6102 0 13036 0 -1
ciMethod org/jetbrains/kotlin/resolve/calls/smartcasts/IdentifierInfoKt getIdForSimpleNameExpression (Lorg/jetbrains/kotlin/psi/KtSimpleNameExpression;Lorg/jetbrains/kotlin/resolve/BindingContext;Lorg/jetbrains/kotlin/descriptors/DeclarationDescriptor;Lorg/jetbrains/kotlin/config/LanguageVersionSettings;)Lorg/jetbrains/kotlin/resolve/calls/smartcasts/IdentifierInfo; 292 0 7233 0 -1
ciMethod org/jetbrains/kotlin/resolve/calls/smartcasts/IdentifierInfoKt getIdForThisReceiver (Lorg/jetbrains/kotlin/descriptors/DeclarationDescriptor;)Lorg/jetbrains/kotlin/resolve/calls/smartcasts/IdentifierInfo; 144 0 849 0 -1
ciMethod org/jetbrains/kotlin/resolve/calls/smartcasts/IdentifierInfoKt getIdForThisReceiver (Lorg/jetbrains/kotlin/descriptors/DeclarationDescriptor;Lorg/jetbrains/kotlin/resolve/BindingContext;Ljava/lang/String;)Lorg/jetbrains/kotlin/resolve/calls/smartcasts/IdentifierInfo; 0 0 1 0 -1
ciMethod org/jetbrains/kotlin/resolve/calls/smartcasts/IdentifierInfoKt postfix (Lorg/jetbrains/kotlin/resolve/calls/smartcasts/IdentifierInfo;Lorg/jetbrains/kotlin/lexer/KtToken;)Lorg/jetbrains/kotlin/resolve/calls/smartcasts/IdentifierInfo; 0 0 1 0 -1
ciMethod org/jetbrains/kotlin/resolve/calls/smartcasts/IdentifierInfoKt qualified (Lorg/jetbrains/kotlin/resolve/calls/smartcasts/IdentifierInfo;Lorg/jetbrains/kotlin/types/KotlinType;Lorg/jetbrains/kotlin/resolve/calls/smartcasts/IdentifierInfo;Z)Lorg/jetbrains/kotlin/resolve/calls/smartcasts/IdentifierInfo; 162 0 3355 0 -1
ciMethod org/jetbrains/kotlin/resolve/calls/smartcasts/IdentifierInfo getKind ()Lorg/jetbrains/kotlin/resolve/calls/smartcasts/DataFlowValue$Kind; 768 0 1428 0 -1
ciMethod org/jetbrains/kotlin/resolve/calls/smartcasts/DataFlowValue$Companion nullValue (Lorg/jetbrains/kotlin/builtins/KotlinBuiltIns;)Lorg/jetbrains/kotlin/resolve/calls/smartcasts/DataFlowValue; 94 0 479 0 0
ciMethod org/jetbrains/kotlin/resolve/calls/smartcasts/IdentifierInfo$Expression <init> (Lorg/jetbrains/kotlin/psi/KtExpression;Z)V 394 0 3343 0 0
ciMethod org/jetbrains/kotlin/resolve/calls/smartcasts/IdentifierInfo$Expression <init> (Lorg/jetbrains/kotlin/psi/KtExpression;ZILkotlin/jvm/internal/DefaultConstructorMarker;)V 382 0 2763 0 0
ciMethod org/jetbrains/kotlin/resolve/calls/smartcasts/DataFlowValueKt getImmanentNullability (Lorg/jetbrains/kotlin/types/KotlinType;)Lorg/jetbrains/kotlin/resolve/calls/smartcasts/Nullability; 784 0 12193 0 0
ciMethod org/jetbrains/kotlin/resolve/calls/smartcasts/DataFlowValueKt access$getImmanentNullability (Lorg/jetbrains/kotlin/types/KotlinType;)Lorg/jetbrains/kotlin/resolve/calls/smartcasts/Nullability; 784 0 12193 0 0
ciMethodData org/jetbrains/kotlin/builtins/KotlinBuiltIns isTypeConstructorForGivenClass (Lorg/jetbrains/kotlin/types/TypeConstructor;Lorg/jetbrains/kotlin/name/FqNameUnsafe;)Z 2 8491 orig 80 0 0 0 0 0 0 0 0 0 0 0 0 48 2 0 0 0 0 0 0 0 0 0 0 0 0 0 0 0 0 0 0 0 0 0 0 0 0 0 0 0 0 0 0 0 0 0 0 0 0 0 0 0 0 0 0 0 0 0 0 0 0 0 0 0 0 0 0 0 0 0 0 0 0 0 0 0 0 0 0 data 49 0x10007 0x2029 0x30 0x0 0x60002 0x0 0xa0007 0x2029 0x30 0x0 0xf0002 0x0 0x130005 0x35c 0x0 0x2307ce88a60 0x1629 0x2307ce88b10 0x6a4 0x1a0104 0xfffffffffffffedc 0x0 0x2307bfe7900 0x1629 0x2307ce88bc0 0x6a4 0x1d0007 0x1ff 0x68 0x1e2a 0x220002 0x1e2a 0x250007 0x1a65 0x38 0x3c5 0x290003 0x3c5 0x18 0x0 0x0 0x0 0x0 0x0 0x0 0x9 0x2 0x0 0x0 oops 4 15 org/jetbrains/kotlin/serialization/deserialization/descriptors/DeserializedClassDescriptor$DeserializedClassTypeConstructor 17 org/jetbrains/kotlin/load/java/lazy/descriptors/LazyJavaClassDescriptor$LazyJavaClassTypeConstructor 22 org/jetbrains/kotlin/serialization/deserialization/descriptors/DeserializedClassDescriptor 24 org/jetbrains/kotlin/load/java/lazy/descriptors/LazyJavaClassDescriptor methods 0
ciMethodData org/jetbrains/kotlin/builtins/KotlinBuiltIns classFqNameEquals (Lorg/jetbrains/kotlin/descriptors/ClassifierDescriptor;Lorg/jetbrains/kotlin/name/FqNameUnsafe;)Z 2 5555 orig 80 0 0 0 0 0 0 0 0 0 0 0 0 48 2 0 0 0 0 0 0 0 0 0 0 0 0 0 0 0 0 0 0 0 0 0 0 0 0 0 0 0 0 0 0 0 0 0 0 0 0 0 0 0 0 0 0 0 0 0 0 0 0 0 0 0 0 0 0 0 0 0 0 0 0 0 0 0 0 0 0 data 63 0x10007 0x1493 0x30 0x0 0x60002 0x0 0xa0007 0x1493 0x30 0x0 0xf0002 0x0 0x130005 0xe4 0x0 0x2307bfe7900 0xe10 0x2307ce88bc0 0x59f 0x190005 0x1493 0x0 0x0 0x0 0x0 0x0 0x1c0005 0x1493 0x0 0x0 0x0 0x0 0x0 0x1f0007 0x11fe 0xa0 0x295 0x240002 0x295 0x270005 0x295 0x0 0x0 0x0 0x0 0x0 0x2a0007 0x0 0x38 0x295 0x2e0003 0x295 0x18 0x0 0x0 0x0 0x0 0x0 0x0 0x9 0x2 0xffffffffffffffff 0xc oops 2 15 org/jetbrains/kotlin/serialization/deserialization/descriptors/DeserializedClassDescriptor 17 org/jetbrains/kotlin/load/java/lazy/descriptors/LazyJavaClassDescriptor methods 0
ciMethodData org/jetbrains/kotlin/builtins/KotlinBuiltIns isConstructedFromGivenClass (Lorg/jetbrains/kotlin/types/KotlinType;Lorg/jetbrains/kotlin/name/FqNameUnsafe;)Z 2 67986 orig 80 0 0 0 0 0 0 0 0 0 0 0 0 48 2 0 0 0 0 0 0 0 0 0 0 0 0 0 0 0 0 0 0 0 0 0 0 0 0 0 0 0 0 0 0 0 0 0 0 0 0 0 0 0 0 0 0 0 0 0 0 0 0 0 0 0 0 0 0 0 0 0 0 0 0 0 0 0 0 0 0 data 31 0x10007 0x10892 0x30 0x0 0x60002 0x0 0xa0007 0x10892 0x30 0x0 0xf0002 0x0 0x130005 0x324c 0x0 0x2307bcfe960 0xc04d 0x2307bcfd050 0x15f9 0x170002 0x10892 0x0 0x0 0x0 0x0 0x0 0x0 0x9 0x2 0x0 0x0 oops 2 15 org/jetbrains/kotlin/types/SimpleTypeImpl 17 org/jetbrains/kotlin/types/NullableSimpleType methods 0
ciMethodData org/jetbrains/kotlin/builtins/KotlinBuiltIns $$$reportNull$$$0 (I)V 1 0 orig 80 0 0 0 0 0 0 0 0 0 0 0 0 48 2 0 0 0 0 0 0 0 0 0 0 0 0 0 0 0 0 0 0 0 0 0 0 0 0 0 0 0 0 0 0 0 0 0 0 0 0 0 0 0 0 0 0 0 0 0 0 0 0 0 0 0 0 0 0 0 0 0 0 0 0 0 0 0 0 0 0 data 3702 0x10008 0x14a 0x0 0xa60 0x0 0xa60 0x0 0xa60 0x0 0xa60 0x0 0xa78 0x0 0xa78 0x0 0xa78 0x0 0xa78 0x0 0xa78 0x0 0xa78 0x0 0xa60 0x0 0xa60 0x0 0xa78 0x0 0xa60 0x0 0xa78 0x0 0xa60 0x0 0xa78 0x0 0xa60 0x0 0xa60 0x0 0xa78 0x0 0xa78 0x0 0xa78 0x0 0xa78 0x0 0xa78 0x0 0xa78 0x0 0xa78 0x0 0xa78 0x0 0xa78 0x0 0xa78 0x0 0xa78 0x0 0xa78 0x0 0xa78 0x0 0xa78 0x0 0xa78 0x0 0xa78 0x0 0xa78 0x0 0xa78 0x0 0xa78 0x0 0xa78 0x0 0xa78 0x0 0xa78 0x0 0xa78 0x0 0xa78 0x0 0xa78 0x0 0xa78 0x0 0xa78 0x0 0xa78 0x0 0xa78 0x0 0xa60 0x0 0xa78 0x0 0xa78 0x0 0xa78 0x0 0xa78 0x0 0xa78 0x0 0xa78 0x0 0xa60 0x0 0xa78 0x0 0xa78 0x0 0xa78 0x0 0xa78 0x0 0xa78 0x0 0xa78 0x0 0xa78 0x0 0xa78 0x0 0xa78 0x0 0xa78 0x0 0xa78 0x0 0xa78 0x0 0xa78 0x0 0xa60 0x0 0xa78 0x0 0xa78 0x0 0xa78 0x0 0xa60 0x0 0xa60 0x0 0xa60 0x0 0xa78 0x0 0xa60 0x0 0xa60 0x0 0xa60 0x0 0xa60 0x0 0xa60 0x0 0xa60 0x0 0xa78 0x0 0xa60 0x0 0xa60 0x0 0xa78 0x0 0xa60 0x0 0xa78 0x0 0xa78 0x0 0xa60 0x0 0xa60 0x0 0xa60 0x0 0xa60 0x0 0xa60 0x0 0xa60 0x0 0xa60 0x0 0xa60 0x0 0xa60 0x0 0xa60 0x0 0xa60 0x0 0xa60 0x0 0xa60 0x0 0xa60 0x0 0xa60 0x0 0xa60 0x0 0xa60 0x0 0xa60 0x0 0xa60 0x0 0xa60 0x0 0xa60 0x0 0xa60 0x0 0xa60 0x0 0xa60 0x0 0xa60 0x0 0xa60 0x0 0xa60 0x0 0xa60 0x0 0xa60 0x0 0xa60 0x0 0xa60 0x0 0xa60 0x0 0xa60 0x0 0xa60 0x0 0xa60 0x0 0xa60 0x0 0xa60 0x0 0xa60 0x0 0xa60 0x0 0xa60 0x0 0xa60 0x0 0xa60 0x0 0xa60 0x0 0xa60 0x0 0xa60 0x0 0xa60 0x0 0xa60 0x0 0xa60 0x0 0xa60 0x0 0xa60 0x0 0xa60 0x0 0xa60 0x0 0xa60 0x0 0xa60 0x0 0xa60 0x0 0xa60 0x0 0xa60 0x0 0xa60 0x0 0xa60 0x0 0xa60 0x0 0xa60 0x0 0xa60 0x0 0xa60 0x0 0xa60 0x0 0xa60 0x0 0xa60 0x0 0xa60 0x0 0xa60 0x0 0xa60 0x0 0xa60 0x0 0xa60 0x0 0xa60 0x0 0xa60 0x0 0xa60 0x0 0xa60 0x2a30003 0x0 0x30 0x2a90003 0x0 0x18 0x2ad0008 0x14a 0x0 0xa60 0x0 0xa60 0x0 0xa60 0x0 0xa60 0x0 0xa78 0x0 0xa78 0x0 0xa78 0x0 0xa78 0x0 0xa78 0x0 0xa78 0x0 0xa60 0x0 0xa60 0x0 0xa78 0x0 0xa60 0x0 0xa78 0x0 0xa60 0x0 0xa78 0x0 0xa60 0x0 0xa60 0x0 0xa78 0x0 0xa78 0x0 0xa78 0x0 0xa78 0x0 0xa78 0x0 0xa78 0x0 0xa78 0x0 0xa78 0x0 0xa78 0x0 0xa78 0x0 0xa78 0x0 0xa78 0x0 0xa78 0x0 0xa78 0x0 0xa78 0x0 0xa78 0x0 0xa78 0x0 0xa78 0x0 0xa78 0x0 0xa78 0x0 0xa78 0x0 0xa78 0x0 0xa78 0x0 0xa78 0x0 0xa78 0x0 0xa78 0x0 0xa78 0x0 0xa78 0x0 0xa78 0x0 0xa60 0x0 0xa78 0x0 0xa78 0x0 0xa78 0x0 0xa78 0x0 0xa78 0x0 0xa78 0x0 0xa60 0x0 0xa78 0x0 0xa78 0x0 0xa78 0x0 0xa78 0x0 0xa78 0x0 0xa78 0x0 0xa78 0x0 0xa78 0x0 0xa78 0x0 0xa78 0x0 0xa78 0x0 0xa78 0x0 0xa78 0x0 0xa60 0x0 0xa78 0x0 0xa78 0x0 0xa78 0x0 0xa60 0x0 0xa60 0x0 0xa60 0x0 0xa78 0x0 0xa60 0x0 0xa60 0x0 0xa60 0x0 0xa60 0x0 0xa60 0x0 0xa60 0x0 0xa78 0x0 0xa60 0x0 0xa60 0x0 0xa78 0x0 0xa60 0x0 0xa78 0x0 0xa78 0x0 0xa60 0x0 0xa60 0x0 0xa60 0x0 0xa60 0x0 0xa60 0x0 0xa60 0x0 0xa60 0x0 0xa60 0x0 0xa60 0x0 0xa60 0x0 0xa60 0x0 0xa60 0x0 0xa60 0x0 0xa60 0x0 0xa60 0x0 0xa60 0x0 0xa60 0x0 0xa60 0x0 0xa60 0x0 0xa60 0x0 0xa60 0x0 0xa60 0x0 0xa60 0x0 0xa60 0x0 0xa60 0x0 0xa60 0x0 0xa60 0x0 0xa60 0x0 0xa60 0x0 0xa60 0x0 0xa60 0x0 0xa60 0x0 0xa60 0x0 0xa60 0x0 0xa60 0x0 0xa60 0x0 0xa60 0x0 0xa60 0x0 0xa60 0x0 0xa60 0x0 0xa60 0x0 0xa60 0x0 0xa60 0x0 0xa60 0x0 0xa60 0x0 0xa60 0x0 0xa60 0x0 0xa60 0x0 0xa60 0x0 0xa60 0x0 0xa60 0x0 0xa60 0x0 0xa60 0x0 0xa60 0x0 0xa60 0x0 0xa60 0x0 0xa60 0x0 0xa60 0x0 0xa60 0x0 0xa60 0x0 0xa60 0x0 0xa60 0x0 0xa60 0x0 0xa60 0x0 0xa60 0x0 0xa60 0x0 0xa60 0x0 0xa60 0x0 0xa60 0x0 0xa60 0x0 0xa60 0x0 0xa60 0x0 0xa60 0x0 0xa60 0x0 0xa60 0x54d0003 0x0 0x30 0x5510003 0x0 0x18 0x5580008 0x14a 0x0 0xa60 0x0 0xa60 0x0 0xab0 0x0 0xb00 0x0 0xb50 0x0 0xb50 0x0 0xb50 0x0 0xb50 0x0 0xb50 0x0 0xb50 0x0 0xba0 0x0 0xba0 0x0 0xb50 0x0 0xbf0 0x0 0xb50 0x0 0xc40 0x0 0xb50 0x0 0xc90 0x0 0xc90 0x0 0xb50 0x0 0xb50 0x0 0xb50 0x0 0xb50 0x0 0xb50 0x0 0xb50 0x0 0xb50 0x0 0xb50 0x0 0xb50 0x0 0xb50 0x0 0xb50 0x0 0xb50 0x0 0xb50 0x0 0xb50 0x0 0xb50 0x0 0xb50 0x0 0xb50 0x0 0xb50 0x0 0xb50 0x0 0xb50 0x0 0xb50 0x0 0xb50 0x0 0xb50 0x0 0xb50 0x0 0xb50 0x0 0xb50 0x0 0xb50 0x0 0xb50 0x0 0xb50 0x0 0xce0 0x0 0xb50 0x0 0xb50 0x0 0xb50 0x0 0xb50 0x0 0xb50 0x0 0xb50 0x0 0xc90 0x0 0xb50 0x0 0xb50 0x0 0xb50 0x0 0xb50 0x0 0xb50 0x0 0xb50 0x0 0xb50 0x0 0xb50 0x0 0xb50 0x0 0xb50 0x0 0xb50 0x0 0xb50 0x0 0xb50 0x0 0xd30 0x0 0xb50 0x0 0xb50 0x0 0xb50 0x0 0xd80 0x0 0xab0 0x0 0xdd0 0x0 0xb50 0x0 0xe20 0x0 0xba0 0x0 0xba0 0x0 0xe70 0x0 0xec0 0x0 0xf10 0x0 0xb50 0x0 0xe70 0x0 0xec0 0x0 0xb50 0x0 0xec0 0x0 0xb50 0x0 0xb50 0x0 0xc90 0x0 0xba0 0x0 0xc90 0x0 0xc90 0x0 0xc90 0x0 0xc90 0x0 0xc90 0x0 0xc90 0x0 0xba0 0x0 0xc90 0x0 0xbf0 0x0 0xc90 0x0 0xbf0 0x0 0xf60 0x0 0xbf0 0x0 0xba0 0x0 0xbf0 0x0 0xc90 0x0 0xbf0 0x0 0xba0 0x0 0xba0 0x0 0xc90 0x0 0xc90 0x0 0xc90 0x0 0xfb0 0x0 0xc90 0x0 0xc90 0x0 0xc90 0x0 0xc90 0x0 0xc90 0x0 0xc90 0x0 0xc90 0x0 0xc90 0x0 0xc90 0x0 0xc90 0x0 0xc90 0x0 0xc90 0x0 0xc90 0x0 0xc90 0x0 0xc90 0x0 0xc90 0x0 0xc90 0x0 0xc90 0x0 0xc90 0x0 0xc90 0x0 0xc90 0x0 0xc90 0x0 0xbf0 0x0 0xc90 0x0 0xc90 0x0 0xc90 0x0 0xc90 0x0 0xc90 0x0 0xc90 0x0 0xc90 0x0 0xba0 0x0 0xc90 0x0 0xc90 0x0 0xba0 0x0 0xba0 0x0 0xc90 0x0 0xba0 0x0 0xc90 0x0 0xc90 0x0 0xc90 0x0 0xc90 0x0 0xc90 0x0 0xc90 0x0 0xc90 0x0 0xba0 0x0 0xba0 0x0 0xba0 0x0 0xba0 0x0 0x1000 0x0 0xc90 0x7fd0004 0x0 0x0 0x0 0x0 0x0 0x0 0x7fe0003 0x0 0x5b8 0x8060004 0x0 0x0 0x0 0x0 0x0 0x0 0x8070003 0x0 0x568 0x80f0004 0x0 0x0 0x0 0x0 0x0 0x0 0x8100003 0x0 0x518 0x8180004 0x0 0x0 0x0 0x0 0x0 0x0 0x8190003 0x0 0x4c8 0x8210004 0x0 0x0 0x0 0x0 0x0 0x0 0x8220003 0x0 0x478 0x82a0004 0x0 0x0 0x0 0x0 0x0 0x0 0x82b0003 0x0 0x428 0x8330004 0x0 0x0 0x0 0x0 0x0 0x0 0x8340003 0x0 0x3d8 0x83c0004 0x0 0x0 0x0 0x0 0x0 0x0 0x83d0003 0x0 0x388 0x8450004 0x0 0x0 0x0 0x0 0x0 0x0 0x8460003 0x0 0x338 0x84e0004 0x0 0x0 0x0 0x0 0x0 0x0 0x84f0003 0x0 0x2e8 0x8570004 0x0 0x0 0x0 0x0 0x0 0x0 0x8580003 0x0 0x298 0x8600004 0x0 0x0 0x0 0x0 0x0 0x0 0x8610003 0x0 0x248 0x8690004 0x0 0x0 0x0 0x0 0x0 0x0 0x86a0003 0x0 0x1f8 0x8720004 0x0 0x0 0x0 0x0 0x0 0x0 0x8730003 0x0 0x1a8 0x87b0004 0x0 0x0 0x0 0x0 0x0 0x0 0x87c0003 0x0 0x158 0x8840004 0x0 0x0 0x0 0x0 0x0 0x0 0x8850003 0x0 0x108 0x88d0004 0x0 0x0 0x0 0x0 0x0 0x0 0x88e0003 0x0 0xb8 0x8960004 0x0 0x0 0x0 0x0 0x0 0x0 0x8970003 0x0 0x68 0x89f0004 0x0 0x0 0x0 0x0 0x0 0x0 0x8a00003 0x0 0x18 0x8a40008 0x14a 0x0 0xa60 0x0 0xa60 0x0 0xa60 0x0 0xa60 0x0 0xab0 0x0 0xb00 0x0 0xb50 0x0 0xba0 0x0 0xbf0 0x0 0xc40 0x0 0xa60 0x0 0xa60 0x0 0xc90 0x0 0xa60 0x0 0xce0 0x0 0xa60 0x0 0xd30 0x0 0xa60 0x0 0xa60 0x0 0xd80 0x0 0xdd0 0x0 0xe20 0x0 0xe70 0x0 0xec0 0x0 0xf10 0x0 0xf60 0x0 0xfb0 0x0 0x1000 0x0 0x1050 0x0 0x10a0 0x0 0x10f0 0x0 0x1140 0x0 0x1190 0x0 0x11e0 0x0 0x1230 0x0 0x1280 0x0 0x12d0 0x0 0x1320 0x0 0x1370 0x0 0x13c0 0x0 0x1410 0x0 0x1460 0x0 0x14b0 0x0 0x1500 0x0 0x1550 0x0 0x15a0 0x0 0x15f0 0x0 0x1640 0x0 0xa60 0x0 0x1690 0x0 0x16e0 0x0 0x1730 0x0 0x1780 0x0 0x17d0 0x0 0x1820 0x0 0xa60 0x0 0x1870 0x0 0x18c0 0x0 0x1910 0x0 0x1960 0x0 0x19b0 0x0 0x1a00 0x0 0x1a50 0x0 0x1aa0 0x0 0x1af0 0x0 0x1b40 0x0 0x1b90 0x0 0x1be0 0x0 0x1c30 0x0 0xa60 0x0 0x1c80 0x0 0x1c80 0x0 0x1c80 0x0 0xa60 0x0 0xa60 0x0 0xa60 0x0 0x1cd0 0x0 0xa60 0x0 0xa60 0x0 0xa60 0x0 0xa60 0x0 0xa60 0x0 0xa60 0x0 0x1d20 0x0 0xa60 0x0 0xa60 0x0 0x1d20 0x0 0xa60 0x0 0x1d70 0x0 0x1dc0 0x0 0xa60 0x0 0xa60 0x0 0xa60 0x0 0xa60 0x0 0xa60 0x0 0xa60 0x0 0xa60 0x0 0xa60 0x0 0xa60 0x0 0xa60 0x0 0xa60 0x0 0xa60 0x0 0xa60 0x0 0xa60 0x0 0xa60 0x0 0xa60 0x0 0xa60 0x0 0xa60 0x0 0xa60 0x0 0xa60 0x0 0xa60 0x0 0xa60 0x0 0xa60 0x0 0xa60 0x0 0xa60 0x0 0xa60 0x0 0xa60 0x0 0xa60 0x0 0xa60 0x0 0xa60 0x0 0xa60 0x0 0xa60 0x0 0xa60 0x0 0xa60 0x0 0xa60 0x0 0xa60 0x0 0xa60 0x0 0xa60 0x0 0xa60 0x0 0xa60 0x0 0xa60 0x0 0xa60 0x0 0xa60 0x0 0xa60 0x0 0xa60 0x0 0xa60 0x0 0xa60 0x0 0xa60 0x0 0xa60 0x0 0xa60 0x0 0xa60 0x0 0xa60 0x0 0xa60 0x0 0xa60 0x0 0xa60 0x0 0xa60 0x0 0xa60 0x0 0xa60 0x0 0xa60 0x0 0xa60 0x0 0xa60 0x0 0xa60 0x0 0xa60 0x0 0xa60 0x0 0xa60 0x0 0xa60 0x0 0xa60 0x0 0xa60 0x0 0xa60 0x0 0xa60 0x0 0xa60 0x0 0xa60 0x0 0xa60 0x0 0xa60 0x0 0xa60 0xb490004 0x0 0x0 0x0 0x0 0x0 0x0 0xb4a0003 0x0 0x1378 0xb520004 0x0 0x0 0x0 0x0 0x0 0x0 0xb530003 0x0 0x1328 0xb5b0004 0x0 0x0 0x0 0x0 0x0 0x0 0xb5c0003 0x0 0x12d8 0xb640004 0x0 0x0 0x0 0x0 0x0 0x0 0xb650003 0x0 0x1288 0xb6d0004 0x0 0x0 0x0 0x0 0x0 0x0 0xb6e0003 0x0 0x1238 0xb760004 0x0 0x0 0x0 0x0 0x0 0x0 0xb770003 0x0 0x11e8 0xb7f0004 0x0 0x0 0x0 0x0 0x0 0x0 0xb800003 0x0 0x1198 0xb880004 0x0 0x0 0x0 0x0 0x0 0x0 0xb890003 0x0 0x1148 0xb910004 0x0 0x0 0x0 0x0 0x0 0x0 0xb920003 0x0 0x10f8 0xb9a0004 0x0 0x0 0x0 0x0 0x0 0x0 0xb9b0003 0x0 0x10a8 0xba30004 0x0 0x0 0x0 0x0 0x0 0x0 0xba40003 0x0 0x1058 0xbac0004 0x0 0x0 0x0 0x0 0x0 0x0 0xbad0003 0x0 0x1008 0xbb50004 0x0 0x0 0x0 0x0 0x0 0x0 0xbb60003 0x0 0xfb8 0xbbe0004 0x0 0x0 0x0 0x0 0x0 0x0 0xbbf0003 0x0 0xf68 0xbc70004 0x0 0x0 0x0 0x0 0x0 0x0 0xbc80003 0x0 0xf18 0xbd00004 0x0 0x0 0x0 0x0 0x0 0x0 0xbd10003 0x0 0xec8 0xbd90004 0x0 0x0 0x0 0x0 0x0 0x0 0xbda0003 0x0 0xe78 0xbe20004 0x0 0x0 0x0 0x0 0x0 0x0 0xbe30003 0x0 0xe28 0xbeb0004 0x0 0x0 0x0 0x0 0x0 0x0 0xbec0003 0x0 0xdd8 0xbf40004 0x0 0x0 0x0 0x0 0x0 0x0 0xbf50003 0x0 0xd88 0xbfd0004 0x0 0x0 0x0 0x0 0x0 0x0 0xbfe0003 0x0 0xd38 0xc060004 0x0 0x0 0x0 0x0 0x0 0x0 0xc070003 0x0 0xce8 0xc0f0004 0x0 0x0 0x0 0x0 0x0 0x0 0xc100003 0x0 0xc98 0xc180004 0x0 0x0 0x0 0x0 0x0 0x0 0xc190003 0x0 0xc48 0xc210004 0x0 0x0 0x0 0x0 0x0 0x0 0xc220003 0x0 0xbf8 0xc2a0004 0x0 0x0 0x0 0x0 0x0 0x0 0xc2b0003 0x0 0xba8 0xc330004 0x0 0x0 0x0 0x0 0x0 0x0 0xc340003 0x0 0xb58 0xc3c0004 0x0 0x0 0x0 0x0 0x0 0x0 0xc3d0003 0x0 0xb08 0xc450004 0x0 0x0 0x0 0x0 0x0 0x0 0xc460003 0x0 0xab8 0xc4e0004 0x0 0x0 0x0 0x0 0x0 0x0 0xc4f0003 0x0 0xa68 0xc570004 0x0 0x0 0x0 0x0 0x0 0x0 0xc580003 0x0 0xa18 0xc600004 0x0 0x0 0x0 0x0 0x0 0x0 0xc610003 0x0 0x9c8 0xc690004 0x0 0x0 0x0 0x0 0x0 0x0 0xc6a0003 0x0 0x978 0xc720004 0x0 0x0 0x0 0x0 0x0 0x0 0xc730003 0x0 0x928 0xc7b0004 0x0 0x0 0x0 0x0 0x0 0x0 0xc7c0003 0x0 0x8d8 0xc840004 0x0 0x0 0x0 0x0 0x0 0x0 0xc850003 0x0 0x888 0xc8d0004 0x0 0x0 0x0 0x0 0x0 0x0 0xc8e0003 0x0 0x838 0xc960004 0x0 0x0 0x0 0x0 0x0 0x0 0xc970003 0x0 0x7e8 0xc9f0004 0x0 0x0 0x0 0x0 0x0 0x0 0xca00003 0x0 0x798 0xca80004 0x0 0x0 0x0 0x0 0x0 0x0 0xca90003 0x0 0x748 0xcb10004 0x0 0x0 0x0 0x0 0x0 0x0 0xcb20003 0x0 0x6f8 0xcba0004 0x0 0x0 0x0 0x0 0x0 0x0 0xcbb0003 0x0 0x6a8 0xcc30004 0x0 0x0 0x0 0x0 0x0 0x0 0xcc40003 0x0 0x658 0xccc0004 0x0 0x0 0x0 0x0 0x0 0x0 0xccd0003 0x0 0x608 0xcd50004 0x0 0x0 0x0 0x0 0x0 0x0 0xcd60003 0x0 0x5b8 0xcde0004 0x0 0x0 0x0 0x0 0x0 0x0 0xcdf0003 0x0 0x568 0xce70004 0x0 0x0 0x0 0x0 0x0 0x0 0xce80003 0x0 0x518 0xcf00004 0x0 0x0 0x0 0x0 0x0 0x0 0xcf10003 0x0 0x4c8 0xcf90004 0x0 0x0 0x0 0x0 0x0 0x0 0xcfa0003 0x0 0x478 0xd020004 0x0 0x0 0x0 0x0 0x0 0x0 0xd030003 0x0 0x428 0xd0b0004 0x0 0x0 0x0 0x0 0x0 0x0 0xd0c0003 0x0 0x3d8 0xd140004 0x0 0x0 0x0 0x0 0x0 0x0 0xd150003 0x0 0x388 0xd1d0004 0x0 0x0 0x0 0x0 0x0 0x0 0xd1e0003 0x0 0x338 0xd260004 0x0 0x0 0x0 0x0 0x0 0x0 0xd270003 0x0 0x2e8 0xd2f0004 0x0 0x0 0x0 0x0 0x0 0x0 0xd300003 0x0 0x298 0xd380004 0x0 0x0 0x0 0x0 0x0 0x0 0xd390003 0x0 0x248 0xd410004 0x0 0x0 0x0 0x0 0x0 0x0 0xd420003 0x0 0x1f8 0xd4a0004 0x0 0x0 0x0 0x0 0x0 0x0 0xd4b0003 0x0 0x1a8 0xd530004 0x0 0x0 0x0 0x0 0x0 0x0 0xd540003 0x0 0x158 0xd5c0004 0x0 0x0 0x0 0x0 0x0 0x0 0xd5d0003 0x0 0x108 0xd650004 0x0 0x0 0x0 0x0 0x0 0x0 0xd660003 0x0 0xb8 0xd6e0004 0x0 0x0 0x0 0x0 0x0 0x0 0xd6f0003 0x0 0x68 0xd770004 0x0 0x0 0x0 0x0 0x0 0x0 0xd780003 0x0 0x18 0xd7c0008 0x14a 0x0 0xa60 0x0 0xa60 0x0 0xab0 0x0 0xb00 0x0 0xb50 0x0 0xb50 0x0 0xb50 0x0 0xb50 0x0 0xb50 0x0 0xb50 0x0 0xb68 0x0 0xbb8 0x0 0xb50 0x0 0xc08 0x0 0xb50 0x0 0xc58 0x0 0xb50 0x0 0xca8 0x0 0xcf8 0x0 0xb50 0x0 0xb50 0x0 0xb50 0x0 0xb50 0x0 0xb50 0x0 0xb50 0x0 0xb50 0x0 0xb50 0x0 0xb50 0x0 0xb50 0x0 0xb50 0x0 0xb50 0x0 0xb50 0x0 0xb50 0x0 0xb50 0x0 0xb50 0x0 0xb50 0x0 0xb50 0x0 0xb50 0x0 0xb50 0x0 0xb50 0x0 0xb50 0x0 0xb50 0x0 0xb50 0x0 0xb50 0x0 0xb50 0x0 0xb50 0x0 0xb50 0x0 0xb50 0x0 0xd48 0x0 0xb50 0x0 0xb50 0x0 0xb50 0x0 0xb50 0x0 0xb50 0x0 0xb50 0x0 0xd98 0x0 0xb50 0x0 0xb50 0x0 0xb50 0x0 0xb50 0x0 0xb50 0x0 0xb50 0x0 0xb50 0x0 0xb50 0x0 0xb50 0x0 0xb50 0x0 0xb50 0x0 0xb50 0x0 0xb50 0x0 0xde8 0x0 0xb50 0x0 0xb50 0x0 0xb50 0x0 0xe38 0x0 0xe38 0x0 0xe88 0x0 0xb50 0x0 0xed8 0x0 0xf28 0x0 0xf78 0x0 0xfc8 0x0 0xfc8 0x0 0xfc8 0x0 0xb50 0x0 0xfc8 0x0 0xfc8 0x0 0xb50 0x0 0x1018 0x0 0xb50 0x0 0xb50 0x0 0x1068 0x0 0x10b8 0x0 0x10b8 0x0 0x1108 0x0 0x1158 0x0 0xf28 0x0 0x11a8 0x0 0x11f8 0x0 0x1248 0x0 0x1298 0x0 0x1298 0x0 0x1298 0x0 0x1298 0x0 0x12e8 0x0 0x12e8 0x0 0x1338 0x0 0x1338 0x0 0x1388 0x0 0x1388 0x0 0x13d8 0x0 0x1428 0x0 0x1428 0x0 0x1478 0x0 0x14c8 0x0 0x1478 0x0 0x1518 0x0 0x1568 0x0 0x15b8 0x0 0x1608 0x0 0x1658 0x0 0x16a8 0x0 0x16f8 0x0 0x1748 0x0 0x1798 0x0 0x17e8 0x0 0x1838 0x0 0x1888 0x0 0x18d8 0x0 0x1928 0x0 0x1978 0x0 0x19c8 0x0 0x1a18 0x0 0x1a68 0x0 0x1ab8 0x0 0x1b08 0x0 0x1b58 0x0 0x1ba8 0x0 0x1ba8 0x0 0x1bf8 0x0 0x1c48 0x0 0x1c98 0x0 0x1ce8 0x0 0x1d38 0x0 0x1d88 0x0 0x1dd8 0x0 0x1e28 0x0 0x1e78 0x0 0x1ec8 0x0 0x1f18 0x0 0x1f68 0x0 0x1f68 0x0 0x1fb8 0x0 0x1fb8 0x0 0x2008 0x0 0x2058 0x0 0x20a8 0x0 0x20f8 0x0 0x2148 0x0 0x2198 0x0 0x21e8 0x0 0x2238 0x0 0x2288 0x0 0x22d8 0x0 0x2328 0x0 0x2378 0x10210004 0x0 0x0 0x0 0x0 0x0 0x0 0x10220003 0x0 0x1930 0x102a0004 0x0 0x0 0x0 0x0 0x0 0x0 0x102b0003 0x0 0x18e0 0x10330004 0x0 0x0 0x0 0x0 0x0 0x0 0x10340003 0x0 0x1890 0x10370003 0x0 0x1878 0x103f0004 0x0 0x0 0x0 0x0 0x0 0x0 0x10400003 0x0 0x1828 0x10480004 0x0 0x0 0x0 0x0 0x0 0x0 0x10490003 0x0 0x17d8 0x10510004 0x0 0x0 0x0 0x0 0x0 0x0 0x10520003 0x0 0x1788 0x105a0004 0x0 0x0 0x0 0x0 0x0 0x0 0x105b0003 0x0 0x1738 0x10630004 0x0 0x0 0x0 0x0 0x0 0x0 0x10640003 0x0 0x16e8 0x106c0004 0x0 0x0 0x0 0x0 0x0 0x0 0x106d0003 0x0 0x1698 0x10750004 0x0 0x0 0x0 0x0 0x0 0x0 0x10760003 0x0 0x1648 0x107e0004 0x0 0x0 0x0 0x0 0x0 0x0 0x107f0003 0x0 0x15f8 0x10870004 0x0 0x0 0x0 0x0 0x0 0x0 0x10880003 0x0 0x15a8 0x10900004 0x0 0x0 0x0 0x0 0x0 0x0 0x10910003 0x0 0x1558 0x10990004 0x0 0x0 0x0 0x0 0x0 0x0 0x109a0003 0x0 0x1508 0x10a20004 0x0 0x0 0x0 0x0 0x0 0x0 0x10a30003 0x0 0x14b8 0x10ab0004 0x0 0x0 0x0 0x0 0x0 0x0 0x10ac0003 0x0 0x1468 0x10b40004 0x0 0x0 0x0 0x0 0x0 0x0 0x10b50003 0x0 0x1418 0x10bd0004 0x0 0x0 0x0 0x0 0x0 0x0 0x10be0003 0x0 0x13c8 0x10c60004 0x0 0x0 0x0 0x0 0x0 0x0 0x10c70003 0x0 0x1378 0x10cf0004 0x0 0x0 0x0 0x0 0x0 0x0 0x10d00003 0x0 0x1328 0x10d80004 0x0 0x0 0x0 0x0 0x0 0x0 0x10d90003 0x0 0x12d8 0x10e10004 0x0 0x0 0x0 0x0 0x0 0x0 0x10e20003 0x0 0x1288 0x10ea0004 0x0 0x0 0x0 0x0 0x0 0x0 0x10eb0003 0x0 0x1238 0x10f30004 0x0 0x0 0x0 0x0 0x0 0x0 0x10f40003 0x0 0x11e8 0x10fc0004 0x0 0x0 0x0 0x0 0x0 0x0 0x10fd0003 0x0 0x1198 0x11050004 0x0 0x0 0x0 0x0 0x0 0x0 0x11060003 0x0 0x1148 0x110e0004 0x0 0x0 0x0 0x0 0x0 0x0 0x110f0003 0x0 0x10f8 0x11170004 0x0 0x0 0x0 0x0 0x0 0x0 0x11180003 0x0 0x10a8 0x11200004 0x0 0x0 0x0 0x0 0x0 0x0 0x11210003 0x0 0x1058 0x11290004 0x0 0x0 0x0 0x0 0x0 0x0 0x112a0003 0x0 0x1008 0x11320004 0x0 0x0 0x0 0x0 0x0 0x0 0x11330003 0x0 0xfb8 0x113b0004 0x0 0x0 0x0 0x0 0x0 0x0 0x113c0003 0x0 0xf68 0x11440004 0x0 0x0 0x0 0x0 0x0 0x0 0x11450003 0x0 0xf18 0x114d0004 0x0 0x0 0x0 0x0 0x0 0x0 0x114e0003 0x0 0xec8 0x11560004 0x0 0x0 0x0 0x0 0x0 0x0 0x11570003 0x0 0xe78 0x115f0004 0x0 0x0 0x0 0x0 0x0 0x0 0x11600003 0x0 0xe28 0x11680004 0x0 0x0 0x0 0x0 0x0 0x0 0x11690003 0x0 0xdd8 0x11710004 0x0 0x0 0x0 0x0 0x0 0x0 0x11720003 0x0 0xd88 0x117a0004 0x0 0x0 0x0 0x0 0x0 0x0 0x117b0003 0x0 0xd38 0x11830004 0x0 0x0 0x0 0x0 0x0 0x0 0x11840003 0x0 0xce8 0x118c0004 0x0 0x0 0x0 0x0 0x0 0x0 0x118d0003 0x0 0xc98 0x11950004 0x0 0x0 0x0 0x0 0x0 0x0 0x11960003 0x0 0xc48 0x119e0004 0x0 0x0 0x0 0x0 0x0 0x0 0x119f0003 0x0 0xbf8 0x11a70004 0x0 0x0 0x0 0x0 0x0 0x0 0x11a80003 0x0 0xba8 0x11b00004 0x0 0x0 0x0 0x0 0x0 0x0 0x11b10003 0x0 0xb58 0x11b90004 0x0 0x0 0x0 0x0 0x0 0x0 0x11ba0003 0x0 0xb08 0x11c20004 0x0 0x0 0x0 0x0 0x0 0x0 0x11c30003 0x0 0xab8 0x11cb0004 0x0 0x0 0x0 0x0 0x0 0x0 0x11cc0003 0x0 0xa68 0x11d40004 0x0 0x0 0x0 0x0 0x0 0x0 0x11d50003 0x0 0xa18 0x11dd0004 0x0 0x0 0x0 0x0 0x0 0x0 0x11de0003 0x0 0x9c8 0x11e60004 0x0 0x0 0x0 0x0 0x0 0x0 0x11e70003 0x0 0x978 0x11ef0004 0x0 0x0 0x0 0x0 0x0 0x0 0x11f00003 0x0 0x928 0x11f80004 0x0 0x0 0x0 0x0 0x0 0x0 0x11f90003 0x0 0x8d8 0x12010004 0x0 0x0 0x0 0x0 0x0 0x0 0x12020003 0x0 0x888 0x120a0004 0x0 0x0 0x0 0x0 0x0 0x0 0x120b0003 0x0 0x838 0x12130004 0x0 0x0 0x0 0x0 0x0 0x0 0x12140003 0x0 0x7e8 0x121c0004 0x0 0x0 0x0 0x0 0x0 0x0 0x121d0003 0x0 0x798 0x12250004 0x0 0x0 0x0 0x0 0x0 0x0 0x12260003 0x0 0x748 0x122e0004 0x0 0x0 0x0 0x0 0x0 0x0 0x122f0003 0x0 0x6f8 0x12370004 0x0 0x0 0x0 0x0 0x0 0x0 0x12380003 0x0 0x6a8 0x12400004 0x0 0x0 0x0 0x0 0x0 0x0 0x12410003 0x0 0x658 0x12490004 0x0 0x0 0x0 0x0 0x0 0x0 0x124a0003 0x0 0x608 0x12520004 0x0 0x0 0x0 0x0 0x0 0x0 0x12530003 0x0 0x5b8 0x125b0004 0x0 0x0 0x0 0x0 0x0 0x0 0x125c0003 0x0 0x568 0x12640004 0x0 0x0 0x0 0x0 0x0 0x0 0x12650003 0x0 0x518 0x126d0004 0x0 0x0 0x0 0x0 0x0 0x0 0x126e0003 0x0 0x4c8 0x12760004 0x0 0x0 0x0 0x0 0x0 0x0 0x12770003 0x0 0x478 0x127f0004 0x0 0x0 0x0 0x0 0x0 0x0 0x12800003 0x0 0x428 0x12880004 0x0 0x0 0x0 0x0 0x0 0x0 0x12890003 0x0 0x3d8 0x12910004 0x0 0x0 0x0 0x0 0x0 0x0 0x12920003 0x0 0x388 0x129a0004 0x0 0x0 0x0 0x0 0x0 0x0 0x129b0003 0x0 0x338 0x12a30004 0x0 0x0 0x0 0x0 0x0 0x0 0x12a40003 0x0 0x2e8 0x12ac0004 0x0 0x0 0x0 0x0 0x0 0x0 0x12ad0003 0x0 0x298 0x12b50004 0x0 0x0 0x0 0x0 0x0 0x0 0x12b60003 0x0 0x248 0x12be0004 0x0 0x0 0x0 0x0 0x0 0x0 0x12bf0003 0x0 0x1f8 0x12c70004 0x0 0x0 0x0 0x0 0x0 0x0 0x12c80003 0x0 0x1a8 0x12d00004 0x0 0x0 0x0 0x0 0x0 0x0 0x12d10003 0x0 0x158 0x12d90004 0x0 0x0 0x0 0x0 0x0 0x0 0x12da0003 0x0 0x108 0x12e20004 0x0 0x0 0x0 0x0 0x0 0x0 0x12e30003 0x0 0xb8 0x12eb0004 0x0 0x0 0x0 0x0 0x0 0x0 0x12ec0003 0x0 0x68 0x12f40004 0x0 0x0 0x0 0x0 0x0 0x0 0x12f50003 0x0 0x18 0x12f80002 0x0 0x12fc0008 0x14a 0x0 0xa60 0x0 0xa60 0x0 0xa60 0x0 0xa60 0x0 0xa88 0x0 0xa88 0x0 0xa88 0x0 0xa88 0x0 0xa88 0x0 0xa88 0x0 0xa60 0x0 0xa60 0x0 0xa88 0x0 0xa60 0x0 0xa88 0x0 0xa60 0x0 0xa88 0x0 0xa60 0x0 0xa60 0x0 0xa88 0x0 0xa88 0x0 0xa88 0x0 0xa88 0x0 0xa88 0x0 0xa88 0x0 0xa88 0x0 0xa88 0x0 0xa88 0x0 0xa88 0x0 0xa88 0x0 0xa88 0x0 0xa88 0x0 0xa88 0x0 0xa88 0x0 0xa88 0x0 0xa88 0x0 0xa88 0x0 0xa88 0x0 0xa88 0x0 0xa88 0x0 0xa88 0x0 0xa88 0x0 0xa88 0x0 0xa88 0x0 0xa88 0x0 0xa88 0x0 0xa88 0x0 0xa88 0x0 0xa60 0x0 0xa88 0x0 0xa88 0x0 0xa88 0x0 0xa88 0x0 0xa88 0x0 0xa88 0x0 0xa60 0x0 0xa88 0x0 0xa88 0x0 0xa88 0x0 0xa88 0x0 0xa88 0x0 0xa88 0x0 0xa88 0x0 0xa88 0x0 0xa88 0x0 0xa88 0x0 0xa88 0x0 0xa88 0x0 0xa88 0x0 0xa60 0x0 0xa88 0x0 0xa88 0x0 0xa88 0x0 0xa60 0x0 0xa60 0x0 0xa60 0x0 0xa88 0x0 0xa60 0x0 0xa60 0x0 0xa60 0x0 0xa60 0x0 0xa60 0x0 0xa60 0x0 0xa88 0x0 0xa60 0x0 0xa60 0x0 0xa88 0x0 0xa60 0x0 0xa88 0x0 0xa88 0x0 0xa60 0x0 0xa60 0x0 0xa60 0x0 0xa60 0x0 0xa60 0x0 0xa60 0x0 0xa60 0x0 0xa60 0x0 0xa60 0x0 0xa60 0x0 0xa60 0x0 0xa60 0x0 0xa60 0x0 0xa60 0x0 0xa60 0x0 0xa60 0x0 0xa60 0x0 0xa60 0x0 0xa60 0x0 0xa60 0x0 0xa60 0x0 0xa60 0x0 0xa60 0x0 0xa60 0x0 0xa60 0x0 0xa60 0x0 0xa60 0x0 0xa60 0x0 0xa60 0x0 0xa60 0x0 0xa60 0x0 0xa60 0x0 0xa60 0x0 0xa60 0x0 0xa60 0x0 0xa60 0x0 0xa60 0x0 0xa60 0x0 0xa60 0x0 0xa60 0x0 0xa60 0x0 0xa60 0x0 0xa60 0x0 0xa60 0x0 0xa60 0x0 0xa60 0x0 0xa60 0x0 0xa60 0x0 0xa60 0x0 0xa60 0x0 0xa60 0x0 0xa60 0x0 0xa60 0x0 0xa60 0x0 0xa60 0x0 0xa60 0x0 0xa60 0x0 0xa60 0x0 0xa60 0x0 0xa60 0x0 0xa60 0x0 0xa60 0x0 0xa60 0x0 0xa60 0x0 0xa60 0x0 0xa60 0x0 0xa60 0x0 0xa60 0x0 0xa60 0x0 0xa60 0x0 0xa60 0x0 0xa60 0x0 0xa60 0x0 0xa60 0x0 0xa60 0x15a10002 0x0 0x15a40003 0x0 0x40 0x15ac0002 0x0 0x15af0003 0x0 0x18 0x0 0x0 0x0 0x0 0x0 0x0 0x0 0x0 0x0 0x0 0x0 0x0 0x0 0x0 0x0 0x0 0x0 0x0 0x0 0x0 0x0 0x0 0x0 0x0 0x0 0x0 0x0 0x0 0x0 0x0 0x0 0x0 0x0 0x0 0x0 0x0 0x0 0x0 0x0 0x0 0x0 0x0 0x0 0x0 0x0 0x0 0x0 0x0 0x0 0x0 0x9 0x1 0x0 oops 0 methods 0
ciMethodData org/jetbrains/kotlin/descriptors/impl/AbstractClassDescriptor getDefaultType ()Lorg/jetbrains/kotlin/types/SimpleType; 2 29610 orig 80 0 0 0 0 0 0 0 0 0 0 0 0 48 2 0 0 0 0 0 0 0 0 0 0 0 0 0 0 0 0 0 0 0 0 0 0 0 0 0 0 0 0 0 0 0 0 0 0 0 0 0 0 0 0 0 0 0 0 0 0 0 0 0 0 0 0 0 0 0 0 0 0 0 0 0 0 0 0 0 0 data 29 0x40005 0x0 0x0 0x2307e639ca0 0x72aa 0x0 0x0 0x90004 0x0 0x0 0x2307bcfe960 0x72aa 0x0 0x0 0xd0007 0x72aa 0x30 0x0 0x120002 0x0 0x0 0x0 0x0 0x0 0x0 0x0 0x9 0x1 0x0 oops 2 3 org/jetbrains/kotlin/storage/LockBasedStorageManager$LockBasedNotNullLazyValue 10 org/jetbrains/kotlin/types/SimpleTypeImpl methods 0
ciMethodData org/jetbrains/kotlin/types/KotlinTypeKt isError (Lorg/jetbrains/kotlin/types/KotlinType;)Z 2 14376 orig 80 1 0 0 0 0 0 0 0 0 0 0 0 48 2 0 0 0 0 0 0 0 0 0 0 0 0 0 0 0 0 0 0 0 0 0 0 0 0 0 1 0 0 0 0 0 0 0 0 0 0 0 0 0 0 0 0 0 0 0 0 0 0 0 0 0 0 0 0 0 0 0 0 0 0 0 0 0 0 0 0 data 68 0x30002 0x3727 0x70005 0x130a 0x0 0x2307bcfe960 0x22f2 0x2307ddf8f70 0x12b 0xe0004 0xffffffffffffc8e6 0x0 0x2307bcfe960 0x29 0x2307ddf9020 0x26 0x8000000600110007 0xe 0x140 0x371a 0x150004 0xffffffffffffce70 0x0 0x2307bcfe960 0x29 0x2307ddf9020 0x547 0x180007 0x3190 0x100 0x58a 0x1c0004 0x0 0x0 0x2307ddf9020 0x547 0x2307ddf90d0 0x43 0x1f0005 0xd7 0x0 0x2307ddf9020 0x470 0x2307ddf90d0 0x43 0x220004 0xfffffffffffffa76 0x0 0x2307bcfe960 0x28 0x2307ddf9180 0x2 0x250007 0x58a 0x38 0x0 0x290003 0xe 0x18 0x0 0x0 0x0 0x0 0x0 0x0 0x9 0x1 0xffffffffffffffff oops 12 5 org/jetbrains/kotlin/types/SimpleTypeImpl 7 org/jetbrains/kotlin/types/TypeUtils$SpecialType 12 org/jetbrains/kotlin/types/SimpleTypeImpl 14 org/jetbrains/kotlin/types/FlexibleTypeImpl 23 org/jetbrains/kotlin/types/SimpleTypeImpl 25 org/jetbrains/kotlin/types/FlexibleTypeImpl 34 org/jetbrains/kotlin/types/FlexibleTypeImpl 36 org/jetbrains/kotlin/load/java/lazy/types/RawTypeImpl 41 org/jetbrains/kotlin/types/FlexibleTypeImpl 43 org/jetbrains/kotlin/load/java/lazy/types/RawTypeImpl 48 org/jetbrains/kotlin/types/SimpleTypeImpl 50 org/jetbrains/kotlin/types/SimpleTypeWithAttributes methods 0
ciMethodData org/jetbrains/kotlin/psi/KtPsiUtil deparenthesize (Lorg/jetbrains/kotlin/psi/KtExpression;Z)Lorg/jetbrains/kotlin/psi/KtExpression; 2 62280 orig 80 0 0 0 0 0 0 0 0 0 0 0 0 48 2 0 0 0 0 0 0 0 0 0 0 0 0 0 0 0 0 0 0 0 0 0 0 0 0 0 0 0 0 0 0 0 0 0 0 0 0 0 0 0 0 0 0 0 0 0 0 0 0 0 0 0 0 0 0 0 0 0 0 0 0 0 0 0 0 0 0 data 19 0x20002 0xf396 0x80007 0x14e 0x20 0xf24a 0xf0003 0x14e 0xffffffffffffffd0 0x0 0x0 0x0 0x0 0x0 0x0 0x9 0x2 0xffffffffffffffff 0x0 oops 0 methods 0
ciMethodData org/jetbrains/kotlin/psi/KtPsiUtil deparenthesizeOnce (Lorg/jetbrains/kotlin/psi/KtExpression;Z)Lorg/jetbrains/kotlin/psi/KtExpression; 2 18714 orig 80 1 0 0 0 1 0 0 0 0 0 0 0 48 2 0 0 0 0 0 0 0 0 0 0 0 0 0 0 0 0 0 0 0 0 0 0 0 0 0 3 0 0 0 0 0 0 0 0 0 0 0 0 0 0 0 0 0 0 0 0 0 0 0 0 0 0 0 0 0 0 0 0 0 0 0 0 0 0 0 0 data 114 0x10004 0xffffffffffffb7eb 0x0 0x2307ce6d2e0 0x16 0x2307cc86600 0x1a 0x8000000600040007 0x4815 0xb0 0x7 0x80007 0x0 0x90 0x7 0xc0004 0x0 0x0 0x2307b9be240 0x7 0x0 0x0 0xf0005 0x0 0x0 0x2307b9be240 0x7 0x0 0x0 0x140004 0xffffffffffffb7fa 0x0 0x2307ce6d2e0 0x16 0x2307cc86600 0x1a 0x8000000600170007 0x4806 0x90 0x10 0x1b0004 0x0 0x0 0x2307b9be600 0x10 0x0 0x0 0x1e0005 0x10 0x0 0x0 0x0 0x0 0x0 0x230004 0xffffffffffffb812 0x0 0x2307ce6d2e0 0x16 0x2307ce6d390 0x18 0x260007 0x47ee 0x90 0x18 0x2a0004 0x0 0x0 0x2307ce6d390 0x18 0x0 0x0 0x2d0005 0x0 0x0 0x2307ce6d390 0x18 0x0 0x0 0x340004 0xffffffffffffb81d 0x0 0x2307ce6d2e0 0x16 0x2307ce6bff0 0xb 0x370007 0x47e3 0x90 0xb 0x3b0004 0x0 0x0 0x2307ce6bff0 0xb 0x0 0x0 0x3e0005 0x0 0x0 0x2307ce6bff0 0xb 0x0 0x0 0x0 0x0 0x0 0x0 0x0 0x0 0x9 0x2 0xffffffffffffffff 0x0 oops 15 3 org/jetbrains/kotlin/psi/KtStringTemplateExpression 5 org/jetbrains/kotlin/psi/KtDotQualifiedExpression 18 org/jetbrains/kotlin/psi/KtAnnotatedExpression 25 org/jetbrains/kotlin/psi/KtAnnotatedExpression 32 org/jetbrains/kotlin/psi/KtStringTemplateExpression 34 org/jetbrains/kotlin/psi/KtDotQualifiedExpression 43 org/jetbrains/kotlin/psi/KtLabeledExpression 57 org/jetbrains/kotlin/psi/KtStringTemplateExpression 59 org/jetbrains/kotlin/psi/KtPsiFactory$BlockWrapper 68 org/jetbrains/kotlin/psi/KtPsiFactory$BlockWrapper 75 org/jetbrains/kotlin/psi/KtPsiFactory$BlockWrapper 82 org/jetbrains/kotlin/psi/KtStringTemplateExpression 84 org/jetbrains/kotlin/psi/KtParenthesizedExpression 93 org/jetbrains/kotlin/psi/KtParenthesizedExpression 100 org/jetbrains/kotlin/psi/KtParenthesizedExpression methods 0
ciMethodData org/jetbrains/kotlin/psi/KtAnnotatedExpression getBaseExpression ()Lorg/jetbrains/kotlin/psi/KtExpression; 1 36 orig 80 0 0 0 0 0 0 0 0 0 0 0 0 48 2 0 0 0 0 0 0 0 0 0 0 0 0 0 0 0 0 0 0 0 0 0 0 0 0 0 0 0 0 0 0 0 0 0 0 0 0 0 0 0 0 0 0 0 0 0 0 0 0 0 0 0 0 0 0 0 0 0 0 0 0 0 0 0 0 0 0 data 23 0x30005 0x0 0x0 0x2307b9be240 0x24 0x0 0x0 0x60004 0x0 0x0 0x2307cc86600 0x1b 0x2307eabd5f0 0x4 0x0 0x0 0x0 0x0 0x0 0x0 0x9 0x1 0xffffffffffffffff oops 3 3 org/jetbrains/kotlin/psi/KtAnnotatedExpression 10 org/jetbrains/kotlin/psi/KtDotQualifiedExpression 12 org/jetbrains/kotlin/psi/KtBinaryExpressionWithTypeRHS methods 0
ciMethodData org/jetbrains/kotlin/com/intellij/extapi/psi/ASTWrapperPsiElement getNode ()Lorg/jetbrains/kotlin/com/intellij/lang/ASTNode; 2 43705 orig 80 0 0 0 0 0 0 0 0 0 0 0 0 48 2 0 0 0 0 0 0 0 0 0 0 0 0 0 0 0 0 0 0 0 0 0 0 0 0 0 0 0 0 0 0 0 0 0 0 0 0 0 0 0 0 0 0 0 0 0 0 0 0 0 0 0 0 0 0 0 0 0 0 0 0 0 0 0 0 0 0 data 15 0x50007 0xaa75 0x30 0x0 0x90002 0x0 0x0 0x0 0x0 0x0 0x0 0x0 0x9 0x1 0x0 oops 0 methods 0
ciMethodData org/jetbrains/kotlin/psi/KtLabeledExpression getBaseExpression ()Lorg/jetbrains/kotlin/psi/KtExpression; 1 43 orig 80 0 0 0 0 0 0 0 0 0 0 0 0 48 2 0 0 0 0 0 0 0 0 0 0 0 0 0 0 0 0 0 0 0 0 0 0 0 0 0 0 0 0 0 0 0 0 0 0 0 0 0 0 0 0 0 0 0 0 0 0 0 0 0 0 0 0 0 0 0 0 0 0 0 0 0 0 0 0 0 0 data 23 0x30005 0x0 0x0 0x2307b9be600 0x2b 0x0 0x0 0x60004 0x0 0x0 0x2307ba79b20 0x2b 0x0 0x0 0x0 0x0 0x0 0x0 0x0 0x0 0x9 0x1 0xffffffffffffffff oops 2 3 org/jetbrains/kotlin/psi/KtLabeledExpression 10 org/jetbrains/kotlin/psi/KtLambdaExpression methods 0
ciMethodData org/jetbrains/kotlin/psi/KtParenthesizedExpression getExpression ()Lorg/jetbrains/kotlin/psi/KtExpression; 1 83 orig 80 0 0 0 0 0 0 0 0 0 0 0 0 48 2 0 0 0 0 0 0 0 0 0 0 0 0 0 0 0 0 0 0 0 0 0 0 0 0 0 0 0 0 0 0 0 0 0 0 0 0 0 0 0 0 0 0 0 0 0 0 0 0 0 0 0 0 0 0 0 0 0 0 0 0 0 0 0 0 0 0 data 23 0x30005 0x0 0x0 0x2307ce6bff0 0x53 0x0 0x0 0x60004 0x0 0x0 0x2307d6fc620 0x9 0x2307cc86600 0x4 0x0 0x0 0x0 0x0 0x0 0x0 0x9 0x1 0xffffffffffffffff oops 3 3 org/jetbrains/kotlin/psi/KtParenthesizedExpression 10 org/jetbrains/kotlin/psi/KtIfExpression 12 org/jetbrains/kotlin/psi/KtDotQualifiedExpression methods 0
ciMethodData org/jetbrains/kotlin/psi/KtPsiUtil deparenthesize (Lorg/jetbrains/kotlin/psi/KtExpression;)Lorg/jetbrains/kotlin/psi/KtExpression; 2 57228 orig 80 1 0 0 0 0 0 0 0 0 0 0 0 48 2 0 0 0 0 0 0 0 0 0 0 0 0 0 0 0 0 0 0 0 0 0 0 0 0 0 0 0 0 0 0 0 0 0 0 0 0 0 0 0 0 0 0 0 0 0 0 0 0 0 0 0 0 0 0 0 0 0 0 0 0 0 0 0 0 0 0 data 11 0x20002 0xde8a 0x0 0x0 0x0 0x0 0x0 0x0 0x9 0x1 0xffffffffffffffff oops 0 methods 0
ciMethodData org/jetbrains/kotlin/resolve/descriptorUtil/DescriptorUtilsKt getModule (Lorg/jetbrains/kotlin/descriptors/DeclarationDescriptor;)Lorg/jetbrains/kotlin/descriptors/ModuleDescriptor; 2 23032 orig 80 0 0 0 0 0 0 0 0 0 0 0 0 48 2 0 0 0 0 0 0 0 0 0 0 0 0 0 0 0 0 0 0 0 0 0 0 0 0 0 0 0 0 0 0 0 0 0 0 0 0 0 0 0 0 0 0 0 0 0 0 0 0 0 0 0 0 0 0 0 0 0 0 0 0 0 0 0 0 0 0 data 15 0x30002 0x5878 0x70002 0x5878 0xe0002 0x5878 0x0 0x0 0x0 0x0 0x0 0x0 0x9 0x1 0x0 oops 0 methods 0
ciMethodData org/jetbrains/kotlin/builtins/KotlinBuiltIns isNothingOrNullableNothing (Lorg/jetbrains/kotlin/types/KotlinType;)Z 2 52252 orig 80 0 0 0 0 0 0 0 0 0 0 0 0 48 2 0 0 0 0 0 0 0 0 0 0 0 0 0 0 0 0 0 0 0 0 0 0 0 0 0 0 0 0 0 0 0 0 0 0 0 0 0 0 0 0 0 0 0 0 0 0 0 0 0 0 0 0 0 0 0 0 0 0 0 0 0 0 0 0 0 0 data 17 0x10007 0xcb2e 0x30 0x0 0x70002 0x0 0xe0002 0xcb2e 0x0 0x0 0x0 0x0 0x0 0x0 0x9 0x1 0x0 oops 0 methods 0
ciMethodData org/jetbrains/kotlin/resolve/descriptorUtil/DescriptorUtilsKt getBuiltIns (Lorg/jetbrains/kotlin/descriptors/DeclarationDescriptor;)Lorg/jetbrains/kotlin/builtins/KotlinBuiltIns; 2 5896 orig 80 0 0 0 0 0 0 0 0 0 0 0 0 48 2 0 0 0 0 0 0 0 0 0 0 0 0 0 0 0 0 0 0 0 0 0 0 0 0 0 0 0 0 0 0 0 0 0 0 0 0 0 0 0 0 0 0 0 0 0 0 0 0 0 0 0 0 0 0 0 0 0 0 0 0 0 0 0 0 0 0 data 20 0x30002 0x1608 0x70002 0x1608 0xa0005 0x0 0x0 0x2307d2bb230 0x1608 0x0 0x0 0x0 0x0 0x0 0x0 0x0 0x0 0x9 0x1 0x0 oops 1 7 org/jetbrains/kotlin/descriptors/impl/ModuleDescriptorImpl methods 0
ciMethodData org/jetbrains/kotlin/resolve/calls/smartcasts/DataFlowValue getKind ()Lorg/jetbrains/kotlin/resolve/calls/smartcasts/DataFlowValue$Kind; 2 35405 orig 80 0 0 0 0 0 0 0 0 0 0 0 0 48 2 0 0 0 0 0 0 0 0 0 0 0 0 0 0 0 0 0 0 0 0 0 0 0 0 0 0 0 0 0 0 0 0 0 0 0 0 0 0 0 0 0 0 0 0 0 0 0 0 0 0 0 0 0 0 0 0 0 0 0 0 0 0 0 0 0 0 data 16 0x40005 0x3e16 0x0 0x2307cc8b9e0 0x3a2f 0x2307ddf5ec0 0x1103 0x0 0x0 0x0 0x0 0x0 0x0 0x9 0x1 0x0 oops 2 3 org/jetbrains/kotlin/resolve/calls/smartcasts/IdentifierInfo$Expression 5 org/jetbrains/kotlin/resolve/calls/smartcasts/IdentifierInfo$Variable methods 0
ciMethodData org/jetbrains/kotlin/types/FlexibleTypesKt isFlexible (Lorg/jetbrains/kotlin/types/KotlinType;)Z 2 28840 orig 80 0 0 0 0 0 0 0 0 0 0 0 0 48 2 0 0 0 0 0 0 0 0 0 0 0 0 0 0 0 0 0 0 0 0 0 0 0 0 0 0 0 0 0 0 0 0 0 0 0 0 0 0 0 0 0 0 0 0 0 0 0 0 0 0 0 0 0 0 0 0 0 0 0 0 0 0 0 0 0 0 data 25 0x30002 0x6fa8 0x70005 0x11c8 0x0 0x2307bcfe960 0x518d 0x2307bcfd050 0xc53 0xa0004 0xffffffffffff9629 0x0 0x2307ddf9020 0x5bc 0x2307dc07000 0xc 0x0 0x0 0x0 0x0 0x0 0x0 0x9 0x1 0x0 oops 4 5 org/jetbrains/kotlin/types/SimpleTypeImpl 7 org/jetbrains/kotlin/types/NullableSimpleType 12 org/jetbrains/kotlin/types/FlexibleTypeImpl 14 org/jetbrains/kotlin/types/FlexibleTypeWithEnhancement methods 0
ciMethodData org/jetbrains/kotlin/builtins/KotlinBuiltIns getBuiltInClassByName (Ljava/lang/String;)Lorg/jetbrains/kotlin/descriptors/ClassDescriptor; 2 9155 orig 80 0 0 0 0 0 0 0 0 0 0 0 0 48 2 0 0 0 0 0 0 0 0 0 0 0 0 0 0 0 0 0 0 0 0 0 0 0 0 0 0 0 0 0 0 0 0 0 0 0 0 0 0 0 0 0 0 0 0 0 0 0 0 0 0 0 0 0 0 0 0 0 0 0 0 0 0 0 0 0 0 data 38 0x10007 0x22c3 0x30 0x0 0x60002 0x0 0xe0002 0x22c3 0x110005 0x0 0x0 0x2307bfec4c0 0x22c3 0x0 0x0 0x160004 0x0 0x0 0x2307bfe7900 0x217f 0x2307bfec570 0x144 0x1a0007 0x22c3 0x30 0x0 0x1f0002 0x0 0x0 0x0 0x0 0x0 0x0 0x0 0x9 0x2 0x0 0x0 oops 3 11 org/jetbrains/kotlin/storage/LockBasedStorageManager$MapBasedMemoizedFunctionToNotNull 18 org/jetbrains/kotlin/serialization/deserialization/descriptors/DeserializedClassDescriptor 20 org/jetbrains/kotlin/builtins/functions/FunctionClassDescriptor methods 0
ciMethodData org/jetbrains/kotlin/types/DelegatingSimpleTypeImpl <init> (Lorg/jetbrains/kotlin/types/SimpleType;)V 2 6922 orig 80 0 0 0 0 0 0 0 0 0 0 0 0 48 2 0 0 0 0 0 0 0 0 0 0 0 0 0 0 0 0 0 0 0 0 0 0 0 0 0 0 0 0 0 0 0 0 0 0 0 0 0 0 0 0 0 0 0 0 0 0 0 0 0 0 0 0 0 0 0 0 0 0 0 0 0 0 0 0 0 0 data 14 0x30002 0x1a3a 0x70002 0x1a3a 0x0 0x0 0x0 0x0 0x0 0x0 0x9 0x2 0x4 0x0 oops 0 methods 0
ciMethodData org/jetbrains/kotlin/types/TypeUtils isNullableType (Lorg/jetbrains/kotlin/types/KotlinType;)Z 2 14747 orig 80 1 0 0 0 0 0 0 0 0 0 0 0 48 2 0 0 0 0 0 0 0 0 0 0 0 0 0 0 0 0 0 0 0 0 0 0 0 0 0 1 0 0 0 0 0 0 0 0 0 0 0 0 0 0 0 0 0 0 0 0 0 0 0 0 0 0 0 0 0 0 0 0 0 0 0 0 0 0 0 0 data 179 0x10007 0x38a4 0x30 0x0 0x60002 0x0 0xa0005 0xb8b 0x0 0x2307bcfe960 0x2628 0x2307bcfd050 0x6f1 0xd0007 0x3042 0x20 0x862 0x130002 0x3042 0x160007 0x2d55 0x98 0x2ed 0x1a0002 0x2ed 0x1d0005 0x2ed 0x0 0x0 0x0 0x0 0x0 0x200002 0x2ed 0x8000000600230007 0x34 0x20 0x2ba 0x290002 0x2d89 0x2c0007 0x2d89 0x20 0x0 0x320002 0x2d89 0x350007 0x2d83 0x30 0x6 0x390002 0x6 0x3e0004 0xffffffffffffd27d 0x0 0x2307bcfe960 0xca 0x2307ddf9020 0x5 0x410007 0x2d83 0x168 0x0 0x450004 0x0 0x0 0x0 0x0 0x0 0x0 0x480005 0x0 0x0 0x0 0x0 0x0 0x0 0x4d0005 0x0 0x0 0x0 0x0 0x0 0x0 0x540007 0x0 0x88 0x0 0x580005 0x0 0x0 0x0 0x0 0x0 0x0 0x5d0002 0x0 0x600007 0x0 0x38 0x0 0x640003 0x0 0x18 0x6a0005 0xdc 0x0 0x2307bcfe960 0x25ba 0x2307ddf9180 0x6ed 0x6f0004 0xffffffffffffd27d 0x0 0x2307ce88a60 0xb4 0x2307dc03c20 0xf 0x720007 0x2d83 0x1a0 0x0 0x760005 0x0 0x0 0x0 0x0 0x0 0x0 0x7b0005 0x0 0x0 0x0 0x0 0x0 0x0 0x820005 0x0 0x0 0x0 0x0 0x0 0x0 0x870007 0x0 0xd8 0x0 0x8b0005 0x0 0x0 0x0 0x0 0x0 0x0 0x900004 0x0 0x0 0x0 0x0 0x0 0x0 0x950002 0x0 0x980007 0x0 0x20 0x0 0x9d0003 0x0 0xffffffffffffff08 0x0 0x0 0x0 0x0 0x0 0x0 0x9 0x1 0x0 oops 8 9 org/jetbrains/kotlin/types/SimpleTypeImpl 11 org/jetbrains/kotlin/types/NullableSimpleType 55 org/jetbrains/kotlin/types/SimpleTypeImpl 57 org/jetbrains/kotlin/types/FlexibleTypeImpl 107 org/jetbrains/kotlin/types/SimpleTypeImpl 109 org/jetbrains/kotlin/types/SimpleTypeWithAttributes 114 org/jetbrains/kotlin/serialization/deserialization/descriptors/DeserializedClassDescriptor$DeserializedClassTypeConstructor 116 org/jetbrains/kotlin/resolve/lazy/descriptors/LazyClassDescriptor$LazyClassTypeConstructor methods 0
ciMethodData org/jetbrains/kotlin/types/FlexibleTypesKt asFlexibleType (Lorg/jetbrains/kotlin/types/KotlinType;)Lorg/jetbrains/kotlin/types/FlexibleType; 2 1337 orig 80 0 0 0 0 0 0 0 0 0 0 0 0 48 2 0 0 0 0 0 0 0 0 0 0 0 0 0 0 0 0 0 0 0 0 0 0 0 0 0 0 0 0 0 0 0 0 0 0 0 0 0 0 0 0 0 0 0 0 0 0 0 0 0 0 0 0 0 0 0 0 0 0 0 0 0 0 0 0 0 0 data 27 0x30002 0x529 0x70005 0x4 0x0 0x2307ddf9020 0x519 0x2307dc07000 0xc 0xd0002 0x529 0x100004 0x0 0x0 0x2307ddf9020 0x519 0x2307dc07000 0xc 0x0 0x0 0x0 0x0 0x0 0x0 0x9 0x1 0x0 oops 4 5 org/jetbrains/kotlin/types/FlexibleTypeImpl 7 org/jetbrains/kotlin/types/FlexibleTypeWithEnhancement 14 org/jetbrains/kotlin/types/FlexibleTypeImpl 16 org/jetbrains/kotlin/types/FlexibleTypeWithEnhancement methods 0
ciMethodData org/jetbrains/kotlin/types/TypeUtils isTypeParameter (Lorg/jetbrains/kotlin/types/KotlinType;)Z 2 12488 orig 80 0 0 0 0 0 0 0 0 0 0 0 0 48 2 0 0 0 0 0 0 0 0 0 0 0 0 0 0 0 0 0 0 0 0 0 0 0 0 0 0 0 0 0 0 0 0 0 0 0 0 0 0 0 0 0 0 0 0 0 0 0 0 0 0 0 0 0 0 0 0 0 0 0 0 0 0 0 0 0 0 data 42 0x10007 0x2fc8 0x30 0x0 0x60002 0x0 0xa0002 0x2fc8 0xd0007 0x72 0xb0 0x2f56 0x110005 0x1c1 0x0 0x2307bcfe960 0x2639 0x2307ddf9180 0x75c 0x140004 0xffffffffffffd0ec 0x0 0x23076b23db0 0x42 0x0 0x0 0x170007 0x2f14 0x38 0x42 0x1b0003 0xb4 0x18 0x0 0x0 0x0 0x0 0x0 0x0 0x9 0x1 0x0 oops 3 15 org/jetbrains/kotlin/types/SimpleTypeImpl 17 org/jetbrains/kotlin/types/SimpleTypeWithAttributes 22 org/jetbrains/kotlin/resolve/calls/inference/model/TypeVariableTypeConstructor methods 0
ciMethodData org/jetbrains/kotlin/types/TypeUtils getTypeParameterDescriptorOrNull (Lorg/jetbrains/kotlin/types/KotlinType;)Lorg/jetbrains/kotlin/descriptors/TypeParameterDescriptor; 2 9494 orig 80 0 0 0 0 0 0 0 0 0 0 0 0 48 2 0 0 0 0 0 0 0 0 0 0 0 0 0 0 0 0 0 0 0 0 0 0 0 0 0 0 0 0 0 0 0 0 0 0 0 0 0 0 0 0 0 0 0 0 0 0 0 0 0 0 0 0 0 0 0 0 0 0 0 0 0 0 0 0 0 0 data 61 0x10007 0x2416 0x30 0x0 0x60002 0x0 0xa0005 0x14f 0x0 0x2307bcfe960 0x1d0a 0x2307ddf9180 0x5bd 0xd0005 0xcbe 0x0 0x2307ce88a60 0x107e 0x2307dc03c20 0x6da 0x120104 0xffffffffffffdc8d 0x0 0x23076b25d60 0x42 0x23076b25e10 0x16 0x150007 0x23be 0xc8 0x58 0x190005 0x1a 0x0 0x2307ddf9020 0x1a 0x2307bcfe960 0x24 0x1c0005 0x0 0x0 0x23076b25ec0 0x58 0x0 0x0 0x210004 0x0 0x0 0x23076b25d60 0x42 0x23076b25e10 0x16 0x0 0x0 0x0 0x0 0x0 0x0 0x9 0x1 0x0 oops 11 9 org/jetbrains/kotlin/types/SimpleTypeImpl 11 org/jetbrains/kotlin/types/SimpleTypeWithAttributes 16 org/jetbrains/kotlin/serialization/deserialization/descriptors/DeserializedClassDescriptor$DeserializedClassTypeConstructor 18 org/jetbrains/kotlin/resolve/lazy/descriptors/LazyClassDescriptor$LazyClassTypeConstructor 23 org/jetbrains/kotlin/load/java/lazy/descriptors/LazyJavaTypeParameterDescriptor 25 org/jetbrains/kotlin/descriptors/impl/TypeParameterDescriptorImpl 34 org/jetbrains/kotlin/types/FlexibleTypeImpl 36 org/jetbrains/kotlin/types/SimpleTypeImpl 41 org/jetbrains/kotlin/descriptors/impl/AbstractTypeParameterDescriptor$TypeParameterTypeConstructor 48 org/jetbrains/kotlin/load/java/lazy/descriptors/LazyJavaTypeParameterDescriptor 50 org/jetbrains/kotlin/descriptors/impl/TypeParameterDescriptorImpl methods 0
ciMethodData org/jetbrains/kotlin/types/SpecialTypesKt isDefinitelyNotNullType (Lorg/jetbrains/kotlin/types/KotlinType;)Z 2 12992 orig 80 0 0 0 0 0 0 0 0 0 0 0 0 48 2 0 0 0 0 0 0 0 0 0 0 0 0 0 0 0 0 0 0 0 0 0 0 0 0 0 0 0 0 0 0 0 0 0 0 0 0 0 0 0 0 0 0 0 0 0 0 0 0 0 0 0 0 0 0 0 0 0 0 0 0 0 0 0 0 0 0 data 25 0x30002 0x31c0 0x70005 0x4c2 0x0 0x2307bcfe960 0x2605 0x2307ddf9180 0x6f9 0xa0004 0xffffffffffffce40 0x0 0x0 0x0 0x0 0x0 0x0 0x0 0x0 0x0 0x0 0x0 0x9 0x1 0x0 oops 2 5 org/jetbrains/kotlin/types/SimpleTypeImpl 7 org/jetbrains/kotlin/types/SimpleTypeWithAttributes methods 0
ciMethodData org/jetbrains/kotlin/types/SimpleTypeImpl makeNullableAsSpecified (Z)Lorg/jetbrains/kotlin/types/SimpleType; 2 7141 orig 80 0 0 0 0 0 0 0 0 0 0 0 0 48 2 0 0 0 0 0 0 0 0 0 0 0 0 0 0 0 0 0 0 0 0 0 0 0 0 0 0 0 0 0 0 0 0 0 0 0 0 0 0 0 0 0 0 0 0 0 0 0 0 0 0 0 0 0 0 0 0 0 0 0 0 0 0 0 0 0 0 data 70 0x30005 0x1a63 0x0 0x0 0x0 0x0 0x0 0x60007 0x10ef 0x70 0x974 0xa0004 0x0 0x0 0x0 0x0 0x0 0x0 0xd0003 0x974 0x150 0x110007 0x77 0xb8 0x1078 0x190004 0x0 0x0 0x2307bcfe960 0x1 0x0 0x0 0x1c0002 0x1078 0x1f0004 0x0 0x0 0x2307bcfd050 0x1 0x0 0x0 0x220003 0x1078 0x98 0x2a0004 0x0 0x0 0x0 0x0 0x0 0x0 0x2d0002 0x77 0x300004 0x0 0x0 0x2307b8e4d50 0x77 0x0 0x0 0x0 0x0 0x0 0x0 0x0 0x0 0x9 0x2 0x0 0x0 oops 3 28 org/jetbrains/kotlin/types/SimpleTypeImpl 37 org/jetbrains/kotlin/types/NullableSimpleType 56 org/jetbrains/kotlin/types/NotNullSimpleType methods 0
ciMethodData org/jetbrains/kotlin/descriptors/impl/AbstractTypeParameterDescriptor$TypeParameterTypeConstructor getDeclarationDescriptor ()Lorg/jetbrains/kotlin/descriptors/ClassifierDescriptor; 2 5642 orig 80 0 0 0 0 0 0 0 0 0 0 0 0 0 0 0 0 0 0 0 0 0 0 0 0 0 0 0 0 0 0 0 0 0 0 0 0 0 0 0 0 0 0 0 0 0 0 0 0 0 0 0 0 0 0 0 0 0 0 0 0 0 0 0 0 0 0 0 0 0 0 0 0 0 0 0 0 0 0 0 0 data 15 0x50007 0x140b 0x30 0x0 0x90002 0x0 0x0 0x0 0x0 0x0 0x0 0x0 0x9 0x1 0x0 oops 0 methods 0
ciMethodData org/jetbrains/kotlin/types/TypeUtils hasNullableSuperType (Lorg/jetbrains/kotlin/types/KotlinType;)Z 1 6 orig 80 0 0 0 0 0 0 0 0 0 0 0 0 48 2 0 0 0 0 0 0 0 0 0 0 0 0 0 0 0 0 0 0 0 0 0 0 0 0 0 0 0 0 0 0 0 0 0 0 0 0 0 0 0 0 0 0 0 0 0 0 0 0 0 0 0 0 0 0 0 0 0 0 0 0 0 0 0 0 0 0 data 83 0x10007 0x6 0x30 0x0 0x60002 0x0 0xa0005 0x0 0x0 0x2307bcfe960 0x6 0x0 0x0 0xd0005 0x0 0x0 0x23076b23db0 0x6 0x0 0x0 0x120104 0x0 0x0 0x0 0x0 0x0 0x0 0x150007 0x6 0x20 0x0 0x1b0002 0x6 0x1e0005 0x0 0x0 0x230767d36f0 0x6 0x0 0x0 0x250005 0x0 0x0 0x2307b4a29a0 0x6 0x0 0x0 0x2a0007 0x6 0xd8 0x0 0x2e0005 0x0 0x0 0x0 0x0 0x0 0x0 0x330004 0x0 0x0 0x0 0x0 0x0 0x0 0x380002 0x0 0x3b0007 0x0 0x20 0x0 0x400003 0x0 0xffffffffffffff08 0x0 0x0 0x0 0x0 0x0 0x0 0x9 0x1 0xffffffffffffffff oops 4 9 org/jetbrains/kotlin/types/SimpleTypeImpl 16 org/jetbrains/kotlin/resolve/calls/inference/model/TypeVariableTypeConstructor 36 java/util/ArrayList 43 java/util/ArrayList$Itr methods 0
ciMethod org/jetbrains/kotlin/types/NotNullSimpleType <init> (Lorg/jetbrains/kotlin/types/SimpleType;)V 238 0 119 0 -1
ciMethodData org/jetbrains/kotlin/builtins/KotlinBuiltIns isNullableNothing (Lorg/jetbrains/kotlin/types/KotlinType;)Z 2 16174 orig 80 0 0 0 0 0 0 0 0 0 0 0 0 48 2 0 0 0 0 0 0 0 0 0 0 0 0 0 0 0 0 0 0 0 0 0 0 0 0 0 0 0 0 0 0 0 0 0 0 0 0 0 0 0 0 0 0 0 0 0 0 0 0 0 0 0 0 0 0 0 0 0 0 0 0 0 0 0 0 0 0 data 30 0x10007 0x3da8 0x30 0x0 0x70002 0x0 0xb0002 0x3da8 0xe0007 0x3cd0 0x68 0xd8 0x120002 0xd8 0x150007 0xd5 0x38 0x3 0x190003 0x3 0x18 0x0 0x0 0x0 0x0 0x0 0x0 0x9 0x1 0x0 oops 0 methods 0
ciMethodData org/jetbrains/kotlin/resolve/calls/smartcasts/DataFlowValue <init> (Lorg/jetbrains/kotlin/resolve/calls/smartcasts/IdentifierInfo;Lorg/jetbrains/kotlin/types/KotlinType;Lorg/jetbrains/kotlin/resolve/calls/smartcasts/Nullability;)V 2 10642 orig 80 0 0 0 0 0 0 0 0 0 0 0 0 48 2 0 0 0 0 0 0 0 0 0 0 0 0 0 0 0 0 0 0 0 0 0 0 0 0 0 0 0 0 0 0 0 0 0 0 0 0 0 0 0 0 0 0 0 0 0 0 0 0 0 0 0 0 0 0 0 0 0 0 0 0 0 0 0 0 0 0 data 90 0x30002 0x2892 0x90002 0x2892 0xf0002 0x2892 0x130002 0x2892 0x270005 0x2892 0x0 0x0 0x0 0x0 0x0 0x2d0007 0x14a5 0x1d8 0x13ed 0x310005 0x13ed 0x0 0x0 0x0 0x0 0x0 0x370007 0x65 0x180 0x1388 0x3b0005 0x1388 0x0 0x0 0x0 0x0 0x0 0x410007 0x1dd 0x128 0x11ab 0x450005 0x11ab 0x0 0x0 0x0 0x0 0x0 0x4b0007 0x0 0xd0 0x11ab 0x4f0005 0x11ab 0x0 0x0 0x0 0x0 0x0 0x550007 0x0 0x78 0x11ab 0x590005 0x11ab 0x0 0x0 0x0 0x0 0x0 0x5f0007 0x11ab 0x38 0x0 0x630003 0x16e7 0x18 0x0 0x0 0x0 0x0 0x0 0x0 0x0 0x9 0x4 0x1c 0x0 0x0 0x0 oops 0 methods 0
ciMethodData org/jetbrains/kotlin/types/expressions/ExpressionTypingUtils isExclExclExpression (Lorg/jetbrains/kotlin/psi/KtExpression;)Z 2 10464 orig 80 0 0 0 0 0 0 0 0 0 0 0 0 48 2 0 0 0 0 0 0 0 0 0 0 0 0 0 0 0 0 0 0 0 0 0 0 0 0 0 0 0 0 0 0 0 0 0 0 0 0 0 0 0 0 0 0 0 0 0 0 0 0 0 0 0 0 0 0 0 0 0 0 0 0 0 0 0 0 0 0 data 48 0x10004 0xffffffffffffd8a6 0x0 0x2307ce72d80 0x27 0x2307ce72e30 0x5f 0x40007 0x275a 0x100 0x86 0x80004 0x0 0x0 0x2307ce72d80 0x27 0x2307ce72e30 0x5f 0xb0005 0x0 0x0 0x2307ce72d80 0x27 0x2307ce72e30 0x5f 0xe0005 0x0 0x0 0x2307ce72ee0 0x86 0x0 0x0 0x160007 0x28 0x38 0x5e 0x1a0003 0x5e 0x18 0x0 0x0 0x0 0x0 0x0 0x0 0x9 0x1 0x0 oops 7 3 org/jetbrains/kotlin/psi/KtPrefixExpression 5 org/jetbrains/kotlin/psi/KtPostfixExpression 14 org/jetbrains/kotlin/psi/KtPrefixExpression 16 org/jetbrains/kotlin/psi/KtPostfixExpression 21 org/jetbrains/kotlin/psi/KtPrefixExpression 23 org/jetbrains/kotlin/psi/KtPostfixExpression 28 org/jetbrains/kotlin/psi/KtOperationReferenceExpression methods 0
ciMethodData org/jetbrains/kotlin/resolve/calls/smartcasts/DataFlowValueFactoryImpl isComplexExpression (Lorg/jetbrains/kotlin/psi/KtExpression;)Z 2 10394 orig 80 0 0 0 0 0 0 0 0 0 0 0 0 48 2 0 0 0 0 0 0 0 0 0 0 0 0 0 0 0 0 0 0 0 0 0 0 0 0 0 0 0 0 0 0 0 0 0 0 0 0 0 0 0 0 0 0 0 0 0 0 0 0 0 0 0 0 0 0 0 0 0 0 0 0 0 0 0 0 0 0 data 110 0x30004 0xffffffffffffd9da 0x0 0x2307ce70360 0x174 0x2307cc86550 0x1f 0x60007 0x174 0xd0 0x2626 0xa0004 0xffffffffffffda42 0x0 0x2307d6fc620 0x68 0x2307cc86550 0x1f 0xd0007 0x68 0x78 0x25be 0x110004 0xffffffffffffda4a 0x0 0x2307cc86550 0x1f 0x2307ce6d2e0 0x6 0x140007 0x25b6 0x38 0x8 0x180003 0x1e4 0x218 0x1c0004 0xffffffffffffdc1d 0x0 0x2307d6fcb90 0x1d3 0x2307cc86550 0x1f 0x1f0007 0x23e3 0xe0 0x1d3 0x230004 0x0 0x0 0x2307d6fcb90 0x1d3 0x0 0x0 0x260005 0x0 0x0 0x2307d6fcb90 0x1d3 0x0 0x0 0x2c0007 0x172 0x38 0x61 0x300003 0x61 0x118 0x340003 0x172 0x100 0x380004 0xffffffffffffdc2b 0x0 0x2307cc86550 0x1f 0x2307ce6d2e0 0x6 0x3b0007 0x23d5 0xb0 0xe 0x3f0002 0xe 0x440007 0x0 0x68 0xe 0x490002 0xe 0x4c0007 0xc 0x38 0x2 0x500003 0x2 0x30 0x540003 0xc 0x18 0x0 0x0 0x0 0x0 0x0 0x0 0x9 0x2 0x0 0xffffffffffffffff oops 12 3 org/jetbrains/kotlin/psi/KtBlockExpression 5 org/jetbrains/kotlin/psi/KtNameReferenceExpression 14 org/jetbrains/kotlin/psi/KtIfExpression 16 org/jetbrains/kotlin/psi/KtNameReferenceExpression 25 org/jetbrains/kotlin/psi/KtNameReferenceExpression 27 org/jetbrains/kotlin/psi/KtStringTemplateExpression 39 org/jetbrains/kotlin/psi/KtBinaryExpression 41 org/jetbrains/kotlin/psi/KtNameReferenceExpression 50 org/jetbrains/kotlin/psi/KtBinaryExpression 57 org/jetbrains/kotlin/psi/KtBinaryExpression 74 org/jetbrains/kotlin/psi/KtNameReferenceExpression 76 org/jetbrains/kotlin/psi/KtStringTemplateExpression methods 0
ciMethodData org/jetbrains/kotlin/psi/KtBinaryExpression getOperationToken ()Lorg/jetbrains/kotlin/com/intellij/psi/tree/IElementType; 2 2625 orig 80 0 0 0 0 0 0 0 0 0 0 0 0 48 2 0 0 0 0 0 0 0 0 0 0 0 0 0 0 0 0 0 0 0 0 0 0 0 0 0 0 0 0 0 0 0 0 0 0 0 0 0 0 0 0 0 0 0 0 0 0 0 0 0 0 0 0 0 0 0 0 0 0 0 0 0 0 0 0 0 0 data 29 0x10005 0x0 0x0 0x2307d6fcb90 0x9ee 0x0 0x0 0x40005 0x0 0x0 0x2307ce72ee0 0x9ee 0x0 0x0 0x80007 0x9ee 0x30 0x0 0xc0002 0x0 0x0 0x0 0x0 0x0 0x0 0x0 0x9 0x1 0x0 oops 2 3 org/jetbrains/kotlin/psi/KtBinaryExpression 10 org/jetbrains/kotlin/psi/KtOperationReferenceExpression methods 0
ciMethodData org/jetbrains/kotlin/psi/KtBinaryExpression getOperationReference ()Lorg/jetbrains/kotlin/psi/KtOperationReferenceExpression; 2 8274 orig 80 0 0 0 0 0 0 0 0 0 0 0 0 48 2 0 0 0 0 0 0 0 0 0 0 0 0 0 0 0 0 0 0 0 0 0 0 0 0 0 0 0 0 0 0 0 0 0 0 0 0 0 0 0 0 0 0 0 0 0 0 0 0 0 0 0 0 0 0 0 0 0 0 0 0 0 0 0 0 0 0 data 67 0x40005 0x0 0x0 0x2307d6fcb90 0x1f65 0x0 0x0 0x90007 0x1f65 0x130 0x0 0x140002 0x0 0x190005 0x0 0x0 0x0 0x0 0x0 0x0 0x1d0005 0x0 0x0 0x0 0x0 0x0 0x0 0x200002 0x0 0x230005 0x0 0x0 0x0 0x0 0x0 0x0 0x260005 0x0 0x0 0x0 0x0 0x0 0x0 0x290002 0x0 0x2e0004 0x0 0x0 0x2307ce72ee0 0x1f65 0x0 0x0 0x320007 0x1f65 0x30 0x0 0x360002 0x0 0x0 0x0 0x0 0x0 0x0 0x0 0x9 0x1 0x0 oops 2 3 org/jetbrains/kotlin/psi/KtBinaryExpression 48 org/jetbrains/kotlin/psi/KtOperationReferenceExpression methods 0
ciMethodData org/jetbrains/kotlin/psi/KtSimpleNameExpressionImpl getReferencedNameElementType ()Lorg/jetbrains/kotlin/com/intellij/psi/tree/IElementType; 2 4467 orig 80 0 0 0 0 0 0 0 0 0 0 0 0 48 2 0 0 0 0 0 0 0 0 0 0 0 0 0 0 0 0 0 0 0 0 0 0 0 0 0 0 0 0 0 0 0 0 0 0 0 0 0 0 0 0 0 0 0 0 0 0 0 0 0 0 0 0 0 0 0 0 0 0 0 0 0 0 0 0 0 0 data 23 0x40004 0x0 0x0 0x2307ce72ee0 0x74 0x0 0x0 0x70005 0x10f5 0x0 0x0 0x0 0x0 0x0 0x0 0x0 0x0 0x0 0x0 0x0 0x9 0x1 0xffffffffffffffff oops 1 3 org/jetbrains/kotlin/psi/KtOperationReferenceExpression methods 0
ciMethodData org/jetbrains/kotlin/psi/KtSimpleNameExpressionImpl$Companion getReferencedNameElementTypeImpl (Lorg/jetbrains/kotlin/psi/KtSimpleNameExpression;)Lorg/jetbrains/kotlin/com/intellij/psi/tree/IElementType; 2 4467 orig 80 0 0 0 0 0 0 0 0 0 0 0 0 48 2 0 0 0 0 0 0 0 0 0 0 0 0 0 0 0 0 0 0 0 0 0 0 0 0 0 0 0 0 0 0 0 0 0 0 0 0 0 0 0 0 0 0 0 0 0 0 0 0 0 0 0 0 0 0 0 0 0 0 0 0 0 0 0 0 0 0 data 37 0x30002 0x10f5 0x70005 0x0 0x0 0x2307ce72ee0 0x10f5 0x0 0x0 0xc0005 0x0 0x0 0x2307d0a9d40 0x10f5 0x0 0x0 0x120002 0x10f5 0x150005 0x0 0x0 0x2307d0a9d40 0x10f5 0x0 0x0 0x1d0002 0x10f5 0x0 0x0 0x0 0x0 0x0 0x0 0x9 0x2 0x0 0xffffffffffffffff oops 3 5 org/jetbrains/kotlin/psi/KtOperationReferenceExpression 12 org/jetbrains/kotlin/com/intellij/psi/impl/source/tree/LeafPsiElement 21 org/jetbrains/kotlin/com/intellij/psi/impl/source/tree/LeafPsiElement methods 0
ciMethodData org/jetbrains/kotlin/resolve/calls/smartcasts/DataFlowValue <init> (Lorg/jetbrains/kotlin/resolve/calls/smartcasts/IdentifierInfo;Lorg/jetbrains/kotlin/types/KotlinType;Lorg/jetbrains/kotlin/resolve/calls/smartcasts/Nullability;ILkotlin/jvm/internal/DefaultConstructorMarker;)V 2 12193 orig 80 0 0 0 0 0 0 0 0 0 0 0 0 48 2 0 0 0 0 0 0 0 0 0 0 0 0 0 0 0 0 0 0 0 0 0 0 0 0 0 0 0 0 0 0 0 0 0 0 0 0 0 0 0 0 0 0 0 0 0 0 0 0 0 0 0 0 0 0 0 0 0 0 0 0 0 0 0 0 0 0 data 22 0x40007 0x0 0x30 0x2e19 0x80002 0x2e19 0x100002 0x2e19 0x0 0x0 0x0 0x0 0x0 0x0 0x9 0x6 0x0 0x0 0x0 0x0 0x0 0x0 oops 0 methods 0
ciMethodData org/jetbrains/kotlin/resolve/calls/smartcasts/DataFlowValueKt access$getImmanentNullability (Lorg/jetbrains/kotlin/types/KotlinType;)Lorg/jetbrains/kotlin/resolve/calls/smartcasts/Nullability; 2 12193 orig 80 0 0 0 0 0 0 0 0 0 0 0 0 48 2 0 0 0 0 0 0 0 0 0 0 0 0 0 0 0 0 0 0 0 0 0 0 0 0 0 0 0 0 0 0 0 0 0 0 0 0 0 0 0 0 0 0 0 0 0 0 0 0 0 0 0 0 0 0 0 0 0 0 0 0 0 0 0 0 0 0 data 11 0x10002 0x2e19 0x0 0x0 0x0 0x0 0x0 0x0 0x9 0x1 0x0 oops 0 methods 0
ciMethodData org/jetbrains/kotlin/resolve/calls/smartcasts/DataFlowValueKt getImmanentNullability (Lorg/jetbrains/kotlin/types/KotlinType;)Lorg/jetbrains/kotlin/resolve/calls/smartcasts/Nullability; 2 12193 orig 80 0 0 0 0 0 0 0 0 0 0 0 0 48 2 0 0 0 0 0 0 0 0 0 0 0 0 0 0 0 0 0 0 0 0 0 0 0 0 0 0 0 0 0 0 0 0 0 0 0 0 0 0 0 0 0 0 0 0 0 0 0 0 0 0 0 0 0 0 0 0 0 0 0 0 0 0 0 0 0 0 data 18 0x10002 0x2e19 0x40007 0x2687 0x38 0x792 0xa0003 0x792 0x18 0x0 0x0 0x0 0x0 0x0 0x0 0x9 0x1 0x0 oops 0 methods 0
ciMethod org/jetbrains/kotlin/resolve/calls/smartcasts/IdentifierInfo$SafeCast <init> (Lorg/jetbrains/kotlin/resolve/calls/smartcasts/IdentifierInfo;Lorg/jetbrains/kotlin/types/KotlinType;Lorg/jetbrains/kotlin/types/KotlinType;)V 24 0 12 0 -1
ciMethodData org/jetbrains/kotlin/resolve/calls/smartcasts/DataFlowValueFactoryImpl createDataFlowValue (Lorg/jetbrains/kotlin/psi/KtExpression;Lorg/jetbrains/kotlin/types/KotlinType;Lorg/jetbrains/kotlin/resolve/BindingContext;Lorg/jetbrains/kotlin/descriptors/DeclarationDescriptor;)Lorg/jetbrains/kotlin/resolve/calls/smartcasts/DataFlowValue; 2 10668 orig 80 0 0 0 0 0 0 0 0 0 0 0 0 48 2 0 0 0 0 0 0 0 0 0 0 0 0 0 0 0 0 0 0 0 0 0 0 0 0 0 0 0 0 0 0 0 0 0 0 0 0 0 0 0 0 0 0 0 0 0 0 0 0 0 0 0 0 0 0 0 0 0 0 0 0 0 0 0 0 0 0 data 158 0x30002 0x282c 0x90002 0x282c 0xf0002 0x282c 0x160002 0x282c 0x1b0004 0xffffffffffffd907 0x0 0x2307cc86550 0x2 0x2307cc86600 0x2 0x1e0007 0x26f9 0x148 0x133 0x220004 0x0 0x0 0x2307cc866b0 0x133 0x0 0x0 0x250005 0x0 0x0 0x2307cc866b0 0x133 0x0 0x0 0x280005 0x0 0x0 0x2307cc86760 0x133 0x0 0x0 0x300007 0x91 0x80 0xa2 0x380002 0xa2 0x3b0005 0xa2 0x0 0x0 0x0 0x0 0x0 0x3e0003 0xa2 0x2e0 0x420002 0x278a 0x450007 0x278a 0x38 0x0 0x4b0003 0x0 0x298 0x4f0002 0x278a 0x520007 0x2787 0x80 0x3 0x5a0002 0x3 0x5d0005 0x3 0x0 0x0 0x0 0x0 0x0 0x600003 0x3 0x208 0x640002 0x2787 0x670002 0x2787 0x6a0007 0x2729 0x90 0x5e 0x790002 0x5e 0x7c0004 0x0 0x0 0x0 0x0 0x0 0x0 0x830002 0x5e 0x860003 0x5e 0x158 0x8b0002 0x2729 0x8e0007 0x24eb 0x90 0x23e 0x9b0002 0x23e 0x9e0004 0x0 0x0 0x0 0x0 0x0 0x0 0xa50002 0x23e 0xa80003 0x23e 0xb8 0xb30002 0x24eb 0xc10007 0x1b3d 0x80 0x9ae 0xcc0002 0x9ae 0xcf0004 0x0 0x0 0x0 0x0 0x0 0x0 0xd20003 0x9ae 0x18 0xdb0002 0x24eb 0x0 0x0 0x0 0x0 0x0 0x0 0x9 0x5 0x0 0x0 0x0 0x0 0x0 oops 5 11 org/jetbrains/kotlin/psi/KtNameReferenceExpression 13 org/jetbrains/kotlin/psi/KtDotQualifiedExpression 22 org/jetbrains/kotlin/psi/KtConstantExpression 29 org/jetbrains/kotlin/psi/KtConstantExpression 36 org/jetbrains/kotlin/com/intellij/psi/impl/source/tree/CompositeElement methods 0
ciMethodData org/jetbrains/kotlin/resolve/calls/smartcasts/DataFlowValue$Companion nullValue (Lorg/jetbrains/kotlin/builtins/KotlinBuiltIns;)Lorg/jetbrains/kotlin/resolve/calls/smartcasts/DataFlowValue; 1 479 orig 80 0 0 0 0 0 0 0 0 0 0 0 0 48 2 0 0 0 0 0 0 0 0 0 0 0 0 0 0 0 0 0 0 0 0 0 0 0 0 0 0 0 0 0 0 0 0 0 0 0 0 0 0 0 0 0 0 0 0 0 0 0 0 0 0 0 0 0 0 0 0 0 0 0 0 0 0 0 0 0 0 data 37 0x30002 0x1b0 0xd0004 0x0 0x0 0x2307bcfc850 0x103 0x0 0x0 0x110005 0x0 0x0 0x2307bcfcfa0 0x1b0 0x0 0x0 0x170002 0x1b0 0x1a0004 0x0 0x0 0x2307bcfd050 0x103 0x0 0x0 0x200002 0x1b0 0x0 0x0 0x0 0x0 0x0 0x0 0x9 0x2 0x0 0x0 oops 3 5 org/jetbrains/kotlin/resolve/calls/smartcasts/IdentifierInfo$NULL 12 org/jetbrains/kotlin/builtins/jvm/JvmBuiltIns 21 org/jetbrains/kotlin/types/NullableSimpleType methods 0
ciMethodData org/jetbrains/kotlin/resolve/calls/smartcasts/IdentifierInfo$Expression <init> (Lorg/jetbrains/kotlin/psi/KtExpression;ZILkotlin/jvm/internal/DefaultConstructorMarker;)V 2 2767 orig 80 0 0 0 0 0 0 0 0 0 0 0 0 48 2 0 0 0 0 0 0 0 0 0 0 0 0 0 0 0 0 0 0 0 0 0 0 0 0 0 0 0 0 0 0 0 0 0 0 0 0 0 0 0 0 0 0 0 0 0 0 0 0 0 0 0 0 0 0 0 0 0 0 0 0 0 0 0 0 0 0 data 15 0x30007 0x0 0x20 0xa10 0xb0002 0xa10 0x0 0x0 0x9 0x5 0x0 0x0 0x0 0x0 0x0 oops 0 methods 0
ciMethodData org/jetbrains/kotlin/resolve/calls/smartcasts/IdentifierInfo$Expression <init> (Lorg/jetbrains/kotlin/psi/KtExpression;Z)V 2 3348 orig 80 0 0 0 0 0 0 0 0 0 0 0 0 48 2 0 0 0 0 0 0 0 0 0 0 0 0 0 0 0 0 0 0 0 0 0 0 0 0 0 0 0 0 0 0 0 0 0 0 0 0 0 0 0 0 0 0 0 0 0 0 0 0 0 0 0 0 0 0 0 0 0 0 0 0 0 0 0 0 0 0 data 22 0x30002 0xc4f 0x70002 0xc4f 0x110007 0xa10 0x38 0x23f 0x170003 0x23f 0x18 0x0 0x0 0x0 0x0 0x0 0x0 0x9 0x3 0x6 0x0 0x0 oops 0 methods 0
ciMethodData org/jetbrains/kotlin/resolve/calls/smartcasts/IdentifierInfoKt getIdForStableIdentifier (Lorg/jetbrains/kotlin/psi/KtExpression;Lorg/jetbrains/kotlin/resolve/BindingContext;Lorg/jetbrains/kotlin/descriptors/DeclarationDescriptor;Lorg/jetbrains/kotlin/config/LanguageVersionSettings;)Lorg/jetbrains/kotlin/resolve/calls/smartcasts/IdentifierInfo; 2 13036 orig 80 1 0 0 0 0 0 0 0 0 0 0 0 48 2 0 0 0 0 0 0 0 0 0 0 0 0 0 0 0 0 0 0 0 0 0 0 0 0 0 0 0 0 0 0 0 0 0 0 0 0 0 0 0 0 0 0 0 0 0 0 0 0 0 0 0 0 0 0 0 0 0 0 0 0 0 0 0 0 0 0 data 417 0x30002 0x2701 0x90002 0x2701 0xf0002 0x2701 0x130007 0x0 0x60 0x2701 0x170002 0x2701 0x1f0007 0x26fa 0x30 0x7 0x270002 0x7 0x300004 0xffffffffffffe127 0x0 0x2307cc86550 0x22 0x2307cc86600 0x7af 0x330007 0x1ed9 0x228 0x821 0x370004 0x0 0x0 0x2307cc86600 0x7af 0x2307ba7e540 0x72 0x3a0005 0x0 0x0 0x2307cc86600 0x7af 0x2307ba7e540 0x72 0x420004 0x0 0x0 0x2307cc86600 0x7af 0x2307ba7e540 0x72 0x450005 0x0 0x0 0x2307cc86600 0x7af 0x2307ba7e540 0x72 0x510002 0x821 0x5b0002 0x821 0x650005 0x0 0x0 0x2307ba7e5f0 0x7c8 0x2307ba7e6a0 0x59 0x6d0004 0x0 0x0 0x2307cc86600 0x7af 0x2307ba7e540 0x72 0x700005 0x0 0x0 0x2307cc86600 0x7af 0x2307ba7e540 0x72 0x780007 0x7af 0x38 0x72 0x7c0003 0x72 0x18 0x800002 0x821 0x830003 0x821 0x9b8 0x880004 0xffffffffffffe14a 0x0 0x2307cc86550 0x22 0x2307eabd5f0 0x23 0x8b0007 0x1eb6 0x3b8 0x23 0x8f0004 0x0 0x0 0x2307eabd5f0 0x23 0x0 0x0 0x920005 0x0 0x0 0x2307eabd5f0 0x23 0x0 0x0 0x980002 0x23 0x9e0004 0x0 0x0 0x2307eabd5f0 0x23 0x0 0x0 0xa10005 0x0 0x0 0x2307eabd5f0 0x23 0x0 0x0 0xa70004 0x0 0x0 0x2307eabd5f0 0x23 0x0 0x0 0xaa0005 0x0 0x0 0x2307eabd5f0 0x23 0x0 0x0 0xad0005 0x0 0x0 0x2307ce72ee0 0x23 0x0 0x0 0xb90002 0x23 0xbc0007 0x0 0x50 0x23 0xc40002 0x23 0xc70007 0xc 0x70 0x17 0xcd0004 0x0 0x0 0x0 0x0 0x0 0x0 0xd00003 0x17 0x718 0xdc0002 0xc 0xe20005 0x0 0x0 0x2307ba7e5f0 0xc 0x0 0x0 0xeb0004 0x0 0x0 0x0 0x0 0x0 0x0 0xf00005 0x0 0x0 0x2307ba7e5f0 0xc 0x0 0x0 0xf50004 0x0 0x0 0x2307bcfe960 0xc 0x0 0x0 0xf80002 0xc 0xfb0004 0x0 0x0 0x0 0x0 0x0 0x0 0xfe0003 0xc 0x5c8 0x1030004 0xfffffffffffff72a 0x0 0x2307cc86550 0x15e0 0x2307ce6d2e0 0x4 0x1060007 0x8d6 0x80 0x15e0 0x10a0004 0x0 0x0 0x2307cc86550 0x15e0 0x0 0x0 0x1100002 0x15e0 0x1130003 0x15e4 0x510 0x1180004 0xfffffffffffff763 0x0 0x2307eabde80 0x39 0x2307ce6d2e0 0x4 0x11b0007 0x89d 0x218 0x39 0x1220004 0x0 0x0 0x0 0x0 0x0 0x0 0x1260004 0x0 0x0 0x2307eabde80 0x39 0x0 0x0 0x1290005 0x0 0x0 0x2307eabde80 0x39 0x0 0x0 0x12c0005 0x0 0x0 0x2307ba7e5f0 0x39 0x0 0x0 0x1310004 0x0 0x0 0x2307bcf89d0 0x20 0x2307ba7e750 0x19 0x1370004 0x0 0x0 0x2307eabde80 0x39 0x0 0x0 0x13a0005 0x39 0x0 0x0 0x0 0x0 0x0 0x1410007 0x0 0x48 0x39 0x1460002 0x39 0x1490003 0x39 0x2e8 0x1510002 0x0 0x1540003 0x0 0x2c0 0x1590004 0xfffffffffffff797 0x0 0x2307ce72e30 0x34 0x2307ce6d2e0 0x4 0x15c0007 0x869 0x238 0x34 0x1600004 0x0 0x0 0x2307ce72e30 0x34 0x0 0x0 0x1630005 0x0 0x0 0x2307ce72e30 0x34 0x0 0x0 0x1660005 0x0 0x0 0x2307ce72ee0 0x34 0x0 0x0 0x1720007 0x0 0x40 0x34 0x17a0007 0x34 0x100 0x0 0x17e0004 0x0 0x0 0x0 0x0 0x0 0x0 0x1810005 0x0 0x0 0x0 0x0 0x0 0x0 0x1870002 0x0 0x18c0004 0x0 0x0 0x0 0x0 0x0 0x0 0x18f0002 0x0 0x1920003 0x0 0xa0 0x1980004 0x0 0x0 0x0 0x0 0x0 0x0 0x19b0003 0x34 0x50 0x1a10004 0x0 0x0 0x2307cc8ad50 0x10 0x0 0x0 0x0 0x0 0x0 0x0 0x0 0x0 0x0 0x0 0x0 0x9 0x4 0x0 0x0 0x0 0x0 oops 45 21 org/jetbrains/kotlin/psi/KtNameReferenceExpression 23 org/jetbrains/kotlin/psi/KtDotQualifiedExpression 32 org/jetbrains/kotlin/psi/KtDotQualifiedExpression 34 org/jetbrains/kotlin/psi/KtSafeQualifiedExpression 39 org/jetbrains/kotlin/psi/KtDotQualifiedExpression 41 org/jetbrains/kotlin/psi/KtSafeQualifiedExpression 46 org/jetbrains/kotlin/psi/KtDotQualifiedExpression 48 org/jetbrains/kotlin/psi/KtSafeQualifiedExpression 53 org/jetbrains/kotlin/psi/KtDotQualifiedExpression 55 org/jetbrains/kotlin/psi/KtSafeQualifiedExpression 64 org/jetbrains/kotlin/resolve/DelegatingBindingTrace$MyBindingContext 66 org/jetbrains/kotlin/resolve/BindingTraceContext$1 71 org/jetbrains/kotlin/psi/KtDotQualifiedExpression 73 org/jetbrains/kotlin/psi/KtSafeQualifiedExpression 78 org/jetbrains/kotlin/psi/KtDotQualifiedExpression 80 org/jetbrains/kotlin/psi/KtSafeQualifiedExpression 97 org/jetbrains/kotlin/psi/KtNameReferenceExpression 99 org/jetbrains/kotlin/psi/KtBinaryExpressionWithTypeRHS 108 org/jetbrains/kotlin/psi/KtBinaryExpressionWithTypeRHS 115 org/jetbrains/kotlin/psi/KtBinaryExpressionWithTypeRHS 124 org/jetbrains/kotlin/psi/KtBinaryExpressionWithTypeRHS 131 org/jetbrains/kotlin/psi/KtBinaryExpressionWithTypeRHS 138 org/jetbrains/kotlin/psi/KtBinaryExpressionWithTypeRHS 145 org/jetbrains/kotlin/psi/KtBinaryExpressionWithTypeRHS 152 org/jetbrains/kotlin/psi/KtOperationReferenceExpression 183 org/jetbrains/kotlin/resolve/DelegatingBindingTrace$MyBindingContext 197 org/jetbrains/kotlin/resolve/DelegatingBindingTrace$MyBindingContext 204 org/jetbrains/kotlin/types/SimpleTypeImpl 223 org/jetbrains/kotlin/psi/KtNameReferenceExpression 225 org/jetbrains/kotlin/psi/KtStringTemplateExpression 234 org/jetbrains/kotlin/psi/KtNameReferenceExpression 246 org/jetbrains/kotlin/psi/KtThisExpression 248 org/jetbrains/kotlin/psi/KtStringTemplateExpression 264 org/jetbrains/kotlin/psi/KtThisExpression 271 org/jetbrains/kotlin/psi/KtThisExpression 278 org/jetbrains/kotlin/resolve/DelegatingBindingTrace$MyBindingContext 285 org/jetbrains/kotlin/resolve/lazy/descriptors/LazyClassDescriptor 287 org/jetbrains/kotlin/descriptors/impl/AnonymousFunctionDescriptor 292 org/jetbrains/kotlin/psi/KtThisExpression 320 org/jetbrains/kotlin/psi/KtPostfixExpression 322 org/jetbrains/kotlin/psi/KtStringTemplateExpression 331 org/jetbrains/kotlin/psi/KtPostfixExpression 338 org/jetbrains/kotlin/psi/KtPostfixExpression 345 org/jetbrains/kotlin/psi/KtOperationReferenceExpression 398 org/jetbrains/kotlin/resolve/calls/smartcasts/IdentifierInfo$NO methods 0
ciMethodData org/jetbrains/kotlin/psi/KtUnaryExpression getOperationReference ()Lorg/jetbrains/kotlin/psi/KtSimpleNameExpression; 2 1093 orig 80 0 0 0 0 0 0 0 0 0 0 0 0 48 2 0 0 0 0 0 0 0 0 0 0 0 0 0 0 0 0 0 0 0 0 0 0 0 0 0 0 0 0 0 0 0 0 0 0 0 0 0 0 0 0 0 0 0 0 0 0 0 0 0 0 0 0 0 0 0 0 0 0 0 0 0 0 0 0 0 0 data 29 0x40005 0x0 0x0 0x2307ce72d80 0x16c 0x2307ce72e30 0x2d9 0x70004 0x0 0x0 0x2307ce72ee0 0x445 0x0 0x0 0xb0007 0x445 0x30 0x0 0xf0002 0x0 0x0 0x0 0x0 0x0 0x0 0x0 0x9 0x1 0xffffffffffffffff oops 3 3 org/jetbrains/kotlin/psi/KtPrefixExpression 5 org/jetbrains/kotlin/psi/KtPostfixExpression 10 org/jetbrains/kotlin/psi/KtOperationReferenceExpression methods 0
ciMethodData org/jetbrains/kotlin/psi/KtOperationReferenceExpression getReferencedNameElement ()Lorg/jetbrains/kotlin/com/intellij/psi/PsiElement; 2 4730 orig 80 0 0 0 0 0 0 0 0 0 0 0 0 48 2 0 0 0 0 0 0 0 0 0 0 0 0 0 0 0 0 0 0 0 0 0 0 0 0 0 0 0 0 0 0 0 0 0 0 0 0 0 0 0 0 0 0 0 0 0 0 0 0 0 0 0 0 0 0 0 0 0 0 0 0 0 0 0 0 0 0 data 27 0x40005 0x0 0x0 0x2307ce72ee0 0x1179 0x0 0x0 0x80007 0x1179 0x58 0x0 0xd0004 0x0 0x0 0x0 0x0 0x0 0x0 0x0 0x0 0x0 0x0 0x0 0x0 0x9 0x1 0x0 oops 1 3 org/jetbrains/kotlin/psi/KtOperationReferenceExpression methods 0
ciMethod org/jetbrains/kotlin/psi/KtPsiFactory$BlockWrapper getBaseExpression ()Lorg/jetbrains/kotlin/psi/KtExpression; 16 0 8 0 0
ciMethodData org/jetbrains/kotlin/builtins/KotlinBuiltIns getNullableNothingType ()Lorg/jetbrains/kotlin/types/SimpleType; 1 656 orig 80 0 0 0 0 0 0 0 0 0 0 0 0 48 2 0 0 0 0 0 0 0 0 0 0 0 0 0 0 0 0 0 0 0 0 0 0 0 0 0 0 0 0 0 0 0 0 0 0 0 0 0 0 0 0 0 0 0 0 0 0 0 0 0 0 0 0 0 0 0 0 0 0 0 0 0 0 0 0 0 0 data 29 0x10005 0x0 0x0 0x2307bcfcfa0 0x190 0x0 0x0 0x50005 0x0 0x0 0x2307bcfe960 0x190 0x0 0x0 0x90007 0x190 0x30 0x0 0xe0002 0x0 0x0 0x0 0x0 0x0 0x0 0x0 0x9 0x1 0x0 oops 2 3 org/jetbrains/kotlin/builtins/jvm/JvmBuiltIns 10 org/jetbrains/kotlin/types/SimpleTypeImpl methods 0
ciMethodData org/jetbrains/kotlin/builtins/KotlinBuiltIns getNothingType ()Lorg/jetbrains/kotlin/types/SimpleType; 1 966 orig 80 0 0 0 0 0 0 0 0 0 0 0 0 48 2 0 0 0 0 0 0 0 0 0 0 0 0 0 0 0 0 0 0 0 0 0 0 0 0 0 0 0 0 0 0 0 0 0 0 0 0 0 0 0 0 0 0 0 0 0 0 0 0 0 0 0 0 0 0 0 0 0 0 0 0 0 0 0 0 0 0 data 29 0x10005 0x0 0x0 0x2307bcfcfa0 0x246 0x0 0x0 0x40005 0x0 0x0 0x2307bfe7900 0x246 0x0 0x0 0xa0007 0x246 0x30 0x0 0xf0002 0x0 0x0 0x0 0x0 0x0 0x0 0x0 0x9 0x1 0x0 oops 2 3 org/jetbrains/kotlin/builtins/jvm/JvmBuiltIns 10 org/jetbrains/kotlin/serialization/deserialization/descriptors/DeserializedClassDescriptor methods 0
ciMethodData org/jetbrains/kotlin/builtins/KotlinBuiltIns getNothing ()Lorg/jetbrains/kotlin/descriptors/ClassDescriptor; 1 966 orig 80 0 0 0 0 0 0 0 0 0 0 0 0 48 2 0 0 0 0 0 0 0 0 0 0 0 0 0 0 0 0 0 0 0 0 0 0 0 0 0 0 0 0 0 0 0 0 0 0 0 0 0 0 0 0 0 0 0 0 0 0 0 0 0 0 0 0 0 0 0 0 0 0 0 0 0 0 0 0 0 0 data 8 0x40002 0x246 0x0 0x0 0x0 0x9 0x1 0x0 oops 0 methods 0
compile org/jetbrains/kotlin/resolve/calls/smartcasts/DataFlowValueFactoryImpl createDataFlowValue (Lorg/jetbrains/kotlin/psi/KtExpression;Lorg/jetbrains/kotlin/types/KotlinType;Lorg/jetbrains/kotlin/resolve/BindingContext;Lorg/jetbrains/kotlin/descriptors/DeclarationDescriptor;)Lorg/jetbrains/kotlin/resolve/calls/smartcasts/DataFlowValue; -1 4 inline 235 0 -1 org/jetbrains/kotlin/resolve/calls/smartcasts/DataFlowValueFactoryImpl createDataFlowValue (Lorg/jetbrains/kotlin/psi/KtExpression;Lorg/jetbrains/kotlin/types/KotlinType;Lorg/jetbrains/kotlin/resolve/BindingContext;Lorg/jetbrains/kotlin/descriptors/DeclarationDescriptor;)Lorg/jetbrains/kotlin/resolve/calls/smartcasts/DataFlowValue; 1 3 kotlin/jvm/internal/Intrinsics checkNotNullParameter (Ljava/lang/Object;Ljava/lang/String;)V 1 9 kotlin/jvm/internal/Intrinsics checkNotNullParameter (Ljava/lang/Object;Ljava/lang/String;)V 1 15 kotlin/jvm/internal/Intrinsics checkNotNullParameter (Ljava/lang/Object;Ljava/lang/String;)V 1 22 kotlin/jvm/internal/Intrinsics checkNotNullParameter (Ljava/lang/Object;Ljava/lang/String;)V 1 37 org/jetbrains/kotlin/com/intellij/extapi/psi/StubBasedPsiElementBase getNode ()Lorg/jetbrains/kotlin/com/intellij/lang/ASTNode; 2 110 org/jetbrains/kotlin/com/intellij/psi/impl/source/SubstrateRef$2 getNode ()Lorg/jetbrains/kotlin/com/intellij/lang/ASTNode; 1 40 org/jetbrains/kotlin/com/intellij/psi/impl/source/tree/TreeElement getElementType ()Lorg/jetbrains/kotlin/com/intellij/psi/tree/IElementType; 1 56 org/jetbrains/kotlin/resolve/descriptorUtil/DescriptorUtilsKt getBuiltIns (Lorg/jetbrains/kotlin/descriptors/DeclarationDescriptor;)Lorg/jetbrains/kotlin/builtins/KotlinBuiltIns; 2 3 kotlin/jvm/internal/Intrinsics checkNotNullParameter (Ljava/lang/Object;Ljava/lang/String;)V 2 7 org/jetbrains/kotlin/resolve/descriptorUtil/DescriptorUtilsKt getModule (Lorg/jetbrains/kotlin/descriptors/DeclarationDescriptor;)Lorg/jetbrains/kotlin/descriptors/ModuleDescriptor; 3 3 kotlin/jvm/internal/Intrinsics checkNotNullParameter (Ljava/lang/Object;Ljava/lang/String;)V 3 7 org/jetbrains/kotlin/resolve/DescriptorUtils getContainingModule (Lorg/jetbrains/kotlin/descriptors/DeclarationDescriptor;)Lorg/jetbrains/kotlin/descriptors/ModuleDescriptor; 4 10 org/jetbrains/kotlin/resolve/DescriptorUtils getContainingModuleOrNull (Lorg/jetbrains/kotlin/descriptors/DeclarationDescriptor;)Lorg/jetbrains/kotlin/descriptors/ModuleDescriptor; 3 14 kotlin/jvm/internal/Intrinsics checkNotNullExpressionValue (Ljava/lang/Object;Ljava/lang/String;)V 2 10 org/jetbrains/kotlin/descriptors/impl/ModuleDescriptorImpl getBuiltIns ()Lorg/jetbrains/kotlin/builtins/KotlinBuiltIns; 1 59 org/jetbrains/kotlin/resolve/calls/smartcasts/DataFlowValue$Companion nullValue (Lorg/jetbrains/kotlin/builtins/KotlinBuiltIns;)Lorg/jetbrains/kotlin/resolve/calls/smartcasts/DataFlowValue; 2 3 kotlin/jvm/internal/Intrinsics checkNotNullParameter (Ljava/lang/Object;Ljava/lang/String;)V 2 17 org/jetbrains/kotlin/builtins/KotlinBuiltIns getNullableNothingType ()Lorg/jetbrains/kotlin/types/SimpleType; 3 1 org/jetbrains/kotlin/builtins/KotlinBuiltIns getNothingType ()Lorg/jetbrains/kotlin/types/SimpleType; 4 1 org/jetbrains/kotlin/builtins/KotlinBuiltIns getNothing ()Lorg/jetbrains/kotlin/descriptors/ClassDescriptor; 5 4 org/jetbrains/kotlin/builtins/KotlinBuiltIns getBuiltInClassByName (Ljava/lang/String;)Lorg/jetbrains/kotlin/descriptors/ClassDescriptor; 6 14 org/jetbrains/kotlin/name/Name identifier (Ljava/lang/String;)Lorg/jetbrains/kotlin/name/Name; 7 14 org/jetbrains/kotlin/name/Name <init> (Ljava/lang/String;Z)V 8 9 java/lang/Object <init> ()V 6 17 org/jetbrains/kotlin/storage/LockBasedStorageManager$MapBasedMemoizedFunctionToNotNull invoke (Ljava/lang/Object;)Ljava/lang/Object; 4 4 org/jetbrains/kotlin/descriptors/impl/AbstractClassDescriptor getDefaultType ()Lorg/jetbrains/kotlin/types/SimpleType; 5 4 org/jetbrains/kotlin/storage/LockBasedStorageManager$LockBasedNotNullLazyValue invoke ()Ljava/lang/Object; 2 32 org/jetbrains/kotlin/resolve/calls/smartcasts/DataFlowValue <init> (Lorg/jetbrains/kotlin/resolve/calls/smartcasts/IdentifierInfo;Lorg/jetbrains/kotlin/types/KotlinType;Lorg/jetbrains/kotlin/resolve/calls/smartcasts/Nullability;)V 3 3 kotlin/jvm/internal/Intrinsics checkNotNullParameter (Ljava/lang/Object;Ljava/lang/String;)V 3 9 kotlin/jvm/internal/Intrinsics checkNotNullParameter (Ljava/lang/Object;Ljava/lang/String;)V 3 15 kotlin/jvm/internal/Intrinsics checkNotNullParameter (Ljava/lang/Object;Ljava/lang/String;)V 3 19 java/lang/Object <init> ()V 3 39 org/jetbrains/kotlin/resolve/calls/smartcasts/DataFlowValue getKind ()Lorg/jetbrains/kotlin/resolve/calls/smartcasts/DataFlowValue$Kind; 3 49 org/jetbrains/kotlin/resolve/calls/smartcasts/DataFlowValue getKind ()Lorg/jetbrains/kotlin/resolve/calls/smartcasts/DataFlowValue$Kind; 3 59 org/jetbrains/kotlin/resolve/calls/smartcasts/DataFlowValue getKind ()Lorg/jetbrains/kotlin/resolve/calls/smartcasts/DataFlowValue$Kind; 3 69 org/jetbrains/kotlin/resolve/calls/smartcasts/DataFlowValue getKind ()Lorg/jetbrains/kotlin/resolve/calls/smartcasts/DataFlowValue$Kind; 3 79 org/jetbrains/kotlin/resolve/calls/smartcasts/DataFlowValue getKind ()Lorg/jetbrains/kotlin/resolve/calls/smartcasts/DataFlowValue$Kind; 3 89 org/jetbrains/kotlin/resolve/calls/smartcasts/DataFlowValue getKind ()Lorg/jetbrains/kotlin/resolve/calls/smartcasts/DataFlowValue$Kind; 1 66 org/jetbrains/kotlin/types/KotlinTypeKt isError (Lorg/jetbrains/kotlin/types/KotlinType;)Z 2 3 kotlin/jvm/internal/Intrinsics checkNotNullParameter (Ljava/lang/Object;Ljava/lang/String;)V 1 79 org/jetbrains/kotlin/builtins/KotlinBuiltIns isNullableNothing (Lorg/jetbrains/kotlin/types/KotlinType;)Z 2 11 org/jetbrains/kotlin/builtins/KotlinBuiltIns isNothingOrNullableNothing (Lorg/jetbrains/kotlin/types/KotlinType;)Z 3 14 org/jetbrains/kotlin/builtins/KotlinBuiltIns isConstructedFromGivenClass (Lorg/jetbrains/kotlin/types/KotlinType;Lorg/jetbrains/kotlin/name/FqNameUnsafe;)Z 4 23 org/jetbrains/kotlin/builtins/KotlinBuiltIns isTypeConstructorForGivenClass (Lorg/jetbrains/kotlin/types/TypeConstructor;Lorg/jetbrains/kotlin/name/FqNameUnsafe;)Z 2 18 org/jetbrains/kotlin/types/TypeUtils isNullableType (Lorg/jetbrains/kotlin/types/KotlinType;)Z 3 19 org/jetbrains/kotlin/types/FlexibleTypesKt isFlexible (Lorg/jetbrains/kotlin/types/KotlinType;)Z 4 3 kotlin/jvm/internal/Intrinsics checkNotNullParameter (Ljava/lang/Object;Ljava/lang/String;)V 3 26 org/jetbrains/kotlin/types/FlexibleTypesKt asFlexibleType (Lorg/jetbrains/kotlin/types/KotlinType;)Lorg/jetbrains/kotlin/types/FlexibleType; 4 3 kotlin/jvm/internal/Intrinsics checkNotNullParameter (Ljava/lang/Object;Ljava/lang/String;)V 4 7 org/jetbrains/kotlin/types/UnwrappedType unwrap ()Lorg/jetbrains/kotlin/types/UnwrappedType; 4 13 kotlin/jvm/internal/Intrinsics checkNotNull (Ljava/lang/Object;Ljava/lang/String;)V 3 29 org/jetbrains/kotlin/types/FlexibleType getUpperBound ()Lorg/jetbrains/kotlin/types/SimpleType; 3 32 org/jetbrains/kotlin/types/TypeUtils isNullableType (Lorg/jetbrains/kotlin/types/KotlinType;)Z 4 19 org/jetbrains/kotlin/types/FlexibleTypesKt isFlexible (Lorg/jetbrains/kotlin/types/KotlinType;)Z 5 3 kotlin/jvm/internal/Intrinsics checkNotNullParameter (Ljava/lang/Object;Ljava/lang/String;)V 5 7 org/jetbrains/kotlin/types/UnwrappedType unwrap ()Lorg/jetbrains/kotlin/types/UnwrappedType; 4 41 org/jetbrains/kotlin/types/SpecialTypesKt isDefinitelyNotNullType (Lorg/jetbrains/kotlin/types/KotlinType;)Z 5 3 kotlin/jvm/internal/Intrinsics checkNotNullParameter (Ljava/lang/Object;Ljava/lang/String;)V 5 7 org/jetbrains/kotlin/types/UnwrappedType unwrap ()Lorg/jetbrains/kotlin/types/UnwrappedType; 4 50 org/jetbrains/kotlin/types/TypeUtils isTypeParameter (Lorg/jetbrains/kotlin/types/KotlinType;)Z 5 10 org/jetbrains/kotlin/types/TypeUtils getTypeParameterDescriptorOrNull (Lorg/jetbrains/kotlin/types/KotlinType;)Lorg/jetbrains/kotlin/descriptors/TypeParameterDescriptor; 6 28 org/jetbrains/kotlin/descriptors/impl/AbstractTypeParameterDescriptor$TypeParameterTypeConstructor getDeclarationDescriptor ()Lorg/jetbrains/kotlin/descriptors/ClassifierDescriptor; 3 41 org/jetbrains/kotlin/types/SpecialTypesKt isDefinitelyNotNullType (Lorg/jetbrains/kotlin/types/KotlinType;)Z 4 3 kotlin/jvm/internal/Intrinsics checkNotNullParameter (Ljava/lang/Object;Ljava/lang/String;)V 3 50 org/jetbrains/kotlin/types/TypeUtils isTypeParameter (Lorg/jetbrains/kotlin/types/KotlinType;)Z 4 10 org/jetbrains/kotlin/types/TypeUtils getTypeParameterDescriptorOrNull (Lorg/jetbrains/kotlin/types/KotlinType;)Lorg/jetbrains/kotlin/descriptors/TypeParameterDescriptor; 5 28 org/jetbrains/kotlin/descriptors/impl/AbstractTypeParameterDescriptor$TypeParameterTypeConstructor getDeclarationDescriptor ()Lorg/jetbrains/kotlin/descriptors/ClassifierDescriptor; 1 90 org/jetbrains/kotlin/resolve/descriptorUtil/DescriptorUtilsKt getBuiltIns (Lorg/jetbrains/kotlin/descriptors/DeclarationDescriptor;)Lorg/jetbrains/kotlin/builtins/KotlinBuiltIns; 2 3 kotlin/jvm/internal/Intrinsics checkNotNullParameter (Ljava/lang/Object;Ljava/lang/String;)V 2 7 org/jetbrains/kotlin/resolve/descriptorUtil/DescriptorUtilsKt getModule (Lorg/jetbrains/kotlin/descriptors/DeclarationDescriptor;)Lorg/jetbrains/kotlin/descriptors/ModuleDescriptor; 3 3 kotlin/jvm/internal/Intrinsics checkNotNullParameter (Ljava/lang/Object;Ljava/lang/String;)V 3 7 org/jetbrains/kotlin/resolve/DescriptorUtils getContainingModule (Lorg/jetbrains/kotlin/descriptors/DeclarationDescriptor;)Lorg/jetbrains/kotlin/descriptors/ModuleDescriptor; 4 10 org/jetbrains/kotlin/resolve/DescriptorUtils getContainingModuleOrNull (Lorg/jetbrains/kotlin/descriptors/DeclarationDescriptor;)Lorg/jetbrains/kotlin/descriptors/ModuleDescriptor; 3 14 kotlin/jvm/internal/Intrinsics checkNotNullExpressionValue (Ljava/lang/Object;Ljava/lang/String;)V 2 10 org/jetbrains/kotlin/descriptors/impl/ModuleDescriptorImpl getBuiltIns ()Lorg/jetbrains/kotlin/builtins/KotlinBuiltIns; 1 100 org/jetbrains/kotlin/psi/KtPsiUtil deparenthesize (Lorg/jetbrains/kotlin/psi/KtExpression;)Lorg/jetbrains/kotlin/psi/KtExpression; 2 2 org/jetbrains/kotlin/psi/KtPsiUtil deparenthesize (Lorg/jetbrains/kotlin/psi/KtExpression;Z)Lorg/jetbrains/kotlin/psi/KtExpression; 3 2 org/jetbrains/kotlin/psi/KtPsiUtil deparenthesizeOnce (Lorg/jetbrains/kotlin/psi/KtExpression;Z)Lorg/jetbrains/kotlin/psi/KtExpression; 4 45 org/jetbrains/kotlin/psi/KtPsiFactory$BlockWrapper getBaseExpression ()Lorg/jetbrains/kotlin/psi/KtExpression; 1 103 org/jetbrains/kotlin/types/expressions/ExpressionTypingUtils isExclExclExpression (Lorg/jetbrains/kotlin/psi/KtExpression;)Z 2 11 org/jetbrains/kotlin/psi/KtUnaryExpression getOperationReference ()Lorg/jetbrains/kotlin/psi/KtSimpleNameExpression; 3 4 org/jetbrains/kotlin/com/intellij/extapi/psi/ASTDelegatePsiElement findChildByType (Lorg/jetbrains/kotlin/com/intellij/psi/tree/IElementType;)Lorg/jetbrains/kotlin/com/intellij/psi/PsiElement; 4 1 org/jetbrains/kotlin/com/intellij/extapi/psi/ASTWrapperPsiElement getNode ()Lorg/jetbrains/kotlin/com/intellij/lang/ASTNode; 4 5 org/jetbrains/kotlin/com/intellij/psi/impl/source/tree/CompositeElement findChildByType (Lorg/jetbrains/kotlin/com/intellij/psi/tree/IElementType;)Lorg/jetbrains/kotlin/com/intellij/lang/ASTNode; 5 20 org/jetbrains/kotlin/com/intellij/psi/impl/source/tree/CompositeElement getFirstChildNode ()Lorg/jetbrains/kotlin/com/intellij/psi/impl/source/tree/TreeElement; 5 29 org/jetbrains/kotlin/com/intellij/psi/impl/source/tree/TreeElement getElementType ()Lorg/jetbrains/kotlin/com/intellij/psi/tree/IElementType; 5 41 org/jetbrains/kotlin/com/intellij/psi/impl/source/tree/TreeElement getTreeNext ()Lorg/jetbrains/kotlin/com/intellij/lang/ASTNode; 6 1 org/jetbrains/kotlin/com/intellij/psi/impl/source/tree/TreeElement getTreeNext ()Lorg/jetbrains/kotlin/com/intellij/psi/impl/source/tree/TreeElement; 4 20 org/jetbrains/kotlin/com/intellij/psi/impl/source/tree/LeafPsiElement getPsi ()Lorg/jetbrains/kotlin/com/intellij/psi/PsiElement; 2 14 org/jetbrains/kotlin/psi/KtSimpleNameExpressionImpl getReferencedNameElementType ()Lorg/jetbrains/kotlin/com/intellij/psi/tree/IElementType; 3 7 org/jetbrains/kotlin/psi/KtSimpleNameExpressionImpl$Companion getReferencedNameElementTypeImpl (Lorg/jetbrains/kotlin/psi/KtSimpleNameExpression;)Lorg/jetbrains/kotlin/com/intellij/psi/tree/IElementType; 4 3 kotlin/jvm/internal/Intrinsics checkNotNullParameter (Ljava/lang/Object;Ljava/lang/String;)V 4 7 org/jetbrains/kotlin/psi/KtOperationReferenceExpression getReferencedNameElement ()Lorg/jetbrains/kotlin/com/intellij/psi/PsiElement; 5 4 org/jetbrains/kotlin/com/intellij/extapi/psi/ASTDelegatePsiElement findChildByType (Lorg/jetbrains/kotlin/com/intellij/psi/tree/TokenSet;)Lorg/jetbrains/kotlin/com/intellij/psi/PsiElement; 6 1 org/jetbrains/kotlin/com/intellij/extapi/psi/ASTWrapperPsiElement getNode ()Lorg/jetbrains/kotlin/com/intellij/lang/ASTNode; 6 5 org/jetbrains/kotlin/com/intellij/psi/impl/source/tree/CompositeElement findChildByType (Lorg/jetbrains/kotlin/com/intellij/psi/tree/TokenSet;)Lorg/jetbrains/kotlin/com/intellij/lang/ASTNode; 7 20 org/jetbrains/kotlin/com/intellij/psi/impl/source/tree/CompositeElement getFirstChildNode ()Lorg/jetbrains/kotlin/com/intellij/psi/impl/source/tree/TreeElement; 7 30 org/jetbrains/kotlin/com/intellij/psi/impl/source/tree/TreeElement getElementType ()Lorg/jetbrains/kotlin/com/intellij/psi/tree/IElementType; 7 35 org/jetbrains/kotlin/com/intellij/psi/tree/TokenSet contains (Lorg/jetbrains/kotlin/com/intellij/psi/tree/IElementType;)Z 8 7 org/jetbrains/kotlin/com/intellij/psi/tree/IElementType getIndex ()S 8 26 org/jetbrains/kotlin/com/intellij/psi/tree/TokenSet get (I)Z 7 44 org/jetbrains/kotlin/com/intellij/psi/impl/source/tree/TreeElement getTreeNext ()Lorg/jetbrains/kotlin/com/intellij/lang/ASTNode; 8 1 org/jetbrains/kotlin/com/intellij/psi/impl/source/tree/TreeElement getTreeNext ()Lorg/jetbrains/kotlin/com/intellij/psi/impl/source/tree/TreeElement; 6 20 org/jetbrains/kotlin/com/intellij/psi/impl/source/tree/LeafPsiElement getPsi ()Lorg/jetbrains/kotlin/com/intellij/psi/PsiElement; 4 12 org/jetbrains/kotlin/com/intellij/psi/impl/source/tree/LeafPsiElement getNode ()Lorg/jetbrains/kotlin/com/intellij/lang/ASTNode; 4 18 kotlin/jvm/internal/Intrinsics checkNotNull (Ljava/lang/Object;)V 4 21 org/jetbrains/kotlin/com/intellij/psi/impl/source/tree/TreeElement getElementType ()Lorg/jetbrains/kotlin/com/intellij/psi/tree/IElementType; 4 29 kotlin/jvm/internal/Intrinsics checkNotNullExpressionValue (Ljava/lang/Object;Ljava/lang/String;)V 1 121 org/jetbrains/kotlin/resolve/calls/smartcasts/IdentifierInfo$Expression <init> (Lorg/jetbrains/kotlin/psi/KtExpression;ZILkotlin/jvm/internal/DefaultConstructorMarker;)V 2 11 org/jetbrains/kotlin/resolve/calls/smartcasts/IdentifierInfo$Expression <init> (Lorg/jetbrains/kotlin/psi/KtExpression;Z)V 3 3 kotlin/jvm/internal/Intrinsics checkNotNullParameter (Ljava/lang/Object;Ljava/lang/String;)V 3 7 java/lang/Object <init> ()V 1 131 org/jetbrains/kotlin/resolve/calls/smartcasts/DataFlowValue <init> (Lorg/jetbrains/kotlin/resolve/calls/smartcasts/IdentifierInfo;Lorg/jetbrains/kotlin/types/KotlinType;Lorg/jetbrains/kotlin/resolve/calls/smartcasts/Nullability;)V 2 3 kotlin/jvm/internal/Intrinsics checkNotNullParameter (Ljava/lang/Object;Ljava/lang/String;)V 2 9 kotlin/jvm/internal/Intrinsics checkNotNullParameter (Ljava/lang/Object;Ljava/lang/String;)V 2 15 kotlin/jvm/internal/Intrinsics checkNotNullParameter (Ljava/lang/Object;Ljava/lang/String;)V 2 19 java/lang/Object <init> ()V 2 39 org/jetbrains/kotlin/resolve/calls/smartcasts/DataFlowValue getKind ()Lorg/jetbrains/kotlin/resolve/calls/smartcasts/DataFlowValue$Kind; 2 49 org/jetbrains/kotlin/resolve/calls/smartcasts/DataFlowValue getKind ()Lorg/jetbrains/kotlin/resolve/calls/smartcasts/DataFlowValue$Kind; 2 59 org/jetbrains/kotlin/resolve/calls/smartcasts/DataFlowValue getKind ()Lorg/jetbrains/kotlin/resolve/calls/smartcasts/DataFlowValue$Kind; 2 69 org/jetbrains/kotlin/resolve/calls/smartcasts/DataFlowValue getKind ()Lorg/jetbrains/kotlin/resolve/calls/smartcasts/DataFlowValue$Kind; 2 79 org/jetbrains/kotlin/resolve/calls/smartcasts/DataFlowValue getKind ()Lorg/jetbrains/kotlin/resolve/calls/smartcasts/DataFlowValue$Kind; 2 89 org/jetbrains/kotlin/resolve/calls/smartcasts/DataFlowValue getKind ()Lorg/jetbrains/kotlin/resolve/calls/smartcasts/DataFlowValue$Kind; 1 139 org/jetbrains/kotlin/resolve/calls/smartcasts/DataFlowValueFactoryImpl isComplexExpression (Lorg/jetbrains/kotlin/psi/KtExpression;)Z 2 38 org/jetbrains/kotlin/psi/KtBinaryExpression getOperationToken ()Lorg/jetbrains/kotlin/com/intellij/psi/tree/IElementType; 3 1 org/jetbrains/kotlin/psi/KtBinaryExpression getOperationReference ()Lorg/jetbrains/kotlin/psi/KtOperationReferenceExpression; 4 4 org/jetbrains/kotlin/com/intellij/extapi/psi/ASTDelegatePsiElement findChildByType (Lorg/jetbrains/kotlin/com/intellij/psi/tree/IElementType;)Lorg/jetbrains/kotlin/com/intellij/psi/PsiElement; 5 1 org/jetbrains/kotlin/com/intellij/extapi/psi/ASTWrapperPsiElement getNode ()Lorg/jetbrains/kotlin/com/intellij/lang/ASTNode; 5 5 org/jetbrains/kotlin/com/intellij/psi/impl/source/tree/CompositeElement findChildByType (Lorg/jetbrains/kotlin/com/intellij/psi/tree/IElementType;)Lorg/jetbrains/kotlin/com/intellij/lang/ASTNode; 6 20 org/jetbrains/kotlin/com/intellij/psi/impl/source/tree/CompositeElement getFirstChildNode ()Lorg/jetbrains/kotlin/com/intellij/psi/impl/source/tree/TreeElement; 6 29 org/jetbrains/kotlin/com/intellij/psi/impl/source/tree/TreeElement getElementType ()Lorg/jetbrains/kotlin/com/intellij/psi/tree/IElementType; 6 41 org/jetbrains/kotlin/com/intellij/psi/impl/source/tree/TreeElement getTreeNext ()Lorg/jetbrains/kotlin/com/intellij/lang/ASTNode; 7 1 org/jetbrains/kotlin/com/intellij/psi/impl/source/tree/TreeElement getTreeNext ()Lorg/jetbrains/kotlin/com/intellij/psi/impl/source/tree/TreeElement; 5 20 org/jetbrains/kotlin/com/intellij/psi/impl/source/tree/LeafPsiElement getPsi ()Lorg/jetbrains/kotlin/com/intellij/psi/PsiElement; 3 4 org/jetbrains/kotlin/psi/KtSimpleNameExpressionImpl getReferencedNameElementType ()Lorg/jetbrains/kotlin/com/intellij/psi/tree/IElementType; 4 7 org/jetbrains/kotlin/psi/KtSimpleNameExpressionImpl$Companion getReferencedNameElementTypeImpl (Lorg/jetbrains/kotlin/psi/KtSimpleNameExpression;)Lorg/jetbrains/kotlin/com/intellij/psi/tree/IElementType; 5 3 kotlin/jvm/internal/Intrinsics checkNotNullParameter (Ljava/lang/Object;Ljava/lang/String;)V 5 7 org/jetbrains/kotlin/psi/KtOperationReferenceExpression getReferencedNameElement ()Lorg/jetbrains/kotlin/com/intellij/psi/PsiElement; 6 4 org/jetbrains/kotlin/com/intellij/extapi/psi/ASTDelegatePsiElement findChildByType (Lorg/jetbrains/kotlin/com/intellij/psi/tree/TokenSet;)Lorg/jetbrains/kotlin/com/intellij/psi/PsiElement; 7 1 org/jetbrains/kotlin/com/intellij/extapi/psi/ASTWrapperPsiElement getNode ()Lorg/jetbrains/kotlin/com/intellij/lang/ASTNode; 7 5 org/jetbrains/kotlin/com/intellij/psi/impl/source/tree/CompositeElement findChildByType (Lorg/jetbrains/kotlin/com/intellij/psi/tree/TokenSet;)Lorg/jetbrains/kotlin/com/intellij/lang/ASTNode; 8 20 org/jetbrains/kotlin/com/intellij/psi/impl/source/tree/CompositeElement getFirstChildNode ()Lorg/jetbrains/kotlin/com/intellij/psi/impl/source/tree/TreeElement; 8 30 org/jetbrains/kotlin/com/intellij/psi/impl/source/tree/TreeElement getElementType ()Lorg/jetbrains/kotlin/com/intellij/psi/tree/IElementType; 8 35 org/jetbrains/kotlin/com/intellij/psi/tree/TokenSet contains (Lorg/jetbrains/kotlin/com/intellij/psi/tree/IElementType;)Z 9 7 org/jetbrains/kotlin/com/intellij/psi/tree/IElementType getIndex ()S 9 26 org/jetbrains/kotlin/com/intellij/psi/tree/TokenSet get (I)Z 8 44 org/jetbrains/kotlin/com/intellij/psi/impl/source/tree/TreeElement getTreeNext ()Lorg/jetbrains/kotlin/com/intellij/lang/ASTNode; 9 1 org/jetbrains/kotlin/com/intellij/psi/impl/source/tree/TreeElement getTreeNext ()Lorg/jetbrains/kotlin/com/intellij/psi/impl/source/tree/TreeElement; 7 20 org/jetbrains/kotlin/com/intellij/psi/impl/source/tree/LeafPsiElement getPsi ()Lorg/jetbrains/kotlin/com/intellij/psi/PsiElement; 5 12 org/jetbrains/kotlin/com/intellij/psi/impl/source/tree/LeafPsiElement getNode ()Lorg/jetbrains/kotlin/com/intellij/lang/ASTNode; 5 18 kotlin/jvm/internal/Intrinsics checkNotNull (Ljava/lang/Object;)V 5 21 org/jetbrains/kotlin/com/intellij/psi/impl/source/tree/TreeElement getElementType ()Lorg/jetbrains/kotlin/com/intellij/psi/tree/IElementType; 5 29 kotlin/jvm/internal/Intrinsics checkNotNullExpressionValue (Ljava/lang/Object;Ljava/lang/String;)V 1 155 org/jetbrains/kotlin/resolve/calls/smartcasts/IdentifierInfo$Expression <init> (Lorg/jetbrains/kotlin/psi/KtExpression;Z)V 2 3 kotlin/jvm/internal/Intrinsics checkNotNullParameter (Ljava/lang/Object;Ljava/lang/String;)V 2 7 java/lang/Object <init> ()V 1 165 org/jetbrains/kotlin/resolve/calls/smartcasts/DataFlowValue <init> (Lorg/jetbrains/kotlin/resolve/calls/smartcasts/IdentifierInfo;Lorg/jetbrains/kotlin/types/KotlinType;Lorg/jetbrains/kotlin/resolve/calls/smartcasts/Nullability;ILkotlin/jvm/internal/DefaultConstructorMarker;)V 2 8 org/jetbrains/kotlin/resolve/calls/smartcasts/DataFlowValueKt access$getImmanentNullability (Lorg/jetbrains/kotlin/types/KotlinType;)Lorg/jetbrains/kotlin/resolve/calls/smartcasts/Nullability; 3 1 org/jetbrains/kotlin/resolve/calls/smartcasts/DataFlowValueKt getImmanentNullability (Lorg/jetbrains/kotlin/types/KotlinType;)Lorg/jetbrains/kotlin/resolve/calls/smartcasts/Nullability; 4 1 org/jetbrains/kotlin/types/TypeUtils isNullableType (Lorg/jetbrains/kotlin/types/KotlinType;)Z 5 19 org/jetbrains/kotlin/types/FlexibleTypesKt isFlexible (Lorg/jetbrains/kotlin/types/KotlinType;)Z 6 3 kotlin/jvm/internal/Intrinsics checkNotNullParameter (Ljava/lang/Object;Ljava/lang/String;)V 5 26 org/jetbrains/kotlin/types/FlexibleTypesKt asFlexibleType (Lorg/jetbrains/kotlin/types/KotlinType;)Lorg/jetbrains/kotlin/types/FlexibleType; 6 3 kotlin/jvm/internal/Intrinsics checkNotNullParameter (Ljava/lang/Object;Ljava/lang/String;)V 6 7 org/jetbrains/kotlin/types/UnwrappedType unwrap ()Lorg/jetbrains/kotlin/types/UnwrappedType; 6 13 kotlin/jvm/internal/Intrinsics checkNotNull (Ljava/lang/Object;Ljava/lang/String;)V 5 29 org/jetbrains/kotlin/types/FlexibleType getUpperBound ()Lorg/jetbrains/kotlin/types/SimpleType; 5 32 org/jetbrains/kotlin/types/TypeUtils isNullableType (Lorg/jetbrains/kotlin/types/KotlinType;)Z 6 19 org/jetbrains/kotlin/types/FlexibleTypesKt isFlexible (Lorg/jetbrains/kotlin/types/KotlinType;)Z 7 3 kotlin/jvm/internal/Intrinsics checkNotNullParameter (Ljava/lang/Object;Ljava/lang/String;)V 7 7 org/jetbrains/kotlin/types/UnwrappedType unwrap ()Lorg/jetbrains/kotlin/types/UnwrappedType; 6 41 org/jetbrains/kotlin/types/SpecialTypesKt isDefinitelyNotNullType (Lorg/jetbrains/kotlin/types/KotlinType;)Z 7 3 kotlin/jvm/internal/Intrinsics checkNotNullParameter (Ljava/lang/Object;Ljava/lang/String;)V 7 7 org/jetbrains/kotlin/types/UnwrappedType unwrap ()Lorg/jetbrains/kotlin/types/UnwrappedType; 6 50 org/jetbrains/kotlin/types/TypeUtils isTypeParameter (Lorg/jetbrains/kotlin/types/KotlinType;)Z 7 10 org/jetbrains/kotlin/types/TypeUtils getTypeParameterDescriptorOrNull (Lorg/jetbrains/kotlin/types/KotlinType;)Lorg/jetbrains/kotlin/descriptors/TypeParameterDescriptor; 8 28 org/jetbrains/kotlin/descriptors/impl/AbstractTypeParameterDescriptor$TypeParameterTypeConstructor getDeclarationDescriptor ()Lorg/jetbrains/kotlin/descriptors/ClassifierDescriptor; 5 41 org/jetbrains/kotlin/types/SpecialTypesKt isDefinitelyNotNullType (Lorg/jetbrains/kotlin/types/KotlinType;)Z 6 3 kotlin/jvm/internal/Intrinsics checkNotNullParameter (Ljava/lang/Object;Ljava/lang/String;)V 5 50 org/jetbrains/kotlin/types/TypeUtils isTypeParameter (Lorg/jetbrains/kotlin/types/KotlinType;)Z 6 10 org/jetbrains/kotlin/types/TypeUtils getTypeParameterDescriptorOrNull (Lorg/jetbrains/kotlin/types/KotlinType;)Lorg/jetbrains/kotlin/descriptors/TypeParameterDescriptor; 7 28 org/jetbrains/kotlin/descriptors/impl/AbstractTypeParameterDescriptor$TypeParameterTypeConstructor getDeclarationDescriptor ()Lorg/jetbrains/kotlin/descriptors/ClassifierDescriptor; 2 16 org/jetbrains/kotlin/resolve/calls/smartcasts/DataFlowValue <init> (Lorg/jetbrains/kotlin/resolve/calls/smartcasts/IdentifierInfo;Lorg/jetbrains/kotlin/types/KotlinType;Lorg/jetbrains/kotlin/resolve/calls/smartcasts/Nullability;)V 3 3 kotlin/jvm/internal/Intrinsics checkNotNullParameter (Ljava/lang/Object;Ljava/lang/String;)V 3 9 kotlin/jvm/internal/Intrinsics checkNotNullParameter (Ljava/lang/Object;Ljava/lang/String;)V 3 15 kotlin/jvm/internal/Intrinsics checkNotNullParameter (Ljava/lang/Object;Ljava/lang/String;)V 3 19 java/lang/Object <init> ()V 3 39 org/jetbrains/kotlin/resolve/calls/smartcasts/DataFlowValue getKind ()Lorg/jetbrains/kotlin/resolve/calls/smartcasts/DataFlowValue$Kind; 3 49 org/jetbrains/kotlin/resolve/calls/smartcasts/DataFlowValue getKind ()Lorg/jetbrains/kotlin/resolve/calls/smartcasts/DataFlowValue$Kind; 3 59 org/jetbrains/kotlin/resolve/calls/smartcasts/DataFlowValue getKind ()Lorg/jetbrains/kotlin/resolve/calls/smartcasts/DataFlowValue$Kind; 3 69 org/jetbrains/kotlin/resolve/calls/smartcasts/DataFlowValue getKind ()Lorg/jetbrains/kotlin/resolve/calls/smartcasts/DataFlowValue$Kind; 3 79 org/jetbrains/kotlin/resolve/calls/smartcasts/DataFlowValue getKind ()Lorg/jetbrains/kotlin/resolve/calls/smartcasts/DataFlowValue$Kind; 3 89 org/jetbrains/kotlin/resolve/calls/smartcasts/DataFlowValue getKind ()Lorg/jetbrains/kotlin/resolve/calls/smartcasts/DataFlowValue$Kind; 1 204 org/jetbrains/kotlin/resolve/calls/smartcasts/IdentifierInfo$Expression <init> (Lorg/jetbrains/kotlin/psi/KtExpression;ZILkotlin/jvm/internal/DefaultConstructorMarker;)V 2 11 org/jetbrains/kotlin/resolve/calls/smartcasts/IdentifierInfo$Expression <init> (Lorg/jetbrains/kotlin/psi/KtExpression;Z)V 3 3 kotlin/jvm/internal/Intrinsics checkNotNullParameter (Ljava/lang/Object;Ljava/lang/String;)V 3 7 java/lang/Object <init> ()V 1 219 org/jetbrains/kotlin/resolve/calls/smartcasts/DataFlowValue <init> (Lorg/jetbrains/kotlin/resolve/calls/smartcasts/IdentifierInfo;Lorg/jetbrains/kotlin/types/KotlinType;Lorg/jetbrains/kotlin/resolve/calls/smartcasts/Nullability;ILkotlin/jvm/internal/DefaultConstructorMarker;)V 2 8 org/jetbrains/kotlin/resolve/calls/smartcasts/DataFlowValueKt access$getImmanentNullability (Lorg/jetbrains/kotlin/types/KotlinType;)Lorg/jetbrains/kotlin/resolve/calls/smartcasts/Nullability; 3 1 org/jetbrains/kotlin/resolve/calls/smartcasts/DataFlowValueKt getImmanentNullability (Lorg/jetbrains/kotlin/types/KotlinType;)Lorg/jetbrains/kotlin/resolve/calls/smartcasts/Nullability; 4 1 org/jetbrains/kotlin/types/TypeUtils isNullableType (Lorg/jetbrains/kotlin/types/KotlinType;)Z 5 19 org/jetbrains/kotlin/types/FlexibleTypesKt isFlexible (Lorg/jetbrains/kotlin/types/KotlinType;)Z 6 3 kotlin/jvm/internal/Intrinsics checkNotNullParameter (Ljava/lang/Object;Ljava/lang/String;)V 5 26 org/jetbrains/kotlin/types/FlexibleTypesKt asFlexibleType (Lorg/jetbrains/kotlin/types/KotlinType;)Lorg/jetbrains/kotlin/types/FlexibleType; 6 3 kotlin/jvm/internal/Intrinsics checkNotNullParameter (Ljava/lang/Object;Ljava/lang/String;)V 6 7 org/jetbrains/kotlin/types/UnwrappedType unwrap ()Lorg/jetbrains/kotlin/types/UnwrappedType; 6 13 kotlin/jvm/internal/Intrinsics checkNotNull (Ljava/lang/Object;Ljava/lang/String;)V 5 29 org/jetbrains/kotlin/types/FlexibleType getUpperBound ()Lorg/jetbrains/kotlin/types/SimpleType; 5 32 org/jetbrains/kotlin/types/TypeUtils isNullableType (Lorg/jetbrains/kotlin/types/KotlinType;)Z 6 19 org/jetbrains/kotlin/types/FlexibleTypesKt isFlexible (Lorg/jetbrains/kotlin/types/KotlinType;)Z 7 3 kotlin/jvm/internal/Intrinsics checkNotNullParameter (Ljava/lang/Object;Ljava/lang/String;)V 7 7 org/jetbrains/kotlin/types/UnwrappedType unwrap ()Lorg/jetbrains/kotlin/types/UnwrappedType; 6 41 org/jetbrains/kotlin/types/SpecialTypesKt isDefinitelyNotNullType (Lorg/jetbrains/kotlin/types/KotlinType;)Z 7 3 kotlin/jvm/internal/Intrinsics checkNotNullParameter (Ljava/lang/Object;Ljava/lang/String;)V 7 7 org/jetbrains/kotlin/types/UnwrappedType unwrap ()Lorg/jetbrains/kotlin/types/UnwrappedType; 6 50 org/jetbrains/kotlin/types/TypeUtils isTypeParameter (Lorg/jetbrains/kotlin/types/KotlinType;)Z 7 10 org/jetbrains/kotlin/types/TypeUtils getTypeParameterDescriptorOrNull (Lorg/jetbrains/kotlin/types/KotlinType;)Lorg/jetbrains/kotlin/descriptors/TypeParameterDescriptor; 8 28 org/jetbrains/kotlin/descriptors/impl/AbstractTypeParameterDescriptor$TypeParameterTypeConstructor getDeclarationDescriptor ()Lorg/jetbrains/kotlin/descriptors/ClassifierDescriptor; 5 41 org/jetbrains/kotlin/types/SpecialTypesKt isDefinitelyNotNullType (Lorg/jetbrains/kotlin/types/KotlinType;)Z 6 3 kotlin/jvm/internal/Intrinsics checkNotNullParameter (Ljava/lang/Object;Ljava/lang/String;)V 5 50 org/jetbrains/kotlin/types/TypeUtils isTypeParameter (Lorg/jetbrains/kotlin/types/KotlinType;)Z 6 10 org/jetbrains/kotlin/types/TypeUtils getTypeParameterDescriptorOrNull (Lorg/jetbrains/kotlin/types/KotlinType;)Lorg/jetbrains/kotlin/descriptors/TypeParameterDescriptor; 7 28 org/jetbrains/kotlin/descriptors/impl/AbstractTypeParameterDescriptor$TypeParameterTypeConstructor getDeclarationDescriptor ()Lorg/jetbrains/kotlin/descriptors/ClassifierDescriptor; 2 16 org/jetbrains/kotlin/resolve/calls/smartcasts/DataFlowValue <init> (Lorg/jetbrains/kotlin/resolve/calls/smartcasts/IdentifierInfo;Lorg/jetbrains/kotlin/types/KotlinType;Lorg/jetbrains/kotlin/resolve/calls/smartcasts/Nullability;)V 3 3 kotlin/jvm/internal/Intrinsics checkNotNullParameter (Ljava/lang/Object;Ljava/lang/String;)V 3 9 kotlin/jvm/internal/Intrinsics checkNotNullParameter (Ljava/lang/Object;Ljava/lang/String;)V 3 15 kotlin/jvm/internal/Intrinsics checkNotNullParameter (Ljava/lang/Object;Ljava/lang/String;)V 3 19 java/lang/Object <init> ()V 3 39 org/jetbrains/kotlin/resolve/calls/smartcasts/DataFlowValue getKind ()Lorg/jetbrains/kotlin/resolve/calls/smartcasts/DataFlowValue$Kind; 3 49 org/jetbrains/kotlin/resolve/calls/smartcasts/DataFlowValue getKind ()Lorg/jetbrains/kotlin/resolve/calls/smartcasts/DataFlowValue$Kind; 3 59 org/jetbrains/kotlin/resolve/calls/smartcasts/DataFlowValue getKind ()Lorg/jetbrains/kotlin/resolve/calls/smartcasts/DataFlowValue$Kind; 3 69 org/jetbrains/kotlin/resolve/calls/smartcasts/DataFlowValue getKind ()Lorg/jetbrains/kotlin/resolve/calls/smartcasts/DataFlowValue$Kind; 3 79 org/jetbrains/kotlin/resolve/calls/smartcasts/DataFlowValue getKind ()Lorg/jetbrains/kotlin/resolve/calls/smartcasts/DataFlowValue$Kind; 3 89 org/jetbrains/kotlin/resolve/calls/smartcasts/DataFlowValue getKind ()Lorg/jetbrains/kotlin/resolve/calls/smartcasts/DataFlowValue$Kind;
